Compiled from "VillageGuardians.java"
public final class kr.moonseungjun.villageguardians.VillageGuardians {
  public static final java.lang.String MOD_ID;

  public static final org.slf4j.Logger LOGGER;

  private int maintenanceTicks;

  public kr.moonseungjun.villageguardians.VillageGuardians(net.neoforged.bus.api.IEventBus);
    Code:
         0: aload_0
         1: invokespecial #1                  // Method java/lang/Object."<init>":()V
         4: aload_1
         5: invokestatic  #7                  // Method kr/moonseungjun/villageguardians/VillageSkillEffectEntities.register:(Lnet/neoforged/bus/api/IEventBus;)V
         8: aload_1
         9: invokedynamic #13,  0             // InvokeDynamic #0:accept:()Ljava/util/function/Consumer;
        14: invokeinterface #17,  2           // InterfaceMethod net/neoforged/bus/api/IEventBus.addListener:(Ljava/util/function/Consumer;)V
        19: getstatic     #23                 // Field net/neoforged/neoforge/common/NeoForge.EVENT_BUS:Lnet/neoforged/bus/api/IEventBus;
        22: aload_0
        23: invokeinterface #29,  2           // InterfaceMethod net/neoforged/bus/api/IEventBus.register:(Ljava/lang/Object;)V
        28: getstatic     #32                 // Field LOGGER:Lorg/slf4j/Logger;
        31: ldc           #38                 // String Village Guardians command, rarity, relic and defense research systems loaded
        33: invokeinterface #40,  2           // InterfaceMethod org/slf4j/Logger.info:(Ljava/lang/String;)V
        38: return

  public void onServerStarting(net.neoforged.neoforge.event.server.ServerStartingEvent);
    Code:
         0: aload_1
         1: invokevirtual #46                 // Method net/neoforged/neoforge/event/server/ServerStartingEvent.getServer:()Lnet/minecraft/server/MinecraftServer;
         4: invokestatic  #52                 // Method kr/moonseungjun/villageguardians/VillageCouncilState.initializeServer:(Lnet/minecraft/server/MinecraftServer;)V
         7: aload_1
         8: invokevirtual #46                 // Method net/neoforged/neoforge/event/server/ServerStartingEvent.getServer:()Lnet/minecraft/server/MinecraftServer;
        11: invokestatic  #58                 // Method kr/moonseungjun/villageguardians/VillageProgressionSystem.initializeServer:(Lnet/minecraft/server/MinecraftServer;)V
        14: aload_1
        15: invokevirtual #46                 // Method net/neoforged/neoforge/event/server/ServerStartingEvent.getServer:()Lnet/minecraft/server/MinecraftServer;
        18: invokestatic  #61                 // Method kr/moonseungjun/villageguardians/VillageSkillTreeSystem.initializeServer:(Lnet/minecraft/server/MinecraftServer;)V
        21: aload_1
        22: invokevirtual #46                 // Method net/neoforged/neoforge/event/server/ServerStartingEvent.getServer:()Lnet/minecraft/server/MinecraftServer;
        25: invokestatic  #64                 // Method kr/moonseungjun/villageguardians/VillageRoleSkillSystem.initializeServer:(Lnet/minecraft/server/MinecraftServer;)V
        28: aload_1
        29: invokevirtual #46                 // Method net/neoforged/neoforge/event/server/ServerStartingEvent.getServer:()Lnet/minecraft/server/MinecraftServer;
        32: invokestatic  #67                 // Method kr/moonseungjun/villageguardians/VillageTowerSpecializationSystem.initializeServer:(Lnet/minecraft/server/MinecraftServer;)V
        35: aload_1
        36: invokevirtual #46                 // Method net/neoforged/neoforge/event/server/ServerStartingEvent.getServer:()Lnet/minecraft/server/MinecraftServer;
        39: invokestatic  #70                 // Method kr/moonseungjun/villageguardians/VillageDefenseResearchSystem.initializeServer:(Lnet/minecraft/server/MinecraftServer;)V
        42: aload_1
        43: invokevirtual #46                 // Method net/neoforged/neoforge/event/server/ServerStartingEvent.getServer:()Lnet/minecraft/server/MinecraftServer;
        46: invokestatic  #73                 // Method kr/moonseungjun/villageguardians/VillageRelicSystem.initializeServer:(Lnet/minecraft/server/MinecraftServer;)V
        49: aload_1
        50: invokevirtual #46                 // Method net/neoforged/neoforge/event/server/ServerStartingEvent.getServer:()Lnet/minecraft/server/MinecraftServer;
        53: invokestatic  #76                 // Method kr/moonseungjun/villageguardians/VillageMercenarySystem.initializeServer:(Lnet/minecraft/server/MinecraftServer;)V
        56: aload_1
        57: invokevirtual #46                 // Method net/neoforged/neoforge/event/server/ServerStartingEvent.getServer:()Lnet/minecraft/server/MinecraftServer;
        60: invokestatic  #79                 // Method kr/moonseungjun/villageguardians/VillageSkillTestSystem.initializeServer:(Lnet/minecraft/server/MinecraftServer;)V
        63: invokestatic  #82                 // Method kr/moonseungjun/villageguardians/VillageRoleAbilitySystem.reset:()V
        66: invokestatic  #87                 // Method kr/moonseungjun/villageguardians/VillageRpgSystem.resetTransientState:()V
        69: invokestatic  #92                 // Method kr/moonseungjun/villageguardians/VillageWorldSystem.resetTransientState:()V
        72: invokestatic  #95                 // Method kr/moonseungjun/villageguardians/VillageDefenseSystem.reset:()V
        75: invokestatic  #98                 // Method kr/moonseungjun/villageguardians/VillageTowerResearchBonusSystem.reset:()V
        78: invokestatic  #101                // Method kr/moonseungjun/villageguardians/VillageGatePrioritySystem.reset:()V
        81: invokestatic  #104                // Method kr/moonseungjun/villageguardians/VillageRespawnSystem.reset:()V
        84: invokestatic  #107                // Method kr/moonseungjun/villageguardians/VillageStructureHud.reset:()V
        87: invokestatic  #110                // Method kr/moonseungjun/villageguardians/VillageHudSystem.reset:()V
        90: invokestatic  #113                // Method kr/moonseungjun/villageguardians/VillageHealthDisplaySystem.reset:()V
        93: aload_1
        94: invokevirtual #46                 // Method net/neoforged/neoforge/event/server/ServerStartingEvent.getServer:()Lnet/minecraft/server/MinecraftServer;
        97: invokestatic  #116                // Method kr/moonseungjun/villageguardians/VillageRaidSystem.resetTransientState:(Lnet/minecraft/server/MinecraftServer;)V
       100: aload_0
       101: iconst_0
       102: putfield      #120                // Field maintenanceTicks:I
       105: return

  public void onRegisterCommands(net.neoforged.neoforge.event.RegisterCommandsEvent);
    Code:
         0: aload_1
         1: invokevirtual #124                // Method net/neoforged/neoforge/event/RegisterCommandsEvent.getDispatcher:()Lcom/mojang/brigadier/CommandDispatcher;
         4: invokestatic  #130                // Method kr/moonseungjun/villageguardians/VillageCommands.register:(Lcom/mojang/brigadier/CommandDispatcher;)V
         7: return

  public void onPlayerLoggedIn(net.neoforged.neoforge.event.entity.player.PlayerEvent$PlayerLoggedInEvent);
    Code:
         0: aload_1
         1: invokevirtual #135                // Method net/neoforged/neoforge/event/entity/player/PlayerEvent$PlayerLoggedInEvent.getEntity:()Lnet/minecraft/world/entity/player/Player;
         4: astore_3
         5: aload_3
         6: instanceof    #141                // class net/minecraft/server/level/ServerPlayer
         9: ifeq          90
        12: aload_3
        13: checkcast     #141                // class net/minecraft/server/level/ServerPlayer
        16: astore_2
        17: aload_2
        18: invokestatic  #143                // Method kr/moonseungjun/villageguardians/VillageRespawnSystem.isDowned:(Lnet/minecraft/server/level/ServerPlayer;)Z
        21: ifne          32
        24: aload_2
        25: getstatic     #147                // Field net/minecraft/world/level/GameType.ADVENTURE:Lnet/minecraft/world/level/GameType;
        28: invokevirtual #153                // Method net/minecraft/server/level/ServerPlayer.setGameMode:(Lnet/minecraft/world/level/GameType;)Z
        31: pop
        32: aload_2
        33: invokestatic  #157                // Method kr/moonseungjun/villageguardians/VillageCouncilState.registerPlayer:(Lnet/minecraft/server/level/ServerPlayer;)V
        36: aload_2
        37: invokestatic  #161                // Method kr/moonseungjun/villageguardians/VillageProgressionSystem.registerPlayer:(Lnet/minecraft/server/level/ServerPlayer;)V
        40: aload_2
        41: invokevirtual #162                // Method net/minecraft/server/level/ServerPlayer.level:()Lnet/minecraft/server/level/ServerLevel;
        44: invokevirtual #166                // Method net/minecraft/server/level/ServerLevel.getServer:()Lnet/minecraft/server/MinecraftServer;
        47: astore_3
        48: aload_3
        49: ifnull        56
        52: aload_3
        53: invokestatic  #169                // Method kr/moonseungjun/villageguardians/VillageCouncilState.enforceFrozenTime:(Lnet/minecraft/server/MinecraftServer;)V
        56: aload_2
        57: invokestatic  #172                // Method kr/moonseungjun/villageguardians/VillageWorldSystem.ensureFortifiedVillage:(Lnet/minecraft/server/level/ServerPlayer;)V
        60: aload_2
        61: invokestatic  #175                // Method kr/moonseungjun/villageguardians/VillageStarterKit.grantOnLogin:(Lnet/minecraft/server/level/ServerPlayer;)V
        64: aload_2
        65: invokestatic  #180                // Method kr/moonseungjun/villageguardians/VillageRpgSystem.refreshPlayerPassive:(Lnet/minecraft/server/level/ServerPlayer;)V
        68: aload_2
        69: invokestatic  #183                // Method kr/moonseungjun/villageguardians/VillageRespawnSystem.onLogin:(Lnet/minecraft/server/level/ServerPlayer;)V
        72: aload_2
        73: invokestatic  #186                // Method kr/moonseungjun/villageguardians/VillageRelicSystem.openChoice:(Lnet/minecraft/server/level/ServerPlayer;)V
        76: invokestatic  #189                // Method kr/moonseungjun/villageguardians/VillageProgressionSystem.isGameOver:()Z
        79: ifeq          90
        82: aload_3
        83: ifnull        90
        86: aload_3
        87: invokestatic  #193                // Method kr/moonseungjun/villageguardians/VillageUiService.openGameOverForAll:(Lnet/minecraft/server/MinecraftServer;)V
        90: return

  public void onPlayerRespawn(net.neoforged.neoforge.event.entity.player.PlayerEvent$PlayerRespawnEvent);
    Code:
         0: aload_1
         1: invokevirtual #198                // Method net/neoforged/neoforge/event/entity/player/PlayerEvent$PlayerRespawnEvent.getEntity:()Lnet/minecraft/world/entity/player/Player;
         4: astore_3
         5: aload_3
         6: instanceof    #141                // class net/minecraft/server/level/ServerPlayer
         9: ifeq          44
        12: aload_3
        13: checkcast     #141                // class net/minecraft/server/level/ServerPlayer
        16: astore_2
        17: aload_2
        18: invokestatic  #143                // Method kr/moonseungjun/villageguardians/VillageRespawnSystem.isDowned:(Lnet/minecraft/server/level/ServerPlayer;)Z
        21: ifne          32
        24: aload_2
        25: getstatic     #147                // Field net/minecraft/world/level/GameType.ADVENTURE:Lnet/minecraft/world/level/GameType;
        28: invokevirtual #153                // Method net/minecraft/server/level/ServerPlayer.setGameMode:(Lnet/minecraft/world/level/GameType;)Z
        31: pop
        32: aload_2
        33: invokestatic  #172                // Method kr/moonseungjun/villageguardians/VillageWorldSystem.ensureFortifiedVillage:(Lnet/minecraft/server/level/ServerPlayer;)V
        36: aload_2
        37: invokestatic  #201                // Method kr/moonseungjun/villageguardians/VillageStarterKit.grantCaller:(Lnet/minecraft/server/level/ServerPlayer;)V
        40: aload_2
        41: invokestatic  #180                // Method kr/moonseungjun/villageguardians/VillageRpgSystem.refreshPlayerPassive:(Lnet/minecraft/server/level/ServerPlayer;)V
        44: return

  public void onRightClickBlock(net.neoforged.neoforge.event.entity.player.PlayerInteractEvent$RightClickBlock);
    Code:
         0: aload_1
         1: invokestatic  #204                // Method kr/moonseungjun/villageguardians/VillageSkillTestSystem.handleManagementBox:(Lnet/neoforged/neoforge/event/entity/player/PlayerInteractEvent$RightClickBlock;)Z
         4: ifeq          8
         7: return
         8: aload_1
         9: invokestatic  #208                // Method kr/moonseungjun/villageguardians/VillageWorldSystem.handleCentralBellInteraction:(Lnet/neoforged/neoforge/event/entity/player/PlayerInteractEvent$RightClickBlock;)Z
        12: ifeq          16
        15: return
        16: aload_1
        17: invokestatic  #211                // Method kr/moonseungjun/villageguardians/VillageWorldSystem.handleGateInteraction:(Lnet/neoforged/neoforge/event/entity/player/PlayerInteractEvent$RightClickBlock;)Z
        20: ifeq          24
        23: return
        24: aload_1
        25: invokestatic  #214                // Method kr/moonseungjun/villageguardians/VillageDoorSystem.handle:(Lnet/neoforged/neoforge/event/entity/player/PlayerInteractEvent$RightClickBlock;)Z
        28: ifeq          32
        31: return
        32: aload_1
        33: invokestatic  #219                // Method kr/moonseungjun/villageguardians/VillageTownHallInteraction.handle:(Lnet/neoforged/neoforge/event/entity/player/PlayerInteractEvent$RightClickBlock;)Z
        36: ifeq          40
        39: return
        40: aload_1
        41: invokestatic  #222                // Method kr/moonseungjun/villageguardians/VillageBuildingInteractionRouter.handle:(Lnet/neoforged/neoforge/event/entity/player/PlayerInteractEvent$RightClickBlock;)Z
        44: ifeq          48
        47: return
        48: aload_1
        49: invokestatic  #225                // Method kr/moonseungjun/villageguardians/VillageProgressionSystem.handleBuildingInteraction:(Lnet/neoforged/neoforge/event/entity/player/PlayerInteractEvent$RightClickBlock;)V
        52: return

  public void onRightClickItem(net.neoforged.neoforge.event.entity.player.PlayerInteractEvent$RightClickItem);
    Code:
         0: aload_1
         1: invokestatic  #229                // Method kr/moonseungjun/villageguardians/VillageStarterKit.handleItemInteraction:(Lnet/neoforged/neoforge/event/entity/player/PlayerInteractEvent$RightClickItem;)V
         4: return

  public void onEntityJoinLevel(net.neoforged.neoforge.event.entity.EntityJoinLevelEvent);
    Code:
         0: aload_1
         1: invokestatic  #233                // Method kr/moonseungjun/villageguardians/VillageRoleAbilitySystem.handleEntityJoin:(Lnet/neoforged/neoforge/event/entity/EntityJoinLevelEvent;)V
         4: aload_1
         5: invokevirtual #237                // Method net/neoforged/neoforge/event/entity/EntityJoinLevelEvent.getLevel:()Lnet/minecraft/world/level/Level;
         8: invokevirtual #243                // Method net/minecraft/world/level/Level.isClientSide:()Z
        11: ifne          75
        14: aload_1
        15: invokevirtual #237                // Method net/neoforged/neoforge/event/entity/EntityJoinLevelEvent.getLevel:()Lnet/minecraft/world/level/Level;
        18: astore        4
        20: aload         4
        22: instanceof    #167                // class net/minecraft/server/level/ServerLevel
        25: ifeq          75
        28: aload         4
        30: checkcast     #167                // class net/minecraft/server/level/ServerLevel
        33: astore_2
        34: aload_2
        35: invokevirtual #166                // Method net/minecraft/server/level/ServerLevel.getServer:()Lnet/minecraft/server/MinecraftServer;
        38: ifnull        75
        41: aload_2
        42: aload_2
        43: invokevirtual #166                // Method net/minecraft/server/level/ServerLevel.getServer:()Lnet/minecraft/server/MinecraftServer;
        46: invokevirtual #248                // Method net/minecraft/server/MinecraftServer.overworld:()Lnet/minecraft/server/level/ServerLevel;
        49: if_acmpne     75
        52: aload_1
        53: invokevirtual #253                // Method net/neoforged/neoforge/event/entity/EntityJoinLevelEvent.getEntity:()Lnet/minecraft/world/entity/Entity;
        56: astore        4
        58: aload         4
        60: instanceof    #256                // class net/minecraft/world/entity/Mob
        63: ifeq          75
        66: aload         4
        68: checkcast     #256                // class net/minecraft/world/entity/Mob
        71: astore_3
        72: goto          76
        75: return
        76: aload_3
        77: invokestatic  #258                // Method kr/moonseungjun/villageguardians/VillageMercenarySystem.recognize:(Lnet/minecraft/world/entity/Mob;)Z
        80: ifeq          84
        83: return
        84: aload_3
        85: invokestatic  #262                // Method kr/moonseungjun/villageguardians/VillageSkillTestSystem.recognize:(Lnet/minecraft/world/entity/Mob;)Z
        88: ifeq          92
        91: return
        92: aload_3
        93: invokestatic  #263                // Method kr/moonseungjun/villageguardians/VillageDefenseSystem.recognizeDefenseMob:(Lnet/minecraft/world/entity/Mob;)Z
        96: ifeq          100
        99: return
       100: aload_3
       101: invokestatic  #266                // Method kr/moonseungjun/villageguardians/VillageWorldSystem.isAllowedGameMob:(Lnet/minecraft/world/entity/Mob;)Z
       104: ifeq          108
       107: return
       108: aload_3
       109: invokevirtual #269                // Method net/minecraft/world/entity/Mob.isPersistenceRequired:()Z
       112: ifne          120
       115: aload_1
       116: iconst_1
       117: invokevirtual #272                // Method net/neoforged/neoforge/event/entity/EntityJoinLevelEvent.setCanceled:(Z)V
       120: return

  public void onIncomingDamage(net.neoforged.neoforge.event.entity.living.LivingIncomingDamageEvent);
    Code:
         0: aload_1
         1: invokestatic  #276                // Method kr/moonseungjun/villageguardians/VillageWorldSystem.recordCombat:(Lnet/neoforged/neoforge/event/entity/living/LivingIncomingDamageEvent;)V
         4: aload_1
         5: invokestatic  #280                // Method kr/moonseungjun/villageguardians/VillageRpgSystem.handleIncomingDamage:(Lnet/neoforged/neoforge/event/entity/living/LivingIncomingDamageEvent;)V
         8: aload_1
         9: invokestatic  #283                // Method kr/moonseungjun/villageguardians/VillageRoleAbilitySystem.handleIncomingDamage:(Lnet/neoforged/neoforge/event/entity/living/LivingIncomingDamageEvent;)V
        12: aload_1
        13: invokestatic  #284                // Method kr/moonseungjun/villageguardians/VillageRespawnSystem.handleIncomingDamage:(Lnet/neoforged/neoforge/event/entity/living/LivingIncomingDamageEvent;)Z
        16: pop
        17: return

  public void onLivingDrops(net.neoforged.neoforge.event.entity.living.LivingDropsEvent);
    Code:
         0: aload_1
         1: invokestatic  #287                // Method kr/moonseungjun/villageguardians/VillageRaidLootSystem.handleDrops:(Lnet/neoforged/neoforge/event/entity/living/LivingDropsEvent;)V
         4: return

  public void onLivingDeath(net.neoforged.neoforge.event.entity.living.LivingDeathEvent);
    Code:
         0: aload_1
         1: invokevirtual #293                // Method net/neoforged/neoforge/event/entity/living/LivingDeathEvent.getEntity:()Lnet/minecraft/world/entity/LivingEntity;
         4: invokestatic  #298                // Method kr/moonseungjun/villageguardians/VillageRaidSystem.isRaidEnemy:(Lnet/minecraft/world/entity/Entity;)Z
         7: istore_2
         8: aload_1
         9: invokevirtual #293                // Method net/neoforged/neoforge/event/entity/living/LivingDeathEvent.getEntity:()Lnet/minecraft/world/entity/LivingEntity;
        12: astore        5
        14: aload         5
        16: instanceof    #256                // class net/minecraft/world/entity/Mob
        19: ifeq          41
        22: aload         5
        24: checkcast     #256                // class net/minecraft/world/entity/Mob
        27: astore        4
        29: aload         4
        31: invokestatic  #302                // Method kr/moonseungjun/villageguardians/VillageRaidSystem.isBossEnemy:(Lnet/minecraft/world/entity/Mob;)Z
        34: ifeq          41
        37: iconst_1
        38: goto          42
        41: iconst_0
        42: istore_3
        43: aload_1
        44: invokevirtual #293                // Method net/neoforged/neoforge/event/entity/living/LivingDeathEvent.getEntity:()Lnet/minecraft/world/entity/LivingEntity;
        47: invokevirtual #305                // Method net/minecraft/world/entity/LivingEntity.level:()Lnet/minecraft/world/level/Level;
        50: invokevirtual #309                // Method net/minecraft/world/level/Level.getServer:()Lnet/minecraft/server/MinecraftServer;
        53: astore        4
        55: iload_2
        56: ifeq          85
        59: aload         4
        61: ifnull        85
        64: aload         4
        66: aload_1
        67: invokevirtual #293                // Method net/neoforged/neoforge/event/entity/living/LivingDeathEvent.getEntity:()Lnet/minecraft/world/entity/LivingEntity;
        70: invokevirtual #310                // Method net/minecraft/world/entity/LivingEntity.position:()Lnet/minecraft/world/phys/Vec3;
        73: invokestatic  #314                // Method kr/moonseungjun/villageguardians/VillageMercenarySystem.awardKillExperience:(Lnet/minecraft/server/MinecraftServer;Lnet/minecraft/world/phys/Vec3;)V
        76: iload_3
        77: ifeq          85
        80: aload         4
        82: invokestatic  #318                // Method kr/moonseungjun/villageguardians/VillageRelicSystem.offerToParty:(Lnet/minecraft/server/MinecraftServer;)V
        85: aload_1
        86: invokevirtual #293                // Method net/neoforged/neoforge/event/entity/living/LivingDeathEvent.getEntity:()Lnet/minecraft/world/entity/LivingEntity;
        89: astore        6
        91: aload         6
        93: instanceof    #256                // class net/minecraft/world/entity/Mob
        96: ifeq          111
        99: aload         6
       101: checkcast     #256                // class net/minecraft/world/entity/Mob
       104: astore        5
       106: aload         5
       108: invokestatic  #321                // Method kr/moonseungjun/villageguardians/VillageMercenarySystem.handleDeath:(Lnet/minecraft/world/entity/Mob;)V
       111: aload_1
       112: invokestatic  #325                // Method kr/moonseungjun/villageguardians/VillageRaidSystem.onLivingDeath:(Lnet/neoforged/neoforge/event/entity/living/LivingDeathEvent;)V
       115: aload_1
       116: invokestatic  #329                // Method kr/moonseungjun/villageguardians/VillageRoleAbilitySystem.handleDeath:(Lnet/neoforged/neoforge/event/entity/living/LivingDeathEvent;)V
       119: aload_1
       120: invokestatic  #331                // Method kr/moonseungjun/villageguardians/VillageRpgSystem.handleDeath:(Lnet/neoforged/neoforge/event/entity/living/LivingDeathEvent;)V
       123: return

  public void onArrowLoose(net.neoforged.neoforge.event.entity.player.ArrowLooseEvent);
    Code:
         0: aload_1
         1: invokestatic  #332                // Method kr/moonseungjun/villageguardians/VillageRoleAbilitySystem.handleArrowLoose:(Lnet/neoforged/neoforge/event/entity/player/ArrowLooseEvent;)V
         4: return

  public void onUseItemTick(net.neoforged.neoforge.event.entity.living.LivingEntityUseItemEvent$Tick);
    Code:
         0: aload_1
         1: invokestatic  #336                // Method kr/moonseungjun/villageguardians/VillageRoleAbilitySystem.handleUseItemTick:(Lnet/neoforged/neoforge/event/entity/living/LivingEntityUseItemEvent$Tick;)V
         4: return

  public void onKnockback(net.neoforged.neoforge.event.entity.living.LivingKnockBackEvent);
    Code:
         0: aload_1
         1: invokestatic  #340                // Method kr/moonseungjun/villageguardians/VillageRoleAbilitySystem.handleKnockback:(Lnet/neoforged/neoforge/event/entity/living/LivingKnockBackEvent;)V
         4: return

  public void onServerTick(net.neoforged.neoforge.event.tick.ServerTickEvent$Post);
    Code:
         0: aload_1
         1: invokevirtual #344                // Method net/neoforged/neoforge/event/tick/ServerTickEvent$Post.getServer:()Lnet/minecraft/server/MinecraftServer;
         4: invokestatic  #347                // Method kr/moonseungjun/villageguardians/VillageRoleAbilitySystem.tick:(Lnet/minecraft/server/MinecraftServer;)V
         7: aload_1
         8: invokevirtual #344                // Method net/neoforged/neoforge/event/tick/ServerTickEvent$Post.getServer:()Lnet/minecraft/server/MinecraftServer;
        11: invokestatic  #350                // Method kr/moonseungjun/villageguardians/VillageRaidSystem.tick:(Lnet/minecraft/server/MinecraftServer;)V
        14: aload_1
        15: invokevirtual #344                // Method net/neoforged/neoforge/event/tick/ServerTickEvent$Post.getServer:()Lnet/minecraft/server/MinecraftServer;
        18: invokestatic  #351                // Method kr/moonseungjun/villageguardians/VillageGatePrioritySystem.tick:(Lnet/minecraft/server/MinecraftServer;)V
        21: aload_1
        22: invokevirtual #344                // Method net/neoforged/neoforge/event/tick/ServerTickEvent$Post.getServer:()Lnet/minecraft/server/MinecraftServer;
        25: invokestatic  #352                // Method kr/moonseungjun/villageguardians/VillageDefenseSystem.tick:(Lnet/minecraft/server/MinecraftServer;)V
        28: aload_1
        29: invokevirtual #344                // Method net/neoforged/neoforge/event/tick/ServerTickEvent$Post.getServer:()Lnet/minecraft/server/MinecraftServer;
        32: invokestatic  #353                // Method kr/moonseungjun/villageguardians/VillageTowerResearchBonusSystem.tick:(Lnet/minecraft/server/MinecraftServer;)V
        35: aload_1
        36: invokevirtual #344                // Method net/neoforged/neoforge/event/tick/ServerTickEvent$Post.getServer:()Lnet/minecraft/server/MinecraftServer;
        39: invokestatic  #354                // Method kr/moonseungjun/villageguardians/VillageMercenarySystem.tick:(Lnet/minecraft/server/MinecraftServer;)V
        42: aload_1
        43: invokevirtual #344                // Method net/neoforged/neoforge/event/tick/ServerTickEvent$Post.getServer:()Lnet/minecraft/server/MinecraftServer;
        46: invokestatic  #355                // Method kr/moonseungjun/villageguardians/VillageRespawnSystem.tick:(Lnet/minecraft/server/MinecraftServer;)V
        49: aload_1
        50: invokevirtual #344                // Method net/neoforged/neoforge/event/tick/ServerTickEvent$Post.getServer:()Lnet/minecraft/server/MinecraftServer;
        53: invokestatic  #356                // Method kr/moonseungjun/villageguardians/VillageStructureHud.tick:(Lnet/minecraft/server/MinecraftServer;)V
        56: aload_1
        57: invokevirtual #344                // Method net/neoforged/neoforge/event/tick/ServerTickEvent$Post.getServer:()Lnet/minecraft/server/MinecraftServer;
        60: invokestatic  #357                // Method kr/moonseungjun/villageguardians/VillageHudSystem.tick:(Lnet/minecraft/server/MinecraftServer;)V
        63: aload_1
        64: invokevirtual #344                // Method net/neoforged/neoforge/event/tick/ServerTickEvent$Post.getServer:()Lnet/minecraft/server/MinecraftServer;
        67: invokestatic  #358                // Method kr/moonseungjun/villageguardians/VillageHealthDisplaySystem.tick:(Lnet/minecraft/server/MinecraftServer;)V
        70: aload_1
        71: invokevirtual #344                // Method net/neoforged/neoforge/event/tick/ServerTickEvent$Post.getServer:()Lnet/minecraft/server/MinecraftServer;
        74: invokestatic  #359                // Method kr/moonseungjun/villageguardians/VillageEquipmentRules.restoreDurability:(Lnet/minecraft/server/MinecraftServer;)V
        77: aload_0
        78: dup
        79: getfield      #120                // Field maintenanceTicks:I
        82: iconst_1
        83: iadd
        84: putfield      #120                // Field maintenanceTicks:I
        87: aload_0
        88: getfield      #120                // Field maintenanceTicks:I
        91: bipush        20
        93: if_icmplt     182
        96: aload_0
        97: iconst_0
        98: putfield      #120                // Field maintenanceTicks:I
       101: aload_1
       102: invokevirtual #344                // Method net/neoforged/neoforge/event/tick/ServerTickEvent$Post.getServer:()Lnet/minecraft/server/MinecraftServer;
       105: invokestatic  #169                // Method kr/moonseungjun/villageguardians/VillageCouncilState.enforceFrozenTime:(Lnet/minecraft/server/MinecraftServer;)V
       108: aload_1
       109: invokevirtual #344                // Method net/neoforged/neoforge/event/tick/ServerTickEvent$Post.getServer:()Lnet/minecraft/server/MinecraftServer;
       112: invokestatic  #364                // Method kr/moonseungjun/villageguardians/VillageGlobalMobPurgeSystem.purge:(Lnet/minecraft/server/MinecraftServer;)V
       115: aload_1
       116: invokevirtual #344                // Method net/neoforged/neoforge/event/tick/ServerTickEvent$Post.getServer:()Lnet/minecraft/server/MinecraftServer;
       119: invokestatic  #369                // Method kr/moonseungjun/villageguardians/VillageRpgSystem.refreshPassives:(Lnet/minecraft/server/MinecraftServer;)V
       122: aload_1
       123: invokevirtual #344                // Method net/neoforged/neoforge/event/tick/ServerTickEvent$Post.getServer:()Lnet/minecraft/server/MinecraftServer;
       126: invokestatic  #372                // Method kr/moonseungjun/villageguardians/VillageProgressionSystem.tickInfirmary:(Lnet/minecraft/server/MinecraftServer;)V
       129: aload_1
       130: invokevirtual #344                // Method net/neoforged/neoforge/event/tick/ServerTickEvent$Post.getServer:()Lnet/minecraft/server/MinecraftServer;
       133: invokevirtual #375                // Method net/minecraft/server/MinecraftServer.getPlayerList:()Lnet/minecraft/server/players/PlayerList;
       136: invokevirtual #379                // Method net/minecraft/server/players/PlayerList.getPlayers:()Ljava/util/List;
       139: invokeinterface #385,  1          // InterfaceMethod java/util/List.iterator:()Ljava/util/Iterator;
       144: astore_2
       145: aload_2
       146: invokeinterface #391,  1          // InterfaceMethod java/util/Iterator.hasNext:()Z
       151: ifeq          182
       154: aload_2
       155: invokeinterface #396,  1          // InterfaceMethod java/util/Iterator.next:()Ljava/lang/Object;
       160: checkcast     #141                // class net/minecraft/server/level/ServerPlayer
       163: astore_3
       164: aload_3
       165: invokestatic  #143                // Method kr/moonseungjun/villageguardians/VillageRespawnSystem.isDowned:(Lnet/minecraft/server/level/ServerPlayer;)Z
       168: ifne          179
       171: aload_3
       172: getstatic     #147                // Field net/minecraft/world/level/GameType.ADVENTURE:Lnet/minecraft/world/level/GameType;
       175: invokevirtual #153                // Method net/minecraft/server/level/ServerPlayer.setGameMode:(Lnet/minecraft/world/level/GameType;)Z
       178: pop
       179: goto          145
       182: return

  static {};
    Code:
         0: invokestatic  #400                // Method com/mojang/logging/LogUtils.getLogger:()Lorg/slf4j/Logger;
         3: putstatic     #32                 // Field LOGGER:Lorg/slf4j/Logger;
         6: return
}
Compiled from "VillageRoleAbilitySystem.java"
public final class kr.moonseungjun.villageguardians.VillageRoleAbilitySystem {
  private static final java.util.Map<java.util.UUID, java.lang.Long> SPIN_UNTIL;

  private static final java.util.Map<java.util.UUID, java.lang.Long> RAPID_UNTIL;

  private static final java.util.Map<java.util.UUID, java.lang.Long> RICOCHET_UNTIL;

  private static final java.util.Map<java.util.UUID, java.lang.Long> RICOCHET_ARROWS;

  private static final java.util.Map<java.util.UUID, kr.moonseungjun.villageguardians.VillageRoleAbilitySystem$TrackingArrowState> TRACKING_ARROWS;

  private static final java.util.Map<java.util.UUID, kr.moonseungjun.villageguardians.VillageRoleAbilitySystem$EmpoweredArrowState> ARROW_RAIN_READY;

  private static final java.util.Map<java.util.UUID, kr.moonseungjun.villageguardians.VillageRoleAbilitySystem$EmpoweredArrowState> MEGA_ARROW_READY;

  private static final java.util.Map<java.util.UUID, java.lang.Long> FORTRESS_UNTIL;

  private static final java.util.Map<java.util.UUID, java.lang.Long> AEGIS_UNTIL;

  private static final java.util.Map<java.util.UUID, java.lang.Long> CHARGE_UNTIL;

  private static final java.util.Map<java.util.UUID, java.lang.Long> LAST_AEGIS_DASH;

  private static final java.util.Map<java.util.UUID, kr.moonseungjun.villageguardians.VillageRoleAbilitySystem$SlamState> SLAMS;

  private static final java.util.List<kr.moonseungjun.villageguardians.VillageRoleAbilitySystem$ScheduledAction> SCHEDULED;

  private static final java.util.List<kr.moonseungjun.villageguardians.VillageRoleAbilitySystem$AreaState> AREAS;

  private static final java.util.Map<java.util.UUID, kr.moonseungjun.villageguardians.VillageRoleAbilitySystem$MovingSkill> MOVING;

  private static boolean spawningGeneratedArrow;

  private static boolean replayingEcho;

  private kr.moonseungjun.villageguardians.VillageRoleAbilitySystem();
    Code:
         0: aload_0
         1: invokespecial #1                  // Method java/lang/Object."<init>":()V
         4: return

  public static void reset();
    Code:
         0: getstatic     #7                  // Field SPIN_UNTIL:Ljava/util/Map;
         3: invokeinterface #13,  1           // InterfaceMethod java/util/Map.clear:()V
         8: getstatic     #18                 // Field RAPID_UNTIL:Ljava/util/Map;
        11: invokeinterface #13,  1           // InterfaceMethod java/util/Map.clear:()V
        16: getstatic     #21                 // Field RICOCHET_UNTIL:Ljava/util/Map;
        19: invokeinterface #13,  1           // InterfaceMethod java/util/Map.clear:()V
        24: getstatic     #24                 // Field RICOCHET_ARROWS:Ljava/util/Map;
        27: invokeinterface #13,  1           // InterfaceMethod java/util/Map.clear:()V
        32: getstatic     #27                 // Field TRACKING_ARROWS:Ljava/util/Map;
        35: invokeinterface #13,  1           // InterfaceMethod java/util/Map.clear:()V
        40: getstatic     #30                 // Field ARROW_RAIN_READY:Ljava/util/Map;
        43: invokeinterface #13,  1           // InterfaceMethod java/util/Map.clear:()V
        48: getstatic     #33                 // Field MEGA_ARROW_READY:Ljava/util/Map;
        51: invokeinterface #13,  1           // InterfaceMethod java/util/Map.clear:()V
        56: getstatic     #36                 // Field FORTRESS_UNTIL:Ljava/util/Map;
        59: invokeinterface #13,  1           // InterfaceMethod java/util/Map.clear:()V
        64: getstatic     #39                 // Field AEGIS_UNTIL:Ljava/util/Map;
        67: invokeinterface #13,  1           // InterfaceMethod java/util/Map.clear:()V
        72: getstatic     #42                 // Field CHARGE_UNTIL:Ljava/util/Map;
        75: invokeinterface #13,  1           // InterfaceMethod java/util/Map.clear:()V
        80: getstatic     #45                 // Field LAST_AEGIS_DASH:Ljava/util/Map;
        83: invokeinterface #13,  1           // InterfaceMethod java/util/Map.clear:()V
        88: getstatic     #48                 // Field SLAMS:Ljava/util/Map;
        91: invokeinterface #13,  1           // InterfaceMethod java/util/Map.clear:()V
        96: getstatic     #51                 // Field SCHEDULED:Ljava/util/List;
        99: invokeinterface #55,  1           // InterfaceMethod java/util/List.clear:()V
       104: getstatic     #58                 // Field AREAS:Ljava/util/List;
       107: invokeinterface #55,  1           // InterfaceMethod java/util/List.clear:()V
       112: getstatic     #61                 // Field MOVING:Ljava/util/Map;
       115: invokeinterface #13,  1           // InterfaceMethod java/util/Map.clear:()V
       120: invokestatic  #64                 // Method kr/moonseungjun/villageguardians/VillageSkillEffectSystem.reset:()V
       123: iconst_0
       124: putstatic     #69                 // Field spawningGeneratedArrow:Z
       127: iconst_0
       128: putstatic     #73                 // Field replayingEcho:Z
       131: return

  public static void cast(net.minecraft.server.level.ServerLevel, net.minecraft.server.level.ServerPlayer, kr.moonseungjun.villageguardians.VillageRoleSkillSystem$ActiveSkill, float, float, int);
    Code:
         0: aload_0
         1: invokevirtual #76                 // Method net/minecraft/server/level/ServerLevel.getGameTime:()J
         4: lstore        6
         6: aload_1
         7: invokevirtual #82                 // Method net/minecraft/server/level/ServerPlayer.getUUID:()Ljava/util/UUID;
        10: invokestatic  #88                 // Method kr/moonseungjun/villageguardians/VillageCouncilState.levelOf:(Ljava/util/UUID;)I
        13: istore        8
        15: bipush        40
        17: bipush        120
        19: iload         8
        21: iconst_3
        22: imul
        23: iadd
        24: i2f
        25: fload         4
        27: fmul
        28: invokestatic  #94                 // Method java/lang/Math.round:(F)I
        31: invokestatic  #100                // Method java/lang/Math.max:(II)I
        34: istore        9
        36: aload_1
        37: invokestatic  #104                // Method horizontalLook:(Lnet/minecraft/server/level/ServerPlayer;)Lnet/minecraft/world/phys/Vec3;
        40: astore        10
        42: aload_1
        43: invokestatic  #108                // Method lookDirection:(Lnet/minecraft/server/level/ServerPlayer;)Lnet/minecraft/world/phys/Vec3;
        46: astore        11
        48: aload_2
        49: getstatic     #111                // Field kr/moonseungjun/villageguardians/VillageRoleSkillSystem$ActiveSkill.ARCANIST_FIRE_ORB:Lkr/moonseungjun/villageguardians/VillageRoleSkillSystem$ActiveSkill;
        52: if_acmpne     60
        55: aload         11
        57: goto          62
        60: aload         10
        62: astore        12
        64: aload_0
        65: aload_1
        66: aload_2
        67: iload         9
        69: aload         12
        71: invokestatic  #117                // Method kr/moonseungjun/villageguardians/VillageSkillEffectSystem.startCast:(Lnet/minecraft/server/level/ServerLevel;Lnet/minecraft/server/level/ServerPlayer;Lkr/moonseungjun/villageguardians/VillageRoleSkillSystem$ActiveSkill;ILnet/minecraft/world/phys/Vec3;)V
        74: getstatic     #121                // Field kr/moonseungjun/villageguardians/VillageRoleAbilitySystem$1.$SwitchMap$kr$moonseungjun$villageguardians$VillageRoleSkillSystem$ActiveSkill:[I
        77: aload_2
        78: invokevirtual #127                // Method kr/moonseungjun/villageguardians/VillageRoleSkillSystem$ActiveSkill.ordinal:()I
        81: iaload
        82: tableswitch   { // 1 to 20
                       1: 176
                       2: 260
                       3: 460
                       4: 585
                       5: 659
                       6: 736
                       7: 808
                       8: 892
                       9: 969
                      10: 1007
                      11: 1110
                      12: 1219
                      13: 1322
                      14: 1345
                      15: 1367
                      16: 1460
                      17: 1490
                      18: 1568
                      19: 1593
                      20: 1705
                 default: 1781
            }
       176: bipush        48
       178: iload         9
       180: iconst_2
       181: idiv
       182: invokestatic  #100                // Method java/lang/Math.max:(II)I
       185: istore        13
       187: getstatic     #7                  // Field SPIN_UNTIL:Ljava/util/Map;
       190: aload_1
       191: invokevirtual #82                 // Method net/minecraft/server/level/ServerPlayer.getUUID:()Ljava/util/UUID;
       194: lload         6
       196: iload         13
       198: i2l
       199: ladd
       200: invokestatic  #131                // Method java/lang/Long.valueOf:(J)Ljava/lang/Long;
       203: invokeinterface #137,  3          // InterfaceMethod java/util/Map.put:(Ljava/lang/Object;Ljava/lang/Object;)Ljava/lang/Object;
       208: pop
       209: aload_0
       210: aload_1
       211: ldc           #141                // String vanguard_spin
       213: iload         13
       215: bipush        8
       217: iadd
       218: invokestatic  #143                // Method kr/moonseungjun/villageguardians/VillageNetwork.sendSkillMotion:(Lnet/minecraft/server/level/ServerLevel;Lnet/minecraft/server/level/ServerPlayer;Ljava/lang/String;I)V
       221: aload_1
       222: new           #149                // class net/minecraft/world/effect/MobEffectInstance
       225: dup
       226: getstatic     #151                // Field net/minecraft/world/effect/MobEffects.RESISTANCE:Lnet/minecraft/core/Holder;
       229: iload         13
       231: iconst_0
       232: iconst_0
       233: iconst_0
       234: iconst_1
       235: invokespecial #157                // Method net/minecraft/world/effect/MobEffectInstance."<init>":(Lnet/minecraft/core/Holder;IIZZZ)V
       238: invokevirtual #160                // Method net/minecraft/server/level/ServerPlayer.addEffect:(Lnet/minecraft/world/effect/MobEffectInstance;)Z
       241: pop
       242: aload_0
       243: aload_1
       244: invokevirtual #164                // Method net/minecraft/server/level/ServerPlayer.position:()Lnet/minecraft/world/phys/Vec3;
       247: getstatic     #168                // Field net/minecraft/sounds/SoundEvents.PLAYER_ATTACK_SWEEP:Lnet/minecraft/sounds/SoundEvent;
       250: ldc           #174                // float 1.2f
       252: ldc           #175                // float 0.72f
       254: invokestatic  #176                // Method play:(Lnet/minecraft/server/level/ServerLevel;Lnet/minecraft/world/phys/Vec3;Lnet/minecraft/sounds/SoundEvent;FF)V
       257: goto          1781
       260: aload_1
       261: getstatic     #180                // Field net/minecraft/world/InteractionHand.MAIN_HAND:Lnet/minecraft/world/InteractionHand;
       264: iconst_1
       265: invokevirtual #186                // Method net/minecraft/server/level/ServerPlayer.swing:(Lnet/minecraft/world/InteractionHand;Z)V
       268: aload_1
       269: new           #149                // class net/minecraft/world/effect/MobEffectInstance
       272: dup
       273: getstatic     #190                // Field net/minecraft/world/effect/MobEffects.STRENGTH:Lnet/minecraft/core/Holder;
       276: iload         9
       278: iconst_1
       279: iconst_1
       280: iload         5
       282: iconst_3
       283: idiv
       284: invokestatic  #193                // Method java/lang/Math.min:(II)I
       287: iadd
       288: iconst_0
       289: iconst_0
       290: iconst_1
       291: invokespecial #157                // Method net/minecraft/world/effect/MobEffectInstance."<init>":(Lnet/minecraft/core/Holder;IIZZZ)V
       294: invokevirtual #160                // Method net/minecraft/server/level/ServerPlayer.addEffect:(Lnet/minecraft/world/effect/MobEffectInstance;)Z
       297: pop
       298: aload_1
       299: new           #149                // class net/minecraft/world/effect/MobEffectInstance
       302: dup
       303: getstatic     #196                // Field net/minecraft/world/effect/MobEffects.SPEED:Lnet/minecraft/core/Holder;
       306: iload         9
       308: iconst_1
       309: iconst_1
       310: iload         5
       312: iconst_4
       313: idiv
       314: invokestatic  #193                // Method java/lang/Math.min:(II)I
       317: iadd
       318: iconst_0
       319: iconst_0
       320: iconst_1
       321: invokespecial #157                // Method net/minecraft/world/effect/MobEffectInstance."<init>":(Lnet/minecraft/core/Holder;IIZZZ)V
       324: invokevirtual #160                // Method net/minecraft/server/level/ServerPlayer.addEffect:(Lnet/minecraft/world/effect/MobEffectInstance;)Z
       327: pop
       328: aload_1
       329: new           #149                // class net/minecraft/world/effect/MobEffectInstance
       332: dup
       333: getstatic     #151                // Field net/minecraft/world/effect/MobEffects.RESISTANCE:Lnet/minecraft/core/Holder;
       336: iload         9
       338: iconst_0
       339: iconst_0
       340: iconst_0
       341: iconst_1
       342: invokespecial #157                // Method net/minecraft/world/effect/MobEffectInstance."<init>":(Lnet/minecraft/core/Holder;IIZZZ)V
       345: invokevirtual #160                // Method net/minecraft/server/level/ServerPlayer.addEffect:(Lnet/minecraft/world/effect/MobEffectInstance;)Z
       348: pop
       349: aload_1
       350: ldc2_w        #199                // double 11.0d
       353: invokestatic  #201                // Method allies:(Lnet/minecraft/server/level/ServerPlayer;D)Ljava/util/List;
       356: invokeinterface #205,  1          // InterfaceMethod java/util/List.iterator:()Ljava/util/Iterator;
       361: astore        13
       363: aload         13
       365: invokeinterface #209,  1          // InterfaceMethod java/util/Iterator.hasNext:()Z
       370: ifeq          442
       373: aload         13
       375: invokeinterface #215,  1          // InterfaceMethod java/util/Iterator.next:()Ljava/lang/Object;
       380: checkcast     #83                 // class net/minecraft/server/level/ServerPlayer
       383: astore        14
       385: aload         14
       387: new           #149                // class net/minecraft/world/effect/MobEffectInstance
       390: dup
       391: getstatic     #190                // Field net/minecraft/world/effect/MobEffects.STRENGTH:Lnet/minecraft/core/Holder;
       394: iload         9
       396: iload         5
       398: iconst_3
       399: if_icmplt     406
       402: iconst_1
       403: goto          407
       406: iconst_0
       407: iconst_0
       408: iconst_0
       409: iconst_1
       410: invokespecial #157                // Method net/minecraft/world/effect/MobEffectInstance."<init>":(Lnet/minecraft/core/Holder;IIZZZ)V
       413: invokevirtual #160                // Method net/minecraft/server/level/ServerPlayer.addEffect:(Lnet/minecraft/world/effect/MobEffectInstance;)Z
       416: pop
       417: aload         14
       419: new           #149                // class net/minecraft/world/effect/MobEffectInstance
       422: dup
       423: getstatic     #196                // Field net/minecraft/world/effect/MobEffects.SPEED:Lnet/minecraft/core/Holder;
       426: iload         9
       428: iconst_0
       429: iconst_0
       430: iconst_0
       431: iconst_1
       432: invokespecial #157                // Method net/minecraft/world/effect/MobEffectInstance."<init>":(Lnet/minecraft/core/Holder;IIZZZ)V
       435: invokevirtual #160                // Method net/minecraft/server/level/ServerPlayer.addEffect:(Lnet/minecraft/world/effect/MobEffectInstance;)Z
       438: pop
       439: goto          363
       442: aload_0
       443: aload_1
       444: invokevirtual #164                // Method net/minecraft/server/level/ServerPlayer.position:()Lnet/minecraft/world/phys/Vec3;
       447: getstatic     #219                // Field net/minecraft/sounds/SoundEvents.RAVAGER_ROAR:Lnet/minecraft/sounds/SoundEvent;
       450: ldc           #222                // float 0.85f
       452: ldc           #223                // float 1.18f
       454: invokestatic  #176                // Method play:(Lnet/minecraft/server/level/ServerLevel;Lnet/minecraft/world/phys/Vec3;Lnet/minecraft/sounds/SoundEvent;FF)V
       457: goto          1781
       460: getstatic     #42                 // Field CHARGE_UNTIL:Ljava/util/Map;
       463: aload_1
       464: invokevirtual #82                 // Method net/minecraft/server/level/ServerPlayer.getUUID:()Ljava/util/UUID;
       467: lload         6
       469: ldc2_w        #224                // long 22l
       472: ladd
       473: invokestatic  #131                // Method java/lang/Long.valueOf:(J)Ljava/lang/Long;
       476: invokeinterface #137,  3          // InterfaceMethod java/util/Map.put:(Ljava/lang/Object;Ljava/lang/Object;)Ljava/lang/Object;
       481: pop
       482: aload_1
       483: new           #149                // class net/minecraft/world/effect/MobEffectInstance
       486: dup
       487: getstatic     #151                // Field net/minecraft/world/effect/MobEffects.RESISTANCE:Lnet/minecraft/core/Holder;
       490: bipush        26
       492: iconst_2
       493: iconst_0
       494: iconst_0
       495: iconst_1
       496: invokespecial #157                // Method net/minecraft/world/effect/MobEffectInstance."<init>":(Lnet/minecraft/core/Holder;IIZZZ)V
       499: invokevirtual #160                // Method net/minecraft/server/level/ServerPlayer.addEffect:(Lnet/minecraft/world/effect/MobEffectInstance;)Z
       502: pop
       503: iconst_0
       504: istore        13
       506: iload         13
       508: bipush        6
       510: if_icmpge     568
       513: getstatic     #51                 // Field SCHEDULED:Ljava/util/List;
       516: new           #226                // class kr/moonseungjun/villageguardians/VillageRoleAbilitySystem$ScheduledAction
       519: dup
       520: lload         6
       522: ldc2_w        #228                // long 4l
       525: ladd
       526: iload         13
       528: i2l
       529: ldc2_w        #228                // long 4l
       532: lmul
       533: ladd
       534: aload_1
       535: invokevirtual #82                 // Method net/minecraft/server/level/ServerPlayer.getUUID:()Ljava/util/UUID;
       538: aload_2
       539: getstatic     #230                // Field kr/moonseungjun/villageguardians/VillageRoleAbilitySystem$ActionKind.BLADE_WAVE:Lkr/moonseungjun/villageguardians/VillageRoleAbilitySystem$ActionKind;
       542: fload_3
       543: fload         4
       545: iload         5
       547: aload_1
       548: invokevirtual #164                // Method net/minecraft/server/level/ServerPlayer.position:()Lnet/minecraft/world/phys/Vec3;
       551: aload         10
       553: invokespecial #236                // Method kr/moonseungjun/villageguardians/VillageRoleAbilitySystem$ScheduledAction."<init>":(JLjava/util/UUID;Lkr/moonseungjun/villageguardians/VillageRoleSkillSystem$ActiveSkill;Lkr/moonseungjun/villageguardians/VillageRoleAbilitySystem$ActionKind;FFILnet/minecraft/world/phys/Vec3;Lnet/minecraft/world/phys/Vec3;)V
       556: invokeinterface #239,  2          // InterfaceMethod java/util/List.add:(Ljava/lang/Object;)Z
       561: pop
       562: iinc          13, 1
       565: goto          506
       568: aload_0
       569: aload_1
       570: invokevirtual #164                // Method net/minecraft/server/level/ServerPlayer.position:()Lnet/minecraft/world/phys/Vec3;
       573: getstatic     #243                // Field net/minecraft/sounds/SoundEvents.PLAYER_ATTACK_STRONG:Lnet/minecraft/sounds/SoundEvent;
       576: fconst_1
       577: ldc           #175                // float 0.72f
       579: invokestatic  #176                // Method play:(Lnet/minecraft/server/level/ServerLevel;Lnet/minecraft/world/phys/Vec3;Lnet/minecraft/sounds/SoundEvent;FF)V
       582: goto          1781
       585: getstatic     #48                 // Field SLAMS:Ljava/util/Map;
       588: aload_1
       589: invokevirtual #82                 // Method net/minecraft/server/level/ServerPlayer.getUUID:()Ljava/util/UUID;
       592: new           #246                // class kr/moonseungjun/villageguardians/VillageRoleAbilitySystem$SlamState
       595: dup
       596: lload         6
       598: fload_3
       599: iload         5
       601: aload_1
       602: invokevirtual #164                // Method net/minecraft/server/level/ServerPlayer.position:()Lnet/minecraft/world/phys/Vec3;
       605: invokespecial #248                // Method kr/moonseungjun/villageguardians/VillageRoleAbilitySystem$SlamState."<init>":(JFILnet/minecraft/world/phys/Vec3;)V
       608: invokeinterface #137,  3          // InterfaceMethod java/util/Map.put:(Ljava/lang/Object;Ljava/lang/Object;)Ljava/lang/Object;
       613: pop
       614: aload_1
       615: aload         10
       617: ldc2_w        #251                // double 0.52d
       620: invokevirtual #253                // Method net/minecraft/world/phys/Vec3.scale:(D)Lnet/minecraft/world/phys/Vec3;
       623: dconst_0
       624: ldc2_w        #259                // double 1.05d
       627: dconst_0
       628: invokevirtual #261                // Method net/minecraft/world/phys/Vec3.add:(DDD)Lnet/minecraft/world/phys/Vec3;
       631: invokevirtual #264                // Method net/minecraft/server/level/ServerPlayer.setDeltaMovement:(Lnet/minecraft/world/phys/Vec3;)V
       634: aload_1
       635: iconst_1
       636: putfield      #268                // Field net/minecraft/server/level/ServerPlayer.hurtMarked:Z
       639: aload_0
       640: aload_1
       641: invokevirtual #164                // Method net/minecraft/server/level/ServerPlayer.position:()Lnet/minecraft/world/phys/Vec3;
       644: getstatic     #271                // Field net/minecraft/sounds/SoundEvents.ENDER_DRAGON_FLAP:Lnet/minecraft/sounds/SoundEvent;
       647: ldc_w         #274                // float 0.8f
       650: ldc_w         #275                // float 1.35f
       653: invokestatic  #176                // Method play:(Lnet/minecraft/server/level/ServerLevel;Lnet/minecraft/world/phys/Vec3;Lnet/minecraft/sounds/SoundEvent;FF)V
       656: goto          1781
       659: aload_1
       660: invokevirtual #82                 // Method net/minecraft/server/level/ServerPlayer.getUUID:()Ljava/util/UUID;
       663: invokestatic  #276                // Method clearRangerReadies:(Ljava/util/UUID;)V
       666: lload         6
       668: ldc2_w        #280                // long 240l
       671: iload         9
       673: i2l
       674: ldc2_w        #282                // long 2l
       677: lmul
       678: invokestatic  #284                // Method java/lang/Math.max:(JJ)J
       681: ladd
       682: lstore        13
       684: getstatic     #18                 // Field RAPID_UNTIL:Ljava/util/Map;
       687: aload_1
       688: invokevirtual #82                 // Method net/minecraft/server/level/ServerPlayer.getUUID:()Ljava/util/UUID;
       691: lload         13
       693: invokestatic  #131                // Method java/lang/Long.valueOf:(J)Ljava/lang/Long;
       696: invokeinterface #137,  3          // InterfaceMethod java/util/Map.put:(Ljava/lang/Object;Ljava/lang/Object;)Ljava/lang/Object;
       701: pop
       702: aload_1
       703: getstatic     #180                // Field net/minecraft/world/InteractionHand.MAIN_HAND:Lnet/minecraft/world/InteractionHand;
       706: iconst_1
       707: invokevirtual #186                // Method net/minecraft/server/level/ServerPlayer.swing:(Lnet/minecraft/world/InteractionHand;Z)V
       710: aload_0
       711: aload_1
       712: invokevirtual #164                // Method net/minecraft/server/level/ServerPlayer.position:()Lnet/minecraft/world/phys/Vec3;
       715: getstatic     #287                // Field net/minecraft/sounds/SoundEvents.CROSSBOW_LOADING_END:Lnet/minecraft/core/Holder;
       718: invokeinterface #290,  1          // InterfaceMethod net/minecraft/core/Holder.value:()Ljava/lang/Object;
       723: checkcast     #295                // class net/minecraft/sounds/SoundEvent
       726: fconst_1
       727: ldc_w         #275                // float 1.35f
       730: invokestatic  #176                // Method play:(Lnet/minecraft/server/level/ServerLevel;Lnet/minecraft/world/phys/Vec3;Lnet/minecraft/sounds/SoundEvent;FF)V
       733: goto          1781
       736: aload_1
       737: invokevirtual #82                 // Method net/minecraft/server/level/ServerPlayer.getUUID:()Ljava/util/UUID;
       740: invokestatic  #276                // Method clearRangerReadies:(Ljava/util/UUID;)V
       743: getstatic     #21                 // Field RICOCHET_UNTIL:Ljava/util/Map;
       746: aload_1
       747: invokevirtual #82                 // Method net/minecraft/server/level/ServerPlayer.getUUID:()Ljava/util/UUID;
       750: lload         6
       752: ldc2_w        #280                // long 240l
       755: iload         9
       757: i2l
       758: ldc2_w        #282                // long 2l
       761: lmul
       762: invokestatic  #284                // Method java/lang/Math.max:(JJ)J
       765: ladd
       766: invokestatic  #131                // Method java/lang/Long.valueOf:(J)Ljava/lang/Long;
       769: invokeinterface #137,  3          // InterfaceMethod java/util/Map.put:(Ljava/lang/Object;Ljava/lang/Object;)Ljava/lang/Object;
       774: pop
       775: aload_1
       776: getstatic     #180                // Field net/minecraft/world/InteractionHand.MAIN_HAND:Lnet/minecraft/world/InteractionHand;
       779: iconst_1
       780: invokevirtual #186                // Method net/minecraft/server/level/ServerPlayer.swing:(Lnet/minecraft/world/InteractionHand;Z)V
       783: aload_0
       784: aload_1
       785: invokevirtual #164                // Method net/minecraft/server/level/ServerPlayer.position:()Lnet/minecraft/world/phys/Vec3;
       788: getstatic     #297                // Field net/minecraft/sounds/SoundEvents.CROSSBOW_QUICK_CHARGE_3:Lnet/minecraft/core/Holder;
       791: invokeinterface #290,  1          // InterfaceMethod net/minecraft/core/Holder.value:()Ljava/lang/Object;
       796: checkcast     #295                // class net/minecraft/sounds/SoundEvent
       799: fconst_1
       800: ldc           #174                // float 1.2f
       802: invokestatic  #176                // Method play:(Lnet/minecraft/server/level/ServerLevel;Lnet/minecraft/world/phys/Vec3;Lnet/minecraft/sounds/SoundEvent;FF)V
       805: goto          1781
       808: aload_1
       809: invokevirtual #82                 // Method net/minecraft/server/level/ServerPlayer.getUUID:()Ljava/util/UUID;
       812: invokestatic  #276                // Method clearRangerReadies:(Ljava/util/UUID;)V
       815: lload         6
       817: ldc2_w        #300                // long 260l
       820: iload         9
       822: i2l
       823: ldc2_w        #282                // long 2l
       826: lmul
       827: invokestatic  #284                // Method java/lang/Math.max:(JJ)J
       830: ladd
       831: lstore        13
       833: getstatic     #30                 // Field ARROW_RAIN_READY:Ljava/util/Map;
       836: aload_1
       837: invokevirtual #82                 // Method net/minecraft/server/level/ServerPlayer.getUUID:()Ljava/util/UUID;
       840: new           #302                // class kr/moonseungjun/villageguardians/VillageRoleAbilitySystem$EmpoweredArrowState
       843: dup
       844: lload         13
       846: fload_3
       847: iload         5
       849: invokespecial #304                // Method kr/moonseungjun/villageguardians/VillageRoleAbilitySystem$EmpoweredArrowState."<init>":(JFI)V
       852: invokeinterface #137,  3          // InterfaceMethod java/util/Map.put:(Ljava/lang/Object;Ljava/lang/Object;)Ljava/lang/Object;
       857: pop
       858: aload_1
       859: getstatic     #180                // Field net/minecraft/world/InteractionHand.MAIN_HAND:Lnet/minecraft/world/InteractionHand;
       862: iconst_1
       863: invokevirtual #186                // Method net/minecraft/server/level/ServerPlayer.swing:(Lnet/minecraft/world/InteractionHand;Z)V
       866: aload_0
       867: aload_1
       868: invokevirtual #164                // Method net/minecraft/server/level/ServerPlayer.position:()Lnet/minecraft/world/phys/Vec3;
       871: getstatic     #287                // Field net/minecraft/sounds/SoundEvents.CROSSBOW_LOADING_END:Lnet/minecraft/core/Holder;
       874: invokeinterface #290,  1          // InterfaceMethod net/minecraft/core/Holder.value:()Ljava/lang/Object;
       879: checkcast     #295                // class net/minecraft/sounds/SoundEvent
       882: fconst_1
       883: ldc_w         #307                // float 0.92f
       886: invokestatic  #176                // Method play:(Lnet/minecraft/server/level/ServerLevel;Lnet/minecraft/world/phys/Vec3;Lnet/minecraft/sounds/SoundEvent;FF)V
       889: goto          1781
       892: aload_1
       893: invokevirtual #82                 // Method net/minecraft/server/level/ServerPlayer.getUUID:()Ljava/util/UUID;
       896: invokestatic  #276                // Method clearRangerReadies:(Ljava/util/UUID;)V
       899: lload         6
       901: ldc2_w        #308                // long 280l
       904: iload         9
       906: i2l
       907: ldc2_w        #282                // long 2l
       910: lmul
       911: invokestatic  #284                // Method java/lang/Math.max:(JJ)J
       914: ladd
       915: lstore        13
       917: getstatic     #33                 // Field MEGA_ARROW_READY:Ljava/util/Map;
       920: aload_1
       921: invokevirtual #82                 // Method net/minecraft/server/level/ServerPlayer.getUUID:()Ljava/util/UUID;
       924: new           #302                // class kr/moonseungjun/villageguardians/VillageRoleAbilitySystem$EmpoweredArrowState
       927: dup
       928: lload         13
       930: fload_3
       931: iload         5
       933: invokespecial #304                // Method kr/moonseungjun/villageguardians/VillageRoleAbilitySystem$EmpoweredArrowState."<init>":(JFI)V
       936: invokeinterface #137,  3          // InterfaceMethod java/util/Map.put:(Ljava/lang/Object;Ljava/lang/Object;)Ljava/lang/Object;
       941: pop
       942: aload_1
       943: getstatic     #180                // Field net/minecraft/world/InteractionHand.MAIN_HAND:Lnet/minecraft/world/InteractionHand;
       946: iconst_1
       947: invokevirtual #186                // Method net/minecraft/server/level/ServerPlayer.swing:(Lnet/minecraft/world/InteractionHand;Z)V
       950: aload_0
       951: aload_1
       952: invokevirtual #164                // Method net/minecraft/server/level/ServerPlayer.position:()Lnet/minecraft/world/phys/Vec3;
       955: getstatic     #310                // Field net/minecraft/sounds/SoundEvents.BEACON_POWER_SELECT:Lnet/minecraft/sounds/SoundEvent;
       958: ldc           #174                // float 1.2f
       960: ldc_w         #313                // float 0.62f
       963: invokestatic  #176                // Method play:(Lnet/minecraft/server/level/ServerLevel;Lnet/minecraft/world/phys/Vec3;Lnet/minecraft/sounds/SoundEvent;FF)V
       966: goto          1781
       969: aload_0
       970: aload_1
       971: ldc2_w        #314                // double 1.35d
       974: bipush        112
       976: ldc_w         #316                // float 12.0f
       979: iload         8
       981: i2f
       982: ldc_w         #317                // float 0.65f
       985: fmul
       986: fadd
       987: fload_3
       988: fmul
       989: ldc2_w        #318                // double 4.8d
       992: iload         5
       994: invokestatic  #320                // Method areaRadius:(DI)D
       997: iload         5
       999: aload         11
      1001: invokestatic  #324                // Method launchFireOrb:(Lnet/minecraft/server/level/ServerLevel;Lnet/minecraft/server/level/ServerPlayer;DIFDILnet/minecraft/world/phys/Vec3;)V
      1004: goto          1781
      1007: ldc2_w        #328                // double 7.5d
      1010: iload         5
      1012: invokestatic  #320                // Method areaRadius:(DI)D
      1015: dstore        13
      1017: aload_0
      1018: aload_1
      1019: ldc2_w        #330                // double 28.0d
      1022: iload         5
      1024: invokestatic  #332                // Method maximumRange:(DI)D
      1027: invokestatic  #335                // Method aimedGround:(Lnet/minecraft/server/level/ServerLevel;Lnet/minecraft/server/level/ServerPlayer;D)Lnet/minecraft/world/phys/Vec3;
      1030: astore        15
      1032: sipush        140
      1035: iload         9
      1037: invokestatic  #100                // Method java/lang/Math.max:(II)I
      1040: istore        16
      1042: getstatic     #58                 // Field AREAS:Ljava/util/List;
      1045: new           #339                // class kr/moonseungjun/villageguardians/VillageRoleAbilitySystem$AreaState
      1048: dup
      1049: aload_1
      1050: invokevirtual #82                 // Method net/minecraft/server/level/ServerPlayer.getUUID:()Ljava/util/UUID;
      1053: getstatic     #341                // Field kr/moonseungjun/villageguardians/VillageRoleAbilitySystem$AreaKind.FROST:Lkr/moonseungjun/villageguardians/VillageRoleAbilitySystem$AreaKind;
      1056: aload         15
      1058: lload         6
      1060: iload         16
      1062: i2l
      1063: ladd
      1064: dload         13
      1066: fload_3
      1067: iload         5
      1069: iconst_0
      1070: invokespecial #347                // Method kr/moonseungjun/villageguardians/VillageRoleAbilitySystem$AreaState."<init>":(Ljava/util/UUID;Lkr/moonseungjun/villageguardians/VillageRoleAbilitySystem$AreaKind;Lnet/minecraft/world/phys/Vec3;JDFII)V
      1073: invokeinterface #239,  2          // InterfaceMethod java/util/List.add:(Ljava/lang/Object;)Z
      1078: pop
      1079: aload_0
      1080: aload_1
      1081: aload         15
      1083: iload         16
      1085: dload         13
      1087: iload         5
      1089: invokestatic  #350                // Method kr/moonseungjun/villageguardians/VillageSkillEffectSystem.frostField:(Lnet/minecraft/server/level/ServerLevel;Lnet/minecraft/server/level/ServerPlayer;Lnet/minecraft/world/phys/Vec3;IDI)V
      1092: aload_0
      1093: aload         15
      1095: getstatic     #354                // Field net/minecraft/sounds/SoundEvents.GLASS_PLACE:Lnet/minecraft/sounds/SoundEvent;
      1098: ldc_w         #357                // float 1.1f
      1101: ldc_w         #313                // float 0.62f
      1104: invokestatic  #176                // Method play:(Lnet/minecraft/server/level/ServerLevel;Lnet/minecraft/world/phys/Vec3;Lnet/minecraft/sounds/SoundEvent;FF)V
      1107: goto          1781
      1110: ldc2_w        #358                // double 8.5d
      1113: iload         5
      1115: invokestatic  #320                // Method areaRadius:(DI)D
      1118: dstore        13
      1120: aload_0
      1121: aload_1
      1122: ldc2_w        #360                // double 30.0d
      1125: iload         5
      1127: invokestatic  #332                // Method maximumRange:(DI)D
      1130: invokestatic  #335                // Method aimedGround:(Lnet/minecraft/server/level/ServerLevel;Lnet/minecraft/server/level/ServerPlayer;D)Lnet/minecraft/world/phys/Vec3;
      1133: astore        15
      1135: bipush        120
      1137: iload         9
      1139: invokestatic  #100                // Method java/lang/Math.max:(II)I
      1142: istore        16
      1144: getstatic     #58                 // Field AREAS:Ljava/util/List;
      1147: new           #339                // class kr/moonseungjun/villageguardians/VillageRoleAbilitySystem$AreaState
      1150: dup
      1151: aload_1
      1152: invokevirtual #82                 // Method net/minecraft/server/level/ServerPlayer.getUUID:()Ljava/util/UUID;
      1155: getstatic     #362                // Field kr/moonseungjun/villageguardians/VillageRoleAbilitySystem$AreaKind.TORNADO:Lkr/moonseungjun/villageguardians/VillageRoleAbilitySystem$AreaKind;
      1158: aload         15
      1160: lload         6
      1162: iload         16
      1164: i2l
      1165: ladd
      1166: dload         13
      1168: fload_3
      1169: iload         5
      1171: iconst_0
      1172: invokespecial #347                // Method kr/moonseungjun/villageguardians/VillageRoleAbilitySystem$AreaState."<init>":(Ljava/util/UUID;Lkr/moonseungjun/villageguardians/VillageRoleAbilitySystem$AreaKind;Lnet/minecraft/world/phys/Vec3;JDFII)V
      1175: invokeinterface #239,  2          // InterfaceMethod java/util/List.add:(Ljava/lang/Object;)Z
      1180: pop
      1181: aload_0
      1182: aload_1
      1183: aload         15
      1185: aload         10
      1187: iload         16
      1189: dload         13
      1191: iload         5
      1193: invokestatic  #365                // Method kr/moonseungjun/villageguardians/VillageSkillEffectSystem.tornadoField:(Lnet/minecraft/server/level/ServerLevel;Lnet/minecraft/server/level/ServerPlayer;Lnet/minecraft/world/phys/Vec3;Lnet/minecraft/world/phys/Vec3;IDI)V
      1196: aload_0
      1197: aload         15
      1199: getstatic     #369                // Field net/minecraft/sounds/SoundEvents.BREEZE_WIND_CHARGE_BURST:Lnet/minecraft/core/Holder$Reference;
      1202: invokevirtual #373                // Method net/minecraft/core/Holder$Reference.value:()Ljava/lang/Object;
      1205: checkcast     #295                // class net/minecraft/sounds/SoundEvent
      1208: ldc_w         #357                // float 1.1f
      1211: ldc           #175                // float 0.72f
      1213: invokestatic  #176                // Method play:(Lnet/minecraft/server/level/ServerLevel;Lnet/minecraft/world/phys/Vec3;Lnet/minecraft/sounds/SoundEvent;FF)V
      1216: goto          1781
      1219: ldc2_w        #376                // double 18.0d
      1222: iload         5
      1224: invokestatic  #320                // Method areaRadius:(DI)D
      1227: dstore        13
      1229: aload_0
      1230: aload_1
      1231: ldc2_w        #378                // double 36.0d
      1234: iload         5
      1236: invokestatic  #332                // Method maximumRange:(DI)D
      1239: invokestatic  #335                // Method aimedGround:(Lnet/minecraft/server/level/ServerLevel;Lnet/minecraft/server/level/ServerPlayer;D)Lnet/minecraft/world/phys/Vec3;
      1242: astore        15
      1244: bipush        100
      1246: iload         9
      1248: iconst_2
      1249: idiv
      1250: invokestatic  #100                // Method java/lang/Math.max:(II)I
      1253: istore        16
      1255: getstatic     #58                 // Field AREAS:Ljava/util/List;
      1258: new           #339                // class kr/moonseungjun/villageguardians/VillageRoleAbilitySystem$AreaState
      1261: dup
      1262: aload_1
      1263: invokevirtual #82                 // Method net/minecraft/server/level/ServerPlayer.getUUID:()Ljava/util/UUID;
      1266: getstatic     #380                // Field kr/moonseungjun/villageguardians/VillageRoleAbilitySystem$AreaKind.LIGHTNING:Lkr/moonseungjun/villageguardians/VillageRoleAbilitySystem$AreaKind;
      1269: aload         15
      1271: lload         6
      1273: iload         16
      1275: i2l
      1276: ladd
      1277: dload         13
      1279: fload_3
      1280: iload         5
      1282: iconst_0
      1283: invokespecial #347                // Method kr/moonseungjun/villageguardians/VillageRoleAbilitySystem$AreaState."<init>":(Ljava/util/UUID;Lkr/moonseungjun/villageguardians/VillageRoleAbilitySystem$AreaKind;Lnet/minecraft/world/phys/Vec3;JDFII)V
      1286: invokeinterface #239,  2          // InterfaceMethod java/util/List.add:(Ljava/lang/Object;)Z
      1291: pop
      1292: aload_0
      1293: aload_1
      1294: aload         15
      1296: iload         16
      1298: dload         13
      1300: iload         5
      1302: invokestatic  #383                // Method kr/moonseungjun/villageguardians/VillageSkillEffectSystem.lightningField:(Lnet/minecraft/server/level/ServerLevel;Lnet/minecraft/server/level/ServerPlayer;Lnet/minecraft/world/phys/Vec3;IDI)V
      1305: aload_0
      1306: aload         15
      1308: getstatic     #386                // Field net/minecraft/sounds/SoundEvents.LIGHTNING_BOLT_THUNDER:Lnet/minecraft/sounds/SoundEvent;
      1311: ldc           #222                // float 0.85f
      1313: ldc_w         #389                // float 1.15f
      1316: invokestatic  #176                // Method play:(Lnet/minecraft/server/level/ServerLevel;Lnet/minecraft/world/phys/Vec3;Lnet/minecraft/sounds/SoundEvent;FF)V
      1319: goto          1781
      1322: aload_1
      1323: ldc_w         #390                // float 10.0f
      1326: iload         8
      1328: i2f
      1329: ldc_w         #391                // float 0.7f
      1332: fmul
      1333: fadd
      1334: fload_3
      1335: fmul
      1336: iload         5
      1338: iconst_0
      1339: invokestatic  #392                // Method healLowestAlly:(Lnet/minecraft/server/level/ServerPlayer;FIZ)V
      1342: goto          1781
      1345: aload_1
      1346: ldc_w         #396                // float 3.0f
      1349: iload         8
      1351: i2f
      1352: ldc_w         #397                // float 0.22f
      1355: fmul
      1356: fadd
      1357: fload_3
      1358: fmul
      1359: iload         5
      1361: invokestatic  #398                // Method cleanseAllies:(Lnet/minecraft/server/level/ServerPlayer;FI)V
      1364: goto          1781
      1367: ldc2_w        #328                // double 7.5d
      1370: iload         5
      1372: invokestatic  #320                // Method areaRadius:(DI)D
      1375: dstore        13
      1377: sipush        160
      1380: iload         9
      1382: iconst_2
      1383: imul
      1384: invokestatic  #100                // Method java/lang/Math.max:(II)I
      1387: istore        15
      1389: getstatic     #58                 // Field AREAS:Ljava/util/List;
      1392: new           #339                // class kr/moonseungjun/villageguardians/VillageRoleAbilitySystem$AreaState
      1395: dup
      1396: aload_1
      1397: invokevirtual #82                 // Method net/minecraft/server/level/ServerPlayer.getUUID:()Ljava/util/UUID;
      1400: getstatic     #402                // Field kr/moonseungjun/villageguardians/VillageRoleAbilitySystem$AreaKind.HEALING:Lkr/moonseungjun/villageguardians/VillageRoleAbilitySystem$AreaKind;
      1403: aload_1
      1404: invokevirtual #164                // Method net/minecraft/server/level/ServerPlayer.position:()Lnet/minecraft/world/phys/Vec3;
      1407: lload         6
      1409: iload         15
      1411: i2l
      1412: ladd
      1413: dload         13
      1415: fload_3
      1416: iload         5
      1418: iconst_0
      1419: invokespecial #347                // Method kr/moonseungjun/villageguardians/VillageRoleAbilitySystem$AreaState."<init>":(Ljava/util/UUID;Lkr/moonseungjun/villageguardians/VillageRoleAbilitySystem$AreaKind;Lnet/minecraft/world/phys/Vec3;JDFII)V
      1422: invokeinterface #239,  2          // InterfaceMethod java/util/List.add:(Ljava/lang/Object;)Z
      1427: pop
      1428: aload_0
      1429: aload_1
      1430: aload_1
      1431: invokevirtual #164                // Method net/minecraft/server/level/ServerPlayer.position:()Lnet/minecraft/world/phys/Vec3;
      1434: iload         15
      1436: dload         13
      1438: iload         5
      1440: invokestatic  #405                // Method kr/moonseungjun/villageguardians/VillageSkillEffectSystem.healingField:(Lnet/minecraft/server/level/ServerLevel;Lnet/minecraft/server/level/ServerPlayer;Lnet/minecraft/world/phys/Vec3;IDI)V
      1443: aload_0
      1444: aload_1
      1445: invokevirtual #164                // Method net/minecraft/server/level/ServerPlayer.position:()Lnet/minecraft/world/phys/Vec3;
      1448: getstatic     #408                // Field net/minecraft/sounds/SoundEvents.BEACON_ACTIVATE:Lnet/minecraft/sounds/SoundEvent;
      1451: fconst_1
      1452: ldc           #174                // float 1.2f
      1454: invokestatic  #176                // Method play:(Lnet/minecraft/server/level/ServerLevel;Lnet/minecraft/world/phys/Vec3;Lnet/minecraft/sounds/SoundEvent;FF)V
      1457: goto          1781
      1460: aload_1
      1461: ldc_w         #411                // float 15.0f
      1464: iload         8
      1466: i2f
      1467: ldc_w         #412                // float 0.9f
      1470: fmul
      1471: fadd
      1472: fload_3
      1473: fmul
      1474: iconst_2
      1475: iload         5
      1477: invokestatic  #100                // Method java/lang/Math.max:(II)I
      1480: iload         9
      1482: iconst_2
      1483: imul
      1484: invokestatic  #413                // Method miracle:(Lnet/minecraft/server/level/ServerPlayer;FII)V
      1487: goto          1781
      1490: getstatic     #39                 // Field AEGIS_UNTIL:Ljava/util/Map;
      1493: aload_1
      1494: invokevirtual #82                 // Method net/minecraft/server/level/ServerPlayer.getUUID:()Ljava/util/UUID;
      1497: invokeinterface #417,  2          // InterfaceMethod java/util/Map.remove:(Ljava/lang/Object;)Ljava/lang/Object;
      1502: pop
      1503: getstatic     #51                 // Field SCHEDULED:Ljava/util/List;
      1506: new           #226                // class kr/moonseungjun/villageguardians/VillageRoleAbilitySystem$ScheduledAction
      1509: dup
      1510: lload         6
      1512: aload_1
      1513: invokevirtual #82                 // Method net/minecraft/server/level/ServerPlayer.getUUID:()Ljava/util/UUID;
      1516: aload_2
      1517: getstatic     #421                // Field kr/moonseungjun/villageguardians/VillageRoleAbilitySystem$ActionKind.SHIELD_CHARGE:Lkr/moonseungjun/villageguardians/VillageRoleAbilitySystem$ActionKind;
      1520: fload_3
      1521: fload         4
      1523: iload         5
      1525: aload_1
      1526: invokevirtual #164                // Method net/minecraft/server/level/ServerPlayer.position:()Lnet/minecraft/world/phys/Vec3;
      1529: aload         10
      1531: invokespecial #236                // Method kr/moonseungjun/villageguardians/VillageRoleAbilitySystem$ScheduledAction."<init>":(JLjava/util/UUID;Lkr/moonseungjun/villageguardians/VillageRoleSkillSystem$ActiveSkill;Lkr/moonseungjun/villageguardians/VillageRoleAbilitySystem$ActionKind;FFILnet/minecraft/world/phys/Vec3;Lnet/minecraft/world/phys/Vec3;)V
      1534: invokeinterface #239,  2          // InterfaceMethod java/util/List.add:(Ljava/lang/Object;)Z
      1539: pop
      1540: aload_1
      1541: aload         10
      1543: ldc2_w        #259                // double 1.05d
      1546: invokevirtual #253                // Method net/minecraft/world/phys/Vec3.scale:(D)Lnet/minecraft/world/phys/Vec3;
      1549: dconst_0
      1550: ldc2_w        #424                // double 0.08d
      1553: dconst_0
      1554: invokevirtual #261                // Method net/minecraft/world/phys/Vec3.add:(DDD)Lnet/minecraft/world/phys/Vec3;
      1557: invokevirtual #264                // Method net/minecraft/server/level/ServerPlayer.setDeltaMovement:(Lnet/minecraft/world/phys/Vec3;)V
      1560: aload_1
      1561: iconst_1
      1562: putfield      #268                // Field net/minecraft/server/level/ServerPlayer.hurtMarked:Z
      1565: goto          1781
      1568: aload_0
      1569: aload_1
      1570: ldc_w         #426                // float 4.0f
      1573: iload         8
      1575: i2f
      1576: ldc_w         #427                // float 0.25f
      1579: fmul
      1580: fadd
      1581: fload_3
      1582: fmul
      1583: iload         9
      1585: iload         5
      1587: invokestatic  #428                // Method tauntShout:(Lnet/minecraft/server/level/ServerLevel;Lnet/minecraft/server/level/ServerPlayer;FII)V
      1590: goto          1781
      1593: getstatic     #36                 // Field FORTRESS_UNTIL:Ljava/util/Map;
      1596: aload_1
      1597: invokevirtual #82                 // Method net/minecraft/server/level/ServerPlayer.getUUID:()Ljava/util/UUID;
      1600: lload         6
      1602: bipush        120
      1604: iload         9
      1606: invokestatic  #100                // Method java/lang/Math.max:(II)I
      1609: i2l
      1610: ladd
      1611: invokestatic  #131                // Method java/lang/Long.valueOf:(J)Ljava/lang/Long;
      1614: invokeinterface #137,  3          // InterfaceMethod java/util/Map.put:(Ljava/lang/Object;Ljava/lang/Object;)Ljava/lang/Object;
      1619: pop
      1620: aload_1
      1621: new           #149                // class net/minecraft/world/effect/MobEffectInstance
      1624: dup
      1625: getstatic     #432                // Field net/minecraft/world/effect/MobEffects.ABSORPTION:Lnet/minecraft/core/Holder;
      1628: bipush        120
      1630: iload         9
      1632: invokestatic  #100                // Method java/lang/Math.max:(II)I
      1635: iconst_5
      1636: iconst_3
      1637: iload         5
      1639: invokestatic  #193                // Method java/lang/Math.min:(II)I
      1642: iadd
      1643: iconst_0
      1644: iconst_0
      1645: iconst_1
      1646: invokespecial #157                // Method net/minecraft/world/effect/MobEffectInstance."<init>":(Lnet/minecraft/core/Holder;IIZZZ)V
      1649: invokevirtual #160                // Method net/minecraft/server/level/ServerPlayer.addEffect:(Lnet/minecraft/world/effect/MobEffectInstance;)Z
      1652: pop
      1653: aload_1
      1654: new           #149                // class net/minecraft/world/effect/MobEffectInstance
      1657: dup
      1658: getstatic     #151                // Field net/minecraft/world/effect/MobEffects.RESISTANCE:Lnet/minecraft/core/Holder;
      1661: bipush        120
      1663: iload         9
      1665: invokestatic  #100                // Method java/lang/Math.max:(II)I
      1668: iconst_3
      1669: iconst_0
      1670: iconst_0
      1671: iconst_1
      1672: invokespecial #157                // Method net/minecraft/world/effect/MobEffectInstance."<init>":(Lnet/minecraft/core/Holder;IIZZZ)V
      1675: invokevirtual #160                // Method net/minecraft/server/level/ServerPlayer.addEffect:(Lnet/minecraft/world/effect/MobEffectInstance;)Z
      1678: pop
      1679: aload_0
      1680: aload_1
      1681: invokevirtual #164                // Method net/minecraft/server/level/ServerPlayer.position:()Lnet/minecraft/world/phys/Vec3;
      1684: getstatic     #435                // Field net/minecraft/sounds/SoundEvents.SHIELD_BLOCK:Lnet/minecraft/core/Holder$Reference;
      1687: invokevirtual #373                // Method net/minecraft/core/Holder$Reference.value:()Ljava/lang/Object;
      1690: checkcast     #295                // class net/minecraft/sounds/SoundEvent
      1693: ldc_w         #438                // float 1.4f
      1696: ldc_w         #439                // float 0.55f
      1699: invokestatic  #176                // Method play:(Lnet/minecraft/server/level/ServerLevel;Lnet/minecraft/world/phys/Vec3;Lnet/minecraft/sounds/SoundEvent;FF)V
      1702: goto          1781
      1705: getstatic     #39                 // Field AEGIS_UNTIL:Ljava/util/Map;
      1708: aload_1
      1709: invokevirtual #82                 // Method net/minecraft/server/level/ServerPlayer.getUUID:()Ljava/util/UUID;
      1712: lload         6
      1714: ldc2_w        #440                // long 180l
      1717: iload         9
      1719: i2l
      1720: ldc2_w        #282                // long 2l
      1723: lmul
      1724: invokestatic  #284                // Method java/lang/Math.max:(JJ)J
      1727: ladd
      1728: invokestatic  #131                // Method java/lang/Long.valueOf:(J)Ljava/lang/Long;
      1731: invokeinterface #137,  3          // InterfaceMethod java/util/Map.put:(Ljava/lang/Object;Ljava/lang/Object;)Ljava/lang/Object;
      1736: pop
      1737: aload_1
      1738: new           #149                // class net/minecraft/world/effect/MobEffectInstance
      1741: dup
      1742: getstatic     #151                // Field net/minecraft/world/effect/MobEffects.RESISTANCE:Lnet/minecraft/core/Holder;
      1745: sipush        180
      1748: iload         9
      1750: iconst_2
      1751: imul
      1752: invokestatic  #100                // Method java/lang/Math.max:(II)I
      1755: iconst_1
      1756: iconst_0
      1757: iconst_0
      1758: iconst_1
      1759: invokespecial #157                // Method net/minecraft/world/effect/MobEffectInstance."<init>":(Lnet/minecraft/core/Holder;IIZZZ)V
      1762: invokevirtual #160                // Method net/minecraft/server/level/ServerPlayer.addEffect:(Lnet/minecraft/world/effect/MobEffectInstance;)Z
      1765: pop
      1766: aload_0
      1767: aload_1
      1768: invokevirtual #164                // Method net/minecraft/server/level/ServerPlayer.position:()Lnet/minecraft/world/phys/Vec3;
      1771: getstatic     #408                // Field net/minecraft/sounds/SoundEvents.BEACON_ACTIVATE:Lnet/minecraft/sounds/SoundEvent;
      1774: fconst_1
      1775: ldc_w         #391                // float 0.7f
      1778: invokestatic  #176                // Method play:(Lnet/minecraft/server/level/ServerLevel;Lnet/minecraft/world/phys/Vec3;Lnet/minecraft/sounds/SoundEvent;FF)V
      1781: aload_2
      1782: invokevirtual #442                // Method kr/moonseungjun/villageguardians/VillageRoleSkillSystem$ActiveSkill.role:()Lkr/moonseungjun/villageguardians/VillageRole;
      1785: getstatic     #446                // Field kr/moonseungjun/villageguardians/VillageRole.ARCANIST:Lkr/moonseungjun/villageguardians/VillageRole;
      1788: if_acmpne     1906
      1791: getstatic     #73                 // Field replayingEcho:Z
      1794: ifne          1906
      1797: iconst_0
      1798: istore        13
      1800: aload_1
      1801: invokevirtual #452                // Method net/minecraft/server/level/ServerPlayer.getRandom:()Lnet/minecraft/util/RandomSource;
      1804: invokeinterface #456,  1          // InterfaceMethod net/minecraft/util/RandomSource.nextFloat:()F
      1809: ldc_w         #462                // float 0.3f
      1812: fcmpg
      1813: ifge          1819
      1816: iinc          13, 1
      1819: aload_1
      1820: invokevirtual #452                // Method net/minecraft/server/level/ServerPlayer.getRandom:()Lnet/minecraft/util/RandomSource;
      1823: invokeinterface #456,  1          // InterfaceMethod net/minecraft/util/RandomSource.nextFloat:()F
      1828: ldc_w         #463                // float 0.12f
      1831: fcmpg
      1832: ifge          1838
      1835: iinc          13, 1
      1838: iconst_0
      1839: istore        14
      1841: iload         14
      1843: iload         13
      1845: if_icmpge     1906
      1848: getstatic     #51                 // Field SCHEDULED:Ljava/util/List;
      1851: new           #226                // class kr/moonseungjun/villageguardians/VillageRoleAbilitySystem$ScheduledAction
      1854: dup
      1855: lload         6
      1857: ldc2_w        #464                // long 8l
      1860: ladd
      1861: iload         14
      1863: i2l
      1864: ldc2_w        #464                // long 8l
      1867: lmul
      1868: ladd
      1869: aload_1
      1870: invokevirtual #82                 // Method net/minecraft/server/level/ServerPlayer.getUUID:()Ljava/util/UUID;
      1873: aload_2
      1874: getstatic     #466                // Field kr/moonseungjun/villageguardians/VillageRoleAbilitySystem$ActionKind.ARCANE_ECHO:Lkr/moonseungjun/villageguardians/VillageRoleAbilitySystem$ActionKind;
      1877: fload_3
      1878: ldc           #175                // float 0.72f
      1880: fmul
      1881: fload         4
      1883: iload         5
      1885: aload_1
      1886: invokevirtual #164                // Method net/minecraft/server/level/ServerPlayer.position:()Lnet/minecraft/world/phys/Vec3;
      1889: aload         12
      1891: invokespecial #236                // Method kr/moonseungjun/villageguardians/VillageRoleAbilitySystem$ScheduledAction."<init>":(JLjava/util/UUID;Lkr/moonseungjun/villageguardians/VillageRoleSkillSystem$ActiveSkill;Lkr/moonseungjun/villageguardians/VillageRoleAbilitySystem$ActionKind;FFILnet/minecraft/world/phys/Vec3;Lnet/minecraft/world/phys/Vec3;)V
      1894: invokeinterface #239,  2          // InterfaceMethod java/util/List.add:(Ljava/lang/Object;)Z
      1899: pop
      1900: iinc          14, 1
      1903: goto          1841
      1906: return

  public static void tick(net.minecraft.server.MinecraftServer);
    Code:
         0: aload_0
         1: invokevirtual #469                // Method net/minecraft/server/MinecraftServer.overworld:()Lnet/minecraft/server/level/ServerLevel;
         4: invokevirtual #76                 // Method net/minecraft/server/level/ServerLevel.getGameTime:()J
         7: lstore_1
         8: aload_0
         9: lload_1
        10: invokestatic  #475                // Method tickPlayers:(Lnet/minecraft/server/MinecraftServer;J)V
        13: aload_0
        14: lload_1
        15: invokestatic  #479                // Method tickTrackingArrows:(Lnet/minecraft/server/MinecraftServer;J)V
        18: aload_0
        19: lload_1
        20: invokestatic  #482                // Method tickScheduled:(Lnet/minecraft/server/MinecraftServer;J)V
        23: aload_0
        24: lload_1
        25: invokestatic  #485                // Method tickAreas:(Lnet/minecraft/server/MinecraftServer;J)V
        28: aload_0
        29: lload_1
        30: invokestatic  #488                // Method tickMoving:(Lnet/minecraft/server/MinecraftServer;J)V
        33: aload_0
        34: lload_1
        35: invokestatic  #491                // Method cleanupExpired:(Lnet/minecraft/server/MinecraftServer;J)V
        38: aload_0
        39: invokestatic  #494                // Method kr/moonseungjun/villageguardians/VillageSkillEffectSystem.tick:(Lnet/minecraft/server/MinecraftServer;)V
        42: return

  private static void tickPlayers(net.minecraft.server.MinecraftServer, long);
    Code:
         0: aload_0
         1: invokevirtual #498                // Method net/minecraft/server/MinecraftServer.getPlayerList:()Lnet/minecraft/server/players/PlayerList;
         4: invokevirtual #502                // Method net/minecraft/server/players/PlayerList.getPlayers:()Ljava/util/List;
         7: invokeinterface #205,  1          // InterfaceMethod java/util/List.iterator:()Ljava/util/Iterator;
        12: astore_3
        13: aload_3
        14: invokeinterface #209,  1          // InterfaceMethod java/util/Iterator.hasNext:()Z
        19: ifeq          657
        22: aload_3
        23: invokeinterface #215,  1          // InterfaceMethod java/util/Iterator.next:()Ljava/lang/Object;
        28: checkcast     #83                 // class net/minecraft/server/level/ServerPlayer
        31: astore        4
        33: aload         4
        35: invokevirtual #508                // Method net/minecraft/server/level/ServerPlayer.level:()Lnet/minecraft/server/level/ServerLevel;
        38: astore        6
        40: aload         6
        42: instanceof    #77                 // class net/minecraft/server/level/ServerLevel
        45: ifeq          13
        48: aload         6
        50: astore        5
        52: aload         4
        54: invokestatic  #511                // Method kr/moonseungjun/villageguardians/VillageRespawnSystem.isDowned:(Lnet/minecraft/server/level/ServerPlayer;)Z
        57: ifeq          63
        60: goto          13
        63: aload         4
        65: invokevirtual #82                 // Method net/minecraft/server/level/ServerPlayer.getUUID:()Ljava/util/UUID;
        68: astore        6
        70: getstatic     #7                  // Field SPIN_UNTIL:Ljava/util/Map;
        73: aload         6
        75: lconst_0
        76: invokestatic  #131                // Method java/lang/Long.valueOf:(J)Ljava/lang/Long;
        79: invokeinterface #517,  3          // InterfaceMethod java/util/Map.getOrDefault:(Ljava/lang/Object;Ljava/lang/Object;)Ljava/lang/Object;
        84: checkcast     #132                // class java/lang/Long
        87: invokevirtual #520                // Method java/lang/Long.longValue:()J
        90: lstore        7
        92: lload         7
        94: lload_1
        95: lcmp
        96: iflt          227
        99: aload         4
       101: lload_1
       102: l2d
       103: ldc2_w        #523                // double 38.0d
       106: dmul
       107: ldc2_w        #525                // double 360.0d
       110: drem
       111: d2f
       112: invokevirtual #527                // Method net/minecraft/server/level/ServerPlayer.setYBodyRot:(F)V
       115: lload_1
       116: ldc2_w        #531                // long 6l
       119: lrem
       120: lconst_0
       121: lcmp
       122: ifne          149
       125: aload         5
       127: aload         4
       129: ldc           #141                // String vanguard_spin
       131: ldc2_w        #464                // long 8l
       134: lload         7
       136: lload_1
       137: lsub
       138: ldc2_w        #464                // long 8l
       141: ladd
       142: invokestatic  #284                // Method java/lang/Math.max:(JJ)J
       145: l2i
       146: invokestatic  #143                // Method kr/moonseungjun/villageguardians/VillageNetwork.sendSkillMotion:(Lnet/minecraft/server/level/ServerLevel;Lnet/minecraft/server/level/ServerPlayer;Ljava/lang/String;I)V
       149: lload_1
       150: ldc2_w        #533                // long 3l
       153: lrem
       154: lconst_0
       155: lcmp
       156: ifne          227
       159: aload         5
       161: aload         4
       163: aload         4
       165: invokevirtual #164                // Method net/minecraft/server/level/ServerPlayer.position:()Lnet/minecraft/world/phys/Vec3;
       168: ldc2_w        #535                // double 4.7d
       171: bipush        10
       173: ldc_w         #537                // float 2.4f
       176: aload         6
       178: invokestatic  #88                 // Method kr/moonseungjun/villageguardians/VillageCouncilState.levelOf:(Ljava/util/UUID;)I
       181: i2f
       182: ldc_w         #538                // float 0.16f
       185: fmul
       186: fadd
       187: iconst_0
       188: ldc2_w        #539                // double 0.32d
       191: ldc2_w        #541                // double 0.05d
       194: invokestatic  #543                // Method damageRadius:(Lnet/minecraft/server/level/ServerLevel;Lnet/minecraft/server/level/ServerPlayer;Lnet/minecraft/world/phys/Vec3;DIFZDD)V
       197: aload         5
       199: aload         4
       201: invokevirtual #164                // Method net/minecraft/server/level/ServerPlayer.position:()Lnet/minecraft/world/phys/Vec3;
       204: getstatic     #168                // Field net/minecraft/sounds/SoundEvents.PLAYER_ATTACK_SWEEP:Lnet/minecraft/sounds/SoundEvent;
       207: ldc_w         #391                // float 0.7f
       210: ldc_w         #274                // float 0.8f
       213: lload_1
       214: ldc2_w        #228                // long 4l
       217: lrem
       218: l2f
       219: ldc_w         #547                // float 0.05f
       222: fmul
       223: fadd
       224: invokestatic  #176                // Method play:(Lnet/minecraft/server/level/ServerLevel;Lnet/minecraft/world/phys/Vec3;Lnet/minecraft/sounds/SoundEvent;FF)V
       227: getstatic     #21                 // Field RICOCHET_UNTIL:Ljava/util/Map;
       230: aload         6
       232: lconst_0
       233: invokestatic  #131                // Method java/lang/Long.valueOf:(J)Ljava/lang/Long;
       236: invokeinterface #517,  3          // InterfaceMethod java/util/Map.getOrDefault:(Ljava/lang/Object;Ljava/lang/Object;)Ljava/lang/Object;
       241: checkcast     #132                // class java/lang/Long
       244: invokevirtual #520                // Method java/lang/Long.longValue:()J
       247: lload_1
       248: lcmp
       249: iflt          298
       252: lload_1
       253: ldc2_w        #228                // long 4l
       256: lrem
       257: lconst_0
       258: lcmp
       259: ifne          298
       262: aload         4
       264: invokestatic  #108                // Method lookDirection:(Lnet/minecraft/server/level/ServerPlayer;)Lnet/minecraft/world/phys/Vec3;
       267: astore        9
       269: aload         4
       271: invokevirtual #548                // Method net/minecraft/server/level/ServerPlayer.getEyePosition:()Lnet/minecraft/world/phys/Vec3;
       274: aload         9
       276: ldc2_w        #551                // double 1.45d
       279: invokevirtual #253                // Method net/minecraft/world/phys/Vec3.scale:(D)Lnet/minecraft/world/phys/Vec3;
       282: invokevirtual #553                // Method net/minecraft/world/phys/Vec3.add:(Lnet/minecraft/world/phys/Vec3;)Lnet/minecraft/world/phys/Vec3;
       285: astore        10
       287: aload         5
       289: aload         4
       291: aload         10
       293: aload         9
       295: invokestatic  #556                // Method kr/moonseungjun/villageguardians/VillageSkillEffectSystem.trackingReticle:(Lnet/minecraft/server/level/ServerLevel;Lnet/minecraft/server/level/ServerPlayer;Lnet/minecraft/world/phys/Vec3;Lnet/minecraft/world/phys/Vec3;)V
       298: getstatic     #48                 // Field SLAMS:Ljava/util/Map;
       301: aload         6
       303: invokeinterface #560,  2          // InterfaceMethod java/util/Map.get:(Ljava/lang/Object;)Ljava/lang/Object;
       308: checkcast     #246                // class kr/moonseungjun/villageguardians/VillageRoleAbilitySystem$SlamState
       311: astore        9
       313: aload         9
       315: ifnull        382
       318: lload_1
       319: aload         9
       321: invokevirtual #563                // Method kr/moonseungjun/villageguardians/VillageRoleAbilitySystem$SlamState.startedAt:()J
       324: ldc2_w        #566                // long 5l
       327: ladd
       328: lcmp
       329: ifle          382
       332: aload         4
       334: invokevirtual #568                // Method net/minecraft/server/level/ServerPlayer.onGround:()Z
       337: ifne          354
       340: lload_1
       341: aload         9
       343: invokevirtual #563                // Method kr/moonseungjun/villageguardians/VillageRoleAbilitySystem$SlamState.startedAt:()J
       346: ldc2_w        #571                // long 34l
       349: ladd
       350: lcmp
       351: ifle          382
       354: aload         5
       356: aload         4
       358: aload         9
       360: invokevirtual #573                // Method kr/moonseungjun/villageguardians/VillageRoleAbilitySystem$SlamState.power:()F
       363: aload         9
       365: invokevirtual #576                // Method kr/moonseungjun/villageguardians/VillageRoleAbilitySystem$SlamState.specialRank:()I
       368: invokestatic  #579                // Method groundSlam:(Lnet/minecraft/server/level/ServerLevel;Lnet/minecraft/server/level/ServerPlayer;FI)V
       371: getstatic     #48                 // Field SLAMS:Ljava/util/Map;
       374: aload         6
       376: invokeinterface #417,  2          // InterfaceMethod java/util/Map.remove:(Ljava/lang/Object;)Ljava/lang/Object;
       381: pop
       382: getstatic     #36                 // Field FORTRESS_UNTIL:Ljava/util/Map;
       385: aload         6
       387: lconst_0
       388: invokestatic  #131                // Method java/lang/Long.valueOf:(J)Ljava/lang/Long;
       391: invokeinterface #517,  3          // InterfaceMethod java/util/Map.getOrDefault:(Ljava/lang/Object;Ljava/lang/Object;)Ljava/lang/Object;
       396: checkcast     #132                // class java/lang/Long
       399: invokevirtual #520                // Method java/lang/Long.longValue:()J
       402: lload_1
       403: lcmp
       404: iflt          453
       407: aload         4
       409: getstatic     #583                // Field net/minecraft/world/phys/Vec3.ZERO:Lnet/minecraft/world/phys/Vec3;
       412: invokevirtual #264                // Method net/minecraft/server/level/ServerPlayer.setDeltaMovement:(Lnet/minecraft/world/phys/Vec3;)V
       415: aload         4
       417: iconst_1
       418: putfield      #268                // Field net/minecraft/server/level/ServerPlayer.hurtMarked:Z
       421: lload_1
       422: ldc2_w        #566                // long 5l
       425: lrem
       426: lconst_0
       427: lcmp
       428: ifne          621
       431: aload         5
       433: aload         4
       435: ldc2_w        #587                // double 3.6d
       438: bipush        16
       440: ldc2_w        #589                // double 0.38d
       443: ldc2_w        #591                // double 0.04d
       446: fconst_0
       447: invokestatic  #593                // Method pushFront:(Lnet/minecraft/server/level/ServerLevel;Lnet/minecraft/server/level/ServerPlayer;DIDDF)V
       450: goto          621
       453: getstatic     #39                 // Field AEGIS_UNTIL:Ljava/util/Map;
       456: aload         6
       458: lconst_0
       459: invokestatic  #131                // Method java/lang/Long.valueOf:(J)Ljava/lang/Long;
       462: invokeinterface #517,  3          // InterfaceMethod java/util/Map.getOrDefault:(Ljava/lang/Object;Ljava/lang/Object;)Ljava/lang/Object;
       467: checkcast     #132                // class java/lang/Long
       470: invokevirtual #520                // Method java/lang/Long.longValue:()J
       473: lload_1
       474: lcmp
       475: iflt          621
       478: lload_1
       479: ldc2_w        #533                // long 3l
       482: lrem
       483: lconst_0
       484: lcmp
       485: ifne          508
       488: aload         5
       490: aload         4
       492: ldc2_w        #597                // double 7.0d
       495: bipush        30
       497: ldc2_w        #599                // double 0.7d
       500: ldc2_w        #424                // double 0.08d
       503: ldc           #174                // float 1.2f
       505: invokestatic  #593                // Method pushFront:(Lnet/minecraft/server/level/ServerLevel;Lnet/minecraft/server/level/ServerPlayer;DIDDF)V
       508: aload         4
       510: invokevirtual #601                // Method net/minecraft/server/level/ServerPlayer.isSprinting:()Z
       513: ifeq          621
       516: lload_1
       517: getstatic     #45                 // Field LAST_AEGIS_DASH:Ljava/util/Map;
       520: aload         6
       522: ldc2_w        #604                // long -100l
       525: invokestatic  #131                // Method java/lang/Long.valueOf:(J)Ljava/lang/Long;
       528: invokeinterface #517,  3          // InterfaceMethod java/util/Map.getOrDefault:(Ljava/lang/Object;Ljava/lang/Object;)Ljava/lang/Object;
       533: checkcast     #132                // class java/lang/Long
       536: invokevirtual #520                // Method java/lang/Long.longValue:()J
       539: lsub
       540: ldc2_w        #606                // long 14l
       543: lcmp
       544: iflt          621
       547: getstatic     #45                 // Field LAST_AEGIS_DASH:Ljava/util/Map;
       550: aload         6
       552: lload_1
       553: invokestatic  #131                // Method java/lang/Long.valueOf:(J)Ljava/lang/Long;
       556: invokeinterface #137,  3          // InterfaceMethod java/util/Map.put:(Ljava/lang/Object;Ljava/lang/Object;)Ljava/lang/Object;
       561: pop
       562: aload         4
       564: invokestatic  #104                // Method horizontalLook:(Lnet/minecraft/server/level/ServerPlayer;)Lnet/minecraft/world/phys/Vec3;
       567: astore        10
       569: aload         4
       571: aload         10
       573: ldc2_w        #608                // double 0.78d
       576: invokevirtual #253                // Method net/minecraft/world/phys/Vec3.scale:(D)Lnet/minecraft/world/phys/Vec3;
       579: dconst_0
       580: ldc2_w        #541                // double 0.05d
       583: dconst_0
       584: invokevirtual #261                // Method net/minecraft/world/phys/Vec3.add:(DDD)Lnet/minecraft/world/phys/Vec3;
       587: invokevirtual #264                // Method net/minecraft/server/level/ServerPlayer.setDeltaMovement:(Lnet/minecraft/world/phys/Vec3;)V
       590: aload         4
       592: iconst_1
       593: putfield      #268                // Field net/minecraft/server/level/ServerPlayer.hurtMarked:Z
       596: aload         5
       598: aload         4
       600: invokevirtual #164                // Method net/minecraft/server/level/ServerPlayer.position:()Lnet/minecraft/world/phys/Vec3;
       603: getstatic     #435                // Field net/minecraft/sounds/SoundEvents.SHIELD_BLOCK:Lnet/minecraft/core/Holder$Reference;
       606: invokevirtual #373                // Method net/minecraft/core/Holder$Reference.value:()Ljava/lang/Object;
       609: checkcast     #295                // class net/minecraft/sounds/SoundEvent
       612: ldc_w         #274                // float 0.8f
       615: ldc_w         #389                // float 1.15f
       618: invokestatic  #176                // Method play:(Lnet/minecraft/server/level/ServerLevel;Lnet/minecraft/world/phys/Vec3;Lnet/minecraft/sounds/SoundEvent;FF)V
       621: aload         6
       623: invokestatic  #610                // Method kr/moonseungjun/villageguardians/VillageCouncilState.roleOf:(Ljava/util/UUID;)Ljava/util/Optional;
       626: aconst_null
       627: invokevirtual #614                // Method java/util/Optional.orElse:(Ljava/lang/Object;)Ljava/lang/Object;
       630: getstatic     #619                // Field kr/moonseungjun/villageguardians/VillageRole.WARDEN:Lkr/moonseungjun/villageguardians/VillageRole;
       633: if_acmpne     654
       636: lload_1
       637: ldc2_w        #622                // long 40l
       640: lrem
       641: lconst_0
       642: lcmp
       643: ifne          654
       646: aload         4
       648: ldc_w         #274                // float 0.8f
       651: invokevirtual #624                // Method net/minecraft/server/level/ServerPlayer.heal:(F)V
       654: goto          13
       657: return

  private static void tickTrackingArrows(net.minecraft.server.MinecraftServer, long);
    Code:
         0: aload_0
         1: invokevirtual #469                // Method net/minecraft/server/MinecraftServer.overworld:()Lnet/minecraft/server/level/ServerLevel;
         4: astore_3
         5: getstatic     #27                 // Field TRACKING_ARROWS:Ljava/util/Map;
         8: invokeinterface #627,  1          // InterfaceMethod java/util/Map.entrySet:()Ljava/util/Set;
        13: invokeinterface #631,  1          // InterfaceMethod java/util/Set.iterator:()Ljava/util/Iterator;
        18: astore        4
        20: aload         4
        22: invokeinterface #209,  1          // InterfaceMethod java/util/Iterator.hasNext:()Z
        27: ifeq          309
        30: aload         4
        32: invokeinterface #215,  1          // InterfaceMethod java/util/Iterator.next:()Ljava/lang/Object;
        37: checkcast     #634                // class java/util/Map$Entry
        40: astore        5
        42: aload         5
        44: invokeinterface #636,  1          // InterfaceMethod java/util/Map$Entry.getValue:()Ljava/lang/Object;
        49: checkcast     #639                // class kr/moonseungjun/villageguardians/VillageRoleAbilitySystem$TrackingArrowState
        52: astore        6
        54: aload_3
        55: aload         5
        57: invokeinterface #641,  1          // InterfaceMethod java/util/Map$Entry.getKey:()Ljava/lang/Object;
        62: checkcast     #644                // class java/util/UUID
        65: invokevirtual #646                // Method net/minecraft/server/level/ServerLevel.getEntity:(Ljava/util/UUID;)Lnet/minecraft/world/entity/Entity;
        68: astore        7
        70: aload_3
        71: aload         6
        73: invokevirtual #650                // Method kr/moonseungjun/villageguardians/VillageRoleAbilitySystem$TrackingArrowState.target:()Ljava/util/UUID;
        76: invokevirtual #646                // Method net/minecraft/server/level/ServerLevel.getEntity:(Ljava/util/UUID;)Lnet/minecraft/world/entity/Entity;
        79: astore        8
        81: lload_1
        82: aload         6
        84: invokevirtual #653                // Method kr/moonseungjun/villageguardians/VillageRoleAbilitySystem$TrackingArrowState.until:()J
        87: lcmp
        88: ifgt          137
        91: aload         7
        93: instanceof    #656                // class net/minecraft/world/entity/projectile/arrow/AbstractArrow
        96: ifeq          137
        99: aload         7
       101: checkcast     #656                // class net/minecraft/world/entity/projectile/arrow/AbstractArrow
       104: astore        9
       106: aload         8
       108: instanceof    #658                // class net/minecraft/world/entity/Mob
       111: ifeq          137
       114: aload         8
       116: checkcast     #658                // class net/minecraft/world/entity/Mob
       119: astore        10
       121: aload         9
       123: invokevirtual #660                // Method net/minecraft/world/entity/projectile/arrow/AbstractArrow.isAlive:()Z
       126: ifeq          137
       129: aload         10
       131: invokevirtual #663                // Method net/minecraft/world/entity/Mob.isAlive:()Z
       134: ifne          147
       137: aload         4
       139: invokeinterface #664,  1          // InterfaceMethod java/util/Iterator.remove:()V
       144: goto          20
       147: aload         10
       149: invokevirtual #666                // Method net/minecraft/world/entity/Mob.position:()Lnet/minecraft/world/phys/Vec3;
       152: dconst_0
       153: aload         10
       155: invokevirtual #667                // Method net/minecraft/world/entity/Mob.getBbHeight:()F
       158: f2d
       159: ldc2_w        #670                // double 0.58d
       162: dmul
       163: dconst_0
       164: invokevirtual #261                // Method net/minecraft/world/phys/Vec3.add:(DDD)Lnet/minecraft/world/phys/Vec3;
       167: astore        11
       169: aload         11
       171: aload         9
       173: invokevirtual #672                // Method net/minecraft/world/entity/projectile/arrow/AbstractArrow.position:()Lnet/minecraft/world/phys/Vec3;
       176: invokevirtual #673                // Method net/minecraft/world/phys/Vec3.subtract:(Lnet/minecraft/world/phys/Vec3;)Lnet/minecraft/world/phys/Vec3;
       179: astore        12
       181: aload         12
       183: invokevirtual #676                // Method net/minecraft/world/phys/Vec3.lengthSqr:()D
       186: ldc2_w        #541                // double 0.05d
       189: dcmpg
       190: ifge          196
       193: goto          20
       196: ldc2_w        #680                // double 2.4d
       199: aload         9
       201: invokevirtual #682                // Method net/minecraft/world/entity/projectile/arrow/AbstractArrow.getDeltaMovement:()Lnet/minecraft/world/phys/Vec3;
       204: invokevirtual #685                // Method net/minecraft/world/phys/Vec3.length:()D
       207: invokestatic  #688                // Method java/lang/Math.max:(DD)D
       210: dstore        13
       212: ldc2_w        #597                // double 7.0d
       215: aload         12
       217: invokevirtual #676                // Method net/minecraft/world/phys/Vec3.lengthSqr:()D
       220: invokestatic  #691                // Method java/lang/Math.sqrt:(D)D
       223: dload         13
       225: ddiv
       226: invokestatic  #695                // Method java/lang/Math.min:(DD)D
       229: dstore        15
       231: aload         11
       233: aload         10
       235: invokevirtual #697                // Method net/minecraft/world/entity/Mob.getDeltaMovement:()Lnet/minecraft/world/phys/Vec3;
       238: dload         15
       240: ldc2_w        #698                // double 0.62d
       243: dmul
       244: invokevirtual #253                // Method net/minecraft/world/phys/Vec3.scale:(D)Lnet/minecraft/world/phys/Vec3;
       247: invokevirtual #553                // Method net/minecraft/world/phys/Vec3.add:(Lnet/minecraft/world/phys/Vec3;)Lnet/minecraft/world/phys/Vec3;
       250: astore        17
       252: aload         17
       254: aload         9
       256: invokevirtual #672                // Method net/minecraft/world/entity/projectile/arrow/AbstractArrow.position:()Lnet/minecraft/world/phys/Vec3;
       259: invokevirtual #673                // Method net/minecraft/world/phys/Vec3.subtract:(Lnet/minecraft/world/phys/Vec3;)Lnet/minecraft/world/phys/Vec3;
       262: astore        18
       264: aload         18
       266: invokevirtual #676                // Method net/minecraft/world/phys/Vec3.lengthSqr:()D
       269: ldc2_w        #700                // double 1.0E-5d
       272: dcmpg
       273: ifge          279
       276: goto          20
       279: aload         9
       281: iconst_1
       282: invokevirtual #702                // Method net/minecraft/world/entity/projectile/arrow/AbstractArrow.setNoGravity:(Z)V
       285: aload         9
       287: aload         18
       289: invokevirtual #706                // Method net/minecraft/world/phys/Vec3.normalize:()Lnet/minecraft/world/phys/Vec3;
       292: dload         13
       294: invokevirtual #253                // Method net/minecraft/world/phys/Vec3.scale:(D)Lnet/minecraft/world/phys/Vec3;
       297: invokevirtual #709                // Method net/minecraft/world/entity/projectile/arrow/AbstractArrow.setDeltaMovement:(Lnet/minecraft/world/phys/Vec3;)V
       300: aload         9
       302: iconst_1
       303: putfield      #710                // Field net/minecraft/world/entity/projectile/arrow/AbstractArrow.hurtMarked:Z
       306: goto          20
       309: return

  private static void tickScheduled(net.minecraft.server.MinecraftServer, long);
    Code:
         0: getstatic     #51                 // Field SCHEDULED:Ljava/util/List;
         3: invokeinterface #205,  1          // InterfaceMethod java/util/List.iterator:()Ljava/util/Iterator;
         8: astore_3
         9: aload_3
        10: invokeinterface #209,  1          // InterfaceMethod java/util/Iterator.hasNext:()Z
        15: ifeq          263
        18: aload_3
        19: invokeinterface #215,  1          // InterfaceMethod java/util/Iterator.next:()Ljava/lang/Object;
        24: checkcast     #226                // class kr/moonseungjun/villageguardians/VillageRoleAbilitySystem$ScheduledAction
        27: astore        4
        29: aload         4
        31: invokevirtual #711                // Method kr/moonseungjun/villageguardians/VillageRoleAbilitySystem$ScheduledAction.executeAt:()J
        34: lload_1
        35: lcmp
        36: ifle          42
        39: goto          9
        42: aload_3
        43: invokeinterface #664,  1          // InterfaceMethod java/util/Iterator.remove:()V
        48: aload_0
        49: invokevirtual #498                // Method net/minecraft/server/MinecraftServer.getPlayerList:()Lnet/minecraft/server/players/PlayerList;
        52: aload         4
        54: invokevirtual #714                // Method kr/moonseungjun/villageguardians/VillageRoleAbilitySystem$ScheduledAction.owner:()Ljava/util/UUID;
        57: invokevirtual #717                // Method net/minecraft/server/players/PlayerList.getPlayer:(Ljava/util/UUID;)Lnet/minecraft/server/level/ServerPlayer;
        60: astore        5
        62: aload         5
        64: ifnull        9
        67: aload         5
        69: invokevirtual #508                // Method net/minecraft/server/level/ServerPlayer.level:()Lnet/minecraft/server/level/ServerLevel;
        72: astore        7
        74: aload         7
        76: instanceof    #77                 // class net/minecraft/server/level/ServerLevel
        79: ifeq          9
        82: aload         7
        84: astore        6
        86: aload         4
        88: invokevirtual #721                // Method kr/moonseungjun/villageguardians/VillageRoleAbilitySystem$ScheduledAction.kind:()Lkr/moonseungjun/villageguardians/VillageRoleAbilitySystem$ActionKind;
        91: invokevirtual #725                // Method kr/moonseungjun/villageguardians/VillageRoleAbilitySystem$ActionKind.ordinal:()I
        94: tableswitch   { // 0 to 4
                       0: 128
                       1: 148
                       2: 173
                       3: 193
                       4: 213
                 default: 260
            }
       128: aload         6
       130: aload         5
       132: aload         4
       134: invokevirtual #726                // Method kr/moonseungjun/villageguardians/VillageRoleAbilitySystem$ScheduledAction.power:()F
       137: aload         4
       139: invokevirtual #727                // Method kr/moonseungjun/villageguardians/VillageRoleAbilitySystem$ScheduledAction.specialRank:()I
       142: invokestatic  #728                // Method bladeWave:(Lnet/minecraft/server/level/ServerLevel;Lnet/minecraft/server/level/ServerPlayer;FI)V
       145: goto          260
       148: aload         6
       150: aload         5
       152: aload         4
       154: invokevirtual #731                // Method kr/moonseungjun/villageguardians/VillageRoleAbilitySystem$ScheduledAction.origin:()Lnet/minecraft/world/phys/Vec3;
       157: aload         4
       159: invokevirtual #726                // Method kr/moonseungjun/villageguardians/VillageRoleAbilitySystem$ScheduledAction.power:()F
       162: aload         4
       164: invokevirtual #727                // Method kr/moonseungjun/villageguardians/VillageRoleAbilitySystem$ScheduledAction.specialRank:()I
       167: invokestatic  #734                // Method arrowRain:(Lnet/minecraft/server/level/ServerLevel;Lnet/minecraft/server/level/ServerPlayer;Lnet/minecraft/world/phys/Vec3;FI)V
       170: goto          260
       173: aload         6
       175: aload         5
       177: aload         4
       179: invokevirtual #726                // Method kr/moonseungjun/villageguardians/VillageRoleAbilitySystem$ScheduledAction.power:()F
       182: aload         4
       184: invokevirtual #727                // Method kr/moonseungjun/villageguardians/VillageRoleAbilitySystem$ScheduledAction.specialRank:()I
       187: invokestatic  #738                // Method launchEnergyArrow:(Lnet/minecraft/server/level/ServerLevel;Lnet/minecraft/server/level/ServerPlayer;FI)V
       190: goto          260
       193: aload         6
       195: aload         5
       197: aload         4
       199: invokevirtual #726                // Method kr/moonseungjun/villageguardians/VillageRoleAbilitySystem$ScheduledAction.power:()F
       202: aload         4
       204: invokevirtual #727                // Method kr/moonseungjun/villageguardians/VillageRoleAbilitySystem$ScheduledAction.specialRank:()I
       207: invokestatic  #741                // Method shieldCharge:(Lnet/minecraft/server/level/ServerLevel;Lnet/minecraft/server/level/ServerPlayer;FI)V
       210: goto          260
       213: iconst_1
       214: putstatic     #73                 // Field replayingEcho:Z
       217: aload         6
       219: aload         5
       221: aload         4
       223: invokevirtual #744                // Method kr/moonseungjun/villageguardians/VillageRoleAbilitySystem$ScheduledAction.skill:()Lkr/moonseungjun/villageguardians/VillageRoleSkillSystem$ActiveSkill;
       226: aload         4
       228: invokevirtual #726                // Method kr/moonseungjun/villageguardians/VillageRoleAbilitySystem$ScheduledAction.power:()F
       231: aload         4
       233: invokevirtual #748                // Method kr/moonseungjun/villageguardians/VillageRoleAbilitySystem$ScheduledAction.durationMultiplier:()F
       236: aload         4
       238: invokevirtual #727                // Method kr/moonseungjun/villageguardians/VillageRoleAbilitySystem$ScheduledAction.specialRank:()I
       241: invokestatic  #751                // Method cast:(Lnet/minecraft/server/level/ServerLevel;Lnet/minecraft/server/level/ServerPlayer;Lkr/moonseungjun/villageguardians/VillageRoleSkillSystem$ActiveSkill;FFI)V
       244: iconst_0
       245: putstatic     #73                 // Field replayingEcho:Z
       248: goto          260
       251: astore        8
       253: iconst_0
       254: putstatic     #73                 // Field replayingEcho:Z
       257: aload         8
       259: athrow
       260: goto          9
       263: return
      Exception table:
         from    to  target type
           217   244   251   any
           251   253   251   any

  private static void tickAreas(net.minecraft.server.MinecraftServer, long);
    Code:
         0: getstatic     #58                 // Field AREAS:Ljava/util/List;
         3: invokeinterface #205,  1          // InterfaceMethod java/util/List.iterator:()Ljava/util/Iterator;
         8: astore_3
         9: aload_3
        10: invokeinterface #209,  1          // InterfaceMethod java/util/Iterator.hasNext:()Z
        15: ifeq          958
        18: aload_3
        19: invokeinterface #215,  1          // InterfaceMethod java/util/Iterator.next:()Ljava/lang/Object;
        24: checkcast     #339                // class kr/moonseungjun/villageguardians/VillageRoleAbilitySystem$AreaState
        27: astore        4
        29: aload_0
        30: invokevirtual #498                // Method net/minecraft/server/MinecraftServer.getPlayerList:()Lnet/minecraft/server/players/PlayerList;
        33: aload         4
        35: invokevirtual #755                // Method kr/moonseungjun/villageguardians/VillageRoleAbilitySystem$AreaState.owner:()Ljava/util/UUID;
        38: invokevirtual #717                // Method net/minecraft/server/players/PlayerList.getPlayer:(Ljava/util/UUID;)Lnet/minecraft/server/level/ServerPlayer;
        41: astore        5
        43: aload         5
        45: ifnull        77
        48: aload         5
        50: invokevirtual #508                // Method net/minecraft/server/level/ServerPlayer.level:()Lnet/minecraft/server/level/ServerLevel;
        53: astore        7
        55: aload         7
        57: instanceof    #77                 // class net/minecraft/server/level/ServerLevel
        60: ifeq          77
        63: aload         7
        65: astore        6
        67: lload_1
        68: aload         4
        70: invokevirtual #756                // Method kr/moonseungjun/villageguardians/VillageRoleAbilitySystem$AreaState.until:()J
        73: lcmp
        74: ifle          86
        77: aload_3
        78: invokeinterface #664,  1          // InterfaceMethod java/util/Iterator.remove:()V
        83: goto          9
        86: aload         4
        88: invokevirtual #757                // Method kr/moonseungjun/villageguardians/VillageRoleAbilitySystem$AreaState.kind:()Lkr/moonseungjun/villageguardians/VillageRoleAbilitySystem$AreaKind;
        91: getstatic     #380                // Field kr/moonseungjun/villageguardians/VillageRoleAbilitySystem$AreaKind.LIGHTNING:Lkr/moonseungjun/villageguardians/VillageRoleAbilitySystem$AreaKind;
        94: if_acmpne     418
        97: lload_1
        98: aload         4
       100: invokevirtual #760                // Method kr/moonseungjun/villageguardians/VillageRoleAbilitySystem$AreaState.phase:()I
       103: i2l
       104: ladd
       105: ldc2_w        #763                // long 10l
       108: invokestatic  #765                // Method java/lang/Math.floorMod:(JJ)J
       111: l2i
       112: istore        7
       114: iload         7
       116: ifeq          135
       119: iload         7
       121: iconst_3
       122: if_icmpeq     135
       125: iload         7
       127: bipush        6
       129: if_icmpeq     135
       132: goto          9
       135: ldc_w         #768                // float 7.0f
       138: aload         5
       140: invokevirtual #82                 // Method net/minecraft/server/level/ServerPlayer.getUUID:()Ljava/util/UUID;
       143: invokestatic  #88                 // Method kr/moonseungjun/villageguardians/VillageCouncilState.levelOf:(Ljava/util/UUID;)I
       146: i2f
       147: ldc_w         #769                // float 0.42f
       150: fmul
       151: fadd
       152: aload         4
       154: invokevirtual #770                // Method kr/moonseungjun/villageguardians/VillageRoleAbilitySystem$AreaState.power:()F
       157: fmul
       158: fstore        8
       160: ldc2_w        #318                // double 4.8d
       163: aload         4
       165: invokevirtual #771                // Method kr/moonseungjun/villageguardians/VillageRoleAbilitySystem$AreaState.specialRank:()I
       168: invokestatic  #320                // Method areaRadius:(DI)D
       171: dstore        9
       173: aload         6
       175: aload         5
       177: aload         4
       179: invokevirtual #772                // Method kr/moonseungjun/villageguardians/VillageRoleAbilitySystem$AreaState.center:()Lnet/minecraft/world/phys/Vec3;
       182: aload         4
       184: invokevirtual #775                // Method kr/moonseungjun/villageguardians/VillageRoleAbilitySystem$AreaState.radius:()D
       187: bipush        80
       189: invokestatic  #778                // Method targetsNear:(Lnet/minecraft/server/level/ServerLevel;Lnet/minecraft/server/level/ServerPlayer;Lnet/minecraft/world/phys/Vec3;DI)Ljava/util/List;
       192: astore        11
       194: iconst_0
       195: istore        12
       197: iload         12
       199: iconst_2
       200: if_icmpge     415
       203: aload         11
       205: invokeinterface #782,  1          // InterfaceMethod java/util/List.isEmpty:()Z
       210: ifne          309
       213: aload         5
       215: invokevirtual #452                // Method net/minecraft/server/level/ServerPlayer.getRandom:()Lnet/minecraft/util/RandomSource;
       218: invokeinterface #456,  1          // InterfaceMethod net/minecraft/util/RandomSource.nextFloat:()F
       223: ldc_w         #412                // float 0.9f
       226: fcmpg
       227: ifge          309
       230: aload         11
       232: aload         5
       234: invokevirtual #452                // Method net/minecraft/server/level/ServerPlayer.getRandom:()Lnet/minecraft/util/RandomSource;
       237: aload         11
       239: invokeinterface #785,  1          // InterfaceMethod java/util/List.size:()I
       244: invokeinterface #788,  2          // InterfaceMethod net/minecraft/util/RandomSource.nextInt:(I)I
       249: invokeinterface #792,  2          // InterfaceMethod java/util/List.get:(I)Ljava/lang/Object;
       254: checkcast     #658                // class net/minecraft/world/entity/Mob
       257: astore        14
       259: aload         14
       261: invokevirtual #666                // Method net/minecraft/world/entity/Mob.position:()Lnet/minecraft/world/phys/Vec3;
       264: aload         5
       266: invokevirtual #452                // Method net/minecraft/server/level/ServerPlayer.getRandom:()Lnet/minecraft/util/RandomSource;
       269: invokeinterface #795,  1          // InterfaceMethod net/minecraft/util/RandomSource.nextDouble:()D
       274: ldc2_w        #798                // double 0.5d
       277: dsub
       278: ldc2_w        #800                // double 1.4d
       281: dmul
       282: dconst_0
       283: aload         5
       285: invokevirtual #452                // Method net/minecraft/server/level/ServerPlayer.getRandom:()Lnet/minecraft/util/RandomSource;
       288: invokeinterface #795,  1          // InterfaceMethod net/minecraft/util/RandomSource.nextDouble:()D
       293: ldc2_w        #798                // double 0.5d
       296: dsub
       297: ldc2_w        #800                // double 1.4d
       300: dmul
       301: invokevirtual #261                // Method net/minecraft/world/phys/Vec3.add:(DDD)Lnet/minecraft/world/phys/Vec3;
       304: astore        13
       306: goto          326
       309: aload         6
       311: aload         4
       313: invokevirtual #772                // Method kr/moonseungjun/villageguardians/VillageRoleAbilitySystem$AreaState.center:()Lnet/minecraft/world/phys/Vec3;
       316: aload         4
       318: invokevirtual #775                // Method kr/moonseungjun/villageguardians/VillageRoleAbilitySystem$AreaState.radius:()D
       321: invokestatic  #802                // Method randomPointInCircle:(Lnet/minecraft/server/level/ServerLevel;Lnet/minecraft/world/phys/Vec3;D)Lnet/minecraft/world/phys/Vec3;
       324: astore        13
       326: aload         6
       328: aload         13
       330: invokestatic  #806                // Method spawnVisualLightning:(Lnet/minecraft/server/level/ServerLevel;Lnet/minecraft/world/phys/Vec3;)V
       333: aload         6
       335: aload         5
       337: aload         13
       339: dload         9
       341: bipush        28
       343: invokestatic  #778                // Method targetsNear:(Lnet/minecraft/server/level/ServerLevel;Lnet/minecraft/server/level/ServerPlayer;Lnet/minecraft/world/phys/Vec3;DI)Ljava/util/List;
       346: invokeinterface #205,  1          // InterfaceMethod java/util/List.iterator:()Ljava/util/Iterator;
       351: astore        14
       353: aload         14
       355: invokeinterface #209,  1          // InterfaceMethod java/util/Iterator.hasNext:()Z
       360: ifeq          409
       363: aload         14
       365: invokeinterface #215,  1          // InterfaceMethod java/util/Iterator.next:()Ljava/lang/Object;
       370: checkcast     #658                // class net/minecraft/world/entity/Mob
       373: astore        15
       375: aload         6
       377: aload         15
       379: fload         8
       381: invokestatic  #810                // Method hurt:(Lnet/minecraft/server/level/ServerLevel;Lnet/minecraft/world/entity/Mob;F)V
       384: aload         15
       386: new           #149                // class net/minecraft/world/effect/MobEffectInstance
       389: dup
       390: getstatic     #814                // Field net/minecraft/world/effect/MobEffects.SLOWNESS:Lnet/minecraft/core/Holder;
       393: bipush        30
       395: iconst_1
       396: iconst_0
       397: iconst_0
       398: iconst_1
       399: invokespecial #157                // Method net/minecraft/world/effect/MobEffectInstance."<init>":(Lnet/minecraft/core/Holder;IIZZZ)V
       402: invokevirtual #817                // Method net/minecraft/world/entity/Mob.addEffect:(Lnet/minecraft/world/effect/MobEffectInstance;)Z
       405: pop
       406: goto          353
       409: iinc          12, 1
       412: goto          197
       415: goto          9
       418: lload_1
       419: ldc2_w        #566                // long 5l
       422: lrem
       423: aload         4
       425: invokevirtual #760                // Method kr/moonseungjun/villageguardians/VillageRoleAbilitySystem$AreaState.phase:()I
       428: i2l
       429: ldc2_w        #566                // long 5l
       432: lrem
       433: lcmp
       434: ifeq          440
       437: goto          9
       440: aload         4
       442: invokevirtual #757                // Method kr/moonseungjun/villageguardians/VillageRoleAbilitySystem$AreaState.kind:()Lkr/moonseungjun/villageguardians/VillageRoleAbilitySystem$AreaKind;
       445: invokevirtual #818                // Method kr/moonseungjun/villageguardians/VillageRoleAbilitySystem$AreaKind.ordinal:()I
       448: tableswitch   { // 0 to 3
                       0: 480
                       1: 611
                       2: 955
                       3: 829
                 default: 955
            }
       480: aload         6
       482: aload         5
       484: aload         4
       486: invokevirtual #772                // Method kr/moonseungjun/villageguardians/VillageRoleAbilitySystem$AreaState.center:()Lnet/minecraft/world/phys/Vec3;
       489: aload         4
       491: invokevirtual #775                // Method kr/moonseungjun/villageguardians/VillageRoleAbilitySystem$AreaState.radius:()D
       494: bipush        48
       496: invokestatic  #778                // Method targetsNear:(Lnet/minecraft/server/level/ServerLevel;Lnet/minecraft/server/level/ServerPlayer;Lnet/minecraft/world/phys/Vec3;DI)Ljava/util/List;
       499: invokeinterface #205,  1          // InterfaceMethod java/util/List.iterator:()Ljava/util/Iterator;
       504: astore        7
       506: aload         7
       508: invokeinterface #209,  1          // InterfaceMethod java/util/Iterator.hasNext:()Z
       513: ifeq          579
       516: aload         7
       518: invokeinterface #215,  1          // InterfaceMethod java/util/Iterator.next:()Ljava/lang/Object;
       523: checkcast     #658                // class net/minecraft/world/entity/Mob
       526: astore        8
       528: aload         8
       530: new           #149                // class net/minecraft/world/effect/MobEffectInstance
       533: dup
       534: getstatic     #814                // Field net/minecraft/world/effect/MobEffects.SLOWNESS:Lnet/minecraft/core/Holder;
       537: bipush        35
       539: iconst_3
       540: iconst_0
       541: iconst_0
       542: iconst_1
       543: invokespecial #157                // Method net/minecraft/world/effect/MobEffectInstance."<init>":(Lnet/minecraft/core/Holder;IIZZZ)V
       546: invokevirtual #817                // Method net/minecraft/world/entity/Mob.addEffect:(Lnet/minecraft/world/effect/MobEffectInstance;)Z
       549: pop
       550: lload_1
       551: ldc2_w        #819                // long 20l
       554: lrem
       555: lconst_0
       556: lcmp
       557: ifne          576
       560: aload         6
       562: aload         8
       564: ldc_w         #821                // float 2.2f
       567: aload         4
       569: invokevirtual #770                // Method kr/moonseungjun/villageguardians/VillageRoleAbilitySystem$AreaState.power:()F
       572: fmul
       573: invokestatic  #810                // Method hurt:(Lnet/minecraft/server/level/ServerLevel;Lnet/minecraft/world/entity/Mob;F)V
       576: goto          506
       579: lload_1
       580: ldc2_w        #819                // long 20l
       583: lrem
       584: lconst_0
       585: lcmp
       586: ifne          955
       589: aload         6
       591: aload         4
       593: invokevirtual #772                // Method kr/moonseungjun/villageguardians/VillageRoleAbilitySystem$AreaState.center:()Lnet/minecraft/world/phys/Vec3;
       596: getstatic     #822                // Field net/minecraft/sounds/SoundEvents.GLASS_HIT:Lnet/minecraft/sounds/SoundEvent;
       599: ldc_w         #439                // float 0.55f
       602: ldc_w         #313                // float 0.62f
       605: invokestatic  #176                // Method play:(Lnet/minecraft/server/level/ServerLevel;Lnet/minecraft/world/phys/Vec3;Lnet/minecraft/sounds/SoundEvent;FF)V
       608: goto          955
       611: aload         4
       613: invokevirtual #772                // Method kr/moonseungjun/villageguardians/VillageRoleAbilitySystem$AreaState.center:()Lnet/minecraft/world/phys/Vec3;
       616: aload         5
       618: invokestatic  #104                // Method horizontalLook:(Lnet/minecraft/server/level/ServerPlayer;)Lnet/minecraft/world/phys/Vec3;
       621: ldc2_w        #825                // double 0.24d
       624: invokevirtual #253                // Method net/minecraft/world/phys/Vec3.scale:(D)Lnet/minecraft/world/phys/Vec3;
       627: invokevirtual #553                // Method net/minecraft/world/phys/Vec3.add:(Lnet/minecraft/world/phys/Vec3;)Lnet/minecraft/world/phys/Vec3;
       630: astore        7
       632: aload         4
       634: aload         7
       636: invokevirtual #827                // Method kr/moonseungjun/villageguardians/VillageRoleAbilitySystem$AreaState.moveTo:(Lnet/minecraft/world/phys/Vec3;)V
       639: aload         6
       641: aload         5
       643: aload         7
       645: aload         4
       647: invokevirtual #775                // Method kr/moonseungjun/villageguardians/VillageRoleAbilitySystem$AreaState.radius:()D
       650: bipush        48
       652: invokestatic  #778                // Method targetsNear:(Lnet/minecraft/server/level/ServerLevel;Lnet/minecraft/server/level/ServerPlayer;Lnet/minecraft/world/phys/Vec3;DI)Ljava/util/List;
       655: invokeinterface #205,  1          // InterfaceMethod java/util/List.iterator:()Ljava/util/Iterator;
       660: astore        8
       662: aload         8
       664: invokeinterface #209,  1          // InterfaceMethod java/util/Iterator.hasNext:()Z
       669: ifeq          794
       672: aload         8
       674: invokeinterface #215,  1          // InterfaceMethod java/util/Iterator.next:()Ljava/lang/Object;
       679: checkcast     #658                // class net/minecraft/world/entity/Mob
       682: astore        9
       684: aload         7
       686: aload         9
       688: invokevirtual #666                // Method net/minecraft/world/entity/Mob.position:()Lnet/minecraft/world/phys/Vec3;
       691: invokevirtual #673                // Method net/minecraft/world/phys/Vec3.subtract:(Lnet/minecraft/world/phys/Vec3;)Lnet/minecraft/world/phys/Vec3;
       694: astore        10
       696: new           #254                // class net/minecraft/world/phys/Vec3
       699: dup
       700: aload         10
       702: getfield      #830                // Field net/minecraft/world/phys/Vec3.x:D
       705: dconst_0
       706: aload         10
       708: getfield      #834                // Field net/minecraft/world/phys/Vec3.z:D
       711: invokespecial #837                // Method net/minecraft/world/phys/Vec3."<init>":(DDD)V
       714: astore        11
       716: aload         11
       718: invokevirtual #676                // Method net/minecraft/world/phys/Vec3.lengthSqr:()D
       721: ldc2_w        #840                // double 0.01d
       724: dcmpl
       725: ifle          741
       728: aload         11
       730: invokevirtual #706                // Method net/minecraft/world/phys/Vec3.normalize:()Lnet/minecraft/world/phys/Vec3;
       733: ldc2_w        #825                // double 0.24d
       736: invokevirtual #253                // Method net/minecraft/world/phys/Vec3.scale:(D)Lnet/minecraft/world/phys/Vec3;
       739: astore        11
       741: aload         9
       743: aload         11
       745: getfield      #830                // Field net/minecraft/world/phys/Vec3.x:D
       748: ldc2_w        #842                // double 0.2d
       751: aload         11
       753: getfield      #834                // Field net/minecraft/world/phys/Vec3.z:D
       756: invokevirtual #844                // Method net/minecraft/world/entity/Mob.push:(DDD)V
       759: aload         9
       761: iconst_1
       762: putfield      #847                // Field net/minecraft/world/entity/Mob.hurtMarked:Z
       765: lload_1
       766: ldc2_w        #848                // long 15l
       769: lrem
       770: lconst_0
       771: lcmp
       772: ifne          791
       775: aload         6
       777: aload         9
       779: ldc_w         #850                // float 1.8f
       782: aload         4
       784: invokevirtual #770                // Method kr/moonseungjun/villageguardians/VillageRoleAbilitySystem$AreaState.power:()F
       787: fmul
       788: invokestatic  #810                // Method hurt:(Lnet/minecraft/server/level/ServerLevel;Lnet/minecraft/world/entity/Mob;F)V
       791: goto          662
       794: lload_1
       795: ldc2_w        #848                // long 15l
       798: lrem
       799: lconst_0
       800: lcmp
       801: ifne          826
       804: aload         6
       806: aload         7
       808: getstatic     #369                // Field net/minecraft/sounds/SoundEvents.BREEZE_WIND_CHARGE_BURST:Lnet/minecraft/core/Holder$Reference;
       811: invokevirtual #373                // Method net/minecraft/core/Holder$Reference.value:()Ljava/lang/Object;
       814: checkcast     #295                // class net/minecraft/sounds/SoundEvent
       817: ldc_w         #274                // float 0.8f
       820: ldc_w         #851                // float 0.78f
       823: invokestatic  #176                // Method play:(Lnet/minecraft/server/level/ServerLevel;Lnet/minecraft/world/phys/Vec3;Lnet/minecraft/sounds/SoundEvent;FF)V
       826: goto          955
       829: lload_1
       830: ldc2_w        #819                // long 20l
       833: lrem
       834: lconst_0
       835: lcmp
       836: ifne          955
       839: aload         5
       841: aload         4
       843: invokevirtual #772                // Method kr/moonseungjun/villageguardians/VillageRoleAbilitySystem$AreaState.center:()Lnet/minecraft/world/phys/Vec3;
       846: aload         4
       848: invokevirtual #775                // Method kr/moonseungjun/villageguardians/VillageRoleAbilitySystem$AreaState.radius:()D
       851: invokestatic  #852                // Method alliesAt:(Lnet/minecraft/server/level/ServerPlayer;Lnet/minecraft/world/phys/Vec3;D)Ljava/util/List;
       854: invokeinterface #205,  1          // InterfaceMethod java/util/List.iterator:()Ljava/util/Iterator;
       859: astore        7
       861: aload         7
       863: invokeinterface #209,  1          // InterfaceMethod java/util/Iterator.hasNext:()Z
       868: ifeq          933
       871: aload         7
       873: invokeinterface #215,  1          // InterfaceMethod java/util/Iterator.next:()Ljava/lang/Object;
       878: checkcast     #83                 // class net/minecraft/server/level/ServerPlayer
       881: astore        8
       883: aload         8
       885: ldc_w         #856                // float 2.6f
       888: aload         4
       890: invokevirtual #771                // Method kr/moonseungjun/villageguardians/VillageRoleAbilitySystem$AreaState.specialRank:()I
       893: i2f
       894: ldc_w         #857                // float 0.35f
       897: fmul
       898: fadd
       899: aload         4
       901: invokevirtual #770                // Method kr/moonseungjun/villageguardians/VillageRoleAbilitySystem$AreaState.power:()F
       904: fmul
       905: invokestatic  #858                // Method healScaled:(Lnet/minecraft/server/level/ServerPlayer;F)V
       908: aload         8
       910: new           #149                // class net/minecraft/world/effect/MobEffectInstance
       913: dup
       914: getstatic     #862                // Field net/minecraft/world/effect/MobEffects.REGENERATION:Lnet/minecraft/core/Holder;
       917: bipush        35
       919: iconst_0
       920: iconst_0
       921: iconst_0
       922: iconst_1
       923: invokespecial #157                // Method net/minecraft/world/effect/MobEffectInstance."<init>":(Lnet/minecraft/core/Holder;IIZZZ)V
       926: invokevirtual #160                // Method net/minecraft/server/level/ServerPlayer.addEffect:(Lnet/minecraft/world/effect/MobEffectInstance;)Z
       929: pop
       930: goto          861
       933: aload         6
       935: aload         4
       937: invokevirtual #772                // Method kr/moonseungjun/villageguardians/VillageRoleAbilitySystem$AreaState.center:()Lnet/minecraft/world/phys/Vec3;
       940: getstatic     #865                // Field net/minecraft/sounds/SoundEvents.AMETHYST_BLOCK_CHIME:Lnet/minecraft/sounds/SoundEvent;
       943: ldc_w         #439                // float 0.55f
       946: ldc_w         #389                // float 1.15f
       949: invokestatic  #176                // Method play:(Lnet/minecraft/server/level/ServerLevel;Lnet/minecraft/world/phys/Vec3;Lnet/minecraft/sounds/SoundEvent;FF)V
       952: goto          955
       955: goto          9
       958: return

  private static void tickMoving(net.minecraft.server.MinecraftServer, long);
    Code:
         0: getstatic     #61                 // Field MOVING:Ljava/util/Map;
         3: invokeinterface #627,  1          // InterfaceMethod java/util/Map.entrySet:()Ljava/util/Set;
         8: invokeinterface #631,  1          // InterfaceMethod java/util/Set.iterator:()Ljava/util/Iterator;
        13: astore_3
        14: aload_3
        15: invokeinterface #209,  1          // InterfaceMethod java/util/Iterator.hasNext:()Z
        20: ifeq          698
        23: aload_3
        24: invokeinterface #215,  1          // InterfaceMethod java/util/Iterator.next:()Ljava/lang/Object;
        29: checkcast     #634                // class java/util/Map$Entry
        32: astore        4
        34: aload         4
        36: invokeinterface #636,  1          // InterfaceMethod java/util/Map$Entry.getValue:()Ljava/lang/Object;
        41: checkcast     #868                // class kr/moonseungjun/villageguardians/VillageRoleAbilitySystem$MovingSkill
        44: astore        5
        46: aload_0
        47: invokevirtual #498                // Method net/minecraft/server/MinecraftServer.getPlayerList:()Lnet/minecraft/server/players/PlayerList;
        50: aload         5
        52: invokevirtual #870                // Method kr/moonseungjun/villageguardians/VillageRoleAbilitySystem$MovingSkill.owner:()Ljava/util/UUID;
        55: invokevirtual #717                // Method net/minecraft/server/players/PlayerList.getPlayer:(Ljava/util/UUID;)Lnet/minecraft/server/level/ServerPlayer;
        58: astore        6
        60: aload         6
        62: ifnull        87
        65: aload         6
        67: invokevirtual #508                // Method net/minecraft/server/level/ServerPlayer.level:()Lnet/minecraft/server/level/ServerLevel;
        70: astore        8
        72: aload         8
        74: instanceof    #77                 // class net/minecraft/server/level/ServerLevel
        77: ifeq          87
        80: aload         8
        82: astore        7
        84: goto          96
        87: aload_3
        88: invokeinterface #664,  1          // InterfaceMethod java/util/Iterator.remove:()V
        93: goto          14
        96: aload         7
        98: aload         4
       100: invokeinterface #641,  1          // InterfaceMethod java/util/Map$Entry.getKey:()Ljava/lang/Object;
       105: checkcast     #644                // class java/util/UUID
       108: invokevirtual #646                // Method net/minecraft/server/level/ServerLevel.getEntity:(Ljava/util/UUID;)Lnet/minecraft/world/entity/Entity;
       111: astore        8
       113: aload         5
       115: invokevirtual #871                // Method kr/moonseungjun/villageguardians/VillageRoleAbilitySystem$MovingSkill.lastPosition:()Lnet/minecraft/world/phys/Vec3;
       118: astore        9
       120: aload         8
       122: ifnonnull     130
       125: aload         9
       127: goto          135
       130: aload         8
       132: invokevirtual #874                // Method net/minecraft/world/entity/Entity.position:()Lnet/minecraft/world/phys/Vec3;
       135: astore        10
       137: iconst_0
       138: istore        11
       140: aload         8
       142: ifnull        206
       145: aload         9
       147: aload         10
       149: invokevirtual #877                // Method net/minecraft/world/phys/Vec3.distanceToSqr:(Lnet/minecraft/world/phys/Vec3;)D
       152: ldc2_w        #881                // double 1.0E-6d
       155: dcmpl
       156: ifle          206
       159: aload         7
       161: new           #883                // class net/minecraft/world/level/ClipContext
       164: dup
       165: aload         9
       167: aload         10
       169: getstatic     #885                // Field net/minecraft/world/level/ClipContext$Block.COLLIDER:Lnet/minecraft/world/level/ClipContext$Block;
       172: getstatic     #891                // Field net/minecraft/world/level/ClipContext$Fluid.NONE:Lnet/minecraft/world/level/ClipContext$Fluid;
       175: aload         6
       177: invokespecial #897                // Method net/minecraft/world/level/ClipContext."<init>":(Lnet/minecraft/world/phys/Vec3;Lnet/minecraft/world/phys/Vec3;Lnet/minecraft/world/level/ClipContext$Block;Lnet/minecraft/world/level/ClipContext$Fluid;Lnet/minecraft/world/entity/Entity;)V
       180: invokevirtual #900                // Method net/minecraft/server/level/ServerLevel.clip:(Lnet/minecraft/world/level/ClipContext;)Lnet/minecraft/world/phys/BlockHitResult;
       183: astore        12
       185: aload         12
       187: invokevirtual #904                // Method net/minecraft/world/phys/BlockHitResult.getType:()Lnet/minecraft/world/phys/HitResult$Type;
       190: getstatic     #910                // Field net/minecraft/world/phys/HitResult$Type.BLOCK:Lnet/minecraft/world/phys/HitResult$Type;
       193: if_acmpne     206
       196: iconst_1
       197: istore        11
       199: aload         12
       201: invokevirtual #916                // Method net/minecraft/world/phys/BlockHitResult.getLocation:()Lnet/minecraft/world/phys/Vec3;
       204: astore        10
       206: aload         5
       208: aload         10
       210: invokevirtual #919                // Method kr/moonseungjun/villageguardians/VillageRoleAbilitySystem$MovingSkill.lastPosition:(Lnet/minecraft/world/phys/Vec3;)V
       213: aload         5
       215: aload         5
       217: invokevirtual #921                // Method kr/moonseungjun/villageguardians/VillageRoleAbilitySystem$MovingSkill.age:()I
       220: iconst_1
       221: iadd
       222: invokevirtual #924                // Method kr/moonseungjun/villageguardians/VillageRoleAbilitySystem$MovingSkill.age:(I)V
       225: aload         7
       227: aload         6
       229: aload         10
       231: aload         5
       233: invokevirtual #927                // Method kr/moonseungjun/villageguardians/VillageRoleAbilitySystem$MovingSkill.radius:()D
       236: bipush        40
       238: invokestatic  #778                // Method targetsNear:(Lnet/minecraft/server/level/ServerLevel;Lnet/minecraft/server/level/ServerPlayer;Lnet/minecraft/world/phys/Vec3;DI)Ljava/util/List;
       241: astore        12
       243: aload         8
       245: ifnull        274
       248: aload         8
       250: invokevirtual #928                // Method net/minecraft/world/entity/Entity.isAlive:()Z
       253: ifeq          274
       256: iload         11
       258: ifne          274
       261: aload         5
       263: invokevirtual #921                // Method kr/moonseungjun/villageguardians/VillageRoleAbilitySystem$MovingSkill.age:()I
       266: aload         5
       268: invokevirtual #929                // Method kr/moonseungjun/villageguardians/VillageRoleAbilitySystem$MovingSkill.maxAge:()I
       271: if_icmplt     278
       274: iconst_1
       275: goto          279
       278: iconst_0
       279: istore        13
       281: aload         5
       283: invokevirtual #932                // Method kr/moonseungjun/villageguardians/VillageRoleAbilitySystem$MovingSkill.kind:()Lkr/moonseungjun/villageguardians/VillageRoleAbilitySystem$MovingKind;
       286: invokevirtual #935                // Method kr/moonseungjun/villageguardians/VillageRoleAbilitySystem$MovingKind.ordinal:()I
       289: tableswitch   { // 0 to 2
                       0: 316
                       1: 457
                       2: 542
                 default: 649
            }
       316: aload         12
       318: invokeinterface #782,  1          // InterfaceMethod java/util/List.isEmpty:()Z
       323: ifeq          334
       326: iload         13
       328: ifne          334
       331: goto          14
       334: aload         7
       336: aload         6
       338: aload         10
       340: aload         5
       342: invokevirtual #927                // Method kr/moonseungjun/villageguardians/VillageRoleAbilitySystem$MovingSkill.radius:()D
       345: bipush        40
       347: invokestatic  #778                // Method targetsNear:(Lnet/minecraft/server/level/ServerLevel;Lnet/minecraft/server/level/ServerPlayer;Lnet/minecraft/world/phys/Vec3;DI)Ljava/util/List;
       350: invokeinterface #205,  1          // InterfaceMethod java/util/List.iterator:()Ljava/util/Iterator;
       355: astore        14
       357: aload         14
       359: invokeinterface #209,  1          // InterfaceMethod java/util/Iterator.hasNext:()Z
       364: ifeq          418
       367: aload         14
       369: invokeinterface #215,  1          // InterfaceMethod java/util/Iterator.next:()Ljava/lang/Object;
       374: checkcast     #658                // class net/minecraft/world/entity/Mob
       377: astore        15
       379: aload         7
       381: aload         15
       383: aload         5
       385: invokevirtual #938                // Method kr/moonseungjun/villageguardians/VillageRoleAbilitySystem$MovingSkill.damage:()F
       388: invokestatic  #810                // Method hurt:(Lnet/minecraft/server/level/ServerLevel;Lnet/minecraft/world/entity/Mob;F)V
       391: aload         15
       393: aload         15
       395: invokevirtual #941                // Method net/minecraft/world/entity/Mob.getRemainingFireTicks:()I
       398: bipush        120
       400: aload         5
       402: invokevirtual #944                // Method kr/moonseungjun/villageguardians/VillageRoleAbilitySystem$MovingSkill.specialRank:()I
       405: bipush        35
       407: imul
       408: iadd
       409: invokestatic  #100                // Method java/lang/Math.max:(II)I
       412: invokevirtual #945                // Method net/minecraft/world/entity/Mob.setRemainingFireTicks:(I)V
       415: goto          357
       418: aload         7
       420: aload         6
       422: aload         10
       424: aload         5
       426: invokevirtual #927                // Method kr/moonseungjun/villageguardians/VillageRoleAbilitySystem$MovingSkill.radius:()D
       429: invokestatic  #948                // Method kr/moonseungjun/villageguardians/VillageSkillEffectSystem.fireImpact:(Lnet/minecraft/server/level/ServerLevel;Lnet/minecraft/server/level/ServerPlayer;Lnet/minecraft/world/phys/Vec3;D)V
       432: aload         7
       434: aload         10
       436: getstatic     #952                // Field net/minecraft/sounds/SoundEvents.GENERIC_EXPLODE:Lnet/minecraft/core/Holder$Reference;
       439: invokevirtual #373                // Method net/minecraft/core/Holder$Reference.value:()Ljava/lang/Object;
       442: checkcast     #295                // class net/minecraft/sounds/SoundEvent
       445: ldc_w         #955                // float 1.05f
       448: ldc_w         #956                // float 1.08f
       451: invokestatic  #176                // Method play:(Lnet/minecraft/server/level/ServerLevel;Lnet/minecraft/world/phys/Vec3;Lnet/minecraft/sounds/SoundEvent;FF)V
       454: goto          649
       457: aload         12
       459: invokeinterface #205,  1          // InterfaceMethod java/util/List.iterator:()Ljava/util/Iterator;
       464: astore        14
       466: aload         14
       468: invokeinterface #209,  1          // InterfaceMethod java/util/Iterator.hasNext:()Z
       473: ifeq          534
       476: aload         14
       478: invokeinterface #215,  1          // InterfaceMethod java/util/Iterator.next:()Ljava/lang/Object;
       483: checkcast     #658                // class net/minecraft/world/entity/Mob
       486: astore        15
       488: aload         5
       490: invokevirtual #957                // Method kr/moonseungjun/villageguardians/VillageRoleAbilitySystem$MovingSkill.hit:()Ljava/util/Set;
       493: aload         15
       495: invokevirtual #960                // Method net/minecraft/world/entity/Mob.getUUID:()Ljava/util/UUID;
       498: invokeinterface #961,  2          // InterfaceMethod java/util/Set.add:(Ljava/lang/Object;)Z
       503: ifeq          531
       506: aload         7
       508: aload         15
       510: aload         5
       512: invokevirtual #938                // Method kr/moonseungjun/villageguardians/VillageRoleAbilitySystem$MovingSkill.damage:()F
       515: invokestatic  #810                // Method hurt:(Lnet/minecraft/server/level/ServerLevel;Lnet/minecraft/world/entity/Mob;F)V
       518: aload         10
       520: aload         15
       522: ldc2_w        #798                // double 0.5d
       525: ldc2_w        #541                // double 0.05d
       528: invokestatic  #962                // Method knockFrom:(Lnet/minecraft/world/phys/Vec3;Lnet/minecraft/world/entity/Mob;DD)V
       531: goto          466
       534: iload         13
       536: ifne          649
       539: goto          14
       542: aload         12
       544: invokeinterface #205,  1          // InterfaceMethod java/util/List.iterator:()Ljava/util/Iterator;
       549: astore        14
       551: aload         14
       553: invokeinterface #209,  1          // InterfaceMethod java/util/Iterator.hasNext:()Z
       558: ifeq          619
       561: aload         14
       563: invokeinterface #215,  1          // InterfaceMethod java/util/Iterator.next:()Ljava/lang/Object;
       568: checkcast     #658                // class net/minecraft/world/entity/Mob
       571: astore        15
       573: aload         5
       575: invokevirtual #957                // Method kr/moonseungjun/villageguardians/VillageRoleAbilitySystem$MovingSkill.hit:()Ljava/util/Set;
       578: aload         15
       580: invokevirtual #960                // Method net/minecraft/world/entity/Mob.getUUID:()Ljava/util/UUID;
       583: invokeinterface #961,  2          // InterfaceMethod java/util/Set.add:(Ljava/lang/Object;)Z
       588: ifeq          616
       591: aload         7
       593: aload         15
       595: aload         5
       597: invokevirtual #938                // Method kr/moonseungjun/villageguardians/VillageRoleAbilitySystem$MovingSkill.damage:()F
       600: invokestatic  #810                // Method hurt:(Lnet/minecraft/server/level/ServerLevel;Lnet/minecraft/world/entity/Mob;F)V
       603: aload         10
       605: aload         15
       607: ldc2_w        #314                // double 1.35d
       610: ldc2_w        #966                // double 0.18d
       613: invokestatic  #962                // Method knockFrom:(Lnet/minecraft/world/phys/Vec3;Lnet/minecraft/world/entity/Mob;DD)V
       616: goto          551
       619: iload         13
       621: ifne          627
       624: goto          14
       627: aload         7
       629: aload         10
       631: getstatic     #952                // Field net/minecraft/sounds/SoundEvents.GENERIC_EXPLODE:Lnet/minecraft/core/Holder$Reference;
       634: invokevirtual #373                // Method net/minecraft/core/Holder$Reference.value:()Ljava/lang/Object;
       637: checkcast     #295                // class net/minecraft/sounds/SoundEvent
       640: ldc_w         #968                // float 1.3f
       643: ldc_w         #313                // float 0.62f
       646: invokestatic  #176                // Method play:(Lnet/minecraft/server/level/ServerLevel;Lnet/minecraft/world/phys/Vec3;Lnet/minecraft/sounds/SoundEvent;FF)V
       649: aload         8
       651: ifnull        659
       654: aload         8
       656: invokevirtual #969                // Method net/minecraft/world/entity/Entity.discard:()V
       659: aload         5
       661: invokevirtual #972                // Method kr/moonseungjun/villageguardians/VillageRoleAbilitySystem$MovingSkill.effectId:()Ljava/util/UUID;
       664: ifnull        689
       667: aload         7
       669: aload         5
       671: invokevirtual #972                // Method kr/moonseungjun/villageguardians/VillageRoleAbilitySystem$MovingSkill.effectId:()Ljava/util/UUID;
       674: invokevirtual #646                // Method net/minecraft/server/level/ServerLevel.getEntity:(Ljava/util/UUID;)Lnet/minecraft/world/entity/Entity;
       677: astore        14
       679: aload         14
       681: ifnull        689
       684: aload         14
       686: invokevirtual #969                // Method net/minecraft/world/entity/Entity.discard:()V
       689: aload_3
       690: invokeinterface #664,  1          // InterfaceMethod java/util/Iterator.remove:()V
       695: goto          14
       698: return

  private static void cleanupExpired(net.minecraft.server.MinecraftServer, long);
    Code:
         0: getstatic     #7                  // Field SPIN_UNTIL:Ljava/util/Map;
         3: invokeinterface #627,  1          // InterfaceMethod java/util/Map.entrySet:()Ljava/util/Set;
         8: lload_1
         9: invokedynamic #975,  0            // InvokeDynamic #0:test:(J)Ljava/util/function/Predicate;
        14: invokeinterface #979,  2          // InterfaceMethod java/util/Set.removeIf:(Ljava/util/function/Predicate;)Z
        19: pop
        20: getstatic     #18                 // Field RAPID_UNTIL:Ljava/util/Map;
        23: invokeinterface #627,  1          // InterfaceMethod java/util/Map.entrySet:()Ljava/util/Set;
        28: lload_1
        29: invokedynamic #983,  0            // InvokeDynamic #1:test:(J)Ljava/util/function/Predicate;
        34: invokeinterface #979,  2          // InterfaceMethod java/util/Set.removeIf:(Ljava/util/function/Predicate;)Z
        39: pop
        40: getstatic     #21                 // Field RICOCHET_UNTIL:Ljava/util/Map;
        43: invokeinterface #627,  1          // InterfaceMethod java/util/Map.entrySet:()Ljava/util/Set;
        48: lload_1
        49: invokedynamic #984,  0            // InvokeDynamic #2:test:(J)Ljava/util/function/Predicate;
        54: invokeinterface #979,  2          // InterfaceMethod java/util/Set.removeIf:(Ljava/util/function/Predicate;)Z
        59: pop
        60: getstatic     #24                 // Field RICOCHET_ARROWS:Ljava/util/Map;
        63: invokeinterface #627,  1          // InterfaceMethod java/util/Map.entrySet:()Ljava/util/Set;
        68: lload_1
        69: invokedynamic #985,  0            // InvokeDynamic #3:test:(J)Ljava/util/function/Predicate;
        74: invokeinterface #979,  2          // InterfaceMethod java/util/Set.removeIf:(Ljava/util/function/Predicate;)Z
        79: pop
        80: getstatic     #27                 // Field TRACKING_ARROWS:Ljava/util/Map;
        83: invokeinterface #627,  1          // InterfaceMethod java/util/Map.entrySet:()Ljava/util/Set;
        88: lload_1
        89: invokedynamic #986,  0            // InvokeDynamic #4:test:(J)Ljava/util/function/Predicate;
        94: invokeinterface #979,  2          // InterfaceMethod java/util/Set.removeIf:(Ljava/util/function/Predicate;)Z
        99: pop
       100: getstatic     #30                 // Field ARROW_RAIN_READY:Ljava/util/Map;
       103: invokeinterface #627,  1          // InterfaceMethod java/util/Map.entrySet:()Ljava/util/Set;
       108: lload_1
       109: invokedynamic #987,  0            // InvokeDynamic #5:test:(J)Ljava/util/function/Predicate;
       114: invokeinterface #979,  2          // InterfaceMethod java/util/Set.removeIf:(Ljava/util/function/Predicate;)Z
       119: pop
       120: getstatic     #33                 // Field MEGA_ARROW_READY:Ljava/util/Map;
       123: invokeinterface #627,  1          // InterfaceMethod java/util/Map.entrySet:()Ljava/util/Set;
       128: lload_1
       129: invokedynamic #988,  0            // InvokeDynamic #6:test:(J)Ljava/util/function/Predicate;
       134: invokeinterface #979,  2          // InterfaceMethod java/util/Set.removeIf:(Ljava/util/function/Predicate;)Z
       139: pop
       140: getstatic     #36                 // Field FORTRESS_UNTIL:Ljava/util/Map;
       143: invokeinterface #627,  1          // InterfaceMethod java/util/Map.entrySet:()Ljava/util/Set;
       148: lload_1
       149: invokedynamic #989,  0            // InvokeDynamic #7:test:(J)Ljava/util/function/Predicate;
       154: invokeinterface #979,  2          // InterfaceMethod java/util/Set.removeIf:(Ljava/util/function/Predicate;)Z
       159: pop
       160: getstatic     #39                 // Field AEGIS_UNTIL:Ljava/util/Map;
       163: invokeinterface #627,  1          // InterfaceMethod java/util/Map.entrySet:()Ljava/util/Set;
       168: lload_1
       169: invokedynamic #990,  0            // InvokeDynamic #8:test:(J)Ljava/util/function/Predicate;
       174: invokeinterface #979,  2          // InterfaceMethod java/util/Set.removeIf:(Ljava/util/function/Predicate;)Z
       179: pop
       180: getstatic     #42                 // Field CHARGE_UNTIL:Ljava/util/Map;
       183: invokeinterface #627,  1          // InterfaceMethod java/util/Map.entrySet:()Ljava/util/Set;
       188: lload_1
       189: invokedynamic #991,  0            // InvokeDynamic #9:test:(J)Ljava/util/function/Predicate;
       194: invokeinterface #979,  2          // InterfaceMethod java/util/Set.removeIf:(Ljava/util/function/Predicate;)Z
       199: pop
       200: return

  public static void handleUseItemTick(net.neoforged.neoforge.event.entity.living.LivingEntityUseItemEvent$Tick);
    Code:
         0: aload_0
         1: invokevirtual #992                // Method net/neoforged/neoforge/event/entity/living/LivingEntityUseItemEvent$Tick.getEntity:()Lnet/minecraft/world/entity/LivingEntity;
         4: astore_2
         5: aload_2
         6: instanceof    #83                 // class net/minecraft/server/level/ServerPlayer
         9: ifeq          24
        12: aload_2
        13: checkcast     #83                 // class net/minecraft/server/level/ServerPlayer
        16: astore_1
        17: aload_1
        18: invokestatic  #997                // Method isRangerContext:(Lnet/minecraft/server/level/ServerPlayer;)Z
        21: ifne          25
        24: return
        25: aload_1
        26: invokevirtual #508                // Method net/minecraft/server/level/ServerPlayer.level:()Lnet/minecraft/server/level/ServerLevel;
        29: invokevirtual #76                 // Method net/minecraft/server/level/ServerLevel.getGameTime:()J
        32: lstore_2
        33: getstatic     #18                 // Field RAPID_UNTIL:Ljava/util/Map;
        36: aload_1
        37: invokevirtual #82                 // Method net/minecraft/server/level/ServerPlayer.getUUID:()Ljava/util/UUID;
        40: lconst_0
        41: invokestatic  #131                // Method java/lang/Long.valueOf:(J)Ljava/lang/Long;
        44: invokeinterface #517,  3          // InterfaceMethod java/util/Map.getOrDefault:(Ljava/lang/Object;Ljava/lang/Object;)Ljava/lang/Object;
        49: checkcast     #132                // class java/lang/Long
        52: invokevirtual #520                // Method java/lang/Long.longValue:()J
        55: lload_2
        56: lcmp
        57: ifge          61
        60: return
        61: aload_0
        62: invokevirtual #1000               // Method net/neoforged/neoforge/event/entity/living/LivingEntityUseItemEvent$Tick.getItem:()Lnet/minecraft/world/item/ItemStack;
        65: astore        4
        67: aload         4
        69: invokevirtual #1004               // Method net/minecraft/world/item/ItemStack.getItem:()Lnet/minecraft/world/item/Item;
        72: instanceof    #1009               // class net/minecraft/world/item/BowItem
        75: ifne          90
        78: aload         4
        80: invokevirtual #1004               // Method net/minecraft/world/item/ItemStack.getItem:()Lnet/minecraft/world/item/Item;
        83: instanceof    #1011               // class net/minecraft/world/item/CrossbowItem
        86: ifne          90
        89: return
        90: aload_1
        91: getstatic     #1013               // Field kr/moonseungjun/villageguardians/VillageRole.RANGER:Lkr/moonseungjun/villageguardians/VillageRole;
        94: invokestatic  #1016               // Method kr/moonseungjun/villageguardians/VillageRoleSkillSystem.specialRank:(Lnet/minecraft/server/level/ServerPlayer;Lkr/moonseungjun/villageguardians/VillageRole;)I
        97: istore        5
        99: iconst_3
       100: iconst_2
       101: iload         5
       103: iconst_2
       104: idiv
       105: invokestatic  #193                // Method java/lang/Math.min:(II)I
       108: iadd
       109: istore        6
       111: aload_0
       112: iconst_1
       113: aload_0
       114: invokevirtual #1021               // Method net/neoforged/neoforge/event/entity/living/LivingEntityUseItemEvent$Tick.getDuration:()I
       117: iload         6
       119: isub
       120: invokestatic  #100                // Method java/lang/Math.max:(II)I
       123: invokevirtual #1024               // Method net/neoforged/neoforge/event/entity/living/LivingEntityUseItemEvent$Tick.setDuration:(I)V
       126: return

  public static void handleArrowLoose(net.neoforged.neoforge.event.entity.player.ArrowLooseEvent);
    Code:
         0: aload_0
         1: invokevirtual #1027               // Method net/neoforged/neoforge/event/entity/player/ArrowLooseEvent.getEntity:()Lnet/minecraft/world/entity/player/Player;
         4: astore_2
         5: aload_2
         6: instanceof    #83                 // class net/minecraft/server/level/ServerPlayer
         9: ifeq          24
        12: aload_2
        13: checkcast     #83                 // class net/minecraft/server/level/ServerPlayer
        16: astore_1
        17: aload_1
        18: invokestatic  #997                // Method isRangerContext:(Lnet/minecraft/server/level/ServerPlayer;)Z
        21: ifne          25
        24: return
        25: aload_1
        26: invokevirtual #508                // Method net/minecraft/server/level/ServerPlayer.level:()Lnet/minecraft/server/level/ServerLevel;
        29: invokevirtual #76                 // Method net/minecraft/server/level/ServerLevel.getGameTime:()J
        32: lstore_2
        33: getstatic     #18                 // Field RAPID_UNTIL:Ljava/util/Map;
        36: aload_1
        37: invokevirtual #82                 // Method net/minecraft/server/level/ServerPlayer.getUUID:()Ljava/util/UUID;
        40: lconst_0
        41: invokestatic  #131                // Method java/lang/Long.valueOf:(J)Ljava/lang/Long;
        44: invokeinterface #517,  3          // InterfaceMethod java/util/Map.getOrDefault:(Ljava/lang/Object;Ljava/lang/Object;)Ljava/lang/Object;
        49: checkcast     #132                // class java/lang/Long
        52: invokevirtual #520                // Method java/lang/Long.longValue:()J
        55: lload_2
        56: lcmp
        57: iflt          67
        60: aload_0
        61: bipush        20
        63: invokevirtual #1032               // Method net/neoforged/neoforge/event/entity/player/ArrowLooseEvent.setCharge:(I)V
        66: return
        67: aload_0
        68: bipush        20
        70: aload_0
        71: invokevirtual #1035               // Method net/neoforged/neoforge/event/entity/player/ArrowLooseEvent.getCharge:()I
        74: iconst_5
        75: iadd
        76: invokestatic  #193                // Method java/lang/Math.min:(II)I
        79: invokevirtual #1032               // Method net/neoforged/neoforge/event/entity/player/ArrowLooseEvent.setCharge:(I)V
        82: return

  public static void handleEntityJoin(net.neoforged.neoforge.event.entity.EntityJoinLevelEvent);
    Code:
         0: aload_0
         1: invokevirtual #1038               // Method net/neoforged/neoforge/event/entity/EntityJoinLevelEvent.getLevel:()Lnet/minecraft/world/level/Level;
         4: invokevirtual #1044               // Method net/minecraft/world/level/Level.isClientSide:()Z
         7: ifne          77
        10: aload_0
        11: invokevirtual #1038               // Method net/neoforged/neoforge/event/entity/EntityJoinLevelEvent.getLevel:()Lnet/minecraft/world/level/Level;
        14: astore        4
        16: aload         4
        18: instanceof    #77                 // class net/minecraft/server/level/ServerLevel
        21: ifeq          77
        24: aload         4
        26: checkcast     #77                 // class net/minecraft/server/level/ServerLevel
        29: astore_1
        30: aload_0
        31: invokevirtual #1049               // Method net/neoforged/neoforge/event/entity/EntityJoinLevelEvent.getEntity:()Lnet/minecraft/world/entity/Entity;
        34: astore        4
        36: aload         4
        38: instanceof    #656                // class net/minecraft/world/entity/projectile/arrow/AbstractArrow
        41: ifeq          77
        44: aload         4
        46: checkcast     #656                // class net/minecraft/world/entity/projectile/arrow/AbstractArrow
        49: astore_2
        50: aload_2
        51: invokevirtual #1052               // Method net/minecraft/world/entity/projectile/arrow/AbstractArrow.getOwner:()Lnet/minecraft/world/entity/Entity;
        54: astore        4
        56: aload         4
        58: instanceof    #83                 // class net/minecraft/server/level/ServerPlayer
        61: ifeq          77
        64: aload         4
        66: checkcast     #83                 // class net/minecraft/server/level/ServerPlayer
        69: astore_3
        70: aload_3
        71: invokestatic  #997                // Method isRangerContext:(Lnet/minecraft/server/level/ServerPlayer;)Z
        74: ifne          78
        77: return
        78: getstatic     #69                 // Field spawningGeneratedArrow:Z
        81: ifeq          85
        84: return
        85: aload_1
        86: invokevirtual #76                 // Method net/minecraft/server/level/ServerLevel.getGameTime:()J
        89: lstore        4
        91: aload_3
        92: invokevirtual #82                 // Method net/minecraft/server/level/ServerPlayer.getUUID:()Ljava/util/UUID;
        95: astore        6
        97: getstatic     #33                 // Field MEGA_ARROW_READY:Ljava/util/Map;
       100: aload         6
       102: invokeinterface #417,  2          // InterfaceMethod java/util/Map.remove:(Ljava/lang/Object;)Ljava/lang/Object;
       107: checkcast     #302                // class kr/moonseungjun/villageguardians/VillageRoleAbilitySystem$EmpoweredArrowState
       110: astore        7
       112: aload         7
       114: ifnull        149
       117: aload         7
       119: invokevirtual #1055               // Method kr/moonseungjun/villageguardians/VillageRoleAbilitySystem$EmpoweredArrowState.until:()J
       122: lload         4
       124: lcmp
       125: iflt          149
       128: aload_0
       129: iconst_1
       130: invokevirtual #1056               // Method net/neoforged/neoforge/event/entity/EntityJoinLevelEvent.setCanceled:(Z)V
       133: aload_1
       134: aload_3
       135: aload         7
       137: invokevirtual #1059               // Method kr/moonseungjun/villageguardians/VillageRoleAbilitySystem$EmpoweredArrowState.power:()F
       140: aload         7
       142: invokevirtual #1060               // Method kr/moonseungjun/villageguardians/VillageRoleAbilitySystem$EmpoweredArrowState.specialRank:()I
       145: invokestatic  #738                // Method launchEnergyArrow:(Lnet/minecraft/server/level/ServerLevel;Lnet/minecraft/server/level/ServerPlayer;FI)V
       148: return
       149: getstatic     #30                 // Field ARROW_RAIN_READY:Ljava/util/Map;
       152: aload         6
       154: invokeinterface #417,  2          // InterfaceMethod java/util/Map.remove:(Ljava/lang/Object;)Ljava/lang/Object;
       159: checkcast     #302                // class kr/moonseungjun/villageguardians/VillageRoleAbilitySystem$EmpoweredArrowState
       162: astore        8
       164: aload         8
       166: ifnull        195
       169: aload         8
       171: invokevirtual #1055               // Method kr/moonseungjun/villageguardians/VillageRoleAbilitySystem$EmpoweredArrowState.until:()J
       174: lload         4
       176: lcmp
       177: iflt          195
       180: aload_1
       181: aload_3
       182: aload         8
       184: invokevirtual #1059               // Method kr/moonseungjun/villageguardians/VillageRoleAbilitySystem$EmpoweredArrowState.power:()F
       187: aload         8
       189: invokevirtual #1060               // Method kr/moonseungjun/villageguardians/VillageRoleAbilitySystem$EmpoweredArrowState.specialRank:()I
       192: invokestatic  #1061               // Method activateArrowRain:(Lnet/minecraft/server/level/ServerLevel;Lnet/minecraft/server/level/ServerPlayer;FI)V
       195: getstatic     #21                 // Field RICOCHET_UNTIL:Ljava/util/Map;
       198: aload         6
       200: invokeinterface #417,  2          // InterfaceMethod java/util/Map.remove:(Ljava/lang/Object;)Ljava/lang/Object;
       205: checkcast     #132                // class java/lang/Long
       208: astore        9
       210: aload         9
       212: ifnull        230
       215: aload         9
       217: invokevirtual #520                // Method java/lang/Long.longValue:()J
       220: lload         4
       222: lcmp
       223: iflt          230
       226: iconst_1
       227: goto          231
       230: iconst_0
       231: istore        10
       233: iload         10
       235: ifeq          323
       238: getstatic     #24                 // Field RICOCHET_ARROWS:Ljava/util/Map;
       241: aload_2
       242: invokevirtual #1064               // Method net/minecraft/world/entity/projectile/arrow/AbstractArrow.getUUID:()Ljava/util/UUID;
       245: lload         4
       247: ldc2_w        #280                // long 240l
       250: ladd
       251: invokestatic  #131                // Method java/lang/Long.valueOf:(J)Ljava/lang/Long;
       254: invokeinterface #137,  3          // InterfaceMethod java/util/Map.put:(Ljava/lang/Object;Ljava/lang/Object;)Ljava/lang/Object;
       259: pop
       260: aload_1
       261: aload_3
       262: aload_2
       263: invokestatic  #1065               // Method lockArrowOnTarget:(Lnet/minecraft/server/level/ServerLevel;Lnet/minecraft/server/level/ServerPlayer;Lnet/minecraft/world/entity/projectile/arrow/AbstractArrow;)Lnet/minecraft/world/entity/Mob;
       266: astore        11
       268: aload         11
       270: ifnull        304
       273: getstatic     #27                 // Field TRACKING_ARROWS:Ljava/util/Map;
       276: aload_2
       277: invokevirtual #1064               // Method net/minecraft/world/entity/projectile/arrow/AbstractArrow.getUUID:()Ljava/util/UUID;
       280: new           #639                // class kr/moonseungjun/villageguardians/VillageRoleAbilitySystem$TrackingArrowState
       283: dup
       284: aload         11
       286: invokevirtual #960                // Method net/minecraft/world/entity/Mob.getUUID:()Ljava/util/UUID;
       289: lload         4
       291: ldc2_w        #280                // long 240l
       294: ladd
       295: invokespecial #1069               // Method kr/moonseungjun/villageguardians/VillageRoleAbilitySystem$TrackingArrowState."<init>":(Ljava/util/UUID;J)V
       298: invokeinterface #137,  3          // InterfaceMethod java/util/Map.put:(Ljava/lang/Object;Ljava/lang/Object;)Ljava/lang/Object;
       303: pop
       304: aload_1
       305: aload_3
       306: invokevirtual #164                // Method net/minecraft/server/level/ServerPlayer.position:()Lnet/minecraft/world/phys/Vec3;
       309: getstatic     #1072               // Field net/minecraft/sounds/SoundEvents.CROSSBOW_SHOOT:Lnet/minecraft/sounds/SoundEvent;
       312: ldc           #222                // float 0.85f
       314: ldc_w         #968                // float 1.3f
       317: invokestatic  #176                // Method play:(Lnet/minecraft/server/level/ServerLevel;Lnet/minecraft/world/phys/Vec3;Lnet/minecraft/sounds/SoundEvent;FF)V
       320: goto          332
       323: aload_1
       324: aload_3
       325: aload_2
       326: ldc2_w        #825                // double 0.24d
       329: invokestatic  #1075               // Method aimAssist:(Lnet/minecraft/server/level/ServerLevel;Lnet/minecraft/server/level/ServerPlayer;Lnet/minecraft/world/entity/projectile/arrow/AbstractArrow;D)V
       332: getstatic     #18                 // Field RAPID_UNTIL:Ljava/util/Map;
       335: aload         6
       337: invokeinterface #417,  2          // InterfaceMethod java/util/Map.remove:(Ljava/lang/Object;)Ljava/lang/Object;
       342: checkcast     #132                // class java/lang/Long
       345: astore        11
       347: aload         11
       349: ifnull        363
       352: aload         11
       354: invokevirtual #520                // Method java/lang/Long.longValue:()J
       357: lload         4
       359: lcmp
       360: ifge          364
       363: return
       364: iconst_1
       365: putstatic     #69                 // Field spawningGeneratedArrow:Z
       368: aload_1
       369: aload_3
       370: aload_2
       371: ldc2_w        #1079               // double -8.0d
       374: invokestatic  #1081               // Method spawnSideArrow:(Lnet/minecraft/server/level/ServerLevel;Lnet/minecraft/server/level/ServerPlayer;Lnet/minecraft/world/entity/projectile/arrow/AbstractArrow;D)V
       377: aload_1
       378: aload_3
       379: aload_2
       380: ldc2_w        #1084               // double 8.0d
       383: invokestatic  #1081               // Method spawnSideArrow:(Lnet/minecraft/server/level/ServerLevel;Lnet/minecraft/server/level/ServerPlayer;Lnet/minecraft/world/entity/projectile/arrow/AbstractArrow;D)V
       386: iconst_0
       387: putstatic     #69                 // Field spawningGeneratedArrow:Z
       390: goto          402
       393: astore        12
       395: iconst_0
       396: putstatic     #69                 // Field spawningGeneratedArrow:Z
       399: aload         12
       401: athrow
       402: return
      Exception table:
         from    to  target type
           368   386   393   any
           393   395   393   any

  public static void handleIncomingDamage(net.neoforged.neoforge.event.entity.living.LivingIncomingDamageEvent);
    Code:
         0: aload_0
         1: invokevirtual #1086               // Method net/neoforged/neoforge/event/entity/living/LivingIncomingDamageEvent.getSource:()Lnet/minecraft/world/damagesource/DamageSource;
         4: invokevirtual #1092               // Method net/minecraft/world/damagesource/DamageSource.getEntity:()Lnet/minecraft/world/entity/Entity;
         7: astore_2
         8: aload_2
         9: instanceof    #83                 // class net/minecraft/server/level/ServerPlayer
        12: ifeq          347
        15: aload_2
        16: checkcast     #83                 // class net/minecraft/server/level/ServerPlayer
        19: astore_1
        20: aload_1
        21: invokestatic  #1095               // Method activeRole:(Lnet/minecraft/server/level/ServerPlayer;)Lkr/moonseungjun/villageguardians/VillageRole;
        24: astore_2
        25: aload_2
        26: getstatic     #1099               // Field kr/moonseungjun/villageguardians/VillageRole.VANGUARD:Lkr/moonseungjun/villageguardians/VillageRole;
        29: if_acmpne     63
        32: aload_0
        33: invokevirtual #1086               // Method net/neoforged/neoforge/event/entity/living/LivingIncomingDamageEvent.getSource:()Lnet/minecraft/world/damagesource/DamageSource;
        36: invokevirtual #1102               // Method net/minecraft/world/damagesource/DamageSource.getDirectEntity:()Lnet/minecraft/world/entity/Entity;
        39: instanceof    #656                // class net/minecraft/world/entity/projectile/arrow/AbstractArrow
        42: ifne          63
        45: aload_1
        46: ldc_w         #1105               // float 2.5f
        49: aload_0
        50: invokevirtual #1106               // Method net/neoforged/neoforge/event/entity/living/LivingIncomingDamageEvent.getAmount:()F
        53: ldc_w         #1109               // float 0.055f
        56: fmul
        57: invokestatic  #1110               // Method java/lang/Math.min:(FF)F
        60: invokevirtual #624                // Method net/minecraft/server/level/ServerPlayer.heal:(F)V
        63: aload_2
        64: getstatic     #1013               // Field kr/moonseungjun/villageguardians/VillageRole.RANGER:Lkr/moonseungjun/villageguardians/VillageRole;
        67: if_acmpne     347
        70: aload_0
        71: invokevirtual #1086               // Method net/neoforged/neoforge/event/entity/living/LivingIncomingDamageEvent.getSource:()Lnet/minecraft/world/damagesource/DamageSource;
        74: invokevirtual #1102               // Method net/minecraft/world/damagesource/DamageSource.getDirectEntity:()Lnet/minecraft/world/entity/Entity;
        77: astore        6
        79: aload         6
        81: instanceof    #656                // class net/minecraft/world/entity/projectile/arrow/AbstractArrow
        84: ifeq          347
        87: aload         6
        89: checkcast     #656                // class net/minecraft/world/entity/projectile/arrow/AbstractArrow
        92: astore_3
        93: aload_0
        94: invokevirtual #1113               // Method net/neoforged/neoforge/event/entity/living/LivingIncomingDamageEvent.getEntity:()Lnet/minecraft/world/entity/LivingEntity;
        97: astore        6
        99: aload         6
       101: instanceof    #658                // class net/minecraft/world/entity/Mob
       104: ifeq          347
       107: aload         6
       109: checkcast     #658                // class net/minecraft/world/entity/Mob
       112: astore        4
       114: getstatic     #24                 // Field RICOCHET_ARROWS:Ljava/util/Map;
       117: aload_3
       118: invokevirtual #1064               // Method net/minecraft/world/entity/projectile/arrow/AbstractArrow.getUUID:()Ljava/util/UUID;
       121: invokeinterface #417,  2          // InterfaceMethod java/util/Map.remove:(Ljava/lang/Object;)Ljava/lang/Object;
       126: ifnull        347
       129: aload_1
       130: invokevirtual #508                // Method net/minecraft/server/level/ServerPlayer.level:()Lnet/minecraft/server/level/ServerLevel;
       133: astore        6
       135: aload         6
       137: instanceof    #77                 // class net/minecraft/server/level/ServerLevel
       140: ifeq          347
       143: aload         6
       145: astore        5
       147: getstatic     #27                 // Field TRACKING_ARROWS:Ljava/util/Map;
       150: aload_3
       151: invokevirtual #1064               // Method net/minecraft/world/entity/projectile/arrow/AbstractArrow.getUUID:()Ljava/util/UUID;
       154: invokeinterface #417,  2          // InterfaceMethod java/util/Map.remove:(Ljava/lang/Object;)Ljava/lang/Object;
       159: pop
       160: aload         5
       162: aload_1
       163: aload         4
       165: invokevirtual #666                // Method net/minecraft/world/entity/Mob.position:()Lnet/minecraft/world/phys/Vec3;
       168: ldc2_w        #1114               // double 12.0d
       171: aload_1
       172: getstatic     #1013               // Field kr/moonseungjun/villageguardians/VillageRole.RANGER:Lkr/moonseungjun/villageguardians/VillageRole;
       175: invokestatic  #1016               // Method kr/moonseungjun/villageguardians/VillageRoleSkillSystem.specialRank:(Lnet/minecraft/server/level/ServerPlayer;Lkr/moonseungjun/villageguardians/VillageRole;)I
       178: invokestatic  #320                // Method areaRadius:(DI)D
       181: bipush        12
       183: invokestatic  #778                // Method targetsNear:(Lnet/minecraft/server/level/ServerLevel;Lnet/minecraft/server/level/ServerPlayer;Lnet/minecraft/world/phys/Vec3;DI)Ljava/util/List;
       186: astore        6
       188: aload         6
       190: aload         4
       192: invokeinterface #1116,  2         // InterfaceMethod java/util/List.remove:(Ljava/lang/Object;)Z
       197: pop
       198: aload         6
       200: aload         4
       202: dup
       203: invokestatic  #1118               // Method java/util/Objects.requireNonNull:(Ljava/lang/Object;)Ljava/lang/Object;
       206: pop
       207: invokedynamic #1123,  0           // InvokeDynamic #10:applyAsDouble:(Lnet/minecraft/world/entity/Mob;)Ljava/util/function/ToDoubleFunction;
       212: invokestatic  #1127               // InterfaceMethod java/util/Comparator.comparingDouble:(Ljava/util/function/ToDoubleFunction;)Ljava/util/Comparator;
       215: invokeinterface #1133,  2         // InterfaceMethod java/util/List.sort:(Ljava/util/Comparator;)V
       220: fconst_2
       221: aload_0
       222: invokevirtual #1106               // Method net/neoforged/neoforge/event/entity/living/LivingIncomingDamageEvent.getAmount:()F
       225: ldc           #175                // float 0.72f
       227: fmul
       228: invokestatic  #1137               // Method java/lang/Math.max:(FF)F
       231: fstore        7
       233: new           #1139               // class java/util/ArrayList
       236: dup
       237: invokespecial #1141               // Method java/util/ArrayList."<init>":()V
       240: astore        8
       242: iconst_0
       243: istore        9
       245: iload         9
       247: bipush        6
       249: aload         6
       251: invokeinterface #785,  1          // InterfaceMethod java/util/List.size:()I
       256: invokestatic  #193                // Method java/lang/Math.min:(II)I
       259: if_icmpge     337
       262: aload         6
       264: iload         9
       266: invokeinterface #792,  2          // InterfaceMethod java/util/List.get:(I)Ljava/lang/Object;
       271: checkcast     #658                // class net/minecraft/world/entity/Mob
       274: astore        10
       276: aload         8
       278: aload         10
       280: invokeinterface #239,  2          // InterfaceMethod java/util/List.add:(Ljava/lang/Object;)Z
       285: pop
       286: aload         5
       288: aload         10
       290: fload         7
       292: fconst_1
       293: iload         9
       295: i2f
       296: ldc_w         #1142               // float 0.09f
       299: fmul
       300: fsub
       301: fmul
       302: invokestatic  #810                // Method hurt:(Lnet/minecraft/server/level/ServerLevel;Lnet/minecraft/world/entity/Mob;F)V
       305: aload         5
       307: aload         10
       309: invokevirtual #666                // Method net/minecraft/world/entity/Mob.position:()Lnet/minecraft/world/phys/Vec3;
       312: getstatic     #1143               // Field net/minecraft/sounds/SoundEvents.ARROW_HIT:Lnet/minecraft/sounds/SoundEvent;
       315: ldc_w         #439                // float 0.55f
       318: ldc           #174                // float 1.2f
       320: iload         9
       322: i2f
       323: ldc_w         #1146               // float 0.06f
       326: fmul
       327: fadd
       328: invokestatic  #176                // Method play:(Lnet/minecraft/server/level/ServerLevel;Lnet/minecraft/world/phys/Vec3;Lnet/minecraft/sounds/SoundEvent;FF)V
       331: iinc          9, 1
       334: goto          245
       337: aload         5
       339: aload_1
       340: aload         4
       342: aload         8
       344: invokestatic  #1147               // Method kr/moonseungjun/villageguardians/VillageSkillEffectSystem.ricochet:(Lnet/minecraft/server/level/ServerLevel;Lnet/minecraft/server/level/ServerPlayer;Lnet/minecraft/world/entity/Mob;Ljava/util/List;)V
       347: aload_0
       348: invokevirtual #1113               // Method net/neoforged/neoforge/event/entity/living/LivingIncomingDamageEvent.getEntity:()Lnet/minecraft/world/entity/LivingEntity;
       351: astore_2
       352: aload_2
       353: instanceof    #83                 // class net/minecraft/server/level/ServerPlayer
       356: ifeq          393
       359: aload_2
       360: checkcast     #83                 // class net/minecraft/server/level/ServerPlayer
       363: astore_1
       364: aload_1
       365: invokevirtual #82                 // Method net/minecraft/server/level/ServerPlayer.getUUID:()Ljava/util/UUID;
       368: invokestatic  #610                // Method kr/moonseungjun/villageguardians/VillageCouncilState.roleOf:(Ljava/util/UUID;)Ljava/util/Optional;
       371: aconst_null
       372: invokevirtual #614                // Method java/util/Optional.orElse:(Ljava/lang/Object;)Ljava/lang/Object;
       375: getstatic     #619                // Field kr/moonseungjun/villageguardians/VillageRole.WARDEN:Lkr/moonseungjun/villageguardians/VillageRole;
       378: if_acmpne     393
       381: aload_0
       382: aload_0
       383: invokevirtual #1106               // Method net/neoforged/neoforge/event/entity/living/LivingIncomingDamageEvent.getAmount:()F
       386: ldc_w         #1151               // float 0.82f
       389: fmul
       390: invokevirtual #1152               // Method net/neoforged/neoforge/event/entity/living/LivingIncomingDamageEvent.setAmount:(F)V
       393: return

  public static void handleDeath(net.neoforged.neoforge.event.entity.living.LivingDeathEvent);
    Code:
         0: aload_0
         1: invokevirtual #1155               // Method net/neoforged/neoforge/event/entity/living/LivingDeathEvent.getSource:()Lnet/minecraft/world/damagesource/DamageSource;
         4: invokevirtual #1092               // Method net/minecraft/world/damagesource/DamageSource.getEntity:()Lnet/minecraft/world/entity/Entity;
         7: astore_2
         8: aload_2
         9: instanceof    #83                 // class net/minecraft/server/level/ServerPlayer
        12: ifeq          50
        15: aload_2
        16: checkcast     #83                 // class net/minecraft/server/level/ServerPlayer
        19: astore_1
        20: aload_1
        21: invokestatic  #997                // Method isRangerContext:(Lnet/minecraft/server/level/ServerPlayer;)Z
        24: ifeq          50
        27: aload_0
        28: invokevirtual #1155               // Method net/neoforged/neoforge/event/entity/living/LivingDeathEvent.getSource:()Lnet/minecraft/world/damagesource/DamageSource;
        31: invokevirtual #1102               // Method net/minecraft/world/damagesource/DamageSource.getDirectEntity:()Lnet/minecraft/world/entity/Entity;
        34: instanceof    #656                // class net/minecraft/world/entity/projectile/arrow/AbstractArrow
        37: ifeq          50
        40: aload_0
        41: invokevirtual #1158               // Method net/neoforged/neoforge/event/entity/living/LivingDeathEvent.getEntity:()Lnet/minecraft/world/entity/LivingEntity;
        44: invokestatic  #1159               // Method kr/moonseungjun/villageguardians/VillageSkillTestSystem.isTestDummy:(Lnet/minecraft/world/entity/Entity;)Z
        47: ifeq          51
        50: return
        51: aload_1
        52: invokevirtual #1165               // Method net/minecraft/server/level/ServerPlayer.getInventory:()Lnet/minecraft/world/entity/player/Inventory;
        55: new           #1005               // class net/minecraft/world/item/ItemStack
        58: dup
        59: getstatic     #1169               // Field net/minecraft/world/item/Items.ARROW:Lnet/minecraft/world/item/Item;
        62: invokespecial #1175               // Method net/minecraft/world/item/ItemStack."<init>":(Lnet/minecraft/world/level/ItemLike;)V
        65: invokevirtual #1178               // Method net/minecraft/world/entity/player/Inventory.add:(Lnet/minecraft/world/item/ItemStack;)Z
        68: pop
        69: return

  public static void handleKnockback(net.neoforged.neoforge.event.entity.living.LivingKnockBackEvent);
    Code:
         0: aload_0
         1: invokevirtual #1183               // Method net/neoforged/neoforge/event/entity/living/LivingKnockBackEvent.getEntity:()Lnet/minecraft/world/entity/LivingEntity;
         4: astore_2
         5: aload_2
         6: instanceof    #83                 // class net/minecraft/server/level/ServerPlayer
         9: ifeq          39
        12: aload_2
        13: checkcast     #83                 // class net/minecraft/server/level/ServerPlayer
        16: astore_1
        17: aload_1
        18: invokevirtual #82                 // Method net/minecraft/server/level/ServerPlayer.getUUID:()Ljava/util/UUID;
        21: invokestatic  #610                // Method kr/moonseungjun/villageguardians/VillageCouncilState.roleOf:(Ljava/util/UUID;)Ljava/util/Optional;
        24: aconst_null
        25: invokevirtual #614                // Method java/util/Optional.orElse:(Ljava/lang/Object;)Ljava/lang/Object;
        28: getstatic     #619                // Field kr/moonseungjun/villageguardians/VillageRole.WARDEN:Lkr/moonseungjun/villageguardians/VillageRole;
        31: if_acmpne     39
        34: aload_0
        35: iconst_1
        36: invokevirtual #1186               // Method net/neoforged/neoforge/event/entity/living/LivingKnockBackEvent.setCanceled:(Z)V
        39: return

  public static java.lang.String activeSkillHud(net.minecraft.server.level.ServerPlayer);
    Code:
         0: aload_0
         1: ifnonnull     8
         4: ldc_w         #1187               // String
         7: areturn
         8: aload_0
         9: invokevirtual #508                // Method net/minecraft/server/level/ServerPlayer.level:()Lnet/minecraft/server/level/ServerLevel;
        12: invokevirtual #76                 // Method net/minecraft/server/level/ServerLevel.getGameTime:()J
        15: lstore_1
        16: new           #1139               // class java/util/ArrayList
        19: dup
        20: invokespecial #1141               // Method java/util/ArrayList."<init>":()V
        23: astore_3
        24: aload_3
        25: ldc_w         #1189               // String §b신속 삼연사
        28: getstatic     #18                 // Field RAPID_UNTIL:Ljava/util/Map;
        31: aload_0
        32: invokevirtual #82                 // Method net/minecraft/server/level/ServerPlayer.getUUID:()Ljava/util/UUID;
        35: lconst_0
        36: invokestatic  #131                // Method java/lang/Long.valueOf:(J)Ljava/lang/Long;
        39: invokeinterface #517,  3          // InterfaceMethod java/util/Map.getOrDefault:(Ljava/lang/Object;Ljava/lang/Object;)Ljava/lang/Object;
        44: checkcast     #132                // class java/lang/Long
        47: invokevirtual #520                // Method java/lang/Long.longValue:()J
        50: lload_1
        51: invokestatic  #1191               // Method appendReady:(Ljava/util/List;Ljava/lang/String;JJ)V
        54: aload_3
        55: ldc_w         #1195               // String §e추적 도탄
        58: getstatic     #21                 // Field RICOCHET_UNTIL:Ljava/util/Map;
        61: aload_0
        62: invokevirtual #82                 // Method net/minecraft/server/level/ServerPlayer.getUUID:()Ljava/util/UUID;
        65: lconst_0
        66: invokestatic  #131                // Method java/lang/Long.valueOf:(J)Ljava/lang/Long;
        69: invokeinterface #517,  3          // InterfaceMethod java/util/Map.getOrDefault:(Ljava/lang/Object;Ljava/lang/Object;)Ljava/lang/Object;
        74: checkcast     #132                // class java/lang/Long
        77: invokevirtual #520                // Method java/lang/Long.longValue:()J
        80: lload_1
        81: invokestatic  #1191               // Method appendReady:(Ljava/util/List;Ljava/lang/String;JJ)V
        84: getstatic     #30                 // Field ARROW_RAIN_READY:Ljava/util/Map;
        87: aload_0
        88: invokevirtual #82                 // Method net/minecraft/server/level/ServerPlayer.getUUID:()Ljava/util/UUID;
        91: invokeinterface #560,  2          // InterfaceMethod java/util/Map.get:(Ljava/lang/Object;)Ljava/lang/Object;
        96: checkcast     #302                // class kr/moonseungjun/villageguardians/VillageRoleAbilitySystem$EmpoweredArrowState
        99: astore        4
       101: aload         4
       103: ifnull        119
       106: aload_3
       107: ldc_w         #1197               // String §9천공 화살비
       110: aload         4
       112: invokevirtual #1055               // Method kr/moonseungjun/villageguardians/VillageRoleAbilitySystem$EmpoweredArrowState.until:()J
       115: lload_1
       116: invokestatic  #1191               // Method appendReady:(Ljava/util/List;Ljava/lang/String;JJ)V
       119: getstatic     #33                 // Field MEGA_ARROW_READY:Ljava/util/Map;
       122: aload_0
       123: invokevirtual #82                 // Method net/minecraft/server/level/ServerPlayer.getUUID:()Ljava/util/UUID;
       126: invokeinterface #560,  2          // InterfaceMethod java/util/Map.get:(Ljava/lang/Object;)Ljava/lang/Object;
       131: checkcast     #302                // class kr/moonseungjun/villageguardians/VillageRoleAbilitySystem$EmpoweredArrowState
       134: astore        5
       136: aload         5
       138: ifnull        154
       141: aload_3
       142: ldc_w         #1199               // String §a성멸 대궁
       145: aload         5
       147: invokevirtual #1055               // Method kr/moonseungjun/villageguardians/VillageRoleAbilitySystem$EmpoweredArrowState.until:()J
       150: lload_1
       151: invokestatic  #1191               // Method appendReady:(Ljava/util/List;Ljava/lang/String;JJ)V
       154: aload_3
       155: ldc_w         #1201               // String §9거대 방패 태세
       158: getstatic     #36                 // Field FORTRESS_UNTIL:Ljava/util/Map;
       161: aload_0
       162: invokevirtual #82                 // Method net/minecraft/server/level/ServerPlayer.getUUID:()Ljava/util/UUID;
       165: lconst_0
       166: invokestatic  #131                // Method java/lang/Long.valueOf:(J)Ljava/lang/Long;
       169: invokeinterface #517,  3          // InterfaceMethod java/util/Map.getOrDefault:(Ljava/lang/Object;Ljava/lang/Object;)Ljava/lang/Object;
       174: checkcast     #132                // class java/lang/Long
       177: invokevirtual #520                // Method java/lang/Long.longValue:()J
       180: lload_1
       181: invokestatic  #1203               // Method appendTimed:(Ljava/util/List;Ljava/lang/String;JJ)V
       184: aload_3
       185: ldc_w         #1206               // String §3대수호 진군
       188: getstatic     #39                 // Field AEGIS_UNTIL:Ljava/util/Map;
       191: aload_0
       192: invokevirtual #82                 // Method net/minecraft/server/level/ServerPlayer.getUUID:()Ljava/util/UUID;
       195: lconst_0
       196: invokestatic  #131                // Method java/lang/Long.valueOf:(J)Ljava/lang/Long;
       199: invokeinterface #517,  3          // InterfaceMethod java/util/Map.getOrDefault:(Ljava/lang/Object;Ljava/lang/Object;)Ljava/lang/Object;
       204: checkcast     #132                // class java/lang/Long
       207: invokevirtual #520                // Method java/lang/Long.longValue:()J
       210: lload_1
       211: invokestatic  #1203               // Method appendTimed:(Ljava/util/List;Ljava/lang/String;JJ)V
       214: ldc_w         #1208               // String  §8·
       217: aload_3
       218: invokestatic  #1210               // Method java/lang/String.join:(Ljava/lang/CharSequence;Ljava/lang/Iterable;)Ljava/lang/String;
       221: areturn

  private static void appendReady(java.util.List<java.lang.String>, java.lang.String, long, long);
    Code:
         0: lload_2
         1: lload         4
         3: lcmp
         4: ifge          8
         7: return
         8: aload_0
         9: aload_1
        10: getstatic     #1216               // Field java/util/Locale.ROOT:Ljava/util/Locale;
        13: ldc_w         #1222               // String %.1f초
        16: iconst_1
        17: anewarray     #2                  // class java/lang/Object
        20: dup
        21: iconst_0
        22: lload_2
        23: lload         4
        25: lsub
        26: l2d
        27: ldc2_w        #1224               // double 20.0d
        30: ddiv
        31: invokestatic  #1226               // Method java/lang/Double.valueOf:(D)Ljava/lang/Double;
        34: aastore
        35: invokestatic  #1231               // Method java/lang/String.format:(Ljava/util/Locale;Ljava/lang/String;[Ljava/lang/Object;)Ljava/lang/String;
        38: invokedynamic #1235,  0           // InvokeDynamic #11:makeConcatWithConstants:(Ljava/lang/String;Ljava/lang/String;)Ljava/lang/String;
        43: invokeinterface #239,  2          // InterfaceMethod java/util/List.add:(Ljava/lang/Object;)Z
        48: pop
        49: return

  private static void appendTimed(java.util.List<java.lang.String>, java.lang.String, long, long);
    Code:
         0: lload_2
         1: lload         4
         3: lcmp
         4: ifge          8
         7: return
         8: aload_0
         9: aload_1
        10: getstatic     #1216               // Field java/util/Locale.ROOT:Ljava/util/Locale;
        13: ldc_w         #1222               // String %.1f초
        16: iconst_1
        17: anewarray     #2                  // class java/lang/Object
        20: dup
        21: iconst_0
        22: lload_2
        23: lload         4
        25: lsub
        26: l2d
        27: ldc2_w        #1224               // double 20.0d
        30: ddiv
        31: invokestatic  #1226               // Method java/lang/Double.valueOf:(D)Ljava/lang/Double;
        34: aastore
        35: invokestatic  #1231               // Method java/lang/String.format:(Ljava/util/Locale;Ljava/lang/String;[Ljava/lang/Object;)Ljava/lang/String;
        38: invokedynamic #1239,  0           // InvokeDynamic #12:makeConcatWithConstants:(Ljava/lang/String;Ljava/lang/String;)Ljava/lang/String;
        43: invokeinterface #239,  2          // InterfaceMethod java/util/List.add:(Ljava/lang/Object;)Z
        48: pop
        49: return

  public static boolean isRapidFire(net.minecraft.server.level.ServerPlayer);
    Code:
         0: aload_0
         1: ifnull        41
         4: getstatic     #18                 // Field RAPID_UNTIL:Ljava/util/Map;
         7: aload_0
         8: invokevirtual #82                 // Method net/minecraft/server/level/ServerPlayer.getUUID:()Ljava/util/UUID;
        11: lconst_0
        12: invokestatic  #131                // Method java/lang/Long.valueOf:(J)Ljava/lang/Long;
        15: invokeinterface #517,  3          // InterfaceMethod java/util/Map.getOrDefault:(Ljava/lang/Object;Ljava/lang/Object;)Ljava/lang/Object;
        20: checkcast     #132                // class java/lang/Long
        23: invokevirtual #520                // Method java/lang/Long.longValue:()J
        26: aload_0
        27: invokevirtual #508                // Method net/minecraft/server/level/ServerPlayer.level:()Lnet/minecraft/server/level/ServerLevel;
        30: invokevirtual #76                 // Method net/minecraft/server/level/ServerLevel.getGameTime:()J
        33: lcmp
        34: iflt          41
        37: iconst_1
        38: goto          42
        41: iconst_0
        42: ireturn

  public static boolean isFortress(net.minecraft.server.level.ServerPlayer);
    Code:
         0: aload_0
         1: ifnull        41
         4: getstatic     #36                 // Field FORTRESS_UNTIL:Ljava/util/Map;
         7: aload_0
         8: invokevirtual #82                 // Method net/minecraft/server/level/ServerPlayer.getUUID:()Ljava/util/UUID;
        11: lconst_0
        12: invokestatic  #131                // Method java/lang/Long.valueOf:(J)Ljava/lang/Long;
        15: invokeinterface #517,  3          // InterfaceMethod java/util/Map.getOrDefault:(Ljava/lang/Object;Ljava/lang/Object;)Ljava/lang/Object;
        20: checkcast     #132                // class java/lang/Long
        23: invokevirtual #520                // Method java/lang/Long.longValue:()J
        26: aload_0
        27: invokevirtual #508                // Method net/minecraft/server/level/ServerPlayer.level:()Lnet/minecraft/server/level/ServerLevel;
        30: invokevirtual #76                 // Method net/minecraft/server/level/ServerLevel.getGameTime:()J
        33: lcmp
        34: iflt          41
        37: iconst_1
        38: goto          42
        41: iconst_0
        42: ireturn

  private static void bladeWave(net.minecraft.server.level.ServerLevel, net.minecraft.server.level.ServerPlayer, float, int);
    Code:
         0: aload_1
         1: getstatic     #180                // Field net/minecraft/world/InteractionHand.MAIN_HAND:Lnet/minecraft/world/InteractionHand;
         4: iconst_1
         5: invokevirtual #186                // Method net/minecraft/server/level/ServerPlayer.swing:(Lnet/minecraft/world/InteractionHand;Z)V
         8: aload_1
         9: invokestatic  #104                // Method horizontalLook:(Lnet/minecraft/server/level/ServerPlayer;)Lnet/minecraft/world/phys/Vec3;
        12: astore        4
        14: aload_0
        15: aload_1
        16: aload         4
        18: invokestatic  #1240               // Method kr/moonseungjun/villageguardians/VillageSkillEffectSystem.bladeWave:(Lnet/minecraft/server/level/ServerLevel;Lnet/minecraft/server/level/ServerPlayer;Lnet/minecraft/world/phys/Vec3;)V
        21: aload_1
        22: invokevirtual #164                // Method net/minecraft/server/level/ServerPlayer.position:()Lnet/minecraft/world/phys/Vec3;
        25: dconst_0
        26: ldc2_w        #1243               // double 0.82d
        29: dconst_0
        30: invokevirtual #261                // Method net/minecraft/world/phys/Vec3.add:(DDD)Lnet/minecraft/world/phys/Vec3;
        33: aload         4
        35: dconst_1
        36: invokevirtual #253                // Method net/minecraft/world/phys/Vec3.scale:(D)Lnet/minecraft/world/phys/Vec3;
        39: invokevirtual #553                // Method net/minecraft/world/phys/Vec3.add:(Lnet/minecraft/world/phys/Vec3;)Lnet/minecraft/world/phys/Vec3;
        42: astore        5
        44: aload_0
        45: aload_1
        46: getstatic     #1245               // Field kr/moonseungjun/villageguardians/VillageRoleAbilitySystem$MovingKind.BLADE:Lkr/moonseungjun/villageguardians/VillageRoleAbilitySystem$MovingKind;
        49: getstatic     #1249               // Field net/minecraft/world/item/ItemStack.EMPTY:Lnet/minecraft/world/item/ItemStack;
        52: ldc2_w        #1253               // double 1.75d
        55: bipush        24
        57: ldc_w         #1255               // float 5.4f
        60: aload_1
        61: invokevirtual #82                 // Method net/minecraft/server/level/ServerPlayer.getUUID:()Ljava/util/UUID;
        64: invokestatic  #88                 // Method kr/moonseungjun/villageguardians/VillageCouncilState.levelOf:(Ljava/util/UUID;)I
        67: i2f
        68: ldc_w         #462                // float 0.3f
        71: fmul
        72: fadd
        73: fload_2
        74: fmul
        75: ldc2_w        #551                // double 1.45d
        78: iload_3
        79: aload         5
        81: aload         4
        83: invokestatic  #1256               // Method launchMovingAt:(Lnet/minecraft/server/level/ServerLevel;Lnet/minecraft/server/level/ServerPlayer;Lkr/moonseungjun/villageguardians/VillageRoleAbilitySystem$MovingKind;Lnet/minecraft/world/item/ItemStack;DIFDILnet/minecraft/world/phys/Vec3;Lnet/minecraft/world/phys/Vec3;)V
        86: aload_0
        87: aload_1
        88: invokevirtual #164                // Method net/minecraft/server/level/ServerPlayer.position:()Lnet/minecraft/world/phys/Vec3;
        91: getstatic     #168                // Field net/minecraft/sounds/SoundEvents.PLAYER_ATTACK_SWEEP:Lnet/minecraft/sounds/SoundEvent;
        94: fconst_1
        95: ldc_w         #851                // float 0.78f
        98: aload_1
        99: invokevirtual #452                // Method net/minecraft/server/level/ServerPlayer.getRandom:()Lnet/minecraft/util/RandomSource;
       102: invokeinterface #456,  1          // InterfaceMethod net/minecraft/util/RandomSource.nextFloat:()F
       107: ldc_w         #1260               // float 0.18f
       110: fmul
       111: fadd
       112: invokestatic  #176                // Method play:(Lnet/minecraft/server/level/ServerLevel;Lnet/minecraft/world/phys/Vec3;Lnet/minecraft/sounds/SoundEvent;FF)V
       115: return

  private static void groundSlam(net.minecraft.server.level.ServerLevel, net.minecraft.server.level.ServerPlayer, float, int);
    Code:
         0: aload_1
         1: getstatic     #180                // Field net/minecraft/world/InteractionHand.MAIN_HAND:Lnet/minecraft/world/InteractionHand;
         4: iconst_1
         5: invokevirtual #186                // Method net/minecraft/server/level/ServerPlayer.swing:(Lnet/minecraft/world/InteractionHand;Z)V
         8: ldc2_w        #358                // double 8.5d
        11: iload_3
        12: invokestatic  #320                // Method areaRadius:(DI)D
        15: dstore        4
        17: aload_0
        18: aload_1
        19: aload_1
        20: invokevirtual #164                // Method net/minecraft/server/level/ServerPlayer.position:()Lnet/minecraft/world/phys/Vec3;
        23: dload         4
        25: bipush        40
        27: ldc_w         #1261               // float 14.0f
        30: aload_1
        31: invokevirtual #82                 // Method net/minecraft/server/level/ServerPlayer.getUUID:()Ljava/util/UUID;
        34: invokestatic  #88                 // Method kr/moonseungjun/villageguardians/VillageCouncilState.levelOf:(Ljava/util/UUID;)I
        37: i2f
        38: ldc           #175                // float 0.72f
        40: fmul
        41: fadd
        42: fload_2
        43: fmul
        44: iconst_0
        45: ldc2_w        #259                // double 1.05d
        48: ldc2_w        #589                // double 0.38d
        51: invokestatic  #543                // Method damageRadius:(Lnet/minecraft/server/level/ServerLevel;Lnet/minecraft/server/level/ServerPlayer;Lnet/minecraft/world/phys/Vec3;DIFZDD)V
        54: aload_0
        55: aload_1
        56: dload         4
        58: iload_3
        59: invokestatic  #1262               // Method kr/moonseungjun/villageguardians/VillageSkillEffectSystem.slamImpact:(Lnet/minecraft/server/level/ServerLevel;Lnet/minecraft/server/level/ServerPlayer;DI)V
        62: aload_0
        63: aload_1
        64: invokevirtual #164                // Method net/minecraft/server/level/ServerPlayer.position:()Lnet/minecraft/world/phys/Vec3;
        67: getstatic     #952                // Field net/minecraft/sounds/SoundEvents.GENERIC_EXPLODE:Lnet/minecraft/core/Holder$Reference;
        70: invokevirtual #373                // Method net/minecraft/core/Holder$Reference.value:()Ljava/lang/Object;
        73: checkcast     #295                // class net/minecraft/sounds/SoundEvent
        76: ldc_w         #1266               // float 1.5f
        79: ldc_w         #439                // float 0.55f
        82: invokestatic  #176                // Method play:(Lnet/minecraft/server/level/ServerLevel;Lnet/minecraft/world/phys/Vec3;Lnet/minecraft/sounds/SoundEvent;FF)V
        85: aload_0
        86: aload_1
        87: invokevirtual #164                // Method net/minecraft/server/level/ServerPlayer.position:()Lnet/minecraft/world/phys/Vec3;
        90: getstatic     #1267               // Field net/minecraft/sounds/SoundEvents.ANVIL_LAND:Lnet/minecraft/sounds/SoundEvent;
        93: ldc_w         #357                // float 1.1f
        96: ldc_w         #313                // float 0.62f
        99: invokestatic  #176                // Method play:(Lnet/minecraft/server/level/ServerLevel;Lnet/minecraft/world/phys/Vec3;Lnet/minecraft/sounds/SoundEvent;FF)V
       102: return

  private static void arrowRain(net.minecraft.server.level.ServerLevel, net.minecraft.server.level.ServerPlayer, net.minecraft.world.phys.Vec3, float, int);
    Code:
         0: ldc2_w        #358                // double 8.5d
         3: iload         4
         5: invokestatic  #320                // Method areaRadius:(DI)D
         8: dstore        5
        10: aload_0
        11: aload_1
        12: aload_2
        13: dload         5
        15: iload         4
        17: invokestatic  #1270               // Method kr/moonseungjun/villageguardians/VillageSkillEffectSystem.arrowRainImpact:(Lnet/minecraft/server/level/ServerLevel;Lnet/minecraft/server/level/ServerPlayer;Lnet/minecraft/world/phys/Vec3;DI)V
        20: ldc_w         #1274               // float 3.3f
        23: aload_1
        24: invokevirtual #82                 // Method net/minecraft/server/level/ServerPlayer.getUUID:()Ljava/util/UUID;
        27: invokestatic  #88                 // Method kr/moonseungjun/villageguardians/VillageCouncilState.levelOf:(Ljava/util/UUID;)I
        30: i2f
        31: ldc_w         #1260               // float 0.18f
        34: fmul
        35: fadd
        36: fload_3
        37: fmul
        38: fstore        7
        40: aload_0
        41: aload_1
        42: aload_2
        43: dload         5
        45: bipush        48
        47: invokestatic  #778                // Method targetsNear:(Lnet/minecraft/server/level/ServerLevel;Lnet/minecraft/server/level/ServerPlayer;Lnet/minecraft/world/phys/Vec3;DI)Ljava/util/List;
        50: invokeinterface #205,  1          // InterfaceMethod java/util/List.iterator:()Ljava/util/Iterator;
        55: astore        8
        57: aload         8
        59: invokeinterface #209,  1          // InterfaceMethod java/util/Iterator.hasNext:()Z
        64: ifeq          111
        67: aload         8
        69: invokeinterface #215,  1          // InterfaceMethod java/util/Iterator.next:()Ljava/lang/Object;
        74: checkcast     #658                // class net/minecraft/world/entity/Mob
        77: astore        9
        79: aload_0
        80: aload         9
        82: fload         7
        84: invokestatic  #810                // Method hurt:(Lnet/minecraft/server/level/ServerLevel;Lnet/minecraft/world/entity/Mob;F)V
        87: iload         4
        89: iconst_3
        90: if_icmplt     108
        93: aload         9
        95: aload         9
        97: invokevirtual #941                // Method net/minecraft/world/entity/Mob.getRemainingFireTicks:()I
       100: bipush        40
       102: invokestatic  #100                // Method java/lang/Math.max:(II)I
       105: invokevirtual #945                // Method net/minecraft/world/entity/Mob.setRemainingFireTicks:(I)V
       108: goto          57
       111: aload_0
       112: aload_2
       113: getstatic     #1275               // Field net/minecraft/sounds/SoundEvents.ARROW_SHOOT:Lnet/minecraft/sounds/SoundEvent;
       116: ldc_w         #274                // float 0.8f
       119: ldc_w         #1278               // float 1.45f
       122: invokestatic  #176                // Method play:(Lnet/minecraft/server/level/ServerLevel;Lnet/minecraft/world/phys/Vec3;Lnet/minecraft/sounds/SoundEvent;FF)V
       125: return

  private static void launchEnergyArrow(net.minecraft.server.level.ServerLevel, net.minecraft.server.level.ServerPlayer, float, int);
    Code:
         0: aload_1
         1: invokevirtual #1279               // Method net/minecraft/server/level/ServerPlayer.stopUsingItem:()V
         4: aload_1
         5: getstatic     #180                // Field net/minecraft/world/InteractionHand.MAIN_HAND:Lnet/minecraft/world/InteractionHand;
         8: iconst_1
         9: invokevirtual #186                // Method net/minecraft/server/level/ServerPlayer.swing:(Lnet/minecraft/world/InteractionHand;Z)V
        12: aload_1
        13: invokestatic  #108                // Method lookDirection:(Lnet/minecraft/server/level/ServerPlayer;)Lnet/minecraft/world/phys/Vec3;
        16: astore        4
        18: aload_1
        19: invokevirtual #548                // Method net/minecraft/server/level/ServerPlayer.getEyePosition:()Lnet/minecraft/world/phys/Vec3;
        22: aload         4
        24: ldc2_w        #1282               // double 2.8d
        27: invokevirtual #253                // Method net/minecraft/world/phys/Vec3.scale:(D)Lnet/minecraft/world/phys/Vec3;
        30: invokevirtual #553                // Method net/minecraft/world/phys/Vec3.add:(Lnet/minecraft/world/phys/Vec3;)Lnet/minecraft/world/phys/Vec3;
        33: astore        5
        35: aload_0
        36: aload_1
        37: aload         5
        39: aload         4
        41: invokestatic  #1284               // Method kr/moonseungjun/villageguardians/VillageSkillEffectSystem.energyArrow:(Lnet/minecraft/server/level/ServerLevel;Lnet/minecraft/server/level/ServerPlayer;Lnet/minecraft/world/phys/Vec3;Lnet/minecraft/world/phys/Vec3;)V
        44: ldc_w         #1287               // float 31.0f
        47: aload_1
        48: invokevirtual #82                 // Method net/minecraft/server/level/ServerPlayer.getUUID:()Ljava/util/UUID;
        51: invokestatic  #88                 // Method kr/moonseungjun/villageguardians/VillageCouncilState.levelOf:(Ljava/util/UUID;)I
        54: i2f
        55: ldc_w         #275                // float 1.35f
        58: fmul
        59: fadd
        60: fload_2
        61: fmul
        62: fstore        6
        64: aload_0
        65: aload_1
        66: getstatic     #1288               // Field kr/moonseungjun/villageguardians/VillageRoleAbilitySystem$MovingKind.ENERGY_ARROW:Lkr/moonseungjun/villageguardians/VillageRoleAbilitySystem$MovingKind;
        69: new           #1005               // class net/minecraft/world/item/ItemStack
        72: dup
        73: getstatic     #1291               // Field net/minecraft/world/item/Items.SPECTRAL_ARROW:Lnet/minecraft/world/item/Item;
        76: invokespecial #1175               // Method net/minecraft/world/item/ItemStack."<init>":(Lnet/minecraft/world/level/ItemLike;)V
        79: ldc2_w        #1294               // double 2.65d
        82: bipush        55
        84: fload         6
        86: ldc2_w        #1296               // double 5.0d
        89: iload_3
        90: aload         5
        92: aload         4
        94: invokestatic  #1256               // Method launchMovingAt:(Lnet/minecraft/server/level/ServerLevel;Lnet/minecraft/server/level/ServerPlayer;Lkr/moonseungjun/villageguardians/VillageRoleAbilitySystem$MovingKind;Lnet/minecraft/world/item/ItemStack;DIFDILnet/minecraft/world/phys/Vec3;Lnet/minecraft/world/phys/Vec3;)V
        97: aload_0
        98: aload_1
        99: invokevirtual #164                // Method net/minecraft/server/level/ServerPlayer.position:()Lnet/minecraft/world/phys/Vec3;
       102: getstatic     #1298               // Field net/minecraft/sounds/SoundEvents.ENDER_DRAGON_SHOOT:Lnet/minecraft/sounds/SoundEvent;
       105: ldc_w         #1278               // float 1.45f
       108: ldc_w         #851                // float 0.78f
       111: invokestatic  #176                // Method play:(Lnet/minecraft/server/level/ServerLevel;Lnet/minecraft/world/phys/Vec3;Lnet/minecraft/sounds/SoundEvent;FF)V
       114: return

  private static void shieldCharge(net.minecraft.server.level.ServerLevel, net.minecraft.server.level.ServerPlayer, float, int);
    Code:
         0: aload_1
         1: getstatic     #1301               // Field net/minecraft/world/InteractionHand.OFF_HAND:Lnet/minecraft/world/InteractionHand;
         4: iconst_1
         5: invokevirtual #186                // Method net/minecraft/server/level/ServerPlayer.swing:(Lnet/minecraft/world/InteractionHand;Z)V
         8: aload_0
         9: aload_1
        10: aload_1
        11: invokestatic  #104                // Method horizontalLook:(Lnet/minecraft/server/level/ServerPlayer;)Lnet/minecraft/world/phys/Vec3;
        14: invokestatic  #1304               // Method kr/moonseungjun/villageguardians/VillageSkillEffectSystem.shieldCharge:(Lnet/minecraft/server/level/ServerLevel;Lnet/minecraft/server/level/ServerPlayer;Lnet/minecraft/world/phys/Vec3;)V
        17: iconst_0
        18: istore        4
        20: iload         4
        22: iconst_5
        23: if_icmpge     140
        26: aload_1
        27: invokevirtual #164                // Method net/minecraft/server/level/ServerPlayer.position:()Lnet/minecraft/world/phys/Vec3;
        30: aload_1
        31: invokestatic  #104                // Method horizontalLook:(Lnet/minecraft/server/level/ServerPlayer;)Lnet/minecraft/world/phys/Vec3;
        34: dconst_1
        35: iload         4
        37: i2d
        38: ldc2_w        #1306               // double 1.2d
        41: dmul
        42: dadd
        43: invokevirtual #253                // Method net/minecraft/world/phys/Vec3.scale:(D)Lnet/minecraft/world/phys/Vec3;
        46: invokevirtual #553                // Method net/minecraft/world/phys/Vec3.add:(Lnet/minecraft/world/phys/Vec3;)Lnet/minecraft/world/phys/Vec3;
        49: astore        5
        51: aload_0
        52: aload_1
        53: aload         5
        55: ldc2_w        #1308               // double 2.3d
        58: bipush        12
        60: invokestatic  #778                // Method targetsNear:(Lnet/minecraft/server/level/ServerLevel;Lnet/minecraft/server/level/ServerPlayer;Lnet/minecraft/world/phys/Vec3;DI)Ljava/util/List;
        63: invokeinterface #205,  1          // InterfaceMethod java/util/List.iterator:()Ljava/util/Iterator;
        68: astore        6
        70: aload         6
        72: invokeinterface #209,  1          // InterfaceMethod java/util/Iterator.hasNext:()Z
        77: ifeq          134
        80: aload         6
        82: invokeinterface #215,  1          // InterfaceMethod java/util/Iterator.next:()Ljava/lang/Object;
        87: checkcast     #658                // class net/minecraft/world/entity/Mob
        90: astore        7
        92: aload_0
        93: aload         7
        95: ldc_w         #1310               // float 5.5f
        98: aload_1
        99: invokevirtual #82                 // Method net/minecraft/server/level/ServerPlayer.getUUID:()Ljava/util/UUID;
       102: invokestatic  #88                 // Method kr/moonseungjun/villageguardians/VillageCouncilState.levelOf:(Ljava/util/UUID;)I
       105: i2f
       106: ldc_w         #462                // float 0.3f
       109: fmul
       110: fadd
       111: fload_2
       112: fmul
       113: invokestatic  #810                // Method hurt:(Lnet/minecraft/server/level/ServerLevel;Lnet/minecraft/world/entity/Mob;F)V
       116: aload_1
       117: invokevirtual #164                // Method net/minecraft/server/level/ServerPlayer.position:()Lnet/minecraft/world/phys/Vec3;
       120: aload         7
       122: ldc2_w        #1311               // double 1.15d
       125: ldc2_w        #1313               // double 0.12d
       128: invokestatic  #962                // Method knockFrom:(Lnet/minecraft/world/phys/Vec3;Lnet/minecraft/world/entity/Mob;DD)V
       131: goto          70
       134: iinc          4, 1
       137: goto          20
       140: aload_0
       141: aload_1
       142: invokevirtual #164                // Method net/minecraft/server/level/ServerPlayer.position:()Lnet/minecraft/world/phys/Vec3;
       145: getstatic     #435                // Field net/minecraft/sounds/SoundEvents.SHIELD_BLOCK:Lnet/minecraft/core/Holder$Reference;
       148: invokevirtual #373                // Method net/minecraft/core/Holder$Reference.value:()Ljava/lang/Object;
       151: checkcast     #295                // class net/minecraft/sounds/SoundEvent
       154: ldc_w         #389                // float 1.15f
       157: ldc_w         #1151               // float 0.82f
       160: invokestatic  #176                // Method play:(Lnet/minecraft/server/level/ServerLevel;Lnet/minecraft/world/phys/Vec3;Lnet/minecraft/sounds/SoundEvent;FF)V
       163: return

  private static void tauntShout(net.minecraft.server.level.ServerLevel, net.minecraft.server.level.ServerPlayer, float, int, int);
    Code:
         0: aload_1
         1: getstatic     #1301               // Field net/minecraft/world/InteractionHand.OFF_HAND:Lnet/minecraft/world/InteractionHand;
         4: iconst_1
         5: invokevirtual #186                // Method net/minecraft/server/level/ServerPlayer.swing:(Lnet/minecraft/world/InteractionHand;Z)V
         8: aload_0
         9: aload_1
        10: aload_1
        11: invokevirtual #164                // Method net/minecraft/server/level/ServerPlayer.position:()Lnet/minecraft/world/phys/Vec3;
        14: ldc2_w        #1224               // double 20.0d
        17: bipush        60
        19: invokestatic  #778                // Method targetsNear:(Lnet/minecraft/server/level/ServerLevel;Lnet/minecraft/server/level/ServerPlayer;Lnet/minecraft/world/phys/Vec3;DI)Ljava/util/List;
        22: invokeinterface #205,  1          // InterfaceMethod java/util/List.iterator:()Ljava/util/Iterator;
        27: astore        5
        29: aload         5
        31: invokeinterface #209,  1          // InterfaceMethod java/util/Iterator.hasNext:()Z
        36: ifeq          93
        39: aload         5
        41: invokeinterface #215,  1          // InterfaceMethod java/util/Iterator.next:()Ljava/lang/Object;
        46: checkcast     #658                // class net/minecraft/world/entity/Mob
        49: astore        6
        51: aload_0
        52: aload         6
        54: fload_2
        55: invokestatic  #810                // Method hurt:(Lnet/minecraft/server/level/ServerLevel;Lnet/minecraft/world/entity/Mob;F)V
        58: aload         6
        60: aload_1
        61: invokevirtual #1315               // Method net/minecraft/world/entity/Mob.setTarget:(Lnet/minecraft/world/entity/LivingEntity;)V
        64: aload         6
        66: new           #149                // class net/minecraft/world/effect/MobEffectInstance
        69: dup
        70: getstatic     #1319               // Field net/minecraft/world/effect/MobEffects.WEAKNESS:Lnet/minecraft/core/Holder;
        73: bipush        100
        75: iload_3
        76: invokestatic  #193                // Method java/lang/Math.min:(II)I
        79: iconst_1
        80: iconst_0
        81: iconst_0
        82: iconst_1
        83: invokespecial #157                // Method net/minecraft/world/effect/MobEffectInstance."<init>":(Lnet/minecraft/core/Holder;IIZZZ)V
        86: invokevirtual #817                // Method net/minecraft/world/entity/Mob.addEffect:(Lnet/minecraft/world/effect/MobEffectInstance;)Z
        89: pop
        90: goto          29
        93: aload_1
        94: new           #149                // class net/minecraft/world/effect/MobEffectInstance
        97: dup
        98: getstatic     #151                // Field net/minecraft/world/effect/MobEffects.RESISTANCE:Lnet/minecraft/core/Holder;
       101: bipush        100
       103: iload_3
       104: invokestatic  #193                // Method java/lang/Math.min:(II)I
       107: iconst_1
       108: iconst_0
       109: iconst_0
       110: iconst_1
       111: invokespecial #157                // Method net/minecraft/world/effect/MobEffectInstance."<init>":(Lnet/minecraft/core/Holder;IIZZZ)V
       114: invokevirtual #160                // Method net/minecraft/server/level/ServerPlayer.addEffect:(Lnet/minecraft/world/effect/MobEffectInstance;)Z
       117: pop
       118: aload_0
       119: aload_1
       120: invokevirtual #164                // Method net/minecraft/server/level/ServerPlayer.position:()Lnet/minecraft/world/phys/Vec3;
       123: getstatic     #219                // Field net/minecraft/sounds/SoundEvents.RAVAGER_ROAR:Lnet/minecraft/sounds/SoundEvent;
       126: ldc_w         #357                // float 1.1f
       129: ldc_w         #1322               // float 0.68f
       132: invokestatic  #176                // Method play:(Lnet/minecraft/server/level/ServerLevel;Lnet/minecraft/world/phys/Vec3;Lnet/minecraft/sounds/SoundEvent;FF)V
       135: return

  private static void healLowestAlly(net.minecraft.server.level.ServerPlayer, float, int, boolean);
    Code:
         0: aload_0
         1: ldc2_w        #1323               // double 24.0d
         4: invokestatic  #201                // Method allies:(Lnet/minecraft/server/level/ServerPlayer;D)Ljava/util/List;
         7: invokeinterface #1325,  1         // InterfaceMethod java/util/List.stream:()Ljava/util/stream/Stream;
        12: invokedynamic #1329,  0           // InvokeDynamic #13:applyAsDouble:()Ljava/util/function/ToDoubleFunction;
        17: invokestatic  #1127               // InterfaceMethod java/util/Comparator.comparingDouble:(Ljava/util/function/ToDoubleFunction;)Ljava/util/Comparator;
        20: invokeinterface #1332,  2         // InterfaceMethod java/util/stream/Stream.min:(Ljava/util/Comparator;)Ljava/util/Optional;
        25: aload_0
        26: invokevirtual #614                // Method java/util/Optional.orElse:(Ljava/lang/Object;)Ljava/lang/Object;
        29: checkcast     #83                 // class net/minecraft/server/level/ServerPlayer
        32: astore        4
        34: aload         4
        36: fload_1
        37: invokestatic  #858                // Method healScaled:(Lnet/minecraft/server/level/ServerPlayer;F)V
        40: iload_3
        41: ifne          49
        44: iload_2
        45: iconst_2
        46: if_icmplt     77
        49: aload         4
        51: new           #149                // class net/minecraft/world/effect/MobEffectInstance
        54: dup
        55: getstatic     #432                // Field net/minecraft/world/effect/MobEffects.ABSORPTION:Lnet/minecraft/core/Holder;
        58: bipush        120
        60: iconst_1
        61: iconst_3
        62: iload_2
        63: invokestatic  #193                // Method java/lang/Math.min:(II)I
        66: iadd
        67: iconst_0
        68: iconst_0
        69: iconst_1
        70: invokespecial #157                // Method net/minecraft/world/effect/MobEffectInstance."<init>":(Lnet/minecraft/core/Holder;IIZZZ)V
        73: invokevirtual #160                // Method net/minecraft/server/level/ServerPlayer.addEffect:(Lnet/minecraft/world/effect/MobEffectInstance;)Z
        76: pop
        77: aload         4
        79: invokevirtual #508                // Method net/minecraft/server/level/ServerPlayer.level:()Lnet/minecraft/server/level/ServerLevel;
        82: astore        6
        84: aload         6
        86: instanceof    #77                 // class net/minecraft/server/level/ServerLevel
        89: ifeq          121
        92: aload         6
        94: astore        5
        96: aload         5
        98: aload_0
        99: aload         4
       101: invokestatic  #1337               // Method kr/moonseungjun/villageguardians/VillageSkillEffectSystem.healLink:(Lnet/minecraft/server/level/ServerLevel;Lnet/minecraft/server/level/ServerPlayer;Lnet/minecraft/server/level/ServerPlayer;)V
       104: aload         5
       106: aload         4
       108: invokevirtual #164                // Method net/minecraft/server/level/ServerPlayer.position:()Lnet/minecraft/world/phys/Vec3;
       111: getstatic     #865                // Field net/minecraft/sounds/SoundEvents.AMETHYST_BLOCK_CHIME:Lnet/minecraft/sounds/SoundEvent;
       114: fconst_1
       115: ldc_w         #1341               // float 1.28f
       118: invokestatic  #176                // Method play:(Lnet/minecraft/server/level/ServerLevel;Lnet/minecraft/world/phys/Vec3;Lnet/minecraft/sounds/SoundEvent;FF)V
       121: return

  private static void cleanseAllies(net.minecraft.server.level.ServerPlayer, float, int);
    Code:
         0: aload_0
         1: ldc2_w        #1342               // double -1.0d
         4: invokestatic  #201                // Method allies:(Lnet/minecraft/server/level/ServerPlayer;D)Ljava/util/List;
         7: astore_3
         8: aload_3
         9: invokeinterface #205,  1          // InterfaceMethod java/util/List.iterator:()Ljava/util/Iterator;
        14: astore        4
        16: aload         4
        18: invokeinterface #209,  1          // InterfaceMethod java/util/Iterator.hasNext:()Z
        23: ifeq          101
        26: aload         4
        28: invokeinterface #215,  1          // InterfaceMethod java/util/Iterator.next:()Ljava/lang/Object;
        33: checkcast     #83                 // class net/minecraft/server/level/ServerPlayer
        36: astore        5
        38: aload         5
        40: getstatic     #1344               // Field net/minecraft/world/effect/MobEffects.POISON:Lnet/minecraft/core/Holder;
        43: invokevirtual #1347               // Method net/minecraft/server/level/ServerPlayer.removeEffect:(Lnet/minecraft/core/Holder;)Z
        46: pop
        47: aload         5
        49: getstatic     #1351               // Field net/minecraft/world/effect/MobEffects.WITHER:Lnet/minecraft/core/Holder;
        52: invokevirtual #1347               // Method net/minecraft/server/level/ServerPlayer.removeEffect:(Lnet/minecraft/core/Holder;)Z
        55: pop
        56: aload         5
        58: getstatic     #1319               // Field net/minecraft/world/effect/MobEffects.WEAKNESS:Lnet/minecraft/core/Holder;
        61: invokevirtual #1347               // Method net/minecraft/server/level/ServerPlayer.removeEffect:(Lnet/minecraft/core/Holder;)Z
        64: pop
        65: aload         5
        67: getstatic     #814                // Field net/minecraft/world/effect/MobEffects.SLOWNESS:Lnet/minecraft/core/Holder;
        70: invokevirtual #1347               // Method net/minecraft/server/level/ServerPlayer.removeEffect:(Lnet/minecraft/core/Holder;)Z
        73: pop
        74: aload         5
        76: getstatic     #1354               // Field net/minecraft/world/effect/MobEffects.BLINDNESS:Lnet/minecraft/core/Holder;
        79: invokevirtual #1347               // Method net/minecraft/server/level/ServerPlayer.removeEffect:(Lnet/minecraft/core/Holder;)Z
        82: pop
        83: aload         5
        85: getstatic     #1357               // Field net/minecraft/world/effect/MobEffects.HUNGER:Lnet/minecraft/core/Holder;
        88: invokevirtual #1347               // Method net/minecraft/server/level/ServerPlayer.removeEffect:(Lnet/minecraft/core/Holder;)Z
        91: pop
        92: aload         5
        94: fload_1
        95: invokestatic  #858                // Method healScaled:(Lnet/minecraft/server/level/ServerPlayer;F)V
        98: goto          16
       101: aload_0
       102: invokevirtual #508                // Method net/minecraft/server/level/ServerPlayer.level:()Lnet/minecraft/server/level/ServerLevel;
       105: astore        5
       107: aload         5
       109: instanceof    #77                 // class net/minecraft/server/level/ServerLevel
       112: ifeq          142
       115: aload         5
       117: astore        4
       119: aload         4
       121: aload_0
       122: aload_3
       123: invokestatic  #1360               // Method kr/moonseungjun/villageguardians/VillageSkillEffectSystem.cleanse:(Lnet/minecraft/server/level/ServerLevel;Lnet/minecraft/server/level/ServerPlayer;Ljava/util/List;)V
       126: aload         4
       128: aload_0
       129: invokevirtual #164                // Method net/minecraft/server/level/ServerPlayer.position:()Lnet/minecraft/world/phys/Vec3;
       132: getstatic     #408                // Field net/minecraft/sounds/SoundEvents.BEACON_ACTIVATE:Lnet/minecraft/sounds/SoundEvent;
       135: fconst_1
       136: ldc_w         #275                // float 1.35f
       139: invokestatic  #176                // Method play:(Lnet/minecraft/server/level/ServerLevel;Lnet/minecraft/world/phys/Vec3;Lnet/minecraft/sounds/SoundEvent;FF)V
       142: return

  private static void miracle(net.minecraft.server.level.ServerPlayer, float, int, int);
    Code:
         0: aload_0
         1: invokevirtual #508                // Method net/minecraft/server/level/ServerPlayer.level:()Lnet/minecraft/server/level/ServerLevel;
         4: invokevirtual #1364               // Method net/minecraft/server/level/ServerLevel.getServer:()Lnet/minecraft/server/MinecraftServer;
         7: astore        4
         9: aload         4
        11: ifnonnull     15
        14: return
        15: aload         4
        17: invokevirtual #498                // Method net/minecraft/server/MinecraftServer.getPlayerList:()Lnet/minecraft/server/players/PlayerList;
        20: invokevirtual #502                // Method net/minecraft/server/players/PlayerList.getPlayers:()Ljava/util/List;
        23: invokeinterface #1325,  1         // InterfaceMethod java/util/List.stream:()Ljava/util/stream/Stream;
        28: aload_0
        29: invokedynamic #1368,  0           // InvokeDynamic #14:test:(Lnet/minecraft/server/level/ServerPlayer;)Ljava/util/function/Predicate;
        34: invokeinterface #1371,  2         // InterfaceMethod java/util/stream/Stream.filter:(Ljava/util/function/Predicate;)Ljava/util/stream/Stream;
        39: invokeinterface #1375,  1         // InterfaceMethod java/util/stream/Stream.toList:()Ljava/util/List;
        44: astore        5
        46: aload         5
        48: invokeinterface #205,  1          // InterfaceMethod java/util/List.iterator:()Ljava/util/Iterator;
        53: astore        6
        55: aload         6
        57: invokeinterface #209,  1          // InterfaceMethod java/util/Iterator.hasNext:()Z
        62: ifeq          160
        65: aload         6
        67: invokeinterface #215,  1          // InterfaceMethod java/util/Iterator.next:()Ljava/lang/Object;
        72: checkcast     #83                 // class net/minecraft/server/level/ServerPlayer
        75: astore        7
        77: aload         7
        79: invokestatic  #511                // Method kr/moonseungjun/villageguardians/VillageRespawnSystem.isDowned:(Lnet/minecraft/server/level/ServerPlayer;)Z
        82: ifeq          94
        85: aload         7
        87: ldc_w         #1378               // String 기적의 대성역
        90: invokestatic  #1380               // Method kr/moonseungjun/villageguardians/VillageRespawnSystem.reviveNow:(Lnet/minecraft/server/level/ServerPlayer;Ljava/lang/String;)Z
        93: pop
        94: aload         7
        96: fload_1
        97: invokestatic  #858                // Method healScaled:(Lnet/minecraft/server/level/ServerPlayer;F)V
       100: aload         7
       102: iconst_2
       103: iconst_3
       104: iload_2
       105: invokestatic  #193                // Method java/lang/Math.min:(II)I
       108: iadd
       109: invokestatic  #1384               // Method lowHealthAmplifier:(Lnet/minecraft/server/level/ServerPlayer;I)I
       112: istore        8
       114: aload         7
       116: new           #149                // class net/minecraft/world/effect/MobEffectInstance
       119: dup
       120: getstatic     #432                // Field net/minecraft/world/effect/MobEffects.ABSORPTION:Lnet/minecraft/core/Holder;
       123: iload_3
       124: iload         8
       126: iconst_0
       127: iconst_0
       128: iconst_1
       129: invokespecial #157                // Method net/minecraft/world/effect/MobEffectInstance."<init>":(Lnet/minecraft/core/Holder;IIZZZ)V
       132: invokevirtual #160                // Method net/minecraft/server/level/ServerPlayer.addEffect:(Lnet/minecraft/world/effect/MobEffectInstance;)Z
       135: pop
       136: aload         7
       138: new           #149                // class net/minecraft/world/effect/MobEffectInstance
       141: dup
       142: getstatic     #862                // Field net/minecraft/world/effect/MobEffects.REGENERATION:Lnet/minecraft/core/Holder;
       145: iload_3
       146: iconst_1
       147: iconst_0
       148: iconst_0
       149: iconst_1
       150: invokespecial #157                // Method net/minecraft/world/effect/MobEffectInstance."<init>":(Lnet/minecraft/core/Holder;IIZZZ)V
       153: invokevirtual #160                // Method net/minecraft/server/level/ServerPlayer.addEffect:(Lnet/minecraft/world/effect/MobEffectInstance;)Z
       156: pop
       157: goto          55
       160: aload_0
       161: invokevirtual #508                // Method net/minecraft/server/level/ServerPlayer.level:()Lnet/minecraft/server/level/ServerLevel;
       164: astore        7
       166: aload         7
       168: instanceof    #77                 // class net/minecraft/server/level/ServerLevel
       171: ifeq          218
       174: aload         7
       176: astore        6
       178: aload         6
       180: aload_0
       181: aload         5
       183: invokestatic  #1388               // Method kr/moonseungjun/villageguardians/VillageSkillEffectSystem.miracle:(Lnet/minecraft/server/level/ServerLevel;Lnet/minecraft/server/level/ServerPlayer;Ljava/util/List;)V
       186: aload         6
       188: aload_0
       189: invokevirtual #164                // Method net/minecraft/server/level/ServerPlayer.position:()Lnet/minecraft/world/phys/Vec3;
       192: getstatic     #408                // Field net/minecraft/sounds/SoundEvents.BEACON_ACTIVATE:Lnet/minecraft/sounds/SoundEvent;
       195: ldc_w         #438                // float 1.4f
       198: ldc_w         #1151               // float 0.82f
       201: invokestatic  #176                // Method play:(Lnet/minecraft/server/level/ServerLevel;Lnet/minecraft/world/phys/Vec3;Lnet/minecraft/sounds/SoundEvent;FF)V
       204: aload         6
       206: aload_0
       207: invokevirtual #164                // Method net/minecraft/server/level/ServerPlayer.position:()Lnet/minecraft/world/phys/Vec3;
       210: getstatic     #1390               // Field net/minecraft/sounds/SoundEvents.TOTEM_USE:Lnet/minecraft/sounds/SoundEvent;
       213: fconst_1
       214: fconst_1
       215: invokestatic  #176                // Method play:(Lnet/minecraft/server/level/ServerLevel;Lnet/minecraft/world/phys/Vec3;Lnet/minecraft/sounds/SoundEvent;FF)V
       218: return

  private static void healScaled(net.minecraft.server.level.ServerPlayer, float);
    Code:
         0: fconst_1
         1: aload_0
         2: invokevirtual #1393               // Method net/minecraft/server/level/ServerPlayer.getHealth:()F
         5: fconst_1
         6: aload_0
         7: invokevirtual #1396               // Method net/minecraft/server/level/ServerPlayer.getMaxHealth:()F
        10: invokestatic  #1137               // Method java/lang/Math.max:(FF)F
        13: fdiv
        14: fsub
        15: fstore_2
        16: aload_0
        17: invokevirtual #82                 // Method net/minecraft/server/level/ServerPlayer.getUUID:()Ljava/util/UUID;
        20: invokestatic  #610                // Method kr/moonseungjun/villageguardians/VillageCouncilState.roleOf:(Ljava/util/UUID;)Ljava/util/Optional;
        23: aconst_null
        24: invokevirtual #614                // Method java/util/Optional.orElse:(Ljava/lang/Object;)Ljava/lang/Object;
        27: getstatic     #1399               // Field kr/moonseungjun/villageguardians/VillageRole.LUMINAR:Lkr/moonseungjun/villageguardians/VillageRole;
        30: if_acmpne     37
        33: fconst_1
        34: goto          38
        37: fconst_1
        38: fstore_3
        39: fload_2
        40: ldc_w         #1402               // float 0.75f
        43: fcmpl
        44: iflt          56
        47: fload_3
        48: ldc_w         #1403               // float 1.75f
        51: fmul
        52: fstore_3
        53: goto          86
        56: fload_2
        57: ldc_w         #1404               // float 0.5f
        60: fcmpl
        61: iflt          73
        64: fload_3
        65: ldc_w         #1278               // float 1.45f
        68: fmul
        69: fstore_3
        70: goto          86
        73: fload_2
        74: ldc_w         #427                // float 0.25f
        77: fcmpl
        78: iflt          86
        81: fload_3
        82: ldc           #174                // float 1.2f
        84: fmul
        85: fstore_3
        86: aload_0
        87: fload_1
        88: fload_3
        89: fmul
        90: invokevirtual #624                // Method net/minecraft/server/level/ServerPlayer.heal:(F)V
        93: return

  private static int lowHealthAmplifier(net.minecraft.server.level.ServerPlayer, int);
    Code:
         0: aload_0
         1: invokevirtual #1393               // Method net/minecraft/server/level/ServerPlayer.getHealth:()F
         4: fconst_1
         5: aload_0
         6: invokevirtual #1396               // Method net/minecraft/server/level/ServerPlayer.getMaxHealth:()F
         9: invokestatic  #1137               // Method java/lang/Math.max:(FF)F
        12: fdiv
        13: fstore_2
        14: fload_2
        15: ldc_w         #427                // float 0.25f
        18: fcmpg
        19: ifgt          26
        22: iload_1
        23: iconst_2
        24: iadd
        25: ireturn
        26: fload_2
        27: ldc_w         #1404               // float 0.5f
        30: fcmpg
        31: ifgt          38
        34: iload_1
        35: iconst_1
        36: iadd
        37: ireturn
        38: iload_1
        39: ireturn

  private static void launchFireOrb(net.minecraft.server.level.ServerLevel, net.minecraft.server.level.ServerPlayer, double, int, float, double, int, net.minecraft.world.phys.Vec3);
    Code:
         0: aload         9
         2: invokevirtual #706                // Method net/minecraft/world/phys/Vec3.normalize:()Lnet/minecraft/world/phys/Vec3;
         5: astore        10
         7: aload_1
         8: invokevirtual #548                // Method net/minecraft/server/level/ServerPlayer.getEyePosition:()Lnet/minecraft/world/phys/Vec3;
        11: aload         10
        13: ldc2_w        #1405               // double 0.8d
        16: invokevirtual #253                // Method net/minecraft/world/phys/Vec3.scale:(D)Lnet/minecraft/world/phys/Vec3;
        19: invokevirtual #553                // Method net/minecraft/world/phys/Vec3.add:(Lnet/minecraft/world/phys/Vec3;)Lnet/minecraft/world/phys/Vec3;
        22: astore        11
        24: getstatic     #1407               // Field net/minecraft/world/entity/EntityTypes.SNOWBALL:Lnet/minecraft/world/entity/EntityType;
        27: aload_0
        28: getstatic     #1413               // Field net/minecraft/world/entity/EntitySpawnReason.EVENT:Lnet/minecraft/world/entity/EntitySpawnReason;
        31: invokevirtual #1419               // Method net/minecraft/world/entity/EntityType.create:(Lnet/minecraft/world/level/Level;Lnet/minecraft/world/entity/EntitySpawnReason;)Lnet/minecraft/world/entity/Entity;
        34: checkcast     #1425               // class net/minecraft/world/entity/projectile/throwableitemprojectile/Snowball
        37: astore        12
        39: aload         12
        41: ifnonnull     45
        44: return
        45: aload         12
        47: aload_1
        48: invokevirtual #1427               // Method net/minecraft/world/entity/projectile/throwableitemprojectile/Snowball.setOwner:(Lnet/minecraft/world/entity/Entity;)V
        51: aload         12
        53: getstatic     #1249               // Field net/minecraft/world/item/ItemStack.EMPTY:Lnet/minecraft/world/item/ItemStack;
        56: invokevirtual #1431               // Method net/minecraft/world/entity/projectile/throwableitemprojectile/Snowball.setItem:(Lnet/minecraft/world/item/ItemStack;)V
        59: aload         12
        61: iconst_1
        62: invokevirtual #1435               // Method net/minecraft/world/entity/projectile/throwableitemprojectile/Snowball.setInvisible:(Z)V
        65: aload         12
        67: aload         11
        69: getfield      #830                // Field net/minecraft/world/phys/Vec3.x:D
        72: aload         11
        74: getfield      #1438               // Field net/minecraft/world/phys/Vec3.y:D
        77: aload         11
        79: getfield      #834                // Field net/minecraft/world/phys/Vec3.z:D
        82: invokevirtual #1441               // Method net/minecraft/world/entity/projectile/throwableitemprojectile/Snowball.setPos:(DDD)V
        85: aload         12
        87: iconst_1
        88: invokevirtual #1444               // Method net/minecraft/world/entity/projectile/throwableitemprojectile/Snowball.setNoGravity:(Z)V
        91: aload         12
        93: aload         10
        95: dload_2
        96: invokevirtual #253                // Method net/minecraft/world/phys/Vec3.scale:(D)Lnet/minecraft/world/phys/Vec3;
        99: invokevirtual #1445               // Method net/minecraft/world/entity/projectile/throwableitemprojectile/Snowball.setDeltaMovement:(Lnet/minecraft/world/phys/Vec3;)V
       102: aload_0
       103: aload         12
       105: invokevirtual #1446               // Method net/minecraft/server/level/ServerLevel.addFreshEntity:(Lnet/minecraft/world/entity/Entity;)Z
       108: ifne          112
       111: return
       112: aload_0
       113: aload_1
       114: aload         11
       116: aload         10
       118: iload         4
       120: dload_2
       121: d2f
       122: iload         8
       124: invokestatic  #1449               // Method kr/moonseungjun/villageguardians/VillageSkillEffectSystem.fireOrb:(Lnet/minecraft/server/level/ServerLevel;Lnet/minecraft/server/level/ServerPlayer;Lnet/minecraft/world/phys/Vec3;Lnet/minecraft/world/phys/Vec3;IFI)Lkr/moonseungjun/villageguardians/VillageSkillEffectEntity;
       127: astore        13
       129: getstatic     #61                 // Field MOVING:Ljava/util/Map;
       132: aload         12
       134: invokevirtual #1453               // Method net/minecraft/world/entity/projectile/throwableitemprojectile/Snowball.getUUID:()Ljava/util/UUID;
       137: new           #868                // class kr/moonseungjun/villageguardians/VillageRoleAbilitySystem$MovingSkill
       140: dup
       141: aload_1
       142: invokevirtual #82                 // Method net/minecraft/server/level/ServerPlayer.getUUID:()Ljava/util/UUID;
       145: getstatic     #1454               // Field kr/moonseungjun/villageguardians/VillageRoleAbilitySystem$MovingKind.FIRE_ORB:Lkr/moonseungjun/villageguardians/VillageRoleAbilitySystem$MovingKind;
       148: iload         4
       150: fload         5
       152: dload         6
       154: iload         8
       156: aload         11
       158: aload         13
       160: ifnonnull     167
       163: aconst_null
       164: goto          172
       167: aload         13
       169: invokevirtual #1457               // Method kr/moonseungjun/villageguardians/VillageSkillEffectEntity.getUUID:()Ljava/util/UUID;
       172: invokespecial #1460               // Method kr/moonseungjun/villageguardians/VillageRoleAbilitySystem$MovingSkill."<init>":(Ljava/util/UUID;Lkr/moonseungjun/villageguardians/VillageRoleAbilitySystem$MovingKind;IFDILnet/minecraft/world/phys/Vec3;Ljava/util/UUID;)V
       175: invokeinterface #137,  3          // InterfaceMethod java/util/Map.put:(Ljava/lang/Object;Ljava/lang/Object;)Ljava/lang/Object;
       180: pop
       181: return

  private static void launchMoving(net.minecraft.server.level.ServerLevel, net.minecraft.server.level.ServerPlayer, kr.moonseungjun.villageguardians.VillageRoleAbilitySystem$MovingKind, net.minecraft.world.item.ItemStack, double, int, float, double, int, net.minecraft.world.phys.Vec3);
    Code:
         0: aload_0
         1: aload_1
         2: aload_2
         3: aload_3
         4: dload         4
         6: iload         6
         8: fload         7
        10: dload         8
        12: iload         10
        14: aload_1
        15: invokevirtual #548                // Method net/minecraft/server/level/ServerPlayer.getEyePosition:()Lnet/minecraft/world/phys/Vec3;
        18: aload         11
        20: ldc2_w        #1405               // double 0.8d
        23: invokevirtual #253                // Method net/minecraft/world/phys/Vec3.scale:(D)Lnet/minecraft/world/phys/Vec3;
        26: invokevirtual #553                // Method net/minecraft/world/phys/Vec3.add:(Lnet/minecraft/world/phys/Vec3;)Lnet/minecraft/world/phys/Vec3;
        29: aload         11
        31: invokestatic  #1256               // Method launchMovingAt:(Lnet/minecraft/server/level/ServerLevel;Lnet/minecraft/server/level/ServerPlayer;Lkr/moonseungjun/villageguardians/VillageRoleAbilitySystem$MovingKind;Lnet/minecraft/world/item/ItemStack;DIFDILnet/minecraft/world/phys/Vec3;Lnet/minecraft/world/phys/Vec3;)V
        34: return

  private static void launchMovingAt(net.minecraft.server.level.ServerLevel, net.minecraft.server.level.ServerPlayer, kr.moonseungjun.villageguardians.VillageRoleAbilitySystem$MovingKind, net.minecraft.world.item.ItemStack, double, int, float, double, int, net.minecraft.world.phys.Vec3, net.minecraft.world.phys.Vec3);
    Code:
         0: getstatic     #1407               // Field net/minecraft/world/entity/EntityTypes.SNOWBALL:Lnet/minecraft/world/entity/EntityType;
         3: aload_0
         4: getstatic     #1413               // Field net/minecraft/world/entity/EntitySpawnReason.EVENT:Lnet/minecraft/world/entity/EntitySpawnReason;
         7: invokevirtual #1419               // Method net/minecraft/world/entity/EntityType.create:(Lnet/minecraft/world/level/Level;Lnet/minecraft/world/entity/EntitySpawnReason;)Lnet/minecraft/world/entity/Entity;
        10: checkcast     #1425               // class net/minecraft/world/entity/projectile/throwableitemprojectile/Snowball
        13: astore        13
        15: aload         13
        17: ifnonnull     21
        20: return
        21: aload         13
        23: aload_1
        24: invokevirtual #1427               // Method net/minecraft/world/entity/projectile/throwableitemprojectile/Snowball.setOwner:(Lnet/minecraft/world/entity/Entity;)V
        27: aload         13
        29: getstatic     #1249               // Field net/minecraft/world/item/ItemStack.EMPTY:Lnet/minecraft/world/item/ItemStack;
        32: invokevirtual #1431               // Method net/minecraft/world/entity/projectile/throwableitemprojectile/Snowball.setItem:(Lnet/minecraft/world/item/ItemStack;)V
        35: aload         13
        37: iconst_1
        38: invokevirtual #1435               // Method net/minecraft/world/entity/projectile/throwableitemprojectile/Snowball.setInvisible:(Z)V
        41: aload         13
        43: aload         11
        45: getfield      #830                // Field net/minecraft/world/phys/Vec3.x:D
        48: aload         11
        50: getfield      #1438               // Field net/minecraft/world/phys/Vec3.y:D
        53: aload         11
        55: getfield      #834                // Field net/minecraft/world/phys/Vec3.z:D
        58: invokevirtual #1441               // Method net/minecraft/world/entity/projectile/throwableitemprojectile/Snowball.setPos:(DDD)V
        61: aload         13
        63: iconst_1
        64: invokevirtual #1444               // Method net/minecraft/world/entity/projectile/throwableitemprojectile/Snowball.setNoGravity:(Z)V
        67: aload         13
        69: aload         12
        71: invokevirtual #706                // Method net/minecraft/world/phys/Vec3.normalize:()Lnet/minecraft/world/phys/Vec3;
        74: dload         4
        76: invokevirtual #253                // Method net/minecraft/world/phys/Vec3.scale:(D)Lnet/minecraft/world/phys/Vec3;
        79: invokevirtual #1445               // Method net/minecraft/world/entity/projectile/throwableitemprojectile/Snowball.setDeltaMovement:(Lnet/minecraft/world/phys/Vec3;)V
        82: aload_0
        83: aload         13
        85: invokevirtual #1446               // Method net/minecraft/server/level/ServerLevel.addFreshEntity:(Lnet/minecraft/world/entity/Entity;)Z
        88: ifne          92
        91: return
        92: getstatic     #61                 // Field MOVING:Ljava/util/Map;
        95: aload         13
        97: invokevirtual #1453               // Method net/minecraft/world/entity/projectile/throwableitemprojectile/Snowball.getUUID:()Ljava/util/UUID;
       100: new           #868                // class kr/moonseungjun/villageguardians/VillageRoleAbilitySystem$MovingSkill
       103: dup
       104: aload_1
       105: invokevirtual #82                 // Method net/minecraft/server/level/ServerPlayer.getUUID:()Ljava/util/UUID;
       108: aload_2
       109: iload         6
       111: fload         7
       113: dload         8
       115: iload         10
       117: aload         11
       119: aconst_null
       120: invokespecial #1460               // Method kr/moonseungjun/villageguardians/VillageRoleAbilitySystem$MovingSkill."<init>":(Ljava/util/UUID;Lkr/moonseungjun/villageguardians/VillageRoleAbilitySystem$MovingKind;IFDILnet/minecraft/world/phys/Vec3;Ljava/util/UUID;)V
       123: invokeinterface #137,  3          // InterfaceMethod java/util/Map.put:(Ljava/lang/Object;Ljava/lang/Object;)Ljava/lang/Object;
       128: pop
       129: return

  private static void spawnSideArrow(net.minecraft.server.level.ServerLevel, net.minecraft.server.level.ServerPlayer, net.minecraft.world.entity.projectile.arrow.AbstractArrow, double);
    Code:
         0: new           #1463               // class net/minecraft/world/entity/projectile/arrow/Arrow
         3: dup
         4: aload_0
         5: aload_1
         6: new           #1005               // class net/minecraft/world/item/ItemStack
         9: dup
        10: getstatic     #1169               // Field net/minecraft/world/item/Items.ARROW:Lnet/minecraft/world/item/Item;
        13: invokespecial #1175               // Method net/minecraft/world/item/ItemStack."<init>":(Lnet/minecraft/world/level/ItemLike;)V
        16: new           #1005               // class net/minecraft/world/item/ItemStack
        19: dup
        20: getstatic     #1465               // Field net/minecraft/world/item/Items.BOW:Lnet/minecraft/world/item/Item;
        23: invokespecial #1175               // Method net/minecraft/world/item/ItemStack."<init>":(Lnet/minecraft/world/level/ItemLike;)V
        26: invokespecial #1468               // Method net/minecraft/world/entity/projectile/arrow/Arrow."<init>":(Lnet/minecraft/world/level/Level;Lnet/minecraft/world/entity/LivingEntity;Lnet/minecraft/world/item/ItemStack;Lnet/minecraft/world/item/ItemStack;)V
        29: astore        5
        31: aload         5
        33: aload_2
        34: invokevirtual #1471               // Method net/minecraft/world/entity/projectile/arrow/AbstractArrow.getX:()D
        37: aload_2
        38: invokevirtual #1474               // Method net/minecraft/world/entity/projectile/arrow/AbstractArrow.getY:()D
        41: aload_2
        42: invokevirtual #1477               // Method net/minecraft/world/entity/projectile/arrow/AbstractArrow.getZ:()D
        45: invokevirtual #1480               // Method net/minecraft/world/entity/projectile/arrow/Arrow.setPos:(DDD)V
        48: aload_2
        49: invokevirtual #682                // Method net/minecraft/world/entity/projectile/arrow/AbstractArrow.getDeltaMovement:()Lnet/minecraft/world/phys/Vec3;
        52: dload_3
        53: invokestatic  #1481               // Method java/lang/Math.toRadians:(D)D
        56: invokestatic  #1484               // Method rotateY:(Lnet/minecraft/world/phys/Vec3;D)Lnet/minecraft/world/phys/Vec3;
        59: astore        6
        61: aload         5
        63: aload         6
        65: invokevirtual #1488               // Method net/minecraft/world/entity/projectile/arrow/Arrow.setDeltaMovement:(Lnet/minecraft/world/phys/Vec3;)V
        68: aload         5
        70: ldc2_w        #1489               // double 2.0d
        73: invokevirtual #1491               // Method net/minecraft/world/entity/projectile/arrow/Arrow.setBaseDamage:(D)V
        76: aload         5
        78: getstatic     #1495               // Field net/minecraft/world/entity/projectile/arrow/AbstractArrow$Pickup.DISALLOWED:Lnet/minecraft/world/entity/projectile/arrow/AbstractArrow$Pickup;
        81: putfield      #1501               // Field net/minecraft/world/entity/projectile/arrow/Arrow.pickup:Lnet/minecraft/world/entity/projectile/arrow/AbstractArrow$Pickup;
        84: iconst_1
        85: putstatic     #69                 // Field spawningGeneratedArrow:Z
        88: aload_0
        89: aload         5
        91: invokevirtual #1446               // Method net/minecraft/server/level/ServerLevel.addFreshEntity:(Lnet/minecraft/world/entity/Entity;)Z
        94: pop
        95: iconst_0
        96: putstatic     #69                 // Field spawningGeneratedArrow:Z
        99: goto          111
       102: astore        7
       104: iconst_0
       105: putstatic     #69                 // Field spawningGeneratedArrow:Z
       108: aload         7
       110: athrow
       111: return
      Exception table:
         from    to  target type
            88    95   102   any
           102   104   102   any

  private static net.minecraft.world.entity.Mob lockArrowOnTarget(net.minecraft.server.level.ServerLevel, net.minecraft.server.level.ServerPlayer, net.minecraft.world.entity.projectile.arrow.AbstractArrow);
    Code:
         0: aload_0
         1: aload_1
         2: aload_2
         3: invokevirtual #672                // Method net/minecraft/world/entity/projectile/arrow/AbstractArrow.position:()Lnet/minecraft/world/phys/Vec3;
         6: ldc2_w        #1504               // double 64.0d
         9: invokestatic  #1506               // Method bestAimTarget:(Lnet/minecraft/server/level/ServerLevel;Lnet/minecraft/server/level/ServerPlayer;Lnet/minecraft/world/phys/Vec3;D)Lnet/minecraft/world/entity/Mob;
        12: astore_3
        13: aload_3
        14: ifnonnull     19
        17: aconst_null
        18: areturn
        19: aload_3
        20: invokevirtual #666                // Method net/minecraft/world/entity/Mob.position:()Lnet/minecraft/world/phys/Vec3;
        23: dconst_0
        24: aload_3
        25: invokevirtual #667                // Method net/minecraft/world/entity/Mob.getBbHeight:()F
        28: f2d
        29: ldc2_w        #670                // double 0.58d
        32: dmul
        33: dconst_0
        34: invokevirtual #261                // Method net/minecraft/world/phys/Vec3.add:(DDD)Lnet/minecraft/world/phys/Vec3;
        37: astore        4
        39: aload         4
        41: aload_2
        42: invokevirtual #672                // Method net/minecraft/world/entity/projectile/arrow/AbstractArrow.position:()Lnet/minecraft/world/phys/Vec3;
        45: invokevirtual #673                // Method net/minecraft/world/phys/Vec3.subtract:(Lnet/minecraft/world/phys/Vec3;)Lnet/minecraft/world/phys/Vec3;
        48: astore        5
        50: aload         5
        52: invokevirtual #676                // Method net/minecraft/world/phys/Vec3.lengthSqr:()D
        55: ldc2_w        #700                // double 1.0E-5d
        58: dcmpg
        59: ifge          64
        62: aconst_null
        63: areturn
        64: ldc2_w        #680                // double 2.4d
        67: aload_2
        68: invokevirtual #682                // Method net/minecraft/world/entity/projectile/arrow/AbstractArrow.getDeltaMovement:()Lnet/minecraft/world/phys/Vec3;
        71: invokevirtual #685                // Method net/minecraft/world/phys/Vec3.length:()D
        74: invokestatic  #688                // Method java/lang/Math.max:(DD)D
        77: dstore        6
        79: aload_2
        80: iconst_1
        81: invokevirtual #702                // Method net/minecraft/world/entity/projectile/arrow/AbstractArrow.setNoGravity:(Z)V
        84: aload_2
        85: aload         5
        87: invokevirtual #706                // Method net/minecraft/world/phys/Vec3.normalize:()Lnet/minecraft/world/phys/Vec3;
        90: dload         6
        92: invokevirtual #253                // Method net/minecraft/world/phys/Vec3.scale:(D)Lnet/minecraft/world/phys/Vec3;
        95: invokevirtual #709                // Method net/minecraft/world/entity/projectile/arrow/AbstractArrow.setDeltaMovement:(Lnet/minecraft/world/phys/Vec3;)V
        98: aload_2
        99: iconst_1
       100: putfield      #710                // Field net/minecraft/world/entity/projectile/arrow/AbstractArrow.hurtMarked:Z
       103: aload_3
       104: areturn

  private static void aimAssist(net.minecraft.server.level.ServerLevel, net.minecraft.server.level.ServerPlayer, net.minecraft.world.entity.projectile.arrow.AbstractArrow, double);
    Code:
         0: aload_2
         1: invokevirtual #682                // Method net/minecraft/world/entity/projectile/arrow/AbstractArrow.getDeltaMovement:()Lnet/minecraft/world/phys/Vec3;
         4: astore        5
         6: aload         5
         8: invokevirtual #685                // Method net/minecraft/world/phys/Vec3.length:()D
        11: dstore        6
        13: dload         6
        15: ldc2_w        #1510               // double 0.1d
        18: dcmpg
        19: ifge          23
        22: return
        23: aload_0
        24: aload_1
        25: aload_2
        26: invokevirtual #672                // Method net/minecraft/world/entity/projectile/arrow/AbstractArrow.position:()Lnet/minecraft/world/phys/Vec3;
        29: ldc2_w        #1512               // double 48.0d
        32: invokestatic  #1506               // Method bestAimTarget:(Lnet/minecraft/server/level/ServerLevel;Lnet/minecraft/server/level/ServerPlayer;Lnet/minecraft/world/phys/Vec3;D)Lnet/minecraft/world/entity/Mob;
        35: astore        8
        37: aload         8
        39: ifnonnull     43
        42: return
        43: aload         8
        45: invokevirtual #666                // Method net/minecraft/world/entity/Mob.position:()Lnet/minecraft/world/phys/Vec3;
        48: dconst_0
        49: aload         8
        51: invokevirtual #667                // Method net/minecraft/world/entity/Mob.getBbHeight:()F
        54: f2d
        55: ldc2_w        #670                // double 0.58d
        58: dmul
        59: dconst_0
        60: invokevirtual #261                // Method net/minecraft/world/phys/Vec3.add:(DDD)Lnet/minecraft/world/phys/Vec3;
        63: astore        9
        65: aload         9
        67: aload_2
        68: invokevirtual #672                // Method net/minecraft/world/entity/projectile/arrow/AbstractArrow.position:()Lnet/minecraft/world/phys/Vec3;
        71: invokevirtual #673                // Method net/minecraft/world/phys/Vec3.subtract:(Lnet/minecraft/world/phys/Vec3;)Lnet/minecraft/world/phys/Vec3;
        74: invokevirtual #706                // Method net/minecraft/world/phys/Vec3.normalize:()Lnet/minecraft/world/phys/Vec3;
        77: astore        10
        79: dconst_0
        80: ldc2_w        #1514               // double 0.45d
        83: dload_3
        84: invokestatic  #695                // Method java/lang/Math.min:(DD)D
        87: invokestatic  #688                // Method java/lang/Math.max:(DD)D
        90: dstore        11
        92: aload         5
        94: invokevirtual #706                // Method net/minecraft/world/phys/Vec3.normalize:()Lnet/minecraft/world/phys/Vec3;
        97: dconst_1
        98: dload         11
       100: dsub
       101: invokevirtual #253                // Method net/minecraft/world/phys/Vec3.scale:(D)Lnet/minecraft/world/phys/Vec3;
       104: aload         10
       106: dload         11
       108: invokevirtual #253                // Method net/minecraft/world/phys/Vec3.scale:(D)Lnet/minecraft/world/phys/Vec3;
       111: invokevirtual #553                // Method net/minecraft/world/phys/Vec3.add:(Lnet/minecraft/world/phys/Vec3;)Lnet/minecraft/world/phys/Vec3;
       114: invokevirtual #706                // Method net/minecraft/world/phys/Vec3.normalize:()Lnet/minecraft/world/phys/Vec3;
       117: astore        13
       119: aload_2
       120: aload         13
       122: dload         6
       124: invokevirtual #253                // Method net/minecraft/world/phys/Vec3.scale:(D)Lnet/minecraft/world/phys/Vec3;
       127: invokevirtual #709                // Method net/minecraft/world/entity/projectile/arrow/AbstractArrow.setDeltaMovement:(Lnet/minecraft/world/phys/Vec3;)V
       130: aload_2
       131: iconst_1
       132: putfield      #710                // Field net/minecraft/world/entity/projectile/arrow/AbstractArrow.hurtMarked:Z
       135: return

  private static net.minecraft.world.entity.Mob bestAimTarget(net.minecraft.server.level.ServerLevel, net.minecraft.server.level.ServerPlayer, net.minecraft.world.phys.Vec3, double);
    Code:
         0: aload_1
         1: invokestatic  #108                // Method lookDirection:(Lnet/minecraft/server/level/ServerPlayer;)Lnet/minecraft/world/phys/Vec3;
         4: astore        5
         6: aload_0
         7: aload_1
         8: aload_1
         9: invokevirtual #164                // Method net/minecraft/server/level/ServerPlayer.position:()Lnet/minecraft/world/phys/Vec3;
        12: dload_3
        13: bipush        80
        15: invokestatic  #778                // Method targetsNear:(Lnet/minecraft/server/level/ServerLevel;Lnet/minecraft/server/level/ServerPlayer;Lnet/minecraft/world/phys/Vec3;DI)Ljava/util/List;
        18: invokeinterface #1325,  1         // InterfaceMethod java/util/List.stream:()Ljava/util/stream/Stream;
        23: aload_1
        24: dup
        25: invokestatic  #1118               // Method java/util/Objects.requireNonNull:(Ljava/lang/Object;)Ljava/lang/Object;
        28: pop
        29: invokedynamic #1516,  0           // InvokeDynamic #15:test:(Lnet/minecraft/server/level/ServerPlayer;)Ljava/util/function/Predicate;
        34: invokeinterface #1371,  2         // InterfaceMethod java/util/stream/Stream.filter:(Ljava/util/function/Predicate;)Ljava/util/stream/Stream;
        39: aload_2
        40: aload         5
        42: invokedynamic #1517,  0           // InvokeDynamic #16:test:(Lnet/minecraft/world/phys/Vec3;Lnet/minecraft/world/phys/Vec3;)Ljava/util/function/Predicate;
        47: invokeinterface #1371,  2         // InterfaceMethod java/util/stream/Stream.filter:(Ljava/util/function/Predicate;)Ljava/util/stream/Stream;
        52: aload_2
        53: aload         5
        55: invokedynamic #1520,  0           // InvokeDynamic #17:applyAsDouble:(Lnet/minecraft/world/phys/Vec3;Lnet/minecraft/world/phys/Vec3;)Ljava/util/function/ToDoubleFunction;
        60: invokestatic  #1127               // InterfaceMethod java/util/Comparator.comparingDouble:(Ljava/util/function/ToDoubleFunction;)Ljava/util/Comparator;
        63: invokeinterface #1332,  2         // InterfaceMethod java/util/stream/Stream.min:(Ljava/util/Comparator;)Ljava/util/Optional;
        68: aconst_null
        69: invokevirtual #614                // Method java/util/Optional.orElse:(Ljava/lang/Object;)Ljava/lang/Object;
        72: checkcast     #658                // class net/minecraft/world/entity/Mob
        75: areturn

  private static java.util.List<net.minecraft.world.entity.Mob> targetsNear(net.minecraft.server.level.ServerLevel, net.minecraft.server.level.ServerPlayer, net.minecraft.world.phys.Vec3, double, int);
    Code:
         0: aload_1
         1: invokestatic  #1523               // Method kr/moonseungjun/villageguardians/VillageSkillTestSystem.isEnabled:(Lnet/minecraft/server/level/ServerPlayer;)Z
         4: ifeq          28
         7: aload_0
         8: aload_1
         9: ldc2_w        #1526               // double 40.0d
        12: dload_3
        13: ldc2_w        #1084               // double 8.0d
        16: dadd
        17: invokestatic  #688                // Method java/lang/Math.max:(DD)D
        20: bipush        64
        22: invokestatic  #1528               // Method kr/moonseungjun/villageguardians/VillageSkillTestSystem.targetsNear:(Lnet/minecraft/server/level/ServerLevel;Lnet/minecraft/server/level/ServerPlayer;DI)Ljava/util/List;
        25: goto          41
        28: aload_0
        29: aload_2
        30: dload_3
        31: iload         5
        33: iconst_1
        34: invokestatic  #100                // Method java/lang/Math.max:(II)I
        37: aconst_null
        38: invokestatic  #1531               // Method kr/moonseungjun/villageguardians/VillageRaidSystem.activeEnemiesNear:(Lnet/minecraft/server/level/ServerLevel;Lnet/minecraft/world/phys/Vec3;DILjava/util/UUID;)Ljava/util/List;
        41: astore        6
        43: dload_3
        44: dload_3
        45: dmul
        46: dstore        7
        48: aload         6
        50: invokeinterface #1325,  1         // InterfaceMethod java/util/List.stream:()Ljava/util/stream/Stream;
        55: invokedynamic #1537,  0           // InvokeDynamic #18:test:()Ljava/util/function/Predicate;
        60: invokeinterface #1371,  2         // InterfaceMethod java/util/stream/Stream.filter:(Ljava/util/function/Predicate;)Ljava/util/stream/Stream;
        65: aload_2
        66: dload         7
        68: invokedynamic #1540,  0           // InvokeDynamic #19:test:(Lnet/minecraft/world/phys/Vec3;D)Ljava/util/function/Predicate;
        73: invokeinterface #1371,  2         // InterfaceMethod java/util/stream/Stream.filter:(Ljava/util/function/Predicate;)Ljava/util/stream/Stream;
        78: aload_2
        79: invokedynamic #1543,  0           // InvokeDynamic #20:applyAsDouble:(Lnet/minecraft/world/phys/Vec3;)Ljava/util/function/ToDoubleFunction;
        84: invokestatic  #1127               // InterfaceMethod java/util/Comparator.comparingDouble:(Ljava/util/function/ToDoubleFunction;)Ljava/util/Comparator;
        87: invokeinterface #1546,  2         // InterfaceMethod java/util/stream/Stream.sorted:(Ljava/util/Comparator;)Ljava/util/stream/Stream;
        92: invokeinterface #1375,  1         // InterfaceMethod java/util/stream/Stream.toList:()Ljava/util/List;
        97: astore        9
        99: aload         9
       101: invokeinterface #785,  1          // InterfaceMethod java/util/List.size:()I
       106: iload         5
       108: if_icmpgt     123
       111: new           #1139               // class java/util/ArrayList
       114: dup
       115: aload         9
       117: invokespecial #1550               // Method java/util/ArrayList."<init>":(Ljava/util/Collection;)V
       120: goto          140
       123: new           #1139               // class java/util/ArrayList
       126: dup
       127: aload         9
       129: iconst_0
       130: iload         5
       132: invokeinterface #1553,  3         // InterfaceMethod java/util/List.subList:(II)Ljava/util/List;
       137: invokespecial #1550               // Method java/util/ArrayList."<init>":(Ljava/util/Collection;)V
       140: areturn

  private static void damageRadius(net.minecraft.server.level.ServerLevel, net.minecraft.server.level.ServerPlayer, net.minecraft.world.phys.Vec3, double, int, float, boolean, double, double);
    Code:
         0: aload_0
         1: aload_1
         2: aload_2
         3: dload_3
         4: iload         5
         6: invokestatic  #778                // Method targetsNear:(Lnet/minecraft/server/level/ServerLevel;Lnet/minecraft/server/level/ServerPlayer;Lnet/minecraft/world/phys/Vec3;DI)Ljava/util/List;
         9: invokeinterface #205,  1          // InterfaceMethod java/util/List.iterator:()Ljava/util/Iterator;
        14: astore        12
        16: aload         12
        18: invokeinterface #209,  1          // InterfaceMethod java/util/Iterator.hasNext:()Z
        23: ifeq          93
        26: aload         12
        28: invokeinterface #215,  1          // InterfaceMethod java/util/Iterator.next:()Ljava/lang/Object;
        33: checkcast     #658                // class net/minecraft/world/entity/Mob
        36: astore        13
        38: aload_0
        39: aload         13
        41: fload         6
        43: invokestatic  #810                // Method hurt:(Lnet/minecraft/server/level/ServerLevel;Lnet/minecraft/world/entity/Mob;F)V
        46: iload         7
        48: ifeq          66
        51: aload         13
        53: aload         13
        55: invokevirtual #941                // Method net/minecraft/world/entity/Mob.getRemainingFireTicks:()I
        58: bipush        80
        60: invokestatic  #100                // Method java/lang/Math.max:(II)I
        63: invokevirtual #945                // Method net/minecraft/world/entity/Mob.setRemainingFireTicks:(I)V
        66: dload         8
        68: dconst_0
        69: dcmpl
        70: ifgt          80
        73: dload         10
        75: dconst_0
        76: dcmpl
        77: ifle          90
        80: aload_2
        81: aload         13
        83: dload         8
        85: dload         10
        87: invokestatic  #962                // Method knockFrom:(Lnet/minecraft/world/phys/Vec3;Lnet/minecraft/world/entity/Mob;DD)V
        90: goto          16
        93: return

  private static void pushFront(net.minecraft.server.level.ServerLevel, net.minecraft.server.level.ServerPlayer, double, int, double, double, float);
    Code:
         0: aload_1
         1: invokestatic  #104                // Method horizontalLook:(Lnet/minecraft/server/level/ServerPlayer;)Lnet/minecraft/world/phys/Vec3;
         4: astore        10
         6: aload_0
         7: aload_1
         8: aload_1
         9: invokevirtual #164                // Method net/minecraft/server/level/ServerPlayer.position:()Lnet/minecraft/world/phys/Vec3;
        12: dload_2
        13: ldc2_w        #1489               // double 2.0d
        16: dadd
        17: iload         4
        19: invokestatic  #778                // Method targetsNear:(Lnet/minecraft/server/level/ServerLevel;Lnet/minecraft/server/level/ServerPlayer;Lnet/minecraft/world/phys/Vec3;DI)Ljava/util/List;
        22: invokeinterface #205,  1          // InterfaceMethod java/util/List.iterator:()Ljava/util/Iterator;
        27: astore        11
        29: aload         11
        31: invokeinterface #209,  1          // InterfaceMethod java/util/Iterator.hasNext:()Z
        36: ifeq          144
        39: aload         11
        41: invokeinterface #215,  1          // InterfaceMethod java/util/Iterator.next:()Ljava/lang/Object;
        46: checkcast     #658                // class net/minecraft/world/entity/Mob
        49: astore        12
        51: aload         12
        53: invokevirtual #666                // Method net/minecraft/world/entity/Mob.position:()Lnet/minecraft/world/phys/Vec3;
        56: aload_1
        57: invokevirtual #164                // Method net/minecraft/server/level/ServerPlayer.position:()Lnet/minecraft/world/phys/Vec3;
        60: invokevirtual #673                // Method net/minecraft/world/phys/Vec3.subtract:(Lnet/minecraft/world/phys/Vec3;)Lnet/minecraft/world/phys/Vec3;
        63: astore        13
        65: aload         13
        67: invokevirtual #676                // Method net/minecraft/world/phys/Vec3.lengthSqr:()D
        70: ldc2_w        #840                // double 0.01d
        73: dcmpg
        74: iflt          29
        77: aload         13
        79: invokevirtual #706                // Method net/minecraft/world/phys/Vec3.normalize:()Lnet/minecraft/world/phys/Vec3;
        82: aload         10
        84: invokevirtual #1557               // Method net/minecraft/world/phys/Vec3.dot:(Lnet/minecraft/world/phys/Vec3;)D
        87: ldc2_w        #842                // double 0.2d
        90: dcmpg
        91: ifge          97
        94: goto          29
        97: fload         9
        99: fconst_0
       100: fcmpl
       101: ifle          112
       104: aload_0
       105: aload         12
       107: fload         9
       109: invokestatic  #810                // Method hurt:(Lnet/minecraft/server/level/ServerLevel;Lnet/minecraft/world/entity/Mob;F)V
       112: aload         12
       114: aload         10
       116: getfield      #830                // Field net/minecraft/world/phys/Vec3.x:D
       119: dload         5
       121: dmul
       122: dload         7
       124: aload         10
       126: getfield      #834                // Field net/minecraft/world/phys/Vec3.z:D
       129: dload         5
       131: dmul
       132: invokevirtual #844                // Method net/minecraft/world/entity/Mob.push:(DDD)V
       135: aload         12
       137: iconst_1
       138: putfield      #847                // Field net/minecraft/world/entity/Mob.hurtMarked:Z
       141: goto          29
       144: return

  private static void knockFrom(net.minecraft.world.phys.Vec3, net.minecraft.world.entity.Mob, double, double);
    Code:
         0: aload_1
         1: invokevirtual #666                // Method net/minecraft/world/entity/Mob.position:()Lnet/minecraft/world/phys/Vec3;
         4: aload_0
         5: invokevirtual #673                // Method net/minecraft/world/phys/Vec3.subtract:(Lnet/minecraft/world/phys/Vec3;)Lnet/minecraft/world/phys/Vec3;
         8: astore        6
        10: new           #254                // class net/minecraft/world/phys/Vec3
        13: dup
        14: aload         6
        16: getfield      #830                // Field net/minecraft/world/phys/Vec3.x:D
        19: dconst_0
        20: aload         6
        22: getfield      #834                // Field net/minecraft/world/phys/Vec3.z:D
        25: invokespecial #837                // Method net/minecraft/world/phys/Vec3."<init>":(DDD)V
        28: astore        7
        30: aload         7
        32: invokevirtual #676                // Method net/minecraft/world/phys/Vec3.lengthSqr:()D
        35: ldc2_w        #1560               // double 0.001d
        38: dcmpg
        39: ifge          54
        42: new           #254                // class net/minecraft/world/phys/Vec3
        45: dup
        46: dconst_0
        47: dconst_0
        48: dconst_1
        49: invokespecial #837                // Method net/minecraft/world/phys/Vec3."<init>":(DDD)V
        52: astore        7
        54: aload         7
        56: invokevirtual #706                // Method net/minecraft/world/phys/Vec3.normalize:()Lnet/minecraft/world/phys/Vec3;
        59: dload_2
        60: invokevirtual #253                // Method net/minecraft/world/phys/Vec3.scale:(D)Lnet/minecraft/world/phys/Vec3;
        63: astore        7
        65: aload_1
        66: aload         7
        68: getfield      #830                // Field net/minecraft/world/phys/Vec3.x:D
        71: dload         4
        73: aload         7
        75: getfield      #834                // Field net/minecraft/world/phys/Vec3.z:D
        78: invokevirtual #844                // Method net/minecraft/world/entity/Mob.push:(DDD)V
        81: aload_1
        82: iconst_1
        83: putfield      #847                // Field net/minecraft/world/entity/Mob.hurtMarked:Z
        86: return

  private static void hurt(net.minecraft.server.level.ServerLevel, net.minecraft.world.entity.Mob, float);
    Code:
         0: aload_1
         1: aload_0
         2: aload_0
         3: invokevirtual #1562               // Method net/minecraft/server/level/ServerLevel.damageSources:()Lnet/minecraft/world/damagesource/DamageSources;
         6: invokevirtual #1566               // Method net/minecraft/world/damagesource/DamageSources.magic:()Lnet/minecraft/world/damagesource/DamageSource;
         9: ldc_w         #1571               // float 0.1f
        12: fload_2
        13: invokestatic  #1137               // Method java/lang/Math.max:(FF)F
        16: invokevirtual #1572               // Method net/minecraft/world/entity/Mob.hurtServer:(Lnet/minecraft/server/level/ServerLevel;Lnet/minecraft/world/damagesource/DamageSource;F)Z
        19: pop
        20: return

  private static java.util.List<net.minecraft.server.level.ServerPlayer> allies(net.minecraft.server.level.ServerPlayer, double);
    Code:
         0: aload_0
         1: invokevirtual #508                // Method net/minecraft/server/level/ServerPlayer.level:()Lnet/minecraft/server/level/ServerLevel;
         4: invokevirtual #1364               // Method net/minecraft/server/level/ServerLevel.getServer:()Lnet/minecraft/server/MinecraftServer;
         7: astore_3
         8: aload_3
         9: ifnonnull     17
        12: aload_0
        13: invokestatic  #1576               // InterfaceMethod java/util/List.of:(Ljava/lang/Object;)Ljava/util/List;
        16: areturn
        17: dload_1
        18: dconst_0
        19: dcmpg
        20: ifge          29
        23: ldc2_w        #1580               // double 1.7976931348623157E308d
        26: goto          32
        29: dload_1
        30: dload_1
        31: dmul
        32: dstore        4
        34: aload_3
        35: invokevirtual #498                // Method net/minecraft/server/MinecraftServer.getPlayerList:()Lnet/minecraft/server/players/PlayerList;
        38: invokevirtual #502                // Method net/minecraft/server/players/PlayerList.getPlayers:()Ljava/util/List;
        41: invokeinterface #1325,  1         // InterfaceMethod java/util/List.stream:()Ljava/util/stream/Stream;
        46: aload_0
        47: invokedynamic #1582,  0           // InvokeDynamic #21:test:(Lnet/minecraft/server/level/ServerPlayer;)Ljava/util/function/Predicate;
        52: invokeinterface #1371,  2         // InterfaceMethod java/util/stream/Stream.filter:(Ljava/util/function/Predicate;)Ljava/util/stream/Stream;
        57: aload_0
        58: dload         4
        60: invokedynamic #1583,  0           // InvokeDynamic #22:test:(Lnet/minecraft/server/level/ServerPlayer;D)Ljava/util/function/Predicate;
        65: invokeinterface #1371,  2         // InterfaceMethod java/util/stream/Stream.filter:(Ljava/util/function/Predicate;)Ljava/util/stream/Stream;
        70: invokeinterface #1375,  1         // InterfaceMethod java/util/stream/Stream.toList:()Ljava/util/List;
        75: areturn

  private static java.util.List<net.minecraft.server.level.ServerPlayer> alliesAt(net.minecraft.server.level.ServerPlayer, net.minecraft.world.phys.Vec3, double);
    Code:
         0: aload_0
         1: invokevirtual #508                // Method net/minecraft/server/level/ServerPlayer.level:()Lnet/minecraft/server/level/ServerLevel;
         4: invokevirtual #1364               // Method net/minecraft/server/level/ServerLevel.getServer:()Lnet/minecraft/server/MinecraftServer;
         7: astore        4
         9: aload         4
        11: ifnonnull     19
        14: aload_0
        15: invokestatic  #1576               // InterfaceMethod java/util/List.of:(Ljava/lang/Object;)Ljava/util/List;
        18: areturn
        19: dload_2
        20: dload_2
        21: dmul
        22: dstore        5
        24: aload         4
        26: invokevirtual #498                // Method net/minecraft/server/MinecraftServer.getPlayerList:()Lnet/minecraft/server/players/PlayerList;
        29: invokevirtual #502                // Method net/minecraft/server/players/PlayerList.getPlayers:()Ljava/util/List;
        32: invokeinterface #1325,  1         // InterfaceMethod java/util/List.stream:()Ljava/util/stream/Stream;
        37: aload_0
        38: invokedynamic #1586,  0           // InvokeDynamic #23:test:(Lnet/minecraft/server/level/ServerPlayer;)Ljava/util/function/Predicate;
        43: invokeinterface #1371,  2         // InterfaceMethod java/util/stream/Stream.filter:(Ljava/util/function/Predicate;)Ljava/util/stream/Stream;
        48: aload_1
        49: dload         5
        51: invokedynamic #1587,  0           // InvokeDynamic #24:test:(Lnet/minecraft/world/phys/Vec3;D)Ljava/util/function/Predicate;
        56: invokeinterface #1371,  2         // InterfaceMethod java/util/stream/Stream.filter:(Ljava/util/function/Predicate;)Ljava/util/stream/Stream;
        61: invokeinterface #1375,  1         // InterfaceMethod java/util/stream/Stream.toList:()Ljava/util/List;
        66: areturn

  private static net.minecraft.world.phys.Vec3 aimedGround(net.minecraft.server.level.ServerLevel, net.minecraft.server.level.ServerPlayer, double);
    Code:
         0: aload_0
         1: aload_1
         2: dload_2
         3: invokestatic  #1588               // Method aimPoint:(Lnet/minecraft/server/level/ServerLevel;Lnet/minecraft/server/level/ServerPlayer;D)Lnet/minecraft/world/phys/Vec3;
         6: astore        4
         8: aload         4
        10: dconst_0
        11: ldc2_w        #1114               // double 12.0d
        14: dconst_0
        15: invokevirtual #261                // Method net/minecraft/world/phys/Vec3.add:(DDD)Lnet/minecraft/world/phys/Vec3;
        18: astore        5
        20: aload         4
        22: dconst_0
        23: ldc2_w        #1591               // double -48.0d
        26: dconst_0
        27: invokevirtual #261                // Method net/minecraft/world/phys/Vec3.add:(DDD)Lnet/minecraft/world/phys/Vec3;
        30: astore        6
        32: aload_0
        33: new           #883                // class net/minecraft/world/level/ClipContext
        36: dup
        37: aload         5
        39: aload         6
        41: getstatic     #885                // Field net/minecraft/world/level/ClipContext$Block.COLLIDER:Lnet/minecraft/world/level/ClipContext$Block;
        44: getstatic     #891                // Field net/minecraft/world/level/ClipContext$Fluid.NONE:Lnet/minecraft/world/level/ClipContext$Fluid;
        47: aload_1
        48: invokespecial #897                // Method net/minecraft/world/level/ClipContext."<init>":(Lnet/minecraft/world/phys/Vec3;Lnet/minecraft/world/phys/Vec3;Lnet/minecraft/world/level/ClipContext$Block;Lnet/minecraft/world/level/ClipContext$Fluid;Lnet/minecraft/world/entity/Entity;)V
        51: invokevirtual #900                // Method net/minecraft/server/level/ServerLevel.clip:(Lnet/minecraft/world/level/ClipContext;)Lnet/minecraft/world/phys/BlockHitResult;
        54: astore        7
        56: aload         7
        58: invokevirtual #904                // Method net/minecraft/world/phys/BlockHitResult.getType:()Lnet/minecraft/world/phys/HitResult$Type;
        61: getstatic     #1593               // Field net/minecraft/world/phys/HitResult$Type.MISS:Lnet/minecraft/world/phys/HitResult$Type;
        64: if_acmpne     93
        67: new           #254                // class net/minecraft/world/phys/Vec3
        70: dup
        71: aload         4
        73: getfield      #830                // Field net/minecraft/world/phys/Vec3.x:D
        76: aload_1
        77: invokevirtual #1596               // Method net/minecraft/server/level/ServerPlayer.getY:()D
        80: ldc2_w        #1597               // double 0.02d
        83: dadd
        84: aload         4
        86: getfield      #834                // Field net/minecraft/world/phys/Vec3.z:D
        89: invokespecial #837                // Method net/minecraft/world/phys/Vec3."<init>":(DDD)V
        92: areturn
        93: aload         7
        95: invokevirtual #916                // Method net/minecraft/world/phys/BlockHitResult.getLocation:()Lnet/minecraft/world/phys/Vec3;
        98: dconst_0
        99: ldc2_w        #1597               // double 0.02d
       102: dconst_0
       103: invokevirtual #261                // Method net/minecraft/world/phys/Vec3.add:(DDD)Lnet/minecraft/world/phys/Vec3;
       106: areturn

  private static void activateArrowRain(net.minecraft.server.level.ServerLevel, net.minecraft.server.level.ServerPlayer, float, int);
    Code:
         0: aload_0
         1: invokevirtual #76                 // Method net/minecraft/server/level/ServerLevel.getGameTime:()J
         4: lstore        4
         6: ldc2_w        #358                // double 8.5d
         9: iload_3
        10: invokestatic  #320                // Method areaRadius:(DI)D
        13: dstore        6
        15: aload_0
        16: aload_1
        17: ldc2_w        #360                // double 30.0d
        20: iload_3
        21: invokestatic  #332                // Method maximumRange:(DI)D
        24: invokestatic  #335                // Method aimedGround:(Lnet/minecraft/server/level/ServerLevel;Lnet/minecraft/server/level/ServerPlayer;D)Lnet/minecraft/world/phys/Vec3;
        27: astore        8
        29: bipush        42
        31: istore        9
        33: aload_0
        34: aload_1
        35: aload         8
        37: iload         9
        39: dload         6
        41: iload_3
        42: invokestatic  #1599               // Method kr/moonseungjun/villageguardians/VillageSkillEffectSystem.arrowRainField:(Lnet/minecraft/server/level/ServerLevel;Lnet/minecraft/server/level/ServerPlayer;Lnet/minecraft/world/phys/Vec3;IDI)V
        45: iconst_0
        46: istore        10
        48: iload         10
        50: bipush        8
        52: if_icmpge     109
        55: getstatic     #51                 // Field SCHEDULED:Ljava/util/List;
        58: new           #226                // class kr/moonseungjun/villageguardians/VillageRoleAbilitySystem$ScheduledAction
        61: dup
        62: lload         4
        64: ldc2_w        #282                // long 2l
        67: ladd
        68: iload         10
        70: i2l
        71: ldc2_w        #228                // long 4l
        74: lmul
        75: ladd
        76: aload_1
        77: invokevirtual #82                 // Method net/minecraft/server/level/ServerPlayer.getUUID:()Ljava/util/UUID;
        80: getstatic     #1602               // Field kr/moonseungjun/villageguardians/VillageRoleSkillSystem$ActiveSkill.RANGER_RICOCHET:Lkr/moonseungjun/villageguardians/VillageRoleSkillSystem$ActiveSkill;
        83: getstatic     #1605               // Field kr/moonseungjun/villageguardians/VillageRoleAbilitySystem$ActionKind.ARROW_RAIN:Lkr/moonseungjun/villageguardians/VillageRoleAbilitySystem$ActionKind;
        86: fload_2
        87: fconst_1
        88: iload_3
        89: aload         8
        91: getstatic     #583                // Field net/minecraft/world/phys/Vec3.ZERO:Lnet/minecraft/world/phys/Vec3;
        94: invokespecial #236                // Method kr/moonseungjun/villageguardians/VillageRoleAbilitySystem$ScheduledAction."<init>":(JLjava/util/UUID;Lkr/moonseungjun/villageguardians/VillageRoleSkillSystem$ActiveSkill;Lkr/moonseungjun/villageguardians/VillageRoleAbilitySystem$ActionKind;FFILnet/minecraft/world/phys/Vec3;Lnet/minecraft/world/phys/Vec3;)V
        97: invokeinterface #239,  2          // InterfaceMethod java/util/List.add:(Ljava/lang/Object;)Z
       102: pop
       103: iinc          10, 1
       106: goto          48
       109: aload_0
       110: aload_1
       111: invokevirtual #164                // Method net/minecraft/server/level/ServerPlayer.position:()Lnet/minecraft/world/phys/Vec3;
       114: getstatic     #1072               // Field net/minecraft/sounds/SoundEvents.CROSSBOW_SHOOT:Lnet/minecraft/sounds/SoundEvent;
       117: fconst_1
       118: ldc_w         #1402               // float 0.75f
       121: invokestatic  #176                // Method play:(Lnet/minecraft/server/level/ServerLevel;Lnet/minecraft/world/phys/Vec3;Lnet/minecraft/sounds/SoundEvent;FF)V
       124: return

  private static void clearRangerReadies(java.util.UUID);
    Code:
         0: getstatic     #18                 // Field RAPID_UNTIL:Ljava/util/Map;
         3: aload_0
         4: invokeinterface #417,  2          // InterfaceMethod java/util/Map.remove:(Ljava/lang/Object;)Ljava/lang/Object;
         9: pop
        10: getstatic     #21                 // Field RICOCHET_UNTIL:Ljava/util/Map;
        13: aload_0
        14: invokeinterface #417,  2          // InterfaceMethod java/util/Map.remove:(Ljava/lang/Object;)Ljava/lang/Object;
        19: pop
        20: getstatic     #30                 // Field ARROW_RAIN_READY:Ljava/util/Map;
        23: aload_0
        24: invokeinterface #417,  2          // InterfaceMethod java/util/Map.remove:(Ljava/lang/Object;)Ljava/lang/Object;
        29: pop
        30: getstatic     #33                 // Field MEGA_ARROW_READY:Ljava/util/Map;
        33: aload_0
        34: invokeinterface #417,  2          // InterfaceMethod java/util/Map.remove:(Ljava/lang/Object;)Ljava/lang/Object;
        39: pop
        40: return

  private static kr.moonseungjun.villageguardians.VillageRole activeRole(net.minecraft.server.level.ServerPlayer);
    Code:
         0: aload_0
         1: invokestatic  #1523               // Method kr/moonseungjun/villageguardians/VillageSkillTestSystem.isEnabled:(Lnet/minecraft/server/level/ServerPlayer;)Z
         4: ifeq          12
         7: aload_0
         8: invokestatic  #1608               // Method kr/moonseungjun/villageguardians/VillageSkillTestSystem.selectedRole:(Lnet/minecraft/server/level/ServerPlayer;)Lkr/moonseungjun/villageguardians/VillageRole;
        11: areturn
        12: aload_0
        13: invokevirtual #82                 // Method net/minecraft/server/level/ServerPlayer.getUUID:()Ljava/util/UUID;
        16: invokestatic  #610                // Method kr/moonseungjun/villageguardians/VillageCouncilState.roleOf:(Ljava/util/UUID;)Ljava/util/Optional;
        19: aconst_null
        20: invokevirtual #614                // Method java/util/Optional.orElse:(Ljava/lang/Object;)Ljava/lang/Object;
        23: checkcast     #447                // class kr/moonseungjun/villageguardians/VillageRole
        26: areturn

  private static boolean isRangerContext(net.minecraft.server.level.ServerPlayer);
    Code:
         0: aload_0
         1: invokestatic  #1095               // Method activeRole:(Lnet/minecraft/server/level/ServerPlayer;)Lkr/moonseungjun/villageguardians/VillageRole;
         4: getstatic     #1013               // Field kr/moonseungjun/villageguardians/VillageRole.RANGER:Lkr/moonseungjun/villageguardians/VillageRole;
         7: if_acmpne     14
        10: iconst_1
        11: goto          15
        14: iconst_0
        15: ireturn

  private static double areaRadius(double, int);
    Code:
         0: dload_0
         1: dconst_1
         2: iconst_5
         3: iconst_0
         4: iload_2
         5: invokestatic  #100                // Method java/lang/Math.max:(II)I
         8: invokestatic  #193                // Method java/lang/Math.min:(II)I
        11: i2d
        12: ldc2_w        #424                // double 0.08d
        15: dmul
        16: dadd
        17: dmul
        18: dreturn

  private static double maximumRange(double, int);
    Code:
         0: dload_0
         1: iconst_5
         2: iconst_0
         3: iload_2
         4: invokestatic  #100                // Method java/lang/Math.max:(II)I
         7: invokestatic  #193                // Method java/lang/Math.min:(II)I
        10: i2d
        11: ldc2_w        #1611               // double 3.0d
        14: dmul
        15: dadd
        16: dreturn

  private static net.minecraft.world.phys.Vec3 aimPoint(net.minecraft.server.level.ServerLevel, net.minecraft.server.level.ServerPlayer, double);
    Code:
         0: aload_1
         1: invokevirtual #548                // Method net/minecraft/server/level/ServerPlayer.getEyePosition:()Lnet/minecraft/world/phys/Vec3;
         4: astore        4
         6: aload         4
         8: aload_1
         9: invokestatic  #108                // Method lookDirection:(Lnet/minecraft/server/level/ServerPlayer;)Lnet/minecraft/world/phys/Vec3;
        12: dload_2
        13: invokevirtual #253                // Method net/minecraft/world/phys/Vec3.scale:(D)Lnet/minecraft/world/phys/Vec3;
        16: invokevirtual #553                // Method net/minecraft/world/phys/Vec3.add:(Lnet/minecraft/world/phys/Vec3;)Lnet/minecraft/world/phys/Vec3;
        19: astore        5
        21: aload_0
        22: new           #883                // class net/minecraft/world/level/ClipContext
        25: dup
        26: aload         4
        28: aload         5
        30: getstatic     #885                // Field net/minecraft/world/level/ClipContext$Block.COLLIDER:Lnet/minecraft/world/level/ClipContext$Block;
        33: getstatic     #891                // Field net/minecraft/world/level/ClipContext$Fluid.NONE:Lnet/minecraft/world/level/ClipContext$Fluid;
        36: aload_1
        37: invokespecial #897                // Method net/minecraft/world/level/ClipContext."<init>":(Lnet/minecraft/world/phys/Vec3;Lnet/minecraft/world/phys/Vec3;Lnet/minecraft/world/level/ClipContext$Block;Lnet/minecraft/world/level/ClipContext$Fluid;Lnet/minecraft/world/entity/Entity;)V
        40: invokevirtual #900                // Method net/minecraft/server/level/ServerLevel.clip:(Lnet/minecraft/world/level/ClipContext;)Lnet/minecraft/world/phys/BlockHitResult;
        43: astore        6
        45: aload         6
        47: invokevirtual #904                // Method net/minecraft/world/phys/BlockHitResult.getType:()Lnet/minecraft/world/phys/HitResult$Type;
        50: getstatic     #1593               // Field net/minecraft/world/phys/HitResult$Type.MISS:Lnet/minecraft/world/phys/HitResult$Type;
        53: if_acmpne     61
        56: aload         5
        58: goto          66
        61: aload         6
        63: invokevirtual #916                // Method net/minecraft/world/phys/BlockHitResult.getLocation:()Lnet/minecraft/world/phys/Vec3;
        66: areturn

  private static net.minecraft.world.phys.Vec3 lookDirection(net.minecraft.server.level.ServerPlayer);
    Code:
         0: aload_0
         1: invokevirtual #1613               // Method net/minecraft/server/level/ServerPlayer.getLookAngle:()Lnet/minecraft/world/phys/Vec3;
         4: astore_1
         5: aload_1
         6: invokevirtual #676                // Method net/minecraft/world/phys/Vec3.lengthSqr:()D
         9: ldc2_w        #1560               // double 0.001d
        12: dcmpg
        13: ifge          29
        16: new           #254                // class net/minecraft/world/phys/Vec3
        19: dup
        20: dconst_0
        21: dconst_0
        22: dconst_1
        23: invokespecial #837                // Method net/minecraft/world/phys/Vec3."<init>":(DDD)V
        26: goto          33
        29: aload_1
        30: invokevirtual #706                // Method net/minecraft/world/phys/Vec3.normalize:()Lnet/minecraft/world/phys/Vec3;
        33: areturn

  private static net.minecraft.world.phys.Vec3 horizontalLook(net.minecraft.server.level.ServerPlayer);
    Code:
         0: aload_0
         1: invokevirtual #1613               // Method net/minecraft/server/level/ServerPlayer.getLookAngle:()Lnet/minecraft/world/phys/Vec3;
         4: astore_1
         5: new           #254                // class net/minecraft/world/phys/Vec3
         8: dup
         9: aload_1
        10: getfield      #830                // Field net/minecraft/world/phys/Vec3.x:D
        13: dconst_0
        14: aload_1
        15: getfield      #834                // Field net/minecraft/world/phys/Vec3.z:D
        18: invokespecial #837                // Method net/minecraft/world/phys/Vec3."<init>":(DDD)V
        21: astore_2
        22: aload_2
        23: invokevirtual #676                // Method net/minecraft/world/phys/Vec3.lengthSqr:()D
        26: ldc2_w        #1560               // double 0.001d
        29: dcmpg
        30: ifge          46
        33: new           #254                // class net/minecraft/world/phys/Vec3
        36: dup
        37: dconst_0
        38: dconst_0
        39: dconst_1
        40: invokespecial #837                // Method net/minecraft/world/phys/Vec3."<init>":(DDD)V
        43: goto          50
        46: aload_2
        47: invokevirtual #706                // Method net/minecraft/world/phys/Vec3.normalize:()Lnet/minecraft/world/phys/Vec3;
        50: areturn

  private static net.minecraft.world.phys.Vec3 rotateY(net.minecraft.world.phys.Vec3, double);
    Code:
         0: dload_1
         1: invokestatic  #1616               // Method java/lang/Math.cos:(D)D
         4: dstore_3
         5: dload_1
         6: invokestatic  #1619               // Method java/lang/Math.sin:(D)D
         9: dstore        5
        11: new           #254                // class net/minecraft/world/phys/Vec3
        14: dup
        15: aload_0
        16: getfield      #830                // Field net/minecraft/world/phys/Vec3.x:D
        19: dload_3
        20: dmul
        21: aload_0
        22: getfield      #834                // Field net/minecraft/world/phys/Vec3.z:D
        25: dload         5
        27: dmul
        28: dsub
        29: aload_0
        30: getfield      #1438               // Field net/minecraft/world/phys/Vec3.y:D
        33: aload_0
        34: getfield      #830                // Field net/minecraft/world/phys/Vec3.x:D
        37: dload         5
        39: dmul
        40: aload_0
        41: getfield      #834                // Field net/minecraft/world/phys/Vec3.z:D
        44: dload_3
        45: dmul
        46: dadd
        47: invokespecial #837                // Method net/minecraft/world/phys/Vec3."<init>":(DDD)V
        50: areturn

  private static net.minecraft.world.phys.Vec3 randomPointInCircle(net.minecraft.server.level.ServerLevel, net.minecraft.world.phys.Vec3, double);
    Code:
         0: aload_0
         1: invokevirtual #1622               // Method net/minecraft/server/level/ServerLevel.getRandom:()Lnet/minecraft/util/RandomSource;
         4: invokeinterface #795,  1          // InterfaceMethod net/minecraft/util/RandomSource.nextDouble:()D
         9: ldc2_w        #1623               // double 3.141592653589793d
        12: dmul
        13: ldc2_w        #1489               // double 2.0d
        16: dmul
        17: dstore        4
        19: aload_0
        20: invokevirtual #1622               // Method net/minecraft/server/level/ServerLevel.getRandom:()Lnet/minecraft/util/RandomSource;
        23: invokeinterface #795,  1          // InterfaceMethod net/minecraft/util/RandomSource.nextDouble:()D
        28: invokestatic  #691                // Method java/lang/Math.sqrt:(D)D
        31: dload_2
        32: dmul
        33: dstore        6
        35: aload_1
        36: dload         4
        38: invokestatic  #1616               // Method java/lang/Math.cos:(D)D
        41: dload         6
        43: dmul
        44: dconst_0
        45: dload         4
        47: invokestatic  #1619               // Method java/lang/Math.sin:(D)D
        50: dload         6
        52: dmul
        53: invokevirtual #261                // Method net/minecraft/world/phys/Vec3.add:(DDD)Lnet/minecraft/world/phys/Vec3;
        56: areturn

  private static void spawnVisualLightning(net.minecraft.server.level.ServerLevel, net.minecraft.world.phys.Vec3);
    Code:
         0: getstatic     #1625               // Field net/minecraft/world/entity/EntityTypes.LIGHTNING_BOLT:Lnet/minecraft/world/entity/EntityType;
         3: aload_0
         4: getstatic     #1413               // Field net/minecraft/world/entity/EntitySpawnReason.EVENT:Lnet/minecraft/world/entity/EntitySpawnReason;
         7: invokevirtual #1419               // Method net/minecraft/world/entity/EntityType.create:(Lnet/minecraft/world/level/Level;Lnet/minecraft/world/entity/EntitySpawnReason;)Lnet/minecraft/world/entity/Entity;
        10: checkcast     #1628               // class net/minecraft/world/entity/LightningBolt
        13: astore_2
        14: aload_2
        15: ifnonnull     19
        18: return
        19: aload_2
        20: iconst_1
        21: invokevirtual #1630               // Method net/minecraft/world/entity/LightningBolt.setVisualOnly:(Z)V
        24: aload_2
        25: aload_1
        26: getfield      #830                // Field net/minecraft/world/phys/Vec3.x:D
        29: aload_1
        30: getfield      #1438               // Field net/minecraft/world/phys/Vec3.y:D
        33: aload_1
        34: getfield      #834                // Field net/minecraft/world/phys/Vec3.z:D
        37: invokevirtual #1633               // Method net/minecraft/world/entity/LightningBolt.setPos:(DDD)V
        40: aload_0
        41: aload_2
        42: invokevirtual #1446               // Method net/minecraft/server/level/ServerLevel.addFreshEntity:(Lnet/minecraft/world/entity/Entity;)Z
        45: pop
        46: return

  private static void play(net.minecraft.server.level.ServerLevel, net.minecraft.world.phys.Vec3, net.minecraft.sounds.SoundEvent, float, float);
    Code:
         0: aload_0
         1: aconst_null
         2: aload_1
         3: invokestatic  #1634               // Method net/minecraft/core/BlockPos.containing:(Lnet/minecraft/core/Position;)Lnet/minecraft/core/BlockPos;
         6: aload_2
         7: getstatic     #1640               // Field net/minecraft/sounds/SoundSource.PLAYERS:Lnet/minecraft/sounds/SoundSource;
        10: fload_3
        11: fload         4
        13: invokevirtual #1646               // Method net/minecraft/server/level/ServerLevel.playSound:(Lnet/minecraft/world/entity/Entity;Lnet/minecraft/core/BlockPos;Lnet/minecraft/sounds/SoundEvent;Lnet/minecraft/sounds/SoundSource;FF)V
        16: return

  private static boolean lambda$alliesAt$1(net.minecraft.world.phys.Vec3, double, net.minecraft.server.level.ServerPlayer);
    Code:
         0: aload_3
         1: invokevirtual #164                // Method net/minecraft/server/level/ServerPlayer.position:()Lnet/minecraft/world/phys/Vec3;
         4: aload_0
         5: invokevirtual #877                // Method net/minecraft/world/phys/Vec3.distanceToSqr:(Lnet/minecraft/world/phys/Vec3;)D
         8: dload_1
         9: dcmpg
        10: ifgt          17
        13: iconst_1
        14: goto          18
        17: iconst_0
        18: ireturn

  private static boolean lambda$alliesAt$0(net.minecraft.server.level.ServerPlayer, net.minecraft.server.level.ServerPlayer);
    Code:
         0: aload_1
         1: invokevirtual #508                // Method net/minecraft/server/level/ServerPlayer.level:()Lnet/minecraft/server/level/ServerLevel;
         4: aload_0
         5: invokevirtual #508                // Method net/minecraft/server/level/ServerPlayer.level:()Lnet/minecraft/server/level/ServerLevel;
         8: if_acmpne     15
        11: iconst_1
        12: goto          16
        15: iconst_0
        16: ireturn

  private static boolean lambda$allies$1(net.minecraft.server.level.ServerPlayer, double, net.minecraft.server.level.ServerPlayer);
    Code:
         0: aload_3
         1: aload_0
         2: invokevirtual #1650               // Method net/minecraft/server/level/ServerPlayer.distanceToSqr:(Lnet/minecraft/world/entity/Entity;)D
         5: dload_1
         6: dcmpg
         7: ifgt          14
        10: iconst_1
        11: goto          15
        14: iconst_0
        15: ireturn

  private static boolean lambda$allies$0(net.minecraft.server.level.ServerPlayer, net.minecraft.server.level.ServerPlayer);
    Code:
         0: aload_1
         1: invokevirtual #508                // Method net/minecraft/server/level/ServerPlayer.level:()Lnet/minecraft/server/level/ServerLevel;
         4: aload_0
         5: invokevirtual #508                // Method net/minecraft/server/level/ServerPlayer.level:()Lnet/minecraft/server/level/ServerLevel;
         8: if_acmpne     15
        11: iconst_1
        12: goto          16
        15: iconst_0
        16: ireturn

  private static double lambda$targetsNear$1(net.minecraft.world.phys.Vec3, net.minecraft.world.entity.Mob);
    Code:
         0: aload_1
         1: invokevirtual #666                // Method net/minecraft/world/entity/Mob.position:()Lnet/minecraft/world/phys/Vec3;
         4: aload_0
         5: invokevirtual #877                // Method net/minecraft/world/phys/Vec3.distanceToSqr:(Lnet/minecraft/world/phys/Vec3;)D
         8: dreturn

  private static boolean lambda$targetsNear$0(net.minecraft.world.phys.Vec3, double, net.minecraft.world.entity.Mob);
    Code:
         0: aload_3
         1: invokevirtual #666                // Method net/minecraft/world/entity/Mob.position:()Lnet/minecraft/world/phys/Vec3;
         4: aload_0
         5: invokevirtual #877                // Method net/minecraft/world/phys/Vec3.distanceToSqr:(Lnet/minecraft/world/phys/Vec3;)D
         8: dload_1
         9: dcmpg
        10: ifgt          17
        13: iconst_1
        14: goto          18
        17: iconst_0
        18: ireturn

  private static double lambda$bestAimTarget$1(net.minecraft.world.phys.Vec3, net.minecraft.world.phys.Vec3, net.minecraft.world.entity.Mob);
    Code:
         0: aload_2
         1: invokevirtual #666                // Method net/minecraft/world/entity/Mob.position:()Lnet/minecraft/world/phys/Vec3;
         4: dconst_0
         5: aload_2
         6: invokevirtual #667                // Method net/minecraft/world/entity/Mob.getBbHeight:()F
         9: f2d
        10: ldc2_w        #670                // double 0.58d
        13: dmul
        14: dconst_0
        15: invokevirtual #261                // Method net/minecraft/world/phys/Vec3.add:(DDD)Lnet/minecraft/world/phys/Vec3;
        18: astore_3
        19: aload_3
        20: aload_0
        21: invokevirtual #673                // Method net/minecraft/world/phys/Vec3.subtract:(Lnet/minecraft/world/phys/Vec3;)Lnet/minecraft/world/phys/Vec3;
        24: astore        4
        26: dconst_0
        27: aload         4
        29: aload_1
        30: invokevirtual #1557               // Method net/minecraft/world/phys/Vec3.dot:(Lnet/minecraft/world/phys/Vec3;)D
        33: invokestatic  #688                // Method java/lang/Math.max:(DD)D
        36: dstore        5
        38: aload_0
        39: aload_1
        40: dload         5
        42: invokevirtual #253                // Method net/minecraft/world/phys/Vec3.scale:(D)Lnet/minecraft/world/phys/Vec3;
        45: invokevirtual #553                // Method net/minecraft/world/phys/Vec3.add:(Lnet/minecraft/world/phys/Vec3;)Lnet/minecraft/world/phys/Vec3;
        48: astore        7
        50: aload_3
        51: aload         7
        53: invokevirtual #877                // Method net/minecraft/world/phys/Vec3.distanceToSqr:(Lnet/minecraft/world/phys/Vec3;)D
        56: dstore        8
        58: dload         8
        60: ldc2_w        #1296               // double 5.0d
        63: dmul
        64: aload         4
        66: invokevirtual #676                // Method net/minecraft/world/phys/Vec3.lengthSqr:()D
        69: ldc2_w        #1653               // double 0.012d
        72: dmul
        73: dadd
        74: dreturn

  private static boolean lambda$bestAimTarget$0(net.minecraft.world.phys.Vec3, net.minecraft.world.phys.Vec3, net.minecraft.world.entity.Mob);
    Code:
         0: aload_2
         1: invokevirtual #666                // Method net/minecraft/world/entity/Mob.position:()Lnet/minecraft/world/phys/Vec3;
         4: dconst_0
         5: aload_2
         6: invokevirtual #667                // Method net/minecraft/world/entity/Mob.getBbHeight:()F
         9: f2d
        10: ldc2_w        #670                // double 0.58d
        13: dmul
        14: dconst_0
        15: invokevirtual #261                // Method net/minecraft/world/phys/Vec3.add:(DDD)Lnet/minecraft/world/phys/Vec3;
        18: astore_3
        19: aload_3
        20: aload_0
        21: invokevirtual #673                // Method net/minecraft/world/phys/Vec3.subtract:(Lnet/minecraft/world/phys/Vec3;)Lnet/minecraft/world/phys/Vec3;
        24: aload_1
        25: invokevirtual #1557               // Method net/minecraft/world/phys/Vec3.dot:(Lnet/minecraft/world/phys/Vec3;)D
        28: ldc2_w        #842                // double 0.2d
        31: dcmpl
        32: ifle          39
        35: iconst_1
        36: goto          40
        39: iconst_0
        40: ireturn

  private static boolean lambda$miracle$0(net.minecraft.server.level.ServerPlayer, net.minecraft.server.level.ServerPlayer);
    Code:
         0: aload_1
         1: invokevirtual #508                // Method net/minecraft/server/level/ServerPlayer.level:()Lnet/minecraft/server/level/ServerLevel;
         4: aload_0
         5: invokevirtual #508                // Method net/minecraft/server/level/ServerPlayer.level:()Lnet/minecraft/server/level/ServerLevel;
         8: if_acmpne     15
        11: iconst_1
        12: goto          16
        15: iconst_0
        16: ireturn

  private static double lambda$healLowestAlly$0(net.minecraft.server.level.ServerPlayer);
    Code:
         0: aload_0
         1: invokevirtual #1393               // Method net/minecraft/server/level/ServerPlayer.getHealth:()F
         4: fconst_1
         5: aload_0
         6: invokevirtual #1396               // Method net/minecraft/server/level/ServerPlayer.getMaxHealth:()F
         9: invokestatic  #1137               // Method java/lang/Math.max:(FF)F
        12: fdiv
        13: f2d
        14: dreturn

  private static boolean lambda$cleanupExpired$9(long, java.util.Map$Entry);
    Code:
         0: aload_2
         1: invokeinterface #636,  1          // InterfaceMethod java/util/Map$Entry.getValue:()Ljava/lang/Object;
         6: checkcast     #132                // class java/lang/Long
         9: invokevirtual #520                // Method java/lang/Long.longValue:()J
        12: lload_0
        13: lcmp
        14: ifge          21
        17: iconst_1
        18: goto          22
        21: iconst_0
        22: ireturn

  private static boolean lambda$cleanupExpired$8(long, java.util.Map$Entry);
    Code:
         0: aload_2
         1: invokeinterface #636,  1          // InterfaceMethod java/util/Map$Entry.getValue:()Ljava/lang/Object;
         6: checkcast     #132                // class java/lang/Long
         9: invokevirtual #520                // Method java/lang/Long.longValue:()J
        12: lload_0
        13: lcmp
        14: ifge          21
        17: iconst_1
        18: goto          22
        21: iconst_0
        22: ireturn

  private static boolean lambda$cleanupExpired$7(long, java.util.Map$Entry);
    Code:
         0: aload_2
         1: invokeinterface #636,  1          // InterfaceMethod java/util/Map$Entry.getValue:()Ljava/lang/Object;
         6: checkcast     #132                // class java/lang/Long
         9: invokevirtual #520                // Method java/lang/Long.longValue:()J
        12: lload_0
        13: lcmp
        14: ifge          21
        17: iconst_1
        18: goto          22
        21: iconst_0
        22: ireturn

  private static boolean lambda$cleanupExpired$6(long, java.util.Map$Entry);
    Code:
         0: aload_2
         1: invokeinterface #636,  1          // InterfaceMethod java/util/Map$Entry.getValue:()Ljava/lang/Object;
         6: checkcast     #302                // class kr/moonseungjun/villageguardians/VillageRoleAbilitySystem$EmpoweredArrowState
         9: invokevirtual #1055               // Method kr/moonseungjun/villageguardians/VillageRoleAbilitySystem$EmpoweredArrowState.until:()J
        12: lload_0
        13: lcmp
        14: ifge          21
        17: iconst_1
        18: goto          22
        21: iconst_0
        22: ireturn

  private static boolean lambda$cleanupExpired$5(long, java.util.Map$Entry);
    Code:
         0: aload_2
         1: invokeinterface #636,  1          // InterfaceMethod java/util/Map$Entry.getValue:()Ljava/lang/Object;
         6: checkcast     #302                // class kr/moonseungjun/villageguardians/VillageRoleAbilitySystem$EmpoweredArrowState
         9: invokevirtual #1055               // Method kr/moonseungjun/villageguardians/VillageRoleAbilitySystem$EmpoweredArrowState.until:()J
        12: lload_0
        13: lcmp
        14: ifge          21
        17: iconst_1
        18: goto          22
        21: iconst_0
        22: ireturn

  private static boolean lambda$cleanupExpired$4(long, java.util.Map$Entry);
    Code:
         0: aload_2
         1: invokeinterface #636,  1          // InterfaceMethod java/util/Map$Entry.getValue:()Ljava/lang/Object;
         6: checkcast     #639                // class kr/moonseungjun/villageguardians/VillageRoleAbilitySystem$TrackingArrowState
         9: invokevirtual #653                // Method kr/moonseungjun/villageguardians/VillageRoleAbilitySystem$TrackingArrowState.until:()J
        12: lload_0
        13: lcmp
        14: ifge          21
        17: iconst_1
        18: goto          22
        21: iconst_0
        22: ireturn

  private static boolean lambda$cleanupExpired$3(long, java.util.Map$Entry);
    Code:
         0: aload_2
         1: invokeinterface #636,  1          // InterfaceMethod java/util/Map$Entry.getValue:()Ljava/lang/Object;
         6: checkcast     #132                // class java/lang/Long
         9: invokevirtual #520                // Method java/lang/Long.longValue:()J
        12: lload_0
        13: lcmp
        14: ifge          21
        17: iconst_1
        18: goto          22
        21: iconst_0
        22: ireturn

  private static boolean lambda$cleanupExpired$2(long, java.util.Map$Entry);
    Code:
         0: aload_2
         1: invokeinterface #636,  1          // InterfaceMethod java/util/Map$Entry.getValue:()Ljava/lang/Object;
         6: checkcast     #132                // class java/lang/Long
         9: invokevirtual #520                // Method java/lang/Long.longValue:()J
        12: lload_0
        13: lcmp
        14: ifge          21
        17: iconst_1
        18: goto          22
        21: iconst_0
        22: ireturn

  private static boolean lambda$cleanupExpired$1(long, java.util.Map$Entry);
    Code:
         0: aload_2
         1: invokeinterface #636,  1          // InterfaceMethod java/util/Map$Entry.getValue:()Ljava/lang/Object;
         6: checkcast     #132                // class java/lang/Long
         9: invokevirtual #520                // Method java/lang/Long.longValue:()J
        12: lload_0
        13: lcmp
        14: ifge          21
        17: iconst_1
        18: goto          22
        21: iconst_0
        22: ireturn

  private static boolean lambda$cleanupExpired$0(long, java.util.Map$Entry);
    Code:
         0: aload_2
         1: invokeinterface #636,  1          // InterfaceMethod java/util/Map$Entry.getValue:()Ljava/lang/Object;
         6: checkcast     #132                // class java/lang/Long
         9: invokevirtual #520                // Method java/lang/Long.longValue:()J
        12: lload_0
        13: lcmp
        14: ifge          21
        17: iconst_1
        18: goto          22
        21: iconst_0
        22: ireturn

  static {};
    Code:
         0: new           #1655               // class java/util/HashMap
         3: dup
         4: invokespecial #1657               // Method java/util/HashMap."<init>":()V
         7: putstatic     #7                  // Field SPIN_UNTIL:Ljava/util/Map;
        10: new           #1655               // class java/util/HashMap
        13: dup
        14: invokespecial #1657               // Method java/util/HashMap."<init>":()V
        17: putstatic     #18                 // Field RAPID_UNTIL:Ljava/util/Map;
        20: new           #1655               // class java/util/HashMap
        23: dup
        24: invokespecial #1657               // Method java/util/HashMap."<init>":()V
        27: putstatic     #21                 // Field RICOCHET_UNTIL:Ljava/util/Map;
        30: new           #1655               // class java/util/HashMap
        33: dup
        34: invokespecial #1657               // Method java/util/HashMap."<init>":()V
        37: putstatic     #24                 // Field RICOCHET_ARROWS:Ljava/util/Map;
        40: new           #1655               // class java/util/HashMap
        43: dup
        44: invokespecial #1657               // Method java/util/HashMap."<init>":()V
        47: putstatic     #27                 // Field TRACKING_ARROWS:Ljava/util/Map;
        50: new           #1655               // class java/util/HashMap
        53: dup
        54: invokespecial #1657               // Method java/util/HashMap."<init>":()V
        57: putstatic     #30                 // Field ARROW_RAIN_READY:Ljava/util/Map;
        60: new           #1655               // class java/util/HashMap
        63: dup
        64: invokespecial #1657               // Method java/util/HashMap."<init>":()V
        67: putstatic     #33                 // Field MEGA_ARROW_READY:Ljava/util/Map;
        70: new           #1655               // class java/util/HashMap
        73: dup
        74: invokespecial #1657               // Method java/util/HashMap."<init>":()V
        77: putstatic     #36                 // Field FORTRESS_UNTIL:Ljava/util/Map;
        80: new           #1655               // class java/util/HashMap
        83: dup
        84: invokespecial #1657               // Method java/util/HashMap."<init>":()V
        87: putstatic     #39                 // Field AEGIS_UNTIL:Ljava/util/Map;
        90: new           #1655               // class java/util/HashMap
        93: dup
        94: invokespecial #1657               // Method java/util/HashMap."<init>":()V
        97: putstatic     #42                 // Field CHARGE_UNTIL:Ljava/util/Map;
       100: new           #1655               // class java/util/HashMap
       103: dup
       104: invokespecial #1657               // Method java/util/HashMap."<init>":()V
       107: putstatic     #45                 // Field LAST_AEGIS_DASH:Ljava/util/Map;
       110: new           #1655               // class java/util/HashMap
       113: dup
       114: invokespecial #1657               // Method java/util/HashMap."<init>":()V
       117: putstatic     #48                 // Field SLAMS:Ljava/util/Map;
       120: new           #1139               // class java/util/ArrayList
       123: dup
       124: invokespecial #1141               // Method java/util/ArrayList."<init>":()V
       127: putstatic     #51                 // Field SCHEDULED:Ljava/util/List;
       130: new           #1139               // class java/util/ArrayList
       133: dup
       134: invokespecial #1141               // Method java/util/ArrayList."<init>":()V
       137: putstatic     #58                 // Field AREAS:Ljava/util/List;
       140: new           #1658               // class java/util/LinkedHashMap
       143: dup
       144: invokespecial #1660               // Method java/util/LinkedHashMap."<init>":()V
       147: putstatic     #61                 // Field MOVING:Ljava/util/Map;
       150: return
}
Compiled from "VillageSkillEffectSystem.java"
public final class kr.moonseungjun.villageguardians.VillageSkillEffectSystem {
  private kr.moonseungjun.villageguardians.VillageSkillEffectSystem();
    Code:
         0: aload_0
         1: invokespecial #1                  // Method java/lang/Object."<init>":()V
         4: return

  public static void reset();
    Code:
         0: return

  public static void startCast(net.minecraft.server.level.ServerLevel, net.minecraft.server.level.ServerPlayer, kr.moonseungjun.villageguardians.VillageRoleSkillSystem$ActiveSkill, int, net.minecraft.world.phys.Vec3);
    Code:
         0: aload_0
         1: ifnull        12
         4: aload_1
         5: ifnull        12
         8: aload_2
         9: ifnonnull     13
        12: return
        13: aload         4
        15: invokestatic  #7                  // Method horizontal:(Lnet/minecraft/world/phys/Vec3;)Lnet/minecraft/world/phys/Vec3;
        18: astore        5
        20: aload         4
        22: invokestatic  #13                 // Method normalized:(Lnet/minecraft/world/phys/Vec3;)Lnet/minecraft/world/phys/Vec3;
        25: astore        6
        27: getstatic     #16                 // Field kr/moonseungjun/villageguardians/VillageSkillEffectSystem$1.$SwitchMap$kr$moonseungjun$villageguardians$VillageRoleSkillSystem$ActiveSkill:[I
        30: aload_2
        31: invokevirtual #22                 // Method kr/moonseungjun/villageguardians/VillageRoleSkillSystem$ActiveSkill.ordinal:()I
        34: iaload
        35: tableswitch   { // 1 to 20
                       1: 128
                       2: 172
                       3: 194
                       4: 216
                       5: 238
                       6: 260
                       7: 282
                       8: 304
                       9: 326
                      10: 326
                      11: 326
                      12: 326
                      13: 329
                      14: 351
                      15: 373
                      16: 376
                      17: 398
                      18: 401
                      19: 423
                      20: 449
                 default: 475
            }
       128: bipush        48
       130: iload_3
       131: iconst_2
       132: idiv
       133: invokestatic  #28                 // Method java/lang/Math.max:(II)I
       136: istore        7
       138: aload_0
       139: aload_1
       140: ldc           #34                 // String vanguard_spin
       142: aload_1
       143: invokevirtual #36                 // Method net/minecraft/server/level/ServerPlayer.position:()Lnet/minecraft/world/phys/Vec3;
       146: aload         5
       148: iload         7
       150: fconst_0
       151: ldc           #42                 // String
       153: invokestatic  #44                 // Method spawn:(Lnet/minecraft/server/level/ServerLevel;Lnet/minecraft/server/level/ServerPlayer;Ljava/lang/String;Lnet/minecraft/world/phys/Vec3;Lnet/minecraft/world/phys/Vec3;IFLjava/lang/String;)Lkr/moonseungjun/villageguardians/VillageSkillEffectEntity;
       156: pop
       157: aload_0
       158: aload_1
       159: ldc           #34                 // String vanguard_spin
       161: iload         7
       163: bipush        8
       165: iadd
       166: invokestatic  #48                 // Method kr/moonseungjun/villageguardians/VillageNetwork.sendSkillMotion:(Lnet/minecraft/server/level/ServerLevel;Lnet/minecraft/server/level/ServerPlayer;Ljava/lang/String;I)V
       169: goto          475
       172: aload_0
       173: aload_1
       174: ldc           #54                 // String vanguard_rally
       176: aload_1
       177: invokevirtual #36                 // Method net/minecraft/server/level/ServerPlayer.position:()Lnet/minecraft/world/phys/Vec3;
       180: aload         5
       182: bipush        60
       184: fconst_0
       185: ldc           #42                 // String
       187: invokestatic  #44                 // Method spawn:(Lnet/minecraft/server/level/ServerLevel;Lnet/minecraft/server/level/ServerPlayer;Ljava/lang/String;Lnet/minecraft/world/phys/Vec3;Lnet/minecraft/world/phys/Vec3;IFLjava/lang/String;)Lkr/moonseungjun/villageguardians/VillageSkillEffectEntity;
       190: pop
       191: goto          475
       194: aload_0
       195: aload_1
       196: ldc           #56                 // String vanguard_blade_charge
       198: aload_1
       199: invokevirtual #36                 // Method net/minecraft/server/level/ServerPlayer.position:()Lnet/minecraft/world/phys/Vec3;
       202: aload         5
       204: bipush        26
       206: fconst_0
       207: ldc           #42                 // String
       209: invokestatic  #44                 // Method spawn:(Lnet/minecraft/server/level/ServerLevel;Lnet/minecraft/server/level/ServerPlayer;Ljava/lang/String;Lnet/minecraft/world/phys/Vec3;Lnet/minecraft/world/phys/Vec3;IFLjava/lang/String;)Lkr/moonseungjun/villageguardians/VillageSkillEffectEntity;
       212: pop
       213: goto          475
       216: aload_0
       217: aload_1
       218: ldc           #58                 // String vanguard_slam_charge
       220: aload_1
       221: invokevirtual #36                 // Method net/minecraft/server/level/ServerPlayer.position:()Lnet/minecraft/world/phys/Vec3;
       224: aload         5
       226: bipush        44
       228: fconst_0
       229: ldc           #42                 // String
       231: invokestatic  #44                 // Method spawn:(Lnet/minecraft/server/level/ServerLevel;Lnet/minecraft/server/level/ServerPlayer;Ljava/lang/String;Lnet/minecraft/world/phys/Vec3;Lnet/minecraft/world/phys/Vec3;IFLjava/lang/String;)Lkr/moonseungjun/villageguardians/VillageSkillEffectEntity;
       234: pop
       235: goto          475
       238: aload_0
       239: aload_1
       240: ldc           #60                 // String ranger_rapid
       242: aload_1
       243: invokevirtual #36                 // Method net/minecraft/server/level/ServerPlayer.position:()Lnet/minecraft/world/phys/Vec3;
       246: aload         5
       248: bipush        30
       250: fconst_0
       251: ldc           #42                 // String
       253: invokestatic  #44                 // Method spawn:(Lnet/minecraft/server/level/ServerLevel;Lnet/minecraft/server/level/ServerPlayer;Ljava/lang/String;Lnet/minecraft/world/phys/Vec3;Lnet/minecraft/world/phys/Vec3;IFLjava/lang/String;)Lkr/moonseungjun/villageguardians/VillageSkillEffectEntity;
       256: pop
       257: goto          475
       260: aload_0
       261: aload_1
       262: ldc           #62                 // String ranger_focus
       264: aload_1
       265: invokevirtual #36                 // Method net/minecraft/server/level/ServerPlayer.position:()Lnet/minecraft/world/phys/Vec3;
       268: aload         5
       270: bipush        28
       272: fconst_0
       273: ldc           #42                 // String
       275: invokestatic  #44                 // Method spawn:(Lnet/minecraft/server/level/ServerLevel;Lnet/minecraft/server/level/ServerPlayer;Ljava/lang/String;Lnet/minecraft/world/phys/Vec3;Lnet/minecraft/world/phys/Vec3;IFLjava/lang/String;)Lkr/moonseungjun/villageguardians/VillageSkillEffectEntity;
       278: pop
       279: goto          475
       282: aload_0
       283: aload_1
       284: ldc           #62                 // String ranger_focus
       286: aload_1
       287: invokevirtual #36                 // Method net/minecraft/server/level/ServerPlayer.position:()Lnet/minecraft/world/phys/Vec3;
       290: aload         5
       292: bipush        28
       294: fconst_0
       295: ldc           #42                 // String
       297: invokestatic  #44                 // Method spawn:(Lnet/minecraft/server/level/ServerLevel;Lnet/minecraft/server/level/ServerPlayer;Ljava/lang/String;Lnet/minecraft/world/phys/Vec3;Lnet/minecraft/world/phys/Vec3;IFLjava/lang/String;)Lkr/moonseungjun/villageguardians/VillageSkillEffectEntity;
       300: pop
       301: goto          475
       304: aload_0
       305: aload_1
       306: ldc           #64                 // String ranger_energy_charge
       308: aload_1
       309: invokevirtual #36                 // Method net/minecraft/server/level/ServerPlayer.position:()Lnet/minecraft/world/phys/Vec3;
       312: aload         5
       314: bipush        36
       316: fconst_0
       317: ldc           #42                 // String
       319: invokestatic  #44                 // Method spawn:(Lnet/minecraft/server/level/ServerLevel;Lnet/minecraft/server/level/ServerPlayer;Ljava/lang/String;Lnet/minecraft/world/phys/Vec3;Lnet/minecraft/world/phys/Vec3;IFLjava/lang/String;)Lkr/moonseungjun/villageguardians/VillageSkillEffectEntity;
       322: pop
       323: goto          475
       326: goto          475
       329: aload_0
       330: aload_1
       331: ldc           #66                 // String luminar_heal_cast
       333: aload_1
       334: invokevirtual #36                 // Method net/minecraft/server/level/ServerPlayer.position:()Lnet/minecraft/world/phys/Vec3;
       337: aload         5
       339: bipush        32
       341: fconst_0
       342: ldc           #42                 // String
       344: invokestatic  #44                 // Method spawn:(Lnet/minecraft/server/level/ServerLevel;Lnet/minecraft/server/level/ServerPlayer;Ljava/lang/String;Lnet/minecraft/world/phys/Vec3;Lnet/minecraft/world/phys/Vec3;IFLjava/lang/String;)Lkr/moonseungjun/villageguardians/VillageSkillEffectEntity;
       347: pop
       348: goto          475
       351: aload_0
       352: aload_1
       353: ldc           #68                 // String luminar_cleanse_cast
       355: aload_1
       356: invokevirtual #36                 // Method net/minecraft/server/level/ServerPlayer.position:()Lnet/minecraft/world/phys/Vec3;
       359: aload         5
       361: bipush        44
       363: fconst_0
       364: ldc           #42                 // String
       366: invokestatic  #44                 // Method spawn:(Lnet/minecraft/server/level/ServerLevel;Lnet/minecraft/server/level/ServerPlayer;Ljava/lang/String;Lnet/minecraft/world/phys/Vec3;Lnet/minecraft/world/phys/Vec3;IFLjava/lang/String;)Lkr/moonseungjun/villageguardians/VillageSkillEffectEntity;
       369: pop
       370: goto          475
       373: goto          475
       376: aload_0
       377: aload_1
       378: ldc           #70                 // String luminar_miracle_cast
       380: aload_1
       381: invokevirtual #36                 // Method net/minecraft/server/level/ServerPlayer.position:()Lnet/minecraft/world/phys/Vec3;
       384: aload         5
       386: bipush        72
       388: fconst_0
       389: ldc           #42                 // String
       391: invokestatic  #44                 // Method spawn:(Lnet/minecraft/server/level/ServerLevel;Lnet/minecraft/server/level/ServerPlayer;Ljava/lang/String;Lnet/minecraft/world/phys/Vec3;Lnet/minecraft/world/phys/Vec3;IFLjava/lang/String;)Lkr/moonseungjun/villageguardians/VillageSkillEffectEntity;
       394: pop
       395: goto          475
       398: goto          475
       401: aload_0
       402: aload_1
       403: ldc           #72                 // String warden_taunt
       405: aload_1
       406: invokevirtual #36                 // Method net/minecraft/server/level/ServerPlayer.position:()Lnet/minecraft/world/phys/Vec3;
       409: aload         5
       411: bipush        48
       413: fconst_0
       414: ldc           #42                 // String
       416: invokestatic  #44                 // Method spawn:(Lnet/minecraft/server/level/ServerLevel;Lnet/minecraft/server/level/ServerPlayer;Ljava/lang/String;Lnet/minecraft/world/phys/Vec3;Lnet/minecraft/world/phys/Vec3;IFLjava/lang/String;)Lkr/moonseungjun/villageguardians/VillageSkillEffectEntity;
       419: pop
       420: goto          475
       423: aload_0
       424: aload_1
       425: ldc           #74                 // String warden_fortress
       427: aload_1
       428: invokevirtual #36                 // Method net/minecraft/server/level/ServerPlayer.position:()Lnet/minecraft/world/phys/Vec3;
       431: aload         5
       433: bipush        120
       435: iload_3
       436: invokestatic  #28                 // Method java/lang/Math.max:(II)I
       439: fconst_0
       440: ldc           #42                 // String
       442: invokestatic  #44                 // Method spawn:(Lnet/minecraft/server/level/ServerLevel;Lnet/minecraft/server/level/ServerPlayer;Ljava/lang/String;Lnet/minecraft/world/phys/Vec3;Lnet/minecraft/world/phys/Vec3;IFLjava/lang/String;)Lkr/moonseungjun/villageguardians/VillageSkillEffectEntity;
       445: pop
       446: goto          475
       449: aload_0
       450: aload_1
       451: ldc           #76                 // String warden_aegis
       453: aload_1
       454: invokevirtual #36                 // Method net/minecraft/server/level/ServerPlayer.position:()Lnet/minecraft/world/phys/Vec3;
       457: aload         5
       459: sipush        180
       462: iload_3
       463: iconst_2
       464: imul
       465: invokestatic  #28                 // Method java/lang/Math.max:(II)I
       468: fconst_0
       469: ldc           #42                 // String
       471: invokestatic  #44                 // Method spawn:(Lnet/minecraft/server/level/ServerLevel;Lnet/minecraft/server/level/ServerPlayer;Ljava/lang/String;Lnet/minecraft/world/phys/Vec3;Lnet/minecraft/world/phys/Vec3;IFLjava/lang/String;)Lkr/moonseungjun/villageguardians/VillageSkillEffectEntity;
       474: pop
       475: return

  public static void tick(net.minecraft.server.MinecraftServer);
    Code:
         0: return

  public static void bladeWave(net.minecraft.server.level.ServerLevel, net.minecraft.server.level.ServerPlayer, net.minecraft.world.phys.Vec3);
    Code:
         0: aload_2
         1: invokestatic  #7                  // Method horizontal:(Lnet/minecraft/world/phys/Vec3;)Lnet/minecraft/world/phys/Vec3;
         4: astore_3
         5: aload_0
         6: aload_1
         7: ldc           #78                 // String vanguard_blade_wave
         9: aload_1
        10: invokevirtual #36                 // Method net/minecraft/server/level/ServerPlayer.position:()Lnet/minecraft/world/phys/Vec3;
        13: dconst_0
        14: ldc2_w        #80                 // double 0.82d
        17: dconst_0
        18: invokevirtual #82                 // Method net/minecraft/world/phys/Vec3.add:(DDD)Lnet/minecraft/world/phys/Vec3;
        21: aload_3
        22: dconst_1
        23: invokevirtual #88                 // Method net/minecraft/world/phys/Vec3.scale:(D)Lnet/minecraft/world/phys/Vec3;
        26: invokevirtual #92                 // Method net/minecraft/world/phys/Vec3.add:(Lnet/minecraft/world/phys/Vec3;)Lnet/minecraft/world/phys/Vec3;
        29: aload_3
        30: bipush        24
        32: ldc           #94                 // float 1.75f
        34: ldc           #42                 // String
        36: invokestatic  #44                 // Method spawn:(Lnet/minecraft/server/level/ServerLevel;Lnet/minecraft/server/level/ServerPlayer;Ljava/lang/String;Lnet/minecraft/world/phys/Vec3;Lnet/minecraft/world/phys/Vec3;IFLjava/lang/String;)Lkr/moonseungjun/villageguardians/VillageSkillEffectEntity;
        39: pop
        40: return

  public static void slamImpact(net.minecraft.server.level.ServerLevel, net.minecraft.server.level.ServerPlayer, double, int);
    Code:
         0: aload_0
         1: aload_1
         2: ldc           #95                 // String vanguard_slam_impact
         4: aload_1
         5: invokevirtual #36                 // Method net/minecraft/server/level/ServerPlayer.position:()Lnet/minecraft/world/phys/Vec3;
         8: aload_1
         9: invokevirtual #97                 // Method net/minecraft/server/level/ServerPlayer.getLookAngle:()Lnet/minecraft/world/phys/Vec3;
        12: invokestatic  #7                  // Method horizontal:(Lnet/minecraft/world/phys/Vec3;)Lnet/minecraft/world/phys/Vec3;
        15: bipush        30
        17: fconst_0
        18: dload_2
        19: iload         4
        21: invokestatic  #100                // Method meta:(DI)Ljava/lang/String;
        24: invokestatic  #44                 // Method spawn:(Lnet/minecraft/server/level/ServerLevel;Lnet/minecraft/server/level/ServerPlayer;Ljava/lang/String;Lnet/minecraft/world/phys/Vec3;Lnet/minecraft/world/phys/Vec3;IFLjava/lang/String;)Lkr/moonseungjun/villageguardians/VillageSkillEffectEntity;
        27: pop
        28: return

  public static void energyArrow(net.minecraft.server.level.ServerLevel, net.minecraft.server.level.ServerPlayer, net.minecraft.world.phys.Vec3);
    Code:
         0: aload_2
         1: invokestatic  #13                 // Method normalized:(Lnet/minecraft/world/phys/Vec3;)Lnet/minecraft/world/phys/Vec3;
         4: astore_3
         5: aload_0
         6: aload_1
         7: aload_1
         8: invokevirtual #104                // Method net/minecraft/server/level/ServerPlayer.getEyePosition:()Lnet/minecraft/world/phys/Vec3;
        11: aload_3
        12: ldc2_w        #107                // double 2.8d
        15: invokevirtual #88                 // Method net/minecraft/world/phys/Vec3.scale:(D)Lnet/minecraft/world/phys/Vec3;
        18: invokevirtual #92                 // Method net/minecraft/world/phys/Vec3.add:(Lnet/minecraft/world/phys/Vec3;)Lnet/minecraft/world/phys/Vec3;
        21: aload_3
        22: invokestatic  #109                // Method energyArrow:(Lnet/minecraft/server/level/ServerLevel;Lnet/minecraft/server/level/ServerPlayer;Lnet/minecraft/world/phys/Vec3;Lnet/minecraft/world/phys/Vec3;)V
        25: return

  public static void energyArrow(net.minecraft.server.level.ServerLevel, net.minecraft.server.level.ServerPlayer, net.minecraft.world.phys.Vec3, net.minecraft.world.phys.Vec3);
    Code:
         0: aload_0
         1: aload_1
         2: ldc           #113                // String ranger_energy_projectile
         4: aload_2
         5: aload_3
         6: invokestatic  #13                 // Method normalized:(Lnet/minecraft/world/phys/Vec3;)Lnet/minecraft/world/phys/Vec3;
         9: bipush        55
        11: ldc           #115                // float 2.65f
        13: ldc           #42                 // String
        15: invokestatic  #44                 // Method spawn:(Lnet/minecraft/server/level/ServerLevel;Lnet/minecraft/server/level/ServerPlayer;Ljava/lang/String;Lnet/minecraft/world/phys/Vec3;Lnet/minecraft/world/phys/Vec3;IFLjava/lang/String;)Lkr/moonseungjun/villageguardians/VillageSkillEffectEntity;
        18: pop
        19: return

  public static void arrowRainImpact(net.minecraft.server.level.ServerLevel, net.minecraft.server.level.ServerPlayer, net.minecraft.world.phys.Vec3, double, int);
    Code:
         0: aload_0
         1: aload_1
         2: ldc           #116                // String ranger_rain_impact
         4: aload_2
         5: aload_1
         6: invokevirtual #97                 // Method net/minecraft/server/level/ServerPlayer.getLookAngle:()Lnet/minecraft/world/phys/Vec3;
         9: invokestatic  #7                  // Method horizontal:(Lnet/minecraft/world/phys/Vec3;)Lnet/minecraft/world/phys/Vec3;
        12: bipush        10
        14: fconst_0
        15: dload_3
        16: iload         5
        18: invokestatic  #100                // Method meta:(DI)Ljava/lang/String;
        21: invokestatic  #44                 // Method spawn:(Lnet/minecraft/server/level/ServerLevel;Lnet/minecraft/server/level/ServerPlayer;Ljava/lang/String;Lnet/minecraft/world/phys/Vec3;Lnet/minecraft/world/phys/Vec3;IFLjava/lang/String;)Lkr/moonseungjun/villageguardians/VillageSkillEffectEntity;
        24: pop
        25: return

  public static void shieldCharge(net.minecraft.server.level.ServerLevel, net.minecraft.server.level.ServerPlayer, net.minecraft.world.phys.Vec3);
    Code:
         0: aload_0
         1: aload_1
         2: ldc           #118                // String warden_charge_cast
         4: aload_1
         5: invokevirtual #36                 // Method net/minecraft/server/level/ServerPlayer.position:()Lnet/minecraft/world/phys/Vec3;
         8: aload_2
         9: invokestatic  #7                  // Method horizontal:(Lnet/minecraft/world/phys/Vec3;)Lnet/minecraft/world/phys/Vec3;
        12: bipush        12
        14: fconst_0
        15: ldc           #42                 // String
        17: invokestatic  #44                 // Method spawn:(Lnet/minecraft/server/level/ServerLevel;Lnet/minecraft/server/level/ServerPlayer;Ljava/lang/String;Lnet/minecraft/world/phys/Vec3;Lnet/minecraft/world/phys/Vec3;IFLjava/lang/String;)Lkr/moonseungjun/villageguardians/VillageSkillEffectEntity;
        20: pop
        21: return

  public static void trackingReticle(net.minecraft.server.level.ServerLevel, net.minecraft.server.level.ServerPlayer, net.minecraft.world.phys.Vec3, net.minecraft.world.phys.Vec3);
    Code:
         0: aload_0
         1: aload_1
         2: ldc           #120                // String ranger_lock
         4: aload_2
         5: aload_3
         6: invokestatic  #13                 // Method normalized:(Lnet/minecraft/world/phys/Vec3;)Lnet/minecraft/world/phys/Vec3;
         9: bipush        7
        11: fconst_0
        12: ldc           #42                 // String
        14: invokestatic  #44                 // Method spawn:(Lnet/minecraft/server/level/ServerLevel;Lnet/minecraft/server/level/ServerPlayer;Ljava/lang/String;Lnet/minecraft/world/phys/Vec3;Lnet/minecraft/world/phys/Vec3;IFLjava/lang/String;)Lkr/moonseungjun/villageguardians/VillageSkillEffectEntity;
        17: pop
        18: return

  public static void arrowRainField(net.minecraft.server.level.ServerLevel, net.minecraft.server.level.ServerPlayer, net.minecraft.world.phys.Vec3, int, double, int);
    Code:
         0: aload_0
         1: aload_1
         2: ldc           #122                // String ranger_rain_field
         4: aload_2
         5: aload_1
         6: invokevirtual #97                 // Method net/minecraft/server/level/ServerPlayer.getLookAngle:()Lnet/minecraft/world/phys/Vec3;
         9: invokestatic  #7                  // Method horizontal:(Lnet/minecraft/world/phys/Vec3;)Lnet/minecraft/world/phys/Vec3;
        12: bipush        20
        14: iload_3
        15: invokestatic  #28                 // Method java/lang/Math.max:(II)I
        18: fconst_0
        19: dload         4
        21: iload         6
        23: invokestatic  #100                // Method meta:(DI)Ljava/lang/String;
        26: invokestatic  #44                 // Method spawn:(Lnet/minecraft/server/level/ServerLevel;Lnet/minecraft/server/level/ServerPlayer;Ljava/lang/String;Lnet/minecraft/world/phys/Vec3;Lnet/minecraft/world/phys/Vec3;IFLjava/lang/String;)Lkr/moonseungjun/villageguardians/VillageSkillEffectEntity;
        29: pop
        30: return

  public static kr.moonseungjun.villageguardians.VillageSkillEffectEntity fireOrb(net.minecraft.server.level.ServerLevel, net.minecraft.server.level.ServerPlayer, net.minecraft.world.phys.Vec3, net.minecraft.world.phys.Vec3, int, float, int);
    Code:
         0: aload_0
         1: aload_1
         2: ldc           #124                // String arcanist_fire_orb
         4: aload_2
         5: aload_3
         6: invokestatic  #13                 // Method normalized:(Lnet/minecraft/world/phys/Vec3;)Lnet/minecraft/world/phys/Vec3;
         9: iload         4
        11: fload         5
        13: dconst_0
        14: iload         6
        16: invokestatic  #100                // Method meta:(DI)Ljava/lang/String;
        19: invokestatic  #44                 // Method spawn:(Lnet/minecraft/server/level/ServerLevel;Lnet/minecraft/server/level/ServerPlayer;Ljava/lang/String;Lnet/minecraft/world/phys/Vec3;Lnet/minecraft/world/phys/Vec3;IFLjava/lang/String;)Lkr/moonseungjun/villageguardians/VillageSkillEffectEntity;
        22: areturn

  public static void frostField(net.minecraft.server.level.ServerLevel, net.minecraft.server.level.ServerPlayer, net.minecraft.world.phys.Vec3, int, double, int);
    Code:
         0: aload_0
         1: aload_1
         2: ldc           #126                // String arcanist_frost
         4: aload_2
         5: aload_1
         6: invokevirtual #97                 // Method net/minecraft/server/level/ServerPlayer.getLookAngle:()Lnet/minecraft/world/phys/Vec3;
         9: invokestatic  #7                  // Method horizontal:(Lnet/minecraft/world/phys/Vec3;)Lnet/minecraft/world/phys/Vec3;
        12: iload_3
        13: fconst_0
        14: dload         4
        16: iload         6
        18: invokestatic  #100                // Method meta:(DI)Ljava/lang/String;
        21: invokestatic  #44                 // Method spawn:(Lnet/minecraft/server/level/ServerLevel;Lnet/minecraft/server/level/ServerPlayer;Ljava/lang/String;Lnet/minecraft/world/phys/Vec3;Lnet/minecraft/world/phys/Vec3;IFLjava/lang/String;)Lkr/moonseungjun/villageguardians/VillageSkillEffectEntity;
        24: pop
        25: return

  public static void tornadoField(net.minecraft.server.level.ServerLevel, net.minecraft.server.level.ServerPlayer, net.minecraft.world.phys.Vec3, net.minecraft.world.phys.Vec3, int, double, int);
    Code:
         0: aload_0
         1: aload_1
         2: ldc           #128                // String arcanist_tornado
         4: aload_2
         5: aload_3
         6: invokestatic  #7                  // Method horizontal:(Lnet/minecraft/world/phys/Vec3;)Lnet/minecraft/world/phys/Vec3;
         9: iload         4
        11: ldc           #130                // float 0.24f
        13: dload         5
        15: iload         7
        17: invokestatic  #100                // Method meta:(DI)Ljava/lang/String;
        20: invokestatic  #44                 // Method spawn:(Lnet/minecraft/server/level/ServerLevel;Lnet/minecraft/server/level/ServerPlayer;Ljava/lang/String;Lnet/minecraft/world/phys/Vec3;Lnet/minecraft/world/phys/Vec3;IFLjava/lang/String;)Lkr/moonseungjun/villageguardians/VillageSkillEffectEntity;
        23: pop
        24: return

  public static void lightningField(net.minecraft.server.level.ServerLevel, net.minecraft.server.level.ServerPlayer, net.minecraft.world.phys.Vec3, int, double, int);
    Code:
         0: aload_0
         1: aload_1
         2: ldc           #131                // String arcanist_lightning
         4: aload_2
         5: aload_1
         6: invokevirtual #97                 // Method net/minecraft/server/level/ServerPlayer.getLookAngle:()Lnet/minecraft/world/phys/Vec3;
         9: invokestatic  #7                  // Method horizontal:(Lnet/minecraft/world/phys/Vec3;)Lnet/minecraft/world/phys/Vec3;
        12: iload_3
        13: fconst_0
        14: dload         4
        16: iload         6
        18: invokestatic  #100                // Method meta:(DI)Ljava/lang/String;
        21: invokestatic  #44                 // Method spawn:(Lnet/minecraft/server/level/ServerLevel;Lnet/minecraft/server/level/ServerPlayer;Ljava/lang/String;Lnet/minecraft/world/phys/Vec3;Lnet/minecraft/world/phys/Vec3;IFLjava/lang/String;)Lkr/moonseungjun/villageguardians/VillageSkillEffectEntity;
        24: pop
        25: return

  public static void healingField(net.minecraft.server.level.ServerLevel, net.minecraft.server.level.ServerPlayer, net.minecraft.world.phys.Vec3, int, double, int);
    Code:
         0: aload_0
         1: aload_1
         2: ldc           #133                // String luminar_healing_field
         4: aload_2
         5: aload_1
         6: invokevirtual #97                 // Method net/minecraft/server/level/ServerPlayer.getLookAngle:()Lnet/minecraft/world/phys/Vec3;
         9: invokestatic  #7                  // Method horizontal:(Lnet/minecraft/world/phys/Vec3;)Lnet/minecraft/world/phys/Vec3;
        12: iload_3
        13: fconst_0
        14: dload         4
        16: iload         6
        18: invokestatic  #100                // Method meta:(DI)Ljava/lang/String;
        21: invokestatic  #44                 // Method spawn:(Lnet/minecraft/server/level/ServerLevel;Lnet/minecraft/server/level/ServerPlayer;Ljava/lang/String;Lnet/minecraft/world/phys/Vec3;Lnet/minecraft/world/phys/Vec3;IFLjava/lang/String;)Lkr/moonseungjun/villageguardians/VillageSkillEffectEntity;
        24: pop
        25: return

  public static void fireImpact(net.minecraft.server.level.ServerLevel, net.minecraft.server.level.ServerPlayer, net.minecraft.world.phys.Vec3, double);
    Code:
         0: aload_0
         1: aload_1
         2: ldc           #135                // String arcanist_fire_impact
         4: aload_2
         5: aload_1
         6: invokevirtual #97                 // Method net/minecraft/server/level/ServerPlayer.getLookAngle:()Lnet/minecraft/world/phys/Vec3;
         9: invokestatic  #13                 // Method normalized:(Lnet/minecraft/world/phys/Vec3;)Lnet/minecraft/world/phys/Vec3;
        12: bipush        24
        14: fconst_0
        15: getstatic     #137                // Field java/util/Locale.ROOT:Ljava/util/Locale;
        18: ldc           #143                // String %.2f
        20: iconst_1
        21: anewarray     #2                  // class java/lang/Object
        24: dup
        25: iconst_0
        26: dconst_1
        27: dload_3
        28: invokestatic  #145                // Method java/lang/Math.max:(DD)D
        31: invokestatic  #148                // Method java/lang/Double.valueOf:(D)Ljava/lang/Double;
        34: aastore
        35: invokestatic  #154                // Method java/lang/String.format:(Ljava/util/Locale;Ljava/lang/String;[Ljava/lang/Object;)Ljava/lang/String;
        38: invokestatic  #44                 // Method spawn:(Lnet/minecraft/server/level/ServerLevel;Lnet/minecraft/server/level/ServerPlayer;Ljava/lang/String;Lnet/minecraft/world/phys/Vec3;Lnet/minecraft/world/phys/Vec3;IFLjava/lang/String;)Lkr/moonseungjun/villageguardians/VillageSkillEffectEntity;
        41: pop
        42: return

  public static void ricochet(net.minecraft.server.level.ServerLevel, net.minecraft.server.level.ServerPlayer, net.minecraft.world.entity.Mob, java.util.List<net.minecraft.world.entity.Mob>);
    Code:
         0: aload_2
         1: ifnonnull     5
         4: return
         5: new           #160                // class java/util/ArrayList
         8: dup
         9: invokespecial #162                // Method java/util/ArrayList."<init>":()V
        12: astore        4
        14: aload         4
        16: aload_1
        17: invokevirtual #104                // Method net/minecraft/server/level/ServerPlayer.getEyePosition:()Lnet/minecraft/world/phys/Vec3;
        20: invokeinterface #163,  2          // InterfaceMethod java/util/List.add:(Ljava/lang/Object;)Z
        25: pop
        26: aload         4
        28: aload_2
        29: invokevirtual #168                // Method net/minecraft/world/entity/Mob.getEyePosition:()Lnet/minecraft/world/phys/Vec3;
        32: invokeinterface #163,  2          // InterfaceMethod java/util/List.add:(Ljava/lang/Object;)Z
        37: pop
        38: aload_3
        39: ifnull        93
        42: aload_3
        43: invokeinterface #171,  1          // InterfaceMethod java/util/List.iterator:()Ljava/util/Iterator;
        48: astore        5
        50: aload         5
        52: invokeinterface #175,  1          // InterfaceMethod java/util/Iterator.hasNext:()Z
        57: ifeq          93
        60: aload         5
        62: invokeinterface #181,  1          // InterfaceMethod java/util/Iterator.next:()Ljava/lang/Object;
        67: checkcast     #169                // class net/minecraft/world/entity/Mob
        70: astore        6
        72: aload         6
        74: ifnull        90
        77: aload         4
        79: aload         6
        81: invokevirtual #168                // Method net/minecraft/world/entity/Mob.getEyePosition:()Lnet/minecraft/world/phys/Vec3;
        84: invokeinterface #163,  2          // InterfaceMethod java/util/List.add:(Ljava/lang/Object;)Z
        89: pop
        90: goto          50
        93: aload_0
        94: aload_1
        95: ldc           #185                // String ranger_ricochet_path
        97: aload         4
        99: iconst_0
       100: invokeinterface #187,  2          // InterfaceMethod java/util/List.get:(I)Ljava/lang/Object;
       105: checkcast     #83                 // class net/minecraft/world/phys/Vec3
       108: aload         4
       110: iconst_1
       111: invokeinterface #187,  2          // InterfaceMethod java/util/List.get:(I)Ljava/lang/Object;
       116: checkcast     #83                 // class net/minecraft/world/phys/Vec3
       119: aload         4
       121: iconst_0
       122: invokeinterface #187,  2          // InterfaceMethod java/util/List.get:(I)Ljava/lang/Object;
       127: checkcast     #83                 // class net/minecraft/world/phys/Vec3
       130: invokevirtual #191                // Method net/minecraft/world/phys/Vec3.subtract:(Lnet/minecraft/world/phys/Vec3;)Lnet/minecraft/world/phys/Vec3;
       133: invokestatic  #7                  // Method horizontal:(Lnet/minecraft/world/phys/Vec3;)Lnet/minecraft/world/phys/Vec3;
       136: bipush        9
       138: aload         4
       140: invokeinterface #194,  1          // InterfaceMethod java/util/List.size:()I
       145: iconst_3
       146: imul
       147: iadd
       148: fconst_0
       149: aload         4
       151: invokestatic  #197                // Method encode:(Ljava/util/List;)Ljava/lang/String;
       154: invokestatic  #44                 // Method spawn:(Lnet/minecraft/server/level/ServerLevel;Lnet/minecraft/server/level/ServerPlayer;Ljava/lang/String;Lnet/minecraft/world/phys/Vec3;Lnet/minecraft/world/phys/Vec3;IFLjava/lang/String;)Lkr/moonseungjun/villageguardians/VillageSkillEffectEntity;
       157: pop
       158: return

  public static void healLink(net.minecraft.server.level.ServerLevel, net.minecraft.server.level.ServerPlayer, net.minecraft.server.level.ServerPlayer);
    Code:
         0: aload_2
         1: ifnonnull     5
         4: return
         5: aload_1
         6: invokevirtual #104                // Method net/minecraft/server/level/ServerPlayer.getEyePosition:()Lnet/minecraft/world/phys/Vec3;
         9: aload_2
        10: invokevirtual #104                // Method net/minecraft/server/level/ServerPlayer.getEyePosition:()Lnet/minecraft/world/phys/Vec3;
        13: invokestatic  #201                // InterfaceMethod java/util/List.of:(Ljava/lang/Object;Ljava/lang/Object;)Ljava/util/List;
        16: astore_3
        17: aload_0
        18: aload_1
        19: ldc           #205                // String luminar_heal_link
        21: aload_3
        22: iconst_0
        23: invokeinterface #187,  2          // InterfaceMethod java/util/List.get:(I)Ljava/lang/Object;
        28: checkcast     #83                 // class net/minecraft/world/phys/Vec3
        31: aload_3
        32: iconst_1
        33: invokeinterface #187,  2          // InterfaceMethod java/util/List.get:(I)Ljava/lang/Object;
        38: checkcast     #83                 // class net/minecraft/world/phys/Vec3
        41: aload_3
        42: iconst_0
        43: invokeinterface #187,  2          // InterfaceMethod java/util/List.get:(I)Ljava/lang/Object;
        48: checkcast     #83                 // class net/minecraft/world/phys/Vec3
        51: invokevirtual #191                // Method net/minecraft/world/phys/Vec3.subtract:(Lnet/minecraft/world/phys/Vec3;)Lnet/minecraft/world/phys/Vec3;
        54: invokestatic  #7                  // Method horizontal:(Lnet/minecraft/world/phys/Vec3;)Lnet/minecraft/world/phys/Vec3;
        57: bipush        32
        59: fconst_0
        60: aload_3
        61: invokestatic  #197                // Method encode:(Ljava/util/List;)Ljava/lang/String;
        64: invokestatic  #44                 // Method spawn:(Lnet/minecraft/server/level/ServerLevel;Lnet/minecraft/server/level/ServerPlayer;Ljava/lang/String;Lnet/minecraft/world/phys/Vec3;Lnet/minecraft/world/phys/Vec3;IFLjava/lang/String;)Lkr/moonseungjun/villageguardians/VillageSkillEffectEntity;
        67: pop
        68: return

  public static void cleanse(net.minecraft.server.level.ServerLevel, net.minecraft.server.level.ServerPlayer, java.util.List<net.minecraft.server.level.ServerPlayer>);
    Code:
         0: aload_2
         1: aload_1
         2: invokevirtual #36                 // Method net/minecraft/server/level/ServerPlayer.position:()Lnet/minecraft/world/phys/Vec3;
         5: invokestatic  #207                // Method positions:(Ljava/util/List;Lnet/minecraft/world/phys/Vec3;)Ljava/util/List;
         8: astore_3
         9: aload_0
        10: aload_1
        11: ldc           #211                // String luminar_cleanse_wave
        13: aload_1
        14: invokevirtual #36                 // Method net/minecraft/server/level/ServerPlayer.position:()Lnet/minecraft/world/phys/Vec3;
        17: aload_1
        18: invokevirtual #97                 // Method net/minecraft/server/level/ServerPlayer.getLookAngle:()Lnet/minecraft/world/phys/Vec3;
        21: invokestatic  #7                  // Method horizontal:(Lnet/minecraft/world/phys/Vec3;)Lnet/minecraft/world/phys/Vec3;
        24: bipush        44
        26: fconst_0
        27: aload_3
        28: invokestatic  #197                // Method encode:(Ljava/util/List;)Ljava/lang/String;
        31: invokestatic  #44                 // Method spawn:(Lnet/minecraft/server/level/ServerLevel;Lnet/minecraft/server/level/ServerPlayer;Ljava/lang/String;Lnet/minecraft/world/phys/Vec3;Lnet/minecraft/world/phys/Vec3;IFLjava/lang/String;)Lkr/moonseungjun/villageguardians/VillageSkillEffectEntity;
        34: pop
        35: return

  public static void miracle(net.minecraft.server.level.ServerLevel, net.minecraft.server.level.ServerPlayer, java.util.List<net.minecraft.server.level.ServerPlayer>);
    Code:
         0: aload_2
         1: aload_1
         2: invokevirtual #36                 // Method net/minecraft/server/level/ServerPlayer.position:()Lnet/minecraft/world/phys/Vec3;
         5: invokestatic  #207                // Method positions:(Ljava/util/List;Lnet/minecraft/world/phys/Vec3;)Ljava/util/List;
         8: astore_3
         9: aload_0
        10: aload_1
        11: ldc           #213                // String luminar_miracle_wave
        13: aload_1
        14: invokevirtual #36                 // Method net/minecraft/server/level/ServerPlayer.position:()Lnet/minecraft/world/phys/Vec3;
        17: aload_1
        18: invokevirtual #97                 // Method net/minecraft/server/level/ServerPlayer.getLookAngle:()Lnet/minecraft/world/phys/Vec3;
        21: invokestatic  #7                  // Method horizontal:(Lnet/minecraft/world/phys/Vec3;)Lnet/minecraft/world/phys/Vec3;
        24: bipush        72
        26: fconst_0
        27: aload_3
        28: invokestatic  #197                // Method encode:(Ljava/util/List;)Ljava/lang/String;
        31: invokestatic  #44                 // Method spawn:(Lnet/minecraft/server/level/ServerLevel;Lnet/minecraft/server/level/ServerPlayer;Ljava/lang/String;Lnet/minecraft/world/phys/Vec3;Lnet/minecraft/world/phys/Vec3;IFLjava/lang/String;)Lkr/moonseungjun/villageguardians/VillageSkillEffectEntity;
        34: pop
        35: return

  private static kr.moonseungjun.villageguardians.VillageSkillEffectEntity spawn(net.minecraft.server.level.ServerLevel, net.minecraft.server.level.ServerPlayer, java.lang.String, net.minecraft.world.phys.Vec3, net.minecraft.world.phys.Vec3, int, float, java.lang.String);
    Code:
         0: aload_0
         1: aload_1
         2: aload_2
         3: aload_3
         4: aload         4
         6: iload         5
         8: fload         6
        10: aload         7
        12: invokestatic  #215                // Method kr/moonseungjun/villageguardians/VillageSkillEffectEntity.spawn:(Lnet/minecraft/server/level/ServerLevel;Lnet/minecraft/world/entity/Entity;Ljava/lang/String;Lnet/minecraft/world/phys/Vec3;Lnet/minecraft/world/phys/Vec3;IFLjava/lang/String;)Lkr/moonseungjun/villageguardians/VillageSkillEffectEntity;
        15: areturn

  private static java.lang.String meta(double, int);
    Code:
         0: getstatic     #137                // Field java/util/Locale.ROOT:Ljava/util/Locale;
         3: ldc           #220                // String %.2f|%d
         5: iconst_2
         6: anewarray     #2                  // class java/lang/Object
         9: dup
        10: iconst_0
        11: dconst_0
        12: dload_0
        13: invokestatic  #145                // Method java/lang/Math.max:(DD)D
        16: invokestatic  #148                // Method java/lang/Double.valueOf:(D)Ljava/lang/Double;
        19: aastore
        20: dup
        21: iconst_1
        22: iconst_0
        23: iload_2
        24: invokestatic  #28                 // Method java/lang/Math.max:(II)I
        27: invokestatic  #222                // Method java/lang/Integer.valueOf:(I)Ljava/lang/Integer;
        30: aastore
        31: invokestatic  #154                // Method java/lang/String.format:(Ljava/util/Locale;Ljava/lang/String;[Ljava/lang/Object;)Ljava/lang/String;
        34: areturn

  private static java.util.List<net.minecraft.world.phys.Vec3> positions(java.util.List<net.minecraft.server.level.ServerPlayer>, net.minecraft.world.phys.Vec3);
    Code:
         0: new           #160                // class java/util/ArrayList
         3: dup
         4: invokespecial #162                // Method java/util/ArrayList."<init>":()V
         7: astore_2
         8: aload_0
         9: ifnull        59
        12: aload_0
        13: invokeinterface #171,  1          // InterfaceMethod java/util/List.iterator:()Ljava/util/Iterator;
        18: astore_3
        19: aload_3
        20: invokeinterface #175,  1          // InterfaceMethod java/util/Iterator.hasNext:()Z
        25: ifeq          59
        28: aload_3
        29: invokeinterface #181,  1          // InterfaceMethod java/util/Iterator.next:()Ljava/lang/Object;
        34: checkcast     #37                 // class net/minecraft/server/level/ServerPlayer
        37: astore        4
        39: aload         4
        41: ifnull        56
        44: aload_2
        45: aload         4
        47: invokevirtual #36                 // Method net/minecraft/server/level/ServerPlayer.position:()Lnet/minecraft/world/phys/Vec3;
        50: invokeinterface #163,  2          // InterfaceMethod java/util/List.add:(Ljava/lang/Object;)Z
        55: pop
        56: goto          19
        59: aload_2
        60: invokeinterface #227,  1          // InterfaceMethod java/util/List.isEmpty:()Z
        65: ifeq          76
        68: aload_2
        69: aload_1
        70: invokeinterface #163,  2          // InterfaceMethod java/util/List.add:(Ljava/lang/Object;)Z
        75: pop
        76: aload_2
        77: areturn

  private static java.lang.String encode(java.util.List<net.minecraft.world.phys.Vec3>);
    Code:
         0: new           #230                // class java/lang/StringBuilder
         3: dup
         4: invokespecial #232                // Method java/lang/StringBuilder."<init>":()V
         7: astore_1
         8: aload_0
         9: invokeinterface #171,  1          // InterfaceMethod java/util/List.iterator:()Ljava/util/Iterator;
        14: astore_2
        15: aload_2
        16: invokeinterface #175,  1          // InterfaceMethod java/util/Iterator.hasNext:()Z
        21: ifeq          98
        24: aload_2
        25: invokeinterface #181,  1          // InterfaceMethod java/util/Iterator.next:()Ljava/lang/Object;
        30: checkcast     #83                 // class net/minecraft/world/phys/Vec3
        33: astore_3
        34: aload_1
        35: invokevirtual #233                // Method java/lang/StringBuilder.length:()I
        38: ifle          48
        41: aload_1
        42: bipush        59
        44: invokevirtual #236                // Method java/lang/StringBuilder.append:(C)Ljava/lang/StringBuilder;
        47: pop
        48: aload_1
        49: getstatic     #137                // Field java/util/Locale.ROOT:Ljava/util/Locale;
        52: ldc           #240                // String %.3f,%.3f,%.3f
        54: iconst_3
        55: anewarray     #2                  // class java/lang/Object
        58: dup
        59: iconst_0
        60: aload_3
        61: getfield      #242                // Field net/minecraft/world/phys/Vec3.x:D
        64: invokestatic  #148                // Method java/lang/Double.valueOf:(D)Ljava/lang/Double;
        67: aastore
        68: dup
        69: iconst_1
        70: aload_3
        71: getfield      #246                // Field net/minecraft/world/phys/Vec3.y:D
        74: invokestatic  #148                // Method java/lang/Double.valueOf:(D)Ljava/lang/Double;
        77: aastore
        78: dup
        79: iconst_2
        80: aload_3
        81: getfield      #249                // Field net/minecraft/world/phys/Vec3.z:D
        84: invokestatic  #148                // Method java/lang/Double.valueOf:(D)Ljava/lang/Double;
        87: aastore
        88: invokestatic  #154                // Method java/lang/String.format:(Ljava/util/Locale;Ljava/lang/String;[Ljava/lang/Object;)Ljava/lang/String;
        91: invokevirtual #252                // Method java/lang/StringBuilder.append:(Ljava/lang/String;)Ljava/lang/StringBuilder;
        94: pop
        95: goto          15
        98: aload_1
        99: invokevirtual #255                // Method java/lang/StringBuilder.toString:()Ljava/lang/String;
       102: areturn

  private static net.minecraft.world.phys.Vec3 normalized(net.minecraft.world.phys.Vec3);
    Code:
         0: aload_0
         1: ifnonnull     10
         4: getstatic     #259                // Field net/minecraft/world/phys/Vec3.ZERO:Lnet/minecraft/world/phys/Vec3;
         7: goto          11
        10: aload_0
        11: astore_1
        12: aload_1
        13: invokevirtual #263                // Method net/minecraft/world/phys/Vec3.lengthSqr:()D
        16: ldc2_w        #267                // double 1.0E-6d
        19: dcmpg
        20: ifge          36
        23: new           #83                 // class net/minecraft/world/phys/Vec3
        26: dup
        27: dconst_0
        28: dconst_0
        29: dconst_1
        30: invokespecial #269                // Method net/minecraft/world/phys/Vec3."<init>":(DDD)V
        33: goto          40
        36: aload_1
        37: invokevirtual #272                // Method net/minecraft/world/phys/Vec3.normalize:()Lnet/minecraft/world/phys/Vec3;
        40: areturn

  private static net.minecraft.world.phys.Vec3 horizontal(net.minecraft.world.phys.Vec3);
    Code:
         0: aload_0
         1: ifnonnull     10
         4: getstatic     #259                // Field net/minecraft/world/phys/Vec3.ZERO:Lnet/minecraft/world/phys/Vec3;
         7: goto          11
        10: aload_0
        11: astore_1
        12: new           #83                 // class net/minecraft/world/phys/Vec3
        15: dup
        16: aload_1
        17: getfield      #242                // Field net/minecraft/world/phys/Vec3.x:D
        20: dconst_0
        21: aload_1
        22: getfield      #249                // Field net/minecraft/world/phys/Vec3.z:D
        25: invokespecial #269                // Method net/minecraft/world/phys/Vec3."<init>":(DDD)V
        28: astore_2
        29: aload_2
        30: invokevirtual #263                // Method net/minecraft/world/phys/Vec3.lengthSqr:()D
        33: ldc2_w        #267                // double 1.0E-6d
        36: dcmpg
        37: ifge          53
        40: new           #83                 // class net/minecraft/world/phys/Vec3
        43: dup
        44: dconst_0
        45: dconst_0
        46: dconst_1
        47: invokespecial #269                // Method net/minecraft/world/phys/Vec3."<init>":(DDD)V
        50: goto          57
        53: aload_2
        54: invokevirtual #272                // Method net/minecraft/world/phys/Vec3.normalize:()Lnet/minecraft/world/phys/Vec3;
        57: areturn
}
Compiled from "VillageSkillMeshLibrary.java"
public final class kr.moonseungjun.villageguardians.VillageSkillMeshLibrary {
  private static final int FULL_BRIGHT;

  private static final double TAU;

  private kr.moonseungjun.villageguardians.VillageSkillMeshLibrary();
    Code:
         0: aload_0
         1: invokespecial #3                  // Method java/lang/Object."<init>":()V
         4: return

  public static void render(kr.moonseungjun.villageguardians.VillageSkillEffectRenderState, com.mojang.blaze3d.vertex.PoseStack$Pose, com.mojang.blaze3d.vertex.VertexConsumer);
    Code:
         0: aload_0
         1: getfield      #9                  // Field kr/moonseungjun/villageguardians/VillageSkillEffectRenderState.age:F
         4: f2d
         5: dstore_3
         6: dload_3
         7: dconst_1
         8: aload_0
         9: getfield      #15                 // Field kr/moonseungjun/villageguardians/VillageSkillEffectRenderState.duration:I
        12: i2d
        13: invokestatic  #19                 // Method java/lang/Math.max:(DD)D
        16: ddiv
        17: dconst_0
        18: dconst_1
        19: invokestatic  #23                 // Method clamp:(DDD)D
        22: dstore        5
        24: aload_0
        25: getfield      #29                 // Field kr/moonseungjun/villageguardians/VillageSkillEffectRenderState.direction:Lnet/minecraft/world/phys/Vec3;
        28: invokestatic  #33                 // Method kr/moonseungjun/villageguardians/VillageSkillMeshLibrary$Basis.from:(Lnet/minecraft/world/phys/Vec3;)Lkr/moonseungjun/villageguardians/VillageSkillMeshLibrary$Basis;
        31: astore        7
        33: new           #39                 // class java/util/Random
        36: dup
        37: aload_0
        38: getfield      #41                 // Field kr/moonseungjun/villageguardians/VillageSkillEffectRenderState.seed:I
        41: i2l
        42: invokespecial #44                 // Method java/util/Random."<init>":(J)V
        45: astore        8
        47: aload_0
        48: getfield      #47                 // Field kr/moonseungjun/villageguardians/VillageSkillEffectRenderState.kind:Ljava/lang/String;
        51: astore        9
        53: iconst_m1
        54: istore        10
        56: aload         9
        58: invokevirtual #51                 // Method java/lang/String.hashCode:()I
        61: lookupswitch  { // 30
             -1703724611: 376
             -1662021575: 459
             -1463539592: 344
             -1457163538: 425
             -1446486254: 408
              -917656255: 595
              -764728223: 493
              -455189437: 527
               -34464933: 561
                 2677928: 663
                 3273826: 680
                91720789: 442
               106837479: 476
               111739025: 360
               221080658: 714
               221676556: 731
               269632659: 799
               287074004: 765
               288561955: 392
               444455245: 328
               544834576: 697
               762372304: 748
              1103519664: 578
              1276870070: 612
              1283601686: 510
              1644289873: 629
              1644565516: 646
              1772070392: 782
              1949470954: 544
              2092591359: 312
                 default: 813
            }
       312: aload         9
       314: ldc           #57                 // String vanguard_spin
       316: invokevirtual #59                 // Method java/lang/String.equals:(Ljava/lang/Object;)Z
       319: ifeq          813
       322: iconst_0
       323: istore        10
       325: goto          813
       328: aload         9
       330: ldc           #63                 // String vanguard_rally
       332: invokevirtual #59                 // Method java/lang/String.equals:(Ljava/lang/Object;)Z
       335: ifeq          813
       338: iconst_1
       339: istore        10
       341: goto          813
       344: aload         9
       346: ldc           #65                 // String vanguard_blade_charge
       348: invokevirtual #59                 // Method java/lang/String.equals:(Ljava/lang/Object;)Z
       351: ifeq          813
       354: iconst_2
       355: istore        10
       357: goto          813
       360: aload         9
       362: ldc           #67                 // String vanguard_slam_charge
       364: invokevirtual #59                 // Method java/lang/String.equals:(Ljava/lang/Object;)Z
       367: ifeq          813
       370: iconst_3
       371: istore        10
       373: goto          813
       376: aload         9
       378: ldc           #69                 // String vanguard_blade_wave
       380: invokevirtual #59                 // Method java/lang/String.equals:(Ljava/lang/Object;)Z
       383: ifeq          813
       386: iconst_4
       387: istore        10
       389: goto          813
       392: aload         9
       394: ldc           #71                 // String vanguard_slam_impact
       396: invokevirtual #59                 // Method java/lang/String.equals:(Ljava/lang/Object;)Z
       399: ifeq          813
       402: iconst_5
       403: istore        10
       405: goto          813
       408: aload         9
       410: ldc           #73                 // String ranger_rapid
       412: invokevirtual #59                 // Method java/lang/String.equals:(Ljava/lang/Object;)Z
       415: ifeq          813
       418: bipush        6
       420: istore        10
       422: goto          813
       425: aload         9
       427: ldc           #75                 // String ranger_focus
       429: invokevirtual #59                 // Method java/lang/String.equals:(Ljava/lang/Object;)Z
       432: ifeq          813
       435: bipush        7
       437: istore        10
       439: goto          813
       442: aload         9
       444: ldc           #77                 // String ranger_lock
       446: invokevirtual #59                 // Method java/lang/String.equals:(Ljava/lang/Object;)Z
       449: ifeq          813
       452: bipush        8
       454: istore        10
       456: goto          813
       459: aload         9
       461: ldc           #79                 // String ranger_rain_field
       463: invokevirtual #59                 // Method java/lang/String.equals:(Ljava/lang/Object;)Z
       466: ifeq          813
       469: bipush        9
       471: istore        10
       473: goto          813
       476: aload         9
       478: ldc           #81                 // String ranger_rain_impact
       480: invokevirtual #59                 // Method java/lang/String.equals:(Ljava/lang/Object;)Z
       483: ifeq          813
       486: bipush        10
       488: istore        10
       490: goto          813
       493: aload         9
       495: ldc           #83                 // String ranger_energy_charge
       497: invokevirtual #59                 // Method java/lang/String.equals:(Ljava/lang/Object;)Z
       500: ifeq          813
       503: bipush        11
       505: istore        10
       507: goto          813
       510: aload         9
       512: ldc           #85                 // String ranger_energy_projectile
       514: invokevirtual #59                 // Method java/lang/String.equals:(Ljava/lang/Object;)Z
       517: ifeq          813
       520: bipush        12
       522: istore        10
       524: goto          813
       527: aload         9
       529: ldc           #87                 // String ranger_ricochet_path
       531: invokevirtual #59                 // Method java/lang/String.equals:(Ljava/lang/Object;)Z
       534: ifeq          813
       537: bipush        13
       539: istore        10
       541: goto          813
       544: aload         9
       546: ldc           #89                 // String arcanist_fire_orb
       548: invokevirtual #59                 // Method java/lang/String.equals:(Ljava/lang/Object;)Z
       551: ifeq          813
       554: bipush        14
       556: istore        10
       558: goto          813
       561: aload         9
       563: ldc           #91                 // String arcanist_fire_impact
       565: invokevirtual #59                 // Method java/lang/String.equals:(Ljava/lang/Object;)Z
       568: ifeq          813
       571: bipush        15
       573: istore        10
       575: goto          813
       578: aload         9
       580: ldc           #93                 // String arcanist_frost
       582: invokevirtual #59                 // Method java/lang/String.equals:(Ljava/lang/Object;)Z
       585: ifeq          813
       588: bipush        16
       590: istore        10
       592: goto          813
       595: aload         9
       597: ldc           #95                 // String arcanist_tornado
       599: invokevirtual #59                 // Method java/lang/String.equals:(Ljava/lang/Object;)Z
       602: ifeq          813
       605: bipush        17
       607: istore        10
       609: goto          813
       612: aload         9
       614: ldc           #97                 // String arcanist_lightning
       616: invokevirtual #59                 // Method java/lang/String.equals:(Ljava/lang/Object;)Z
       619: ifeq          813
       622: bipush        18
       624: istore        10
       626: goto          813
       629: aload         9
       631: ldc           #99                 // String luminar_heal_cast
       633: invokevirtual #59                 // Method java/lang/String.equals:(Ljava/lang/Object;)Z
       636: ifeq          813
       639: bipush        19
       641: istore        10
       643: goto          813
       646: aload         9
       648: ldc           #101                // String luminar_heal_link
       650: invokevirtual #59                 // Method java/lang/String.equals:(Ljava/lang/Object;)Z
       653: ifeq          813
       656: bipush        20
       658: istore        10
       660: goto          813
       663: aload         9
       665: ldc           #103                // String luminar_cleanse_cast
       667: invokevirtual #59                 // Method java/lang/String.equals:(Ljava/lang/Object;)Z
       670: ifeq          813
       673: bipush        21
       675: istore        10
       677: goto          813
       680: aload         9
       682: ldc           #105                // String luminar_cleanse_wave
       684: invokevirtual #59                 // Method java/lang/String.equals:(Ljava/lang/Object;)Z
       687: ifeq          813
       690: bipush        22
       692: istore        10
       694: goto          813
       697: aload         9
       699: ldc           #107                // String luminar_healing_field
       701: invokevirtual #59                 // Method java/lang/String.equals:(Ljava/lang/Object;)Z
       704: ifeq          813
       707: bipush        23
       709: istore        10
       711: goto          813
       714: aload         9
       716: ldc           #109                // String luminar_miracle_cast
       718: invokevirtual #59                 // Method java/lang/String.equals:(Ljava/lang/Object;)Z
       721: ifeq          813
       724: bipush        24
       726: istore        10
       728: goto          813
       731: aload         9
       733: ldc           #111                // String luminar_miracle_wave
       735: invokevirtual #59                 // Method java/lang/String.equals:(Ljava/lang/Object;)Z
       738: ifeq          813
       741: bipush        25
       743: istore        10
       745: goto          813
       748: aload         9
       750: ldc           #113                // String warden_charge_cast
       752: invokevirtual #59                 // Method java/lang/String.equals:(Ljava/lang/Object;)Z
       755: ifeq          813
       758: bipush        26
       760: istore        10
       762: goto          813
       765: aload         9
       767: ldc           #115                // String warden_taunt
       769: invokevirtual #59                 // Method java/lang/String.equals:(Ljava/lang/Object;)Z
       772: ifeq          813
       775: bipush        27
       777: istore        10
       779: goto          813
       782: aload         9
       784: ldc           #117                // String warden_fortress
       786: invokevirtual #59                 // Method java/lang/String.equals:(Ljava/lang/Object;)Z
       789: ifeq          813
       792: bipush        28
       794: istore        10
       796: goto          813
       799: aload         9
       801: ldc           #119                // String warden_aegis
       803: invokevirtual #59                 // Method java/lang/String.equals:(Ljava/lang/Object;)Z
       806: ifeq          813
       809: bipush        29
       811: istore        10
       813: iload         10
       815: tableswitch   { // 0 to 29
                       0: 948
                       1: 961
                       2: 974
                       3: 987
                       4: 1000
                       5: 1013
                       6: 1032
                       7: 1045
                       8: 1058
                       9: 1071
                      10: 1090
                      11: 1109
                      12: 1122
                      13: 1135
                      14: 1150
                      15: 1163
                      16: 1180
                      17: 1197
                      18: 1214
                      19: 1233
                      20: 1246
                      21: 1261
                      22: 1274
                      23: 1286
                      24: 1303
                      25: 1316
                      26: 1328
                      27: 1341
                      28: 1354
                      29: 1368
                 default: 1382
            }
       948: aload_1
       949: aload_2
       950: aload         7
       952: dload_3
       953: dload         5
       955: invokestatic  #121                // Method renderVanguardSpin:(Lcom/mojang/blaze3d/vertex/PoseStack$Pose;Lcom/mojang/blaze3d/vertex/VertexConsumer;Lkr/moonseungjun/villageguardians/VillageSkillMeshLibrary$Basis;DD)V
       958: goto          1392
       961: aload_1
       962: aload_2
       963: aload         7
       965: dload_3
       966: dload         5
       968: invokestatic  #125                // Method renderVanguardRally:(Lcom/mojang/blaze3d/vertex/PoseStack$Pose;Lcom/mojang/blaze3d/vertex/VertexConsumer;Lkr/moonseungjun/villageguardians/VillageSkillMeshLibrary$Basis;DD)V
       971: goto          1392
       974: aload_1
       975: aload_2
       976: aload         7
       978: dload_3
       979: dload         5
       981: invokestatic  #128                // Method renderBladeCharge:(Lcom/mojang/blaze3d/vertex/PoseStack$Pose;Lcom/mojang/blaze3d/vertex/VertexConsumer;Lkr/moonseungjun/villageguardians/VillageSkillMeshLibrary$Basis;DD)V
       984: goto          1392
       987: aload_1
       988: aload_2
       989: aload         7
       991: dload_3
       992: dload         5
       994: invokestatic  #131                // Method renderSlamCharge:(Lcom/mojang/blaze3d/vertex/PoseStack$Pose;Lcom/mojang/blaze3d/vertex/VertexConsumer;Lkr/moonseungjun/villageguardians/VillageSkillMeshLibrary$Basis;DD)V
       997: goto          1392
      1000: aload_1
      1001: aload_2
      1002: aload         7
      1004: dload_3
      1005: dload         5
      1007: invokestatic  #134                // Method renderBladeWave:(Lcom/mojang/blaze3d/vertex/PoseStack$Pose;Lcom/mojang/blaze3d/vertex/VertexConsumer;Lkr/moonseungjun/villageguardians/VillageSkillMeshLibrary$Basis;DD)V
      1010: goto          1392
      1013: aload_1
      1014: aload_2
      1015: aload         7
      1017: dload_3
      1018: dload         5
      1020: aload         8
      1022: aload_0
      1023: getfield      #137                // Field kr/moonseungjun/villageguardians/VillageSkillEffectRenderState.extra:Ljava/lang/String;
      1026: invokestatic  #140                // Method renderSlamImpact:(Lcom/mojang/blaze3d/vertex/PoseStack$Pose;Lcom/mojang/blaze3d/vertex/VertexConsumer;Lkr/moonseungjun/villageguardians/VillageSkillMeshLibrary$Basis;DDLjava/util/Random;Ljava/lang/String;)V
      1029: goto          1392
      1032: aload_1
      1033: aload_2
      1034: aload         7
      1036: dload_3
      1037: dload         5
      1039: invokestatic  #144                // Method renderRapidFire:(Lcom/mojang/blaze3d/vertex/PoseStack$Pose;Lcom/mojang/blaze3d/vertex/VertexConsumer;Lkr/moonseungjun/villageguardians/VillageSkillMeshLibrary$Basis;DD)V
      1042: goto          1392
      1045: aload_1
      1046: aload_2
      1047: aload         7
      1049: dload_3
      1050: dload         5
      1052: invokestatic  #147                // Method renderRangerFocus:(Lcom/mojang/blaze3d/vertex/PoseStack$Pose;Lcom/mojang/blaze3d/vertex/VertexConsumer;Lkr/moonseungjun/villageguardians/VillageSkillMeshLibrary$Basis;DD)V
      1055: goto          1392
      1058: aload_1
      1059: aload_2
      1060: aload         7
      1062: dload_3
      1063: dload         5
      1065: invokestatic  #150                // Method renderTargetLock:(Lcom/mojang/blaze3d/vertex/PoseStack$Pose;Lcom/mojang/blaze3d/vertex/VertexConsumer;Lkr/moonseungjun/villageguardians/VillageSkillMeshLibrary$Basis;DD)V
      1068: goto          1392
      1071: aload_1
      1072: aload_2
      1073: aload         7
      1075: dload_3
      1076: dload         5
      1078: aload         8
      1080: aload_0
      1081: getfield      #137                // Field kr/moonseungjun/villageguardians/VillageSkillEffectRenderState.extra:Ljava/lang/String;
      1084: invokestatic  #153                // Method renderArrowRainField:(Lcom/mojang/blaze3d/vertex/PoseStack$Pose;Lcom/mojang/blaze3d/vertex/VertexConsumer;Lkr/moonseungjun/villageguardians/VillageSkillMeshLibrary$Basis;DDLjava/util/Random;Ljava/lang/String;)V
      1087: goto          1392
      1090: aload_1
      1091: aload_2
      1092: aload         7
      1094: dload_3
      1095: dload         5
      1097: aload         8
      1099: aload_0
      1100: getfield      #137                // Field kr/moonseungjun/villageguardians/VillageSkillEffectRenderState.extra:Ljava/lang/String;
      1103: invokestatic  #156                // Method renderArrowRainImpact:(Lcom/mojang/blaze3d/vertex/PoseStack$Pose;Lcom/mojang/blaze3d/vertex/VertexConsumer;Lkr/moonseungjun/villageguardians/VillageSkillMeshLibrary$Basis;DDLjava/util/Random;Ljava/lang/String;)V
      1106: goto          1392
      1109: aload_1
      1110: aload_2
      1111: aload         7
      1113: dload_3
      1114: dload         5
      1116: invokestatic  #159                // Method renderEnergyCharge:(Lcom/mojang/blaze3d/vertex/PoseStack$Pose;Lcom/mojang/blaze3d/vertex/VertexConsumer;Lkr/moonseungjun/villageguardians/VillageSkillMeshLibrary$Basis;DD)V
      1119: goto          1392
      1122: aload_1
      1123: aload_2
      1124: aload         7
      1126: dload_3
      1127: dload         5
      1129: invokestatic  #162                // Method renderEnergyProjectile:(Lcom/mojang/blaze3d/vertex/PoseStack$Pose;Lcom/mojang/blaze3d/vertex/VertexConsumer;Lkr/moonseungjun/villageguardians/VillageSkillMeshLibrary$Basis;DD)V
      1132: goto          1392
      1135: aload_1
      1136: aload_2
      1137: aload_0
      1138: dload_3
      1139: dload         5
      1141: ldc           #165                // int 9558015
      1143: iconst_0
      1144: invokestatic  #166                // Method renderPath:(Lcom/mojang/blaze3d/vertex/PoseStack$Pose;Lcom/mojang/blaze3d/vertex/VertexConsumer;Lkr/moonseungjun/villageguardians/VillageSkillEffectRenderState;DDIZ)V
      1147: goto          1392
      1150: aload_1
      1151: aload_2
      1152: aload         7
      1154: dload_3
      1155: dload         5
      1157: invokestatic  #170                // Method renderFireOrb:(Lcom/mojang/blaze3d/vertex/PoseStack$Pose;Lcom/mojang/blaze3d/vertex/VertexConsumer;Lkr/moonseungjun/villageguardians/VillageSkillMeshLibrary$Basis;DD)V
      1160: goto          1392
      1163: aload_1
      1164: aload_2
      1165: aload         7
      1167: dload_3
      1168: dload         5
      1170: aload_0
      1171: getfield      #137                // Field kr/moonseungjun/villageguardians/VillageSkillEffectRenderState.extra:Ljava/lang/String;
      1174: invokestatic  #173                // Method renderFireImpact:(Lcom/mojang/blaze3d/vertex/PoseStack$Pose;Lcom/mojang/blaze3d/vertex/VertexConsumer;Lkr/moonseungjun/villageguardians/VillageSkillMeshLibrary$Basis;DDLjava/lang/String;)V
      1177: goto          1392
      1180: aload_1
      1181: aload_2
      1182: aload         7
      1184: dload_3
      1185: dload         5
      1187: aload_0
      1188: getfield      #137                // Field kr/moonseungjun/villageguardians/VillageSkillEffectRenderState.extra:Ljava/lang/String;
      1191: invokestatic  #177                // Method renderFrostField:(Lcom/mojang/blaze3d/vertex/PoseStack$Pose;Lcom/mojang/blaze3d/vertex/VertexConsumer;Lkr/moonseungjun/villageguardians/VillageSkillMeshLibrary$Basis;DDLjava/lang/String;)V
      1194: goto          1392
      1197: aload_1
      1198: aload_2
      1199: aload         7
      1201: dload_3
      1202: dload         5
      1204: aload_0
      1205: getfield      #137                // Field kr/moonseungjun/villageguardians/VillageSkillEffectRenderState.extra:Ljava/lang/String;
      1208: invokestatic  #180                // Method renderTornado:(Lcom/mojang/blaze3d/vertex/PoseStack$Pose;Lcom/mojang/blaze3d/vertex/VertexConsumer;Lkr/moonseungjun/villageguardians/VillageSkillMeshLibrary$Basis;DDLjava/lang/String;)V
      1211: goto          1392
      1214: aload_1
      1215: aload_2
      1216: aload         7
      1218: dload_3
      1219: dload         5
      1221: aload         8
      1223: aload_0
      1224: getfield      #137                // Field kr/moonseungjun/villageguardians/VillageSkillEffectRenderState.extra:Ljava/lang/String;
      1227: invokestatic  #183                // Method renderLightningField:(Lcom/mojang/blaze3d/vertex/PoseStack$Pose;Lcom/mojang/blaze3d/vertex/VertexConsumer;Lkr/moonseungjun/villageguardians/VillageSkillMeshLibrary$Basis;DDLjava/util/Random;Ljava/lang/String;)V
      1230: goto          1392
      1233: aload_1
      1234: aload_2
      1235: aload         7
      1237: dload_3
      1238: dload         5
      1240: invokestatic  #186                // Method renderHealCast:(Lcom/mojang/blaze3d/vertex/PoseStack$Pose;Lcom/mojang/blaze3d/vertex/VertexConsumer;Lkr/moonseungjun/villageguardians/VillageSkillMeshLibrary$Basis;DD)V
      1243: goto          1392
      1246: aload_1
      1247: aload_2
      1248: aload_0
      1249: dload_3
      1250: dload         5
      1252: ldc           #189                // int 16773800
      1254: iconst_1
      1255: invokestatic  #166                // Method renderPath:(Lcom/mojang/blaze3d/vertex/PoseStack$Pose;Lcom/mojang/blaze3d/vertex/VertexConsumer;Lkr/moonseungjun/villageguardians/VillageSkillEffectRenderState;DDIZ)V
      1258: goto          1392
      1261: aload_1
      1262: aload_2
      1263: aload         7
      1265: dload_3
      1266: dload         5
      1268: invokestatic  #190                // Method renderCleanseCast:(Lcom/mojang/blaze3d/vertex/PoseStack$Pose;Lcom/mojang/blaze3d/vertex/VertexConsumer;Lkr/moonseungjun/villageguardians/VillageSkillMeshLibrary$Basis;DD)V
      1271: goto          1392
      1274: aload_1
      1275: aload_2
      1276: aload_0
      1277: dload_3
      1278: dload         5
      1280: invokestatic  #193                // Method renderCleanseWave:(Lcom/mojang/blaze3d/vertex/PoseStack$Pose;Lcom/mojang/blaze3d/vertex/VertexConsumer;Lkr/moonseungjun/villageguardians/VillageSkillEffectRenderState;DD)V
      1283: goto          1392
      1286: aload_1
      1287: aload_2
      1288: aload         7
      1290: dload_3
      1291: dload         5
      1293: aload_0
      1294: getfield      #137                // Field kr/moonseungjun/villageguardians/VillageSkillEffectRenderState.extra:Ljava/lang/String;
      1297: invokestatic  #197                // Method renderHealingField:(Lcom/mojang/blaze3d/vertex/PoseStack$Pose;Lcom/mojang/blaze3d/vertex/VertexConsumer;Lkr/moonseungjun/villageguardians/VillageSkillMeshLibrary$Basis;DDLjava/lang/String;)V
      1300: goto          1392
      1303: aload_1
      1304: aload_2
      1305: aload         7
      1307: dload_3
      1308: dload         5
      1310: invokestatic  #200                // Method renderMiracleCast:(Lcom/mojang/blaze3d/vertex/PoseStack$Pose;Lcom/mojang/blaze3d/vertex/VertexConsumer;Lkr/moonseungjun/villageguardians/VillageSkillMeshLibrary$Basis;DD)V
      1313: goto          1392
      1316: aload_1
      1317: aload_2
      1318: aload_0
      1319: dload_3
      1320: dload         5
      1322: invokestatic  #203                // Method renderMiracleWave:(Lcom/mojang/blaze3d/vertex/PoseStack$Pose;Lcom/mojang/blaze3d/vertex/VertexConsumer;Lkr/moonseungjun/villageguardians/VillageSkillEffectRenderState;DD)V
      1325: goto          1392
      1328: aload_1
      1329: aload_2
      1330: aload         7
      1332: dload_3
      1333: dload         5
      1335: invokestatic  #206                // Method renderShieldCharge:(Lcom/mojang/blaze3d/vertex/PoseStack$Pose;Lcom/mojang/blaze3d/vertex/VertexConsumer;Lkr/moonseungjun/villageguardians/VillageSkillMeshLibrary$Basis;DD)V
      1338: goto          1392
      1341: aload_1
      1342: aload_2
      1343: aload         7
      1345: dload_3
      1346: dload         5
      1348: invokestatic  #209                // Method renderTaunt:(Lcom/mojang/blaze3d/vertex/PoseStack$Pose;Lcom/mojang/blaze3d/vertex/VertexConsumer;Lkr/moonseungjun/villageguardians/VillageSkillMeshLibrary$Basis;DD)V
      1351: goto          1392
      1354: aload_1
      1355: aload_2
      1356: aload         7
      1358: dload_3
      1359: dload         5
      1361: iconst_1
      1362: invokestatic  #212                // Method renderFortress:(Lcom/mojang/blaze3d/vertex/PoseStack$Pose;Lcom/mojang/blaze3d/vertex/VertexConsumer;Lkr/moonseungjun/villageguardians/VillageSkillMeshLibrary$Basis;DDZ)V
      1365: goto          1392
      1368: aload_1
      1369: aload_2
      1370: aload         7
      1372: dload_3
      1373: dload         5
      1375: iconst_0
      1376: invokestatic  #212                // Method renderFortress:(Lcom/mojang/blaze3d/vertex/PoseStack$Pose;Lcom/mojang/blaze3d/vertex/VertexConsumer;Lkr/moonseungjun/villageguardians/VillageSkillMeshLibrary$Basis;DDZ)V
      1379: goto          1392
      1382: aload_1
      1383: aload_2
      1384: aload         7
      1386: dload_3
      1387: dload         5
      1389: invokestatic  #216                // Method renderFallbackRune:(Lcom/mojang/blaze3d/vertex/PoseStack$Pose;Lcom/mojang/blaze3d/vertex/VertexConsumer;Lkr/moonseungjun/villageguardians/VillageSkillMeshLibrary$Basis;DD)V
      1392: return

  private static void renderVanguardSpin(com.mojang.blaze3d.vertex.PoseStack$Pose, com.mojang.blaze3d.vertex.VertexConsumer, kr.moonseungjun.villageguardians.VillageSkillMeshLibrary$Basis, double, double);
    Code:
         0: dload         5
         2: ldc2_w        #219                // double 0.08d
         5: ldc2_w        #221                // double 0.16d
         8: invokestatic  #223                // Method envelope:(DDD)D
        11: dstore        7
        13: iconst_0
        14: istore        9
        16: iload         9
        18: iconst_4
        19: if_icmpge     123
        22: dload_3
        23: ldc2_w        #226                // double 0.78d
        26: dmul
        27: iload         9
        29: i2d
        30: ldc2_w        #228                // double 6.283185307179586d
        33: dmul
        34: ldc2_w        #230                // double 4.0d
        37: ddiv
        38: dadd
        39: dstore        10
        41: ldc2_w        #232                // double 1.35d
        44: iload         9
        46: i2d
        47: ldc2_w        #234                // double 0.34d
        50: dmul
        51: dadd
        52: dstore        12
        54: ldc2_w        #236                // double 0.72d
        57: iload         9
        59: i2d
        60: ldc2_w        #238                // double 0.24d
        63: dmul
        64: dadd
        65: dstore        14
        67: aload_0
        68: aload_1
        69: aload_2
        70: dload         10
        72: dload         12
        74: dload         14
        76: ldc2_w        #240                // double 1.18d
        79: ldc2_w        #242                // double 0.14d
        82: iload         9
        84: i2d
        85: ldc2_w        #244                // double 0.018d
        88: dmul
        89: dadd
        90: sipush        255
        93: sipush        188
        96: iload         9
        98: bipush        14
       100: imul
       101: isub
       102: bipush        72
       104: ldc2_w        #246                // double 190.0d
       107: dload         7
       109: dmul
       110: d2i
       111: invokestatic  #248                // Method rgba:(IIII)I
       114: invokestatic  #252                // Method slashArc:(Lcom/mojang/blaze3d/vertex/PoseStack$Pose;Lcom/mojang/blaze3d/vertex/VertexConsumer;Lkr/moonseungjun/villageguardians/VillageSkillMeshLibrary$Basis;DDDDDI)V
       117: iinc          9, 1
       120: goto          16
       123: aload_0
       124: aload_1
       125: aload_2
       126: ldc2_w        #256                // double 1.05d
       129: ldc2_w        #258                // double 0.06d
       132: ldc2_w        #219                // double 0.08d
       135: bipush        56
       137: sipush        255
       140: bipush        103
       142: bipush        38
       144: ldc2_w        #260                // double 120.0d
       147: dload         7
       149: dmul
       150: d2i
       151: invokestatic  #248                // Method rgba:(IIII)I
       154: dload_3
       155: dneg
       156: ldc2_w        #262                // double 0.035d
       159: dmul
       160: invokestatic  #264                // Method ring:(Lcom/mojang/blaze3d/vertex/PoseStack$Pose;Lcom/mojang/blaze3d/vertex/VertexConsumer;Lkr/moonseungjun/villageguardians/VillageSkillMeshLibrary$Basis;DDDIID)V
       163: return

  private static void renderVanguardRally(com.mojang.blaze3d.vertex.PoseStack$Pose, com.mojang.blaze3d.vertex.VertexConsumer, kr.moonseungjun.villageguardians.VillageSkillMeshLibrary$Basis, double, double);
    Code:
         0: ldc2_w        #268                // double 0.82d
         3: ldc2_w        #270                // double 0.18d
         6: dload_3
         7: ldc2_w        #234                // double 0.34d
        10: dmul
        11: invokestatic  #272                // Method java/lang/Math.sin:(D)D
        14: dmul
        15: dadd
        16: dstore        7
        18: aload_0
        19: aload_1
        20: aload_2
        21: ldc2_w        #276                // double 1.2d
        24: dload         5
        26: ldc2_w        #278                // double 2.2d
        29: dmul
        30: dadd
        31: ldc2_w        #280                // double 0.12d
        34: ldc2_w        #242                // double 0.14d
        37: bipush        56
        39: sipush        255
        42: sipush        171
        45: bipush        58
        47: ldc2_w        #282                // double 170.0d
        50: dconst_1
        51: dload         5
        53: dsub
        54: dmul
        55: d2i
        56: invokestatic  #248                // Method rgba:(IIII)I
        59: dload_3
        60: ldc2_w        #284                // double 0.02d
        63: dmul
        64: invokestatic  #264                // Method ring:(Lcom/mojang/blaze3d/vertex/PoseStack$Pose;Lcom/mojang/blaze3d/vertex/VertexConsumer;Lkr/moonseungjun/villageguardians/VillageSkillMeshLibrary$Basis;DDDIID)V
        67: aload_0
        68: aload_1
        69: aload_2
        70: ldc2_w        #286                // double 0.95d
        73: dload         7
        75: dmul
        76: ldc2_w        #288                // double 1.45d
        79: ldc2_w        #290                // double 0.09d
        82: bipush        40
        84: sipush        255
        87: sipush        224
        90: sipush        130
        93: sipush        185
        96: invokestatic  #248                // Method rgba:(IIII)I
        99: dload_3
       100: dneg
       101: ldc2_w        #292                // double 0.025d
       104: dmul
       105: invokestatic  #264                // Method ring:(Lcom/mojang/blaze3d/vertex/PoseStack$Pose;Lcom/mojang/blaze3d/vertex/VertexConsumer;Lkr/moonseungjun/villageguardians/VillageSkillMeshLibrary$Basis;DDDIID)V
       108: iconst_0
       109: istore        9
       111: iload         9
       113: bipush        6
       115: if_icmpge     199
       118: iload         9
       120: i2d
       121: ldc2_w        #228                // double 6.283185307179586d
       124: dmul
       125: ldc2_w        #294                // double 6.0d
       128: ddiv
       129: dload_3
       130: ldc2_w        #292                // double 0.025d
       133: dmul
       134: dadd
       135: dstore        10
       137: aload_0
       138: aload_1
       139: aload_2
       140: dload         10
       142: dconst_1
       143: ldc2_w        #221                // double 0.16d
       146: dload_3
       147: ldc2_w        #296                // double 0.2d
       150: dmul
       151: iload         9
       153: i2d
       154: dadd
       155: invokestatic  #272                // Method java/lang/Math.sin:(D)D
       158: dmul
       159: dadd
       160: ldc2_w        #276                // double 1.2d
       163: iload         9
       165: iconst_2
       166: irem
       167: i2d
       168: ldc2_w        #298                // double 0.35d
       171: dmul
       172: dadd
       173: ldc2_w        #300                // double 0.42d
       176: sipush        255
       179: sipush        187
       182: bipush        68
       184: sipush        185
       187: invokestatic  #248                // Method rgba:(IIII)I
       190: invokestatic  #302                // Method chevron:(Lcom/mojang/blaze3d/vertex/PoseStack$Pose;Lcom/mojang/blaze3d/vertex/VertexConsumer;Lkr/moonseungjun/villageguardians/VillageSkillMeshLibrary$Basis;DDDDI)V
       193: iinc          9, 1
       196: goto          111
       199: iconst_0
       200: istore        9
       202: iload         9
       204: iconst_4
       205: if_icmpge     271
       208: iload         9
       210: i2d
       211: ldc2_w        #228                // double 6.283185307179586d
       214: dmul
       215: ldc2_w        #230                // double 4.0d
       218: ddiv
       219: dload_3
       220: ldc2_w        #244                // double 0.018d
       223: dmul
       224: dadd
       225: dstore        10
       227: aload_0
       228: aload_1
       229: aload_2
       230: dload         10
       232: ldc2_w        #306                // double 0.65d
       235: ldc2_w        #308                // double 0.25d
       238: invokestatic  #310                // Method polar:(DDD)Lnet/minecraft/world/phys/Vec3;
       241: ldc2_w        #314                // double 1.9d
       244: ldc2_w        #316                // double 0.1d
       247: sipush        255
       250: sipush        236
       253: sipush        165
       256: sipush        150
       259: invokestatic  #248                // Method rgba:(IIII)I
       262: invokestatic  #318                // Method verticalBlade:(Lcom/mojang/blaze3d/vertex/PoseStack$Pose;Lcom/mojang/blaze3d/vertex/VertexConsumer;Lkr/moonseungjun/villageguardians/VillageSkillMeshLibrary$Basis;Lnet/minecraft/world/phys/Vec3;DDI)V
       265: iinc          9, 1
       268: goto          202
       271: return

  private static void renderBladeCharge(com.mojang.blaze3d.vertex.PoseStack$Pose, com.mojang.blaze3d.vertex.VertexConsumer, kr.moonseungjun.villageguardians.VillageSkillMeshLibrary$Basis, double, double);
    Code:
         0: dload         5
         2: ldc2_w        #316                // double 0.1d
         5: ldc2_w        #296                // double 0.2d
         8: invokestatic  #223                // Method envelope:(DDD)D
        11: dstore        7
        13: aload_2
        14: ldc2_w        #300                // double 0.42d
        17: ldc2_w        #256                // double 1.05d
        20: ldc2_w        #322                // double 0.52d
        23: invokevirtual #324                // Method kr/moonseungjun/villageguardians/VillageSkillMeshLibrary$Basis.local:(DDD)Lnet/minecraft/world/phys/Vec3;
        26: astore        9
        28: aload_0
        29: aload_1
        30: aload         9
        32: ldc2_w        #221                // double 0.16d
        35: dload         5
        37: ldc2_w        #316                // double 0.1d
        40: dmul
        41: dadd
        42: bipush        8
        44: bipush        12
        46: sipush        165
        49: sipush        228
        52: sipush        255
        55: ldc2_w        #327                // double 205.0d
        58: dload         7
        60: dmul
        61: d2i
        62: invokestatic  #248                // Method rgba:(IIII)I
        65: invokestatic  #329                // Method sphere:(Lcom/mojang/blaze3d/vertex/PoseStack$Pose;Lcom/mojang/blaze3d/vertex/VertexConsumer;Lnet/minecraft/world/phys/Vec3;DIII)V
        68: iconst_0
        69: istore        10
        71: iload         10
        73: iconst_3
        74: if_icmpge     160
        77: aload_0
        78: aload_1
        79: aload_2
        80: dload_3
        81: ldc2_w        #221                // double 0.16d
        84: dmul
        85: iload         10
        87: i2d
        88: ldc2_w        #228                // double 6.283185307179586d
        91: dmul
        92: ldc2_w        #333                // double 3.0d
        95: ddiv
        96: dadd
        97: ldc2_w        #236                // double 0.72d
       100: iload         10
       102: i2d
       103: ldc2_w        #221                // double 0.16d
       106: dmul
       107: dadd
       108: ldc2_w        #335                // double 0.92d
       111: iload         10
       113: i2d
       114: ldc2_w        #337                // double 0.13d
       117: dmul
       118: dadd
       119: ldc2_w        #268                // double 0.82d
       122: ldc2_w        #339                // double 0.055d
       125: sipush        128
       128: sipush        211
       131: sipush        255
       134: sipush        150
       137: iload         10
       139: bipush        20
       141: imul
       142: isub
       143: i2d
       144: dload         7
       146: dmul
       147: d2i
       148: invokestatic  #248                // Method rgba:(IIII)I
       151: invokestatic  #252                // Method slashArc:(Lcom/mojang/blaze3d/vertex/PoseStack$Pose;Lcom/mojang/blaze3d/vertex/VertexConsumer;Lkr/moonseungjun/villageguardians/VillageSkillMeshLibrary$Basis;DDDDDI)V
       154: iinc          10, 1
       157: goto          71
       160: return

  private static void renderSlamCharge(com.mojang.blaze3d.vertex.PoseStack$Pose, com.mojang.blaze3d.vertex.VertexConsumer, kr.moonseungjun.villageguardians.VillageSkillMeshLibrary$Basis, double, double);
    Code:
         0: dload         5
         2: ldc2_w        #219                // double 0.08d
         5: ldc2_w        #270                // double 0.18d
         8: invokestatic  #223                // Method envelope:(DDD)D
        11: dstore        7
        13: iconst_0
        14: istore        9
        16: iload         9
        18: iconst_3
        19: if_icmpge     112
        22: aload_0
        23: aload_1
        24: aload_2
        25: ldc2_w        #341                // double 0.55d
        28: iload         9
        30: i2d
        31: ldc2_w        #343                // double 0.46d
        34: dmul
        35: dadd
        36: dload         5
        38: ldc2_w        #300                // double 0.42d
        41: dmul
        42: dadd
        43: ldc2_w        #345                // double 0.05d
        46: iload         9
        48: i2d
        49: ldc2_w        #347                // double 0.11d
        52: dmul
        53: dadd
        54: ldc2_w        #349                // double 0.075d
        57: bipush        42
        59: sipush        255
        62: bipush        92
        64: iload         9
        66: bipush        26
        68: imul
        69: iadd
        70: bipush        66
        72: sipush        155
        75: iload         9
        77: bipush        18
        79: imul
        80: isub
        81: i2d
        82: dload         7
        84: dmul
        85: d2i
        86: invokestatic  #248                // Method rgba:(IIII)I
        89: dload_3
        90: dneg
        91: ldc2_w        #351                // double 0.045d
        94: iload         9
        96: i2d
        97: ldc2_w        #353                // double 0.012d
       100: dmul
       101: dadd
       102: dmul
       103: invokestatic  #264                // Method ring:(Lcom/mojang/blaze3d/vertex/PoseStack$Pose;Lcom/mojang/blaze3d/vertex/VertexConsumer;Lkr/moonseungjun/villageguardians/VillageSkillMeshLibrary$Basis;DDDIID)V
       106: iinc          9, 1
       109: goto          16
       112: iconst_0
       113: istore        9
       115: iload         9
       117: bipush        8
       119: if_icmpge     237
       122: iload         9
       124: i2d
       125: ldc2_w        #228                // double 6.283185307179586d
       128: dmul
       129: ldc2_w        #355                // double 8.0d
       132: ddiv
       133: dload_3
       134: ldc2_w        #292                // double 0.025d
       137: dmul
       138: dadd
       139: dstore        10
       141: aload_2
       142: dload         10
       144: invokestatic  #357                // Method java/lang/Math.cos:(D)D
       147: ldc2_w        #360                // double 0.58d
       150: dmul
       151: ldc2_w        #362                // double 2.35d
       154: dload         5
       156: ldc2_w        #364                // double 1.28d
       159: dmul
       160: dsub
       161: dload         10
       163: invokestatic  #272                // Method java/lang/Math.sin:(D)D
       166: ldc2_w        #360                // double 0.58d
       169: dmul
       170: invokevirtual #324                // Method kr/moonseungjun/villageguardians/VillageSkillMeshLibrary$Basis.local:(DDD)Lnet/minecraft/world/phys/Vec3;
       173: astore        12
       175: aload_2
       176: dload         10
       178: invokestatic  #357                // Method java/lang/Math.cos:(D)D
       181: ldc2_w        #366                // double 1.22d
       184: dmul
       185: ldc2_w        #368                // double 0.22d
       188: dload         10
       190: invokestatic  #272                // Method java/lang/Math.sin:(D)D
       193: ldc2_w        #366                // double 1.22d
       196: dmul
       197: invokevirtual #324                // Method kr/moonseungjun/villageguardians/VillageSkillMeshLibrary$Basis.local:(DDD)Lnet/minecraft/world/phys/Vec3;
       200: astore        13
       202: aload_0
       203: aload_1
       204: aload         12
       206: aload         13
       208: ldc2_w        #339                // double 0.055d
       211: sipush        238
       214: bipush        67
       216: bipush        54
       218: ldc2_w        #370                // double 150.0d
       221: dload         7
       223: dmul
       224: d2i
       225: invokestatic  #248                // Method rgba:(IIII)I
       228: invokestatic  #372                // Method prism:(Lcom/mojang/blaze3d/vertex/PoseStack$Pose;Lcom/mojang/blaze3d/vertex/VertexConsumer;Lnet/minecraft/world/phys/Vec3;Lnet/minecraft/world/phys/Vec3;DI)V
       231: iinc          9, 1
       234: goto          115
       237: return

  private static void renderBladeWave(com.mojang.blaze3d.vertex.PoseStack$Pose, com.mojang.blaze3d.vertex.VertexConsumer, kr.moonseungjun.villageguardians.VillageSkillMeshLibrary$Basis, double, double);
    Code:
         0: dconst_1
         1: dload         5
         3: ldc2_w        #376                // double 0.7d
         6: dmul
         7: dsub
         8: dstore        7
        10: aload_0
        11: aload_1
        12: aload_2
        13: ldc2_w        #378                // double 3.6d
        16: dconst_0
        17: ldc2_w        #380                // double 0.15d
        20: ldc2_w        #382                // double 0.07d
        23: bipush        120
        25: sipush        215
        28: sipush        255
        31: ldc2_w        #384                // double 225.0d
        34: dload         7
        36: dmul
        37: d2i
        38: invokestatic  #248                // Method rgba:(IIII)I
        41: invokestatic  #386                // Method horizontalSlash:(Lcom/mojang/blaze3d/vertex/PoseStack$Pose;Lcom/mojang/blaze3d/vertex/VertexConsumer;Lkr/moonseungjun/villageguardians/VillageSkillMeshLibrary$Basis;DDDDI)V
        44: aload_0
        45: aload_1
        46: aload_2
        47: ldc2_w        #333                // double 3.0d
        50: ldc2_w        #389                // double 0.01d
        53: ldc2_w        #391                // double 0.065d
        56: ldc2_w        #262                // double 0.035d
        59: sipush        236
        62: sipush        252
        65: sipush        255
        68: ldc2_w        #246                // double 190.0d
        71: dload         7
        73: dmul
        74: d2i
        75: invokestatic  #248                // Method rgba:(IIII)I
        78: invokestatic  #386                // Method horizontalSlash:(Lcom/mojang/blaze3d/vertex/PoseStack$Pose;Lcom/mojang/blaze3d/vertex/VertexConsumer;Lkr/moonseungjun/villageguardians/VillageSkillMeshLibrary$Basis;DDDDI)V
        81: return

  private static void renderSlamImpact(com.mojang.blaze3d.vertex.PoseStack$Pose, com.mojang.blaze3d.vertex.VertexConsumer, kr.moonseungjun.villageguardians.VillageSkillMeshLibrary$Basis, double, double, java.util.Random, java.lang.String);
    Code:
         0: aload         8
         2: ldc2_w        #393                // double 8.5d
         5: invokestatic  #395                // Method effectMeta:(Ljava/lang/String;D)Lkr/moonseungjun/villageguardians/VillageSkillMeshLibrary$EffectMeta;
         8: astore        9
        10: ldc2_w        #399                // double 0.8d
        13: dload         5
        15: ldc2_w        #296                // double 0.2d
        18: aload         9
        20: invokevirtual #401                // Method kr/moonseungjun/villageguardians/VillageSkillMeshLibrary$EffectMeta.radius:()D
        23: ldc2_w        #399                // double 0.8d
        26: dsub
        27: invokestatic  #19                 // Method java/lang/Math.max:(DD)D
        30: dmul
        31: dadd
        32: dstore        10
        34: aload_0
        35: aload_1
        36: aload_2
        37: dload         10
        39: ldc2_w        #262                // double 0.035d
        42: ldc2_w        #270                // double 0.18d
        45: dload         5
        47: ldc2_w        #368                // double 0.22d
        50: dmul
        51: dadd
        52: bipush        72
        54: sipush        255
        57: bipush        74
        59: bipush        48
        61: ldc2_w        #407                // double 210.0d
        64: dconst_1
        65: dload         5
        67: dsub
        68: dmul
        69: d2i
        70: invokestatic  #248                // Method rgba:(IIII)I
        73: dload_3
        74: ldc2_w        #389                // double 0.01d
        77: dmul
        78: invokestatic  #264                // Method ring:(Lcom/mojang/blaze3d/vertex/PoseStack$Pose;Lcom/mojang/blaze3d/vertex/VertexConsumer;Lkr/moonseungjun/villageguardians/VillageSkillMeshLibrary$Basis;DDDIID)V
        81: aload         9
        83: invokevirtual #409                // Method kr/moonseungjun/villageguardians/VillageSkillMeshLibrary$EffectMeta.rank:()I
        86: iconst_3
        87: if_icmplt     136
        90: aload_0
        91: aload_1
        92: aload_2
        93: dload         10
        95: ldc2_w        #236                // double 0.72d
        98: dmul
        99: ldc2_w        #412                // double 0.042d
       102: ldc2_w        #382                // double 0.07d
       105: bipush        56
       107: sipush        255
       110: sipush        161
       113: bipush        77
       115: ldc2_w        #414                // double 145.0d
       118: dconst_1
       119: dload         5
       121: dsub
       122: dmul
       123: d2i
       124: invokestatic  #248                // Method rgba:(IIII)I
       127: dload_3
       128: dneg
       129: ldc2_w        #416                // double 0.014d
       132: dmul
       133: invokestatic  #264                // Method ring:(Lcom/mojang/blaze3d/vertex/PoseStack$Pose;Lcom/mojang/blaze3d/vertex/VertexConsumer;Lkr/moonseungjun/villageguardians/VillageSkillMeshLibrary$Basis;DDDIID)V
       136: aload         7
       138: aload         7
       140: invokevirtual #418                // Method java/util/Random.nextLong:()J
       143: ldc2_w        #422                // long 23063l
       146: lxor
       147: invokevirtual #424                // Method java/util/Random.setSeed:(J)V
       150: bipush        18
       152: aload         9
       154: invokevirtual #409                // Method kr/moonseungjun/villageguardians/VillageSkillMeshLibrary$EffectMeta.rank:()I
       157: iconst_2
       158: imul
       159: iadd
       160: istore        12
       162: iconst_0
       163: istore        13
       165: iload         13
       167: iload         12
       169: if_icmpge     278
       172: iload         13
       174: i2d
       175: ldc2_w        #228                // double 6.283185307179586d
       178: dmul
       179: iload         12
       181: i2d
       182: ddiv
       183: aload         7
       185: invokevirtual #427                // Method java/util/Random.nextDouble:()D
       188: ldc2_w        #221                // double 0.16d
       191: dmul
       192: dadd
       193: dstore        14
       195: ldc2_w        #298                // double 0.35d
       198: aload         7
       200: invokevirtual #427                // Method java/util/Random.nextDouble:()D
       203: ldc2_w        #430                // double 0.4d
       206: dmul
       207: dadd
       208: dstore        16
       210: dload         10
       212: ldc2_w        #236                // double 0.72d
       215: aload         7
       217: invokevirtual #427                // Method java/util/Random.nextDouble:()D
       220: ldc2_w        #432                // double 0.28d
       223: dmul
       224: dadd
       225: dmul
       226: dstore        18
       228: aload_0
       229: aload_1
       230: aload_2
       231: dload         14
       233: dload         16
       235: dload         18
       237: ldc2_w        #345                // double 0.05d
       240: aload         7
       242: invokevirtual #427                // Method java/util/Random.nextDouble:()D
       245: ldc2_w        #258                // double 0.06d
       248: dmul
       249: dadd
       250: sipush        255
       253: bipush        103
       255: bipush        48
       257: ldc2_w        #246                // double 190.0d
       260: dconst_1
       261: dload         5
       263: dsub
       264: dmul
       265: d2i
       266: invokestatic  #248                // Method rgba:(IIII)I
       269: invokestatic  #434                // Method groundCrack:(Lcom/mojang/blaze3d/vertex/PoseStack$Pose;Lcom/mojang/blaze3d/vertex/VertexConsumer;Lkr/moonseungjun/villageguardians/VillageSkillMeshLibrary$Basis;DDDDI)V
       272: iinc          13, 1
       275: goto          165
       278: return

  private static void renderRapidFire(com.mojang.blaze3d.vertex.PoseStack$Pose, com.mojang.blaze3d.vertex.VertexConsumer, kr.moonseungjun.villageguardians.VillageSkillMeshLibrary$Basis, double, double);
    Code:
         0: dload         5
         2: ldc2_w        #219                // double 0.08d
         5: ldc2_w        #221                // double 0.16d
         8: invokestatic  #223                // Method envelope:(DDD)D
        11: dstore        7
        13: iconst_0
        14: istore        9
        16: iload         9
        18: iconst_3
        19: if_icmpge     91
        22: aload_0
        23: aload_1
        24: aload_2
        25: ldc2_w        #360                // double 0.58d
        28: iload         9
        30: i2d
        31: ldc2_w        #437                // double 0.19d
        34: dmul
        35: dadd
        36: ldc2_w        #276                // double 1.2d
        39: ldc2_w        #262                // double 0.035d
        42: bipush        48
        44: bipush        112
        46: sipush        220
        49: sipush        255
        52: sipush        155
        55: iload         9
        57: bipush        24
        59: imul
        60: isub
        61: i2d
        62: dload         7
        64: dmul
        65: d2i
        66: invokestatic  #248                // Method rgba:(IIII)I
        69: dload_3
        70: ldc2_w        #351                // double 0.045d
        73: iload         9
        75: i2d
        76: ldc2_w        #353                // double 0.012d
        79: dmul
        80: dadd
        81: dmul
        82: invokestatic  #439                // Method ringVertical:(Lcom/mojang/blaze3d/vertex/PoseStack$Pose;Lcom/mojang/blaze3d/vertex/VertexConsumer;Lkr/moonseungjun/villageguardians/VillageSkillMeshLibrary$Basis;DDDIID)V
        85: iinc          9, 1
        88: goto          16
        91: aload_0
        92: aload_1
        93: aload_2
        94: dload_3
        95: ldc2_w        #270                // double 0.18d
        98: dmul
        99: ldc2_w        #226                // double 0.78d
       102: ldc2_w        #442                // double 2.1d
       105: bipush        28
       107: bipush        103
       109: sipush        206
       112: sipush        255
       115: ldc2_w        #444                // double 125.0d
       118: dload         7
       120: dmul
       121: d2i
       122: invokestatic  #248                // Method rgba:(IIII)I
       125: invokestatic  #446                // Method helixRibbon:(Lcom/mojang/blaze3d/vertex/PoseStack$Pose;Lcom/mojang/blaze3d/vertex/VertexConsumer;Lkr/moonseungjun/villageguardians/VillageSkillMeshLibrary$Basis;DDDII)V
       128: aload_0
       129: aload_1
       130: aload_2
       131: ldc2_w        #450                // double 3.141592653589793d
       134: dload_3
       135: ldc2_w        #270                // double 0.18d
       138: dmul
       139: dadd
       140: ldc2_w        #226                // double 0.78d
       143: ldc2_w        #442                // double 2.1d
       146: bipush        28
       148: sipush        205
       151: sipush        246
       154: sipush        255
       157: ldc2_w        #452                // double 105.0d
       160: dload         7
       162: dmul
       163: d2i
       164: invokestatic  #248                // Method rgba:(IIII)I
       167: invokestatic  #446                // Method helixRibbon:(Lcom/mojang/blaze3d/vertex/PoseStack$Pose;Lcom/mojang/blaze3d/vertex/VertexConsumer;Lkr/moonseungjun/villageguardians/VillageSkillMeshLibrary$Basis;DDDII)V
       170: return

  private static void renderRangerFocus(com.mojang.blaze3d.vertex.PoseStack$Pose, com.mojang.blaze3d.vertex.VertexConsumer, kr.moonseungjun.villageguardians.VillageSkillMeshLibrary$Basis, double, double);
    Code:
         0: dload         5
         2: ldc2_w        #219                // double 0.08d
         5: ldc2_w        #296                // double 0.2d
         8: invokestatic  #223                // Method envelope:(DDD)D
        11: dstore        7
        13: aload_2
        14: dconst_0
        15: dconst_0
        16: ldc2_w        #270                // double 0.18d
        19: invokevirtual #324                // Method kr/moonseungjun/villageguardians/VillageSkillMeshLibrary$Basis.local:(DDD)Lnet/minecraft/world/phys/Vec3;
        22: astore        9
        24: aload_0
        25: aload_1
        26: aload         9
        28: ldc2_w        #270                // double 0.18d
        31: dload_3
        32: ldc2_w        #308                // double 0.25d
        35: dmul
        36: invokestatic  #272                // Method java/lang/Math.sin:(D)D
        39: ldc2_w        #262                // double 0.035d
        42: dmul
        43: dadd
        44: bipush        8
        46: bipush        12
        48: sipush        255
        51: sipush        211
        54: bipush        88
        56: ldc2_w        #407                // double 210.0d
        59: dload         7
        61: dmul
        62: d2i
        63: invokestatic  #248                // Method rgba:(IIII)I
        66: invokestatic  #329                // Method sphere:(Lcom/mojang/blaze3d/vertex/PoseStack$Pose;Lcom/mojang/blaze3d/vertex/VertexConsumer;Lnet/minecraft/world/phys/Vec3;DIII)V
        69: aload_0
        70: aload_1
        71: aload_2
        72: ldc2_w        #454                // double 0.48d
        75: dconst_0
        76: ldc2_w        #262                // double 0.035d
        79: bipush        44
        81: sipush        255
        84: sipush        235
        87: sipush        150
        90: ldc2_w        #456                // double 160.0d
        93: dload         7
        95: dmul
        96: d2i
        97: invokestatic  #248                // Method rgba:(IIII)I
       100: dload_3
       101: ldc2_w        #258                // double 0.06d
       104: dmul
       105: invokestatic  #439                // Method ringVertical:(Lcom/mojang/blaze3d/vertex/PoseStack$Pose;Lcom/mojang/blaze3d/vertex/VertexConsumer;Lkr/moonseungjun/villageguardians/VillageSkillMeshLibrary$Basis;DDDIID)V
       108: return

  private static void renderFireImpact(com.mojang.blaze3d.vertex.PoseStack$Pose, com.mojang.blaze3d.vertex.VertexConsumer, kr.moonseungjun.villageguardians.VillageSkillMeshLibrary$Basis, double, double, java.lang.String);
    Code:
         0: ldc2_w        #458                // double 4.8d
         3: dstore        8
         5: aload         7
         7: invokestatic  #460                // Method java/lang/Double.parseDouble:(Ljava/lang/String;)D
        10: dstore        8
        12: goto          17
        15: astore        10
        17: ldc2_w        #468                // double 0.45d
        20: dload         5
        22: dload         8
        24: dmul
        25: dadd
        26: dstore        10
        28: aload_0
        29: aload_1
        30: getstatic     #470                // Field net/minecraft/world/phys/Vec3.ZERO:Lnet/minecraft/world/phys/Vec3;
        33: ldc2_w        #298                // double 0.35d
        36: dload         10
        38: ldc2_w        #300                // double 0.42d
        41: dmul
        42: invokestatic  #19                 // Method java/lang/Math.max:(DD)D
        45: bipush        10
        47: bipush        16
        49: sipush        255
        52: bipush        78
        54: bipush        31
        56: ldc2_w        #444                // double 125.0d
        59: dconst_1
        60: dload         5
        62: dsub
        63: dmul
        64: d2i
        65: invokestatic  #248                // Method rgba:(IIII)I
        68: invokestatic  #329                // Method sphere:(Lcom/mojang/blaze3d/vertex/PoseStack$Pose;Lcom/mojang/blaze3d/vertex/VertexConsumer;Lnet/minecraft/world/phys/Vec3;DIII)V
        71: aload_0
        72: aload_1
        73: aload_2
        74: dload         10
        76: ldc2_w        #316                // double 0.1d
        79: ldc2_w        #221                // double 0.16d
        82: bipush        72
        84: sipush        255
        87: sipush        146
        90: bipush        52
        92: ldc2_w        #475                // double 220.0d
        95: dconst_1
        96: dload         5
        98: dsub
        99: dmul
       100: d2i
       101: invokestatic  #248                // Method rgba:(IIII)I
       104: dconst_0
       105: invokestatic  #264                // Method ring:(Lcom/mojang/blaze3d/vertex/PoseStack$Pose;Lcom/mojang/blaze3d/vertex/VertexConsumer;Lkr/moonseungjun/villageguardians/VillageSkillMeshLibrary$Basis;DDDIID)V
       108: aload_0
       109: aload_1
       110: aload_2
       111: dload         10
       113: ldc2_w        #236                // double 0.72d
       116: dmul
       117: ldc2_w        #300                // double 0.42d
       120: ldc2_w        #290                // double 0.09d
       123: bipush        56
       125: sipush        255
       128: sipush        229
       131: bipush        118
       133: ldc2_w        #456                // double 160.0d
       136: dconst_1
       137: dload         5
       139: dsub
       140: dmul
       141: d2i
       142: invokestatic  #248                // Method rgba:(IIII)I
       145: dload_3
       146: ldc2_w        #284                // double 0.02d
       149: dmul
       150: invokestatic  #264                // Method ring:(Lcom/mojang/blaze3d/vertex/PoseStack$Pose;Lcom/mojang/blaze3d/vertex/VertexConsumer;Lkr/moonseungjun/villageguardians/VillageSkillMeshLibrary$Basis;DDDIID)V
       153: return
      Exception table:
         from    to  target type
             5    12    15   Class java/lang/NumberFormatException

  private static void renderTargetLock(com.mojang.blaze3d.vertex.PoseStack$Pose, com.mojang.blaze3d.vertex.VertexConsumer, kr.moonseungjun.villageguardians.VillageSkillMeshLibrary$Basis, double, double);
    Code:
         0: dload         5
         2: ldc2_w        #345                // double 0.05d
         5: ldc2_w        #270                // double 0.18d
         8: invokestatic  #223                // Method envelope:(DDD)D
        11: dstore        7
        13: ldc2_w        #236                // double 0.72d
        16: dload_3
        17: ldc2_w        #477                // double 0.32d
        20: dmul
        21: invokestatic  #272                // Method java/lang/Math.sin:(D)D
        24: ldc2_w        #258                // double 0.06d
        27: dmul
        28: dadd
        29: dstore        9
        31: aload_0
        32: aload_1
        33: aload_2
        34: dload         9
        36: dconst_0
        37: ldc2_w        #351                // double 0.045d
        40: bipush        56
        42: sipush        255
        45: sipush        207
        48: bipush        76
        50: ldc2_w        #475                // double 220.0d
        53: dload         7
        55: dmul
        56: d2i
        57: invokestatic  #248                // Method rgba:(IIII)I
        60: dload_3
        61: dneg
        62: ldc2_w        #345                // double 0.05d
        65: dmul
        66: invokestatic  #439                // Method ringVertical:(Lcom/mojang/blaze3d/vertex/PoseStack$Pose;Lcom/mojang/blaze3d/vertex/VertexConsumer;Lkr/moonseungjun/villageguardians/VillageSkillMeshLibrary$Basis;DDDIID)V
        69: aload_0
        70: aload_1
        71: aload_2
        72: dload         9
        74: ldc2_w        #468                // double 0.45d
        77: dmul
        78: dconst_0
        79: ldc2_w        #479                // double 0.028d
        82: bipush        40
        84: sipush        255
        87: sipush        247
        90: sipush        180
        93: ldc2_w        #481                // double 175.0d
        96: dload         7
        98: dmul
        99: d2i
       100: invokestatic  #248                // Method rgba:(IIII)I
       103: dload_3
       104: ldc2_w        #382                // double 0.07d
       107: dmul
       108: invokestatic  #439                // Method ringVertical:(Lcom/mojang/blaze3d/vertex/PoseStack$Pose;Lcom/mojang/blaze3d/vertex/VertexConsumer;Lkr/moonseungjun/villageguardians/VillageSkillMeshLibrary$Basis;DDDIID)V
       111: iconst_0
       112: istore        11
       114: iload         11
       116: iconst_4
       117: if_icmpge     168
       120: aload_0
       121: aload_1
       122: aload_2
       123: iload         11
       125: i2d
       126: ldc2_w        #450                // double 3.141592653589793d
       129: dmul
       130: ldc2_w        #483                // double 2.0d
       133: ddiv
       134: dload         9
       136: ldc2_w        #368                // double 0.22d
       139: dadd
       140: dconst_0
       141: sipush        255
       144: sipush        224
       147: bipush        112
       149: ldc2_w        #327                // double 205.0d
       152: dload         7
       154: dmul
       155: d2i
       156: invokestatic  #248                // Method rgba:(IIII)I
       159: invokestatic  #485                // Method reticleBracket:(Lcom/mojang/blaze3d/vertex/PoseStack$Pose;Lcom/mojang/blaze3d/vertex/VertexConsumer;Lkr/moonseungjun/villageguardians/VillageSkillMeshLibrary$Basis;DDDI)V
       162: iinc          11, 1
       165: goto          114
       168: return

  private static void renderArrowRainField(com.mojang.blaze3d.vertex.PoseStack$Pose, com.mojang.blaze3d.vertex.VertexConsumer, kr.moonseungjun.villageguardians.VillageSkillMeshLibrary$Basis, double, double, java.util.Random, java.lang.String);
    Code:
         0: aload         8
         2: ldc2_w        #393                // double 8.5d
         5: invokestatic  #395                // Method effectMeta:(Ljava/lang/String;D)Lkr/moonseungjun/villageguardians/VillageSkillMeshLibrary$EffectMeta;
         8: astore        9
        10: aload         9
        12: invokevirtual #401                // Method kr/moonseungjun/villageguardians/VillageSkillMeshLibrary$EffectMeta.radius:()D
        15: dstore        10
        17: aload_0
        18: aload_1
        19: aload_2
        20: dload         10
        22: ldc2_w        #353                // double 0.012d
        25: ldc2_w        #347                // double 0.11d
        28: bipush        112
        30: bipush        88
        32: sipush        188
        35: sipush        255
        38: sipush        180
        41: invokestatic  #248                // Method rgba:(IIII)I
        44: dconst_0
        45: invokestatic  #264                // Method ring:(Lcom/mojang/blaze3d/vertex/PoseStack$Pose;Lcom/mojang/blaze3d/vertex/VertexConsumer;Lkr/moonseungjun/villageguardians/VillageSkillMeshLibrary$Basis;DDDIID)V
        48: aload_0
        49: aload_1
        50: aload_2
        51: dload         10
        53: ldc2_w        #236                // double 0.72d
        56: dmul
        57: ldc2_w        #244                // double 0.018d
        60: ldc2_w        #351                // double 0.045d
        63: bipush        88
        65: sipush        149
        68: sipush        223
        71: sipush        255
        74: bipush        95
        76: invokestatic  #248                // Method rgba:(IIII)I
        79: dload_3
        80: dneg
        81: ldc2_w        #489                // double 0.008d
        84: dmul
        85: invokestatic  #264                // Method ring:(Lcom/mojang/blaze3d/vertex/PoseStack$Pose;Lcom/mojang/blaze3d/vertex/VertexConsumer;Lkr/moonseungjun/villageguardians/VillageSkillMeshLibrary$Basis;DDDIID)V
        88: aload         9
        90: invokevirtual #409                // Method kr/moonseungjun/villageguardians/VillageSkillMeshLibrary$EffectMeta.rank:()I
        93: iconst_3
        94: if_icmplt     136
        97: aload_0
        98: aload_1
        99: aload_2
       100: dload         10
       102: ldc2_w        #300                // double 0.42d
       105: dmul
       106: ldc2_w        #491                // double 0.022d
       109: ldc2_w        #262                // double 0.035d
       112: bipush        64
       114: sipush        210
       117: sipush        242
       120: sipush        255
       123: bipush        90
       125: invokestatic  #248                // Method rgba:(IIII)I
       128: dload_3
       129: ldc2_w        #353                // double 0.012d
       132: dmul
       133: invokestatic  #264                // Method ring:(Lcom/mojang/blaze3d/vertex/PoseStack$Pose;Lcom/mojang/blaze3d/vertex/VertexConsumer;Lkr/moonseungjun/villageguardians/VillageSkillMeshLibrary$Basis;DDDIID)V
       136: bipush        18
       138: aload         9
       140: invokevirtual #409                // Method kr/moonseungjun/villageguardians/VillageSkillMeshLibrary$EffectMeta.rank:()I
       143: iconst_3
       144: imul
       145: iadd
       146: istore        12
       148: iconst_0
       149: istore        13
       151: iload         13
       153: iload         12
       155: if_icmpge     324
       158: iload         13
       160: i2d
       161: ldc2_w        #493                // double 2.399963229728653d
       164: dmul
       165: iload         13
       167: iconst_3
       168: irem
       169: i2d
       170: ldc2_w        #495                // double 0.17d
       173: dmul
       174: dadd
       175: dstore        14
       177: iload         13
       179: i2d
       180: ldc2_w        #497                // double 0.5d
       183: dadd
       184: iload         12
       186: i2d
       187: ddiv
       188: invokestatic  #499                // Method java/lang/Math.sqrt:(D)D
       191: dload         10
       193: dmul
       194: ldc2_w        #335                // double 0.92d
       197: dmul
       198: dstore        16
       200: dload         5
       202: ldc2_w        #502                // double 5.8d
       205: dmul
       206: iload         13
       208: i2d
       209: ldc2_w        #504                // double 0.173d
       212: dmul
       213: dadd
       214: invokestatic  #506                // Method fract:(D)D
       217: dstore        18
       219: ldc2_w        #393                // double 8.5d
       222: dload         18
       224: ldc2_w        #509                // double 9.5d
       227: dmul
       228: dsub
       229: dstore        20
       231: aload_2
       232: dload         14
       234: invokestatic  #357                // Method java/lang/Math.cos:(D)D
       237: dload         16
       239: dmul
       240: dload         20
       242: dload         14
       244: invokestatic  #272                // Method java/lang/Math.sin:(D)D
       247: dload         16
       249: dmul
       250: invokevirtual #324                // Method kr/moonseungjun/villageguardians/VillageSkillMeshLibrary$Basis.local:(DDD)Lnet/minecraft/world/phys/Vec3;
       253: astore        22
       255: dconst_1
       256: dconst_0
       257: dload         18
       259: ldc2_w        #236                // double 0.72d
       262: dsub
       263: invokestatic  #19                 // Method java/lang/Math.max:(DD)D
       266: ldc2_w        #432                // double 0.28d
       269: ddiv
       270: dsub
       271: dstore        23
       273: aload_0
       274: aload_1
       275: getstatic     #511                // Field kr/moonseungjun/villageguardians/VillageSkillMeshLibrary$Basis.DOWN:Lkr/moonseungjun/villageguardians/VillageSkillMeshLibrary$Basis;
       278: aload         22
       280: ldc2_w        #268                // double 0.82d
       283: iload         13
       285: iconst_4
       286: irem
       287: i2d
       288: ldc2_w        #382                // double 0.07d
       291: dmul
       292: dadd
       293: ldc2_w        #258                // double 0.06d
       296: sipush        164
       299: sipush        228
       302: sipush        255
       305: ldc2_w        #515                // double 195.0d
       308: dload         23
       310: dmul
       311: d2i
       312: invokestatic  #248                // Method rgba:(IIII)I
       315: invokestatic  #517                // Method customArrow:(Lcom/mojang/blaze3d/vertex/PoseStack$Pose;Lcom/mojang/blaze3d/vertex/VertexConsumer;Lkr/moonseungjun/villageguardians/VillageSkillMeshLibrary$Basis;Lnet/minecraft/world/phys/Vec3;DDI)V
       318: iinc          13, 1
       321: goto          151
       324: return

  private static void renderArrowRainImpact(com.mojang.blaze3d.vertex.PoseStack$Pose, com.mojang.blaze3d.vertex.VertexConsumer, kr.moonseungjun.villageguardians.VillageSkillMeshLibrary$Basis, double, double, java.util.Random, java.lang.String);
    Code:
         0: aload         8
         2: ldc2_w        #393                // double 8.5d
         5: invokestatic  #395                // Method effectMeta:(Ljava/lang/String;D)Lkr/moonseungjun/villageguardians/VillageSkillMeshLibrary$EffectMeta;
         8: astore        9
        10: aload         9
        12: invokevirtual #401                // Method kr/moonseungjun/villageguardians/VillageSkillMeshLibrary$EffectMeta.radius:()D
        15: ldc2_w        #468                // double 0.45d
        18: dload         5
        20: aload         9
        22: invokevirtual #401                // Method kr/moonseungjun/villageguardians/VillageSkillMeshLibrary$EffectMeta.radius:()D
        25: dmul
        26: dadd
        27: invokestatic  #520                // Method java/lang/Math.min:(DD)D
        30: dstore        10
        32: aload_0
        33: aload_1
        34: aload_2
        35: dload         10
        37: ldc2_w        #353                // double 0.012d
        40: ldc2_w        #219                // double 0.08d
        43: bipush        72
        45: bipush        124
        47: sipush        211
        50: sipush        255
        53: ldc2_w        #414                // double 145.0d
        56: dconst_1
        57: dload         5
        59: dsub
        60: dmul
        61: d2i
        62: invokestatic  #248                // Method rgba:(IIII)I
        65: dconst_0
        66: invokestatic  #264                // Method ring:(Lcom/mojang/blaze3d/vertex/PoseStack$Pose;Lcom/mojang/blaze3d/vertex/VertexConsumer;Lkr/moonseungjun/villageguardians/VillageSkillMeshLibrary$Basis;DDDIID)V
        69: return

  private static void renderEnergyCharge(com.mojang.blaze3d.vertex.PoseStack$Pose, com.mojang.blaze3d.vertex.VertexConsumer, kr.moonseungjun.villageguardians.VillageSkillMeshLibrary$Basis, double, double);
    Code:
         0: ldc2_w        #234                // double 0.34d
         3: dload_3
         4: ldc2_w        #296                // double 0.2d
         7: dmul
         8: invokestatic  #272                // Method java/lang/Math.sin:(D)D
        11: ldc2_w        #345                // double 0.05d
        14: dmul
        15: dadd
        16: dstore        7
        18: aload_2
        19: dconst_0
        20: dconst_0
        21: dconst_0
        22: invokevirtual #324                // Method kr/moonseungjun/villageguardians/VillageSkillMeshLibrary$Basis.local:(DDD)Lnet/minecraft/world/phys/Vec3;
        25: astore        9
        27: aload_0
        28: aload_1
        29: aload         9
        31: dload         7
        33: bipush        10
        35: bipush        16
        37: bipush        91
        39: sipush        255
        42: bipush        104
        44: sipush        225
        47: invokestatic  #248                // Method rgba:(IIII)I
        50: invokestatic  #329                // Method sphere:(Lcom/mojang/blaze3d/vertex/PoseStack$Pose;Lcom/mojang/blaze3d/vertex/VertexConsumer;Lnet/minecraft/world/phys/Vec3;DIII)V
        53: aload_2
        54: dconst_0
        55: ldc2_w        #523                // double 1.15d
        58: ldc2_w        #270                // double 0.18d
        61: invokevirtual #324                // Method kr/moonseungjun/villageguardians/VillageSkillMeshLibrary$Basis.local:(DDD)Lnet/minecraft/world/phys/Vec3;
        64: astore        10
        66: aload_2
        67: dconst_0
        68: dconst_0
        69: ldc2_w        #376                // double 0.7d
        72: invokevirtual #324                // Method kr/moonseungjun/villageguardians/VillageSkillMeshLibrary$Basis.local:(DDD)Lnet/minecraft/world/phys/Vec3;
        75: astore        11
        77: aload_2
        78: dconst_0
        79: ldc2_w        #525                // double -1.15d
        82: ldc2_w        #270                // double 0.18d
        85: invokevirtual #324                // Method kr/moonseungjun/villageguardians/VillageSkillMeshLibrary$Basis.local:(DDD)Lnet/minecraft/world/phys/Vec3;
        88: astore        12
        90: aload_0
        91: aload_1
        92: aload         10
        94: aload         11
        96: ldc2_w        #391                // double 0.065d
        99: sipush        131
       102: sipush        255
       105: sipush        139
       108: sipush        190
       111: invokestatic  #248                // Method rgba:(IIII)I
       114: invokestatic  #372                // Method prism:(Lcom/mojang/blaze3d/vertex/PoseStack$Pose;Lcom/mojang/blaze3d/vertex/VertexConsumer;Lnet/minecraft/world/phys/Vec3;Lnet/minecraft/world/phys/Vec3;DI)V
       117: aload_0
       118: aload_1
       119: aload         11
       121: aload         12
       123: ldc2_w        #391                // double 0.065d
       126: sipush        131
       129: sipush        255
       132: sipush        139
       135: sipush        190
       138: invokestatic  #248                // Method rgba:(IIII)I
       141: invokestatic  #372                // Method prism:(Lcom/mojang/blaze3d/vertex/PoseStack$Pose;Lcom/mojang/blaze3d/vertex/VertexConsumer;Lnet/minecraft/world/phys/Vec3;Lnet/minecraft/world/phys/Vec3;DI)V
       144: aload_0
       145: aload_1
       146: aload         10
       148: aload         12
       150: ldc2_w        #292                // double 0.025d
       153: sipush        220
       156: sipush        255
       159: sipush        221
       162: sipush        135
       165: invokestatic  #248                // Method rgba:(IIII)I
       168: invokestatic  #372                // Method prism:(Lcom/mojang/blaze3d/vertex/PoseStack$Pose;Lcom/mojang/blaze3d/vertex/VertexConsumer;Lnet/minecraft/world/phys/Vec3;Lnet/minecraft/world/phys/Vec3;DI)V
       171: iconst_0
       172: istore        13
       174: iload         13
       176: iconst_3
       177: if_icmpge     240
       180: aload_0
       181: aload_1
       182: aload_2
       183: ldc2_w        #341                // double 0.55d
       186: iload         13
       188: i2d
       189: ldc2_w        #368                // double 0.22d
       192: dmul
       193: dadd
       194: dconst_0
       195: ldc2_w        #262                // double 0.035d
       198: bipush        42
       200: bipush        80
       202: sipush        255
       205: bipush        96
       207: bipush        125
       209: iload         13
       211: bipush        20
       213: imul
       214: isub
       215: invokestatic  #248                // Method rgba:(IIII)I
       218: dload_3
       219: ldc2_w        #339                // double 0.055d
       222: iload         13
       224: i2d
       225: ldc2_w        #353                // double 0.012d
       228: dmul
       229: dadd
       230: dmul
       231: invokestatic  #439                // Method ringVertical:(Lcom/mojang/blaze3d/vertex/PoseStack$Pose;Lcom/mojang/blaze3d/vertex/VertexConsumer;Lkr/moonseungjun/villageguardians/VillageSkillMeshLibrary$Basis;DDDIID)V
       234: iinc          13, 1
       237: goto          174
       240: return

  private static void renderEnergyProjectile(com.mojang.blaze3d.vertex.PoseStack$Pose, com.mojang.blaze3d.vertex.VertexConsumer, kr.moonseungjun.villageguardians.VillageSkillMeshLibrary$Basis, double, double);
    Code:
         0: dconst_1
         1: dload_3
         2: ldc2_w        #300                // double 0.42d
         5: dmul
         6: invokestatic  #272                // Method java/lang/Math.sin:(D)D
         9: ldc2_w        #345                // double 0.05d
        12: dmul
        13: dadd
        14: dstore        7
        16: aload_0
        17: aload_1
        18: aload_2
        19: getstatic     #470                // Field net/minecraft/world/phys/Vec3.ZERO:Lnet/minecraft/world/phys/Vec3;
        22: ldc2_w        #527                // double 5.2d
        25: dload         7
        27: dmul
        28: ldc2_w        #300                // double 0.42d
        31: bipush        91
        33: sipush        255
        36: bipush        104
        38: sipush        245
        41: invokestatic  #248                // Method rgba:(IIII)I
        44: invokestatic  #517                // Method customArrow:(Lcom/mojang/blaze3d/vertex/PoseStack$Pose;Lcom/mojang/blaze3d/vertex/VertexConsumer;Lkr/moonseungjun/villageguardians/VillageSkillMeshLibrary$Basis;Lnet/minecraft/world/phys/Vec3;DDI)V
        47: aload_0
        48: aload_1
        49: aload_2
        50: dconst_0
        51: dconst_0
        52: ldc2_w        #529                // double -1.55d
        55: invokevirtual #324                // Method kr/moonseungjun/villageguardians/VillageSkillMeshLibrary$Basis.local:(DDD)Lnet/minecraft/world/phys/Vec3;
        58: ldc2_w        #454                // double 0.48d
        61: bipush        9
        63: bipush        14
        65: sipush        195
        68: sipush        255
        71: sipush        198
        74: sipush        170
        77: invokestatic  #248                // Method rgba:(IIII)I
        80: invokestatic  #329                // Method sphere:(Lcom/mojang/blaze3d/vertex/PoseStack$Pose;Lcom/mojang/blaze3d/vertex/VertexConsumer;Lnet/minecraft/world/phys/Vec3;DIII)V
        83: iconst_0
        84: istore        9
        86: iload         9
        88: iconst_4
        89: if_icmpge     199
        92: dload_3
        93: ldc2_w        #296                // double 0.2d
        96: dmul
        97: iload         9
        99: i2d
       100: ldc2_w        #228                // double 6.283185307179586d
       103: dmul
       104: ldc2_w        #230                // double 4.0d
       107: ddiv
       108: dadd
       109: dstore        10
       111: aload_2
       112: dload         10
       114: invokestatic  #357                // Method java/lang/Math.cos:(D)D
       117: ldc2_w        #306                // double 0.65d
       120: dmul
       121: dload         10
       123: invokestatic  #272                // Method java/lang/Math.sin:(D)D
       126: ldc2_w        #306                // double 0.65d
       129: dmul
       130: ldc2_w        #531                // double -2.4d
       133: invokevirtual #324                // Method kr/moonseungjun/villageguardians/VillageSkillMeshLibrary$Basis.local:(DDD)Lnet/minecraft/world/phys/Vec3;
       136: astore        12
       138: aload_2
       139: dload         10
       141: invokestatic  #357                // Method java/lang/Math.cos:(D)D
       144: ldc2_w        #280                // double 0.12d
       147: dmul
       148: dload         10
       150: invokestatic  #272                // Method java/lang/Math.sin:(D)D
       153: ldc2_w        #280                // double 0.12d
       156: dmul
       157: ldc2_w        #533                // double 0.9d
       160: invokevirtual #324                // Method kr/moonseungjun/villageguardians/VillageSkillMeshLibrary$Basis.local:(DDD)Lnet/minecraft/world/phys/Vec3;
       163: astore        13
       165: aload_0
       166: aload_1
       167: aload_2
       168: aload         12
       170: aload         13
       172: ldc2_w        #337                // double 0.13d
       175: sipush        154
       178: sipush        255
       181: sipush        160
       184: sipush        145
       187: invokestatic  #248                // Method rgba:(IIII)I
       190: invokestatic  #535                // Method taperedRibbon:(Lcom/mojang/blaze3d/vertex/PoseStack$Pose;Lcom/mojang/blaze3d/vertex/VertexConsumer;Lkr/moonseungjun/villageguardians/VillageSkillMeshLibrary$Basis;Lnet/minecraft/world/phys/Vec3;Lnet/minecraft/world/phys/Vec3;DI)V
       193: iinc          9, 1
       196: goto          86
       199: return

  private static void renderFireOrb(com.mojang.blaze3d.vertex.PoseStack$Pose, com.mojang.blaze3d.vertex.VertexConsumer, kr.moonseungjun.villageguardians.VillageSkillMeshLibrary$Basis, double, double);
    Code:
         0: ldc2_w        #286                // double 0.95d
         3: dload_3
         4: ldc2_w        #300                // double 0.42d
         7: dmul
         8: invokestatic  #272                // Method java/lang/Math.sin:(D)D
        11: ldc2_w        #280                // double 0.12d
        14: dmul
        15: dadd
        16: dstore        7
        18: aload_0
        19: aload_1
        20: getstatic     #470                // Field net/minecraft/world/phys/Vec3.ZERO:Lnet/minecraft/world/phys/Vec3;
        23: ldc2_w        #539                // double 0.62d
        26: dload         7
        28: dmul
        29: bipush        12
        31: bipush        18
        33: sipush        255
        36: bipush        75
        38: bipush        32
        40: sipush        220
        43: invokestatic  #248                // Method rgba:(IIII)I
        46: invokestatic  #329                // Method sphere:(Lcom/mojang/blaze3d/vertex/PoseStack$Pose;Lcom/mojang/blaze3d/vertex/VertexConsumer;Lnet/minecraft/world/phys/Vec3;DIII)V
        49: aload_0
        50: aload_1
        51: getstatic     #470                // Field net/minecraft/world/phys/Vec3.ZERO:Lnet/minecraft/world/phys/Vec3;
        54: ldc2_w        #298                // double 0.35d
        57: dload         7
        59: dmul
        60: bipush        10
        62: bipush        14
        64: sipush        255
        67: sipush        224
        70: bipush        92
        72: sipush        245
        75: invokestatic  #248                // Method rgba:(IIII)I
        78: invokestatic  #329                // Method sphere:(Lcom/mojang/blaze3d/vertex/PoseStack$Pose;Lcom/mojang/blaze3d/vertex/VertexConsumer;Lnet/minecraft/world/phys/Vec3;DIII)V
        81: iconst_0
        82: istore        9
        84: iload         9
        86: iconst_5
        87: if_icmpge     166
        90: dload_3
        91: ldc2_w        #380                // double 0.15d
        94: iload         9
        96: i2d
        97: ldc2_w        #353                // double 0.012d
       100: dmul
       101: dadd
       102: dmul
       103: iload         9
       105: i2d
       106: ldc2_w        #228                // double 6.283185307179586d
       109: dmul
       110: ldc2_w        #541                // double 5.0d
       113: ddiv
       114: dadd
       115: dstore        10
       117: aload_0
       118: aload_1
       119: aload_2
       120: dload         10
       122: ldc2_w        #454                // double 0.48d
       125: iload         9
       127: i2d
       128: ldc2_w        #262                // double 0.035d
       131: dmul
       132: dadd
       133: ldc2_w        #543                // double 1.8d
       136: bipush        20
       138: sipush        255
       141: bipush        125
       143: iload         9
       145: bipush        12
       147: imul
       148: iadd
       149: bipush        42
       151: sipush        150
       154: invokestatic  #248                // Method rgba:(IIII)I
       157: invokestatic  #446                // Method helixRibbon:(Lcom/mojang/blaze3d/vertex/PoseStack$Pose;Lcom/mojang/blaze3d/vertex/VertexConsumer;Lkr/moonseungjun/villageguardians/VillageSkillMeshLibrary$Basis;DDDII)V
       160: iinc          9, 1
       163: goto          84
       166: return

  private static void renderFrostField(com.mojang.blaze3d.vertex.PoseStack$Pose, com.mojang.blaze3d.vertex.VertexConsumer, kr.moonseungjun.villageguardians.VillageSkillMeshLibrary$Basis, double, double, java.lang.String);
    Code:
         0: aload         7
         2: ldc2_w        #545                // double 7.5d
         5: invokestatic  #395                // Method effectMeta:(Ljava/lang/String;D)Lkr/moonseungjun/villageguardians/VillageSkillMeshLibrary$EffectMeta;
         8: astore        8
        10: aload         8
        12: invokevirtual #401                // Method kr/moonseungjun/villageguardians/VillageSkillMeshLibrary$EffectMeta.radius:()D
        15: dstore        9
        17: aload_0
        18: aload_1
        19: aload_2
        20: dload         9
        22: ldc2_w        #491                // double 0.022d
        25: dload_3
        26: ldc2_w        #353                // double 0.012d
        29: dmul
        30: bipush        112
        32: sipush        218
        35: sipush        255
        38: bipush        105
        40: invokestatic  #248                // Method rgba:(IIII)I
        43: invokestatic  #547                // Method runeDisc:(Lcom/mojang/blaze3d/vertex/PoseStack$Pose;Lcom/mojang/blaze3d/vertex/VertexConsumer;Lkr/moonseungjun/villageguardians/VillageSkillMeshLibrary$Basis;DDDI)V
        46: aload_0
        47: aload_1
        48: aload_2
        49: dload         9
        51: ldc2_w        #479                // double 0.028d
        54: ldc2_w        #316                // double 0.1d
        57: bipush        96
        59: sipush        189
        62: sipush        246
        65: sipush        255
        68: sipush        165
        71: invokestatic  #248                // Method rgba:(IIII)I
        74: dload_3
        75: dneg
        76: ldc2_w        #244                // double 0.018d
        79: dmul
        80: invokestatic  #264                // Method ring:(Lcom/mojang/blaze3d/vertex/PoseStack$Pose;Lcom/mojang/blaze3d/vertex/VertexConsumer;Lkr/moonseungjun/villageguardians/VillageSkillMeshLibrary$Basis;DDDIID)V
        83: aload         8
        85: invokevirtual #409                // Method kr/moonseungjun/villageguardians/VillageSkillMeshLibrary$EffectMeta.rank:()I
        88: iconst_3
        89: if_icmplt     131
        92: aload_0
        93: aload_1
        94: aload_2
        95: dload         9
        97: ldc2_w        #539                // double 0.62d
       100: dmul
       101: ldc2_w        #550                // double 0.034d
       104: ldc2_w        #339                // double 0.055d
       107: bipush        72
       109: sipush        220
       112: sipush        251
       115: sipush        255
       118: bipush        105
       120: invokestatic  #248                // Method rgba:(IIII)I
       123: dload_3
       124: ldc2_w        #552                // double 0.024d
       127: dmul
       128: invokestatic  #264                // Method ring:(Lcom/mojang/blaze3d/vertex/PoseStack$Pose;Lcom/mojang/blaze3d/vertex/VertexConsumer;Lkr/moonseungjun/villageguardians/VillageSkillMeshLibrary$Basis;DDDIID)V
       131: bipush        12
       133: aload         8
       135: invokevirtual #409                // Method kr/moonseungjun/villageguardians/VillageSkillMeshLibrary$EffectMeta.rank:()I
       138: iconst_2
       139: imul
       140: iadd
       141: istore        11
       143: iconst_0
       144: istore        12
       146: iload         12
       148: iload         11
       150: if_icmpge     294
       153: iload         12
       155: i2d
       156: ldc2_w        #228                // double 6.283185307179586d
       159: dmul
       160: iload         11
       162: i2d
       163: ddiv
       164: iload         12
       166: iconst_2
       167: irem
       168: i2d
       169: ldc2_w        #280                // double 0.12d
       172: dmul
       173: dadd
       174: dstore        13
       176: dload         9
       178: ldc2_w        #432                // double 0.28d
       181: ldc2_w        #360                // double 0.58d
       184: iload         12
       186: iconst_5
       187: irem
       188: i2d
       189: ldc2_w        #230                // double 4.0d
       192: ddiv
       193: dmul
       194: dadd
       195: dmul
       196: dstore        15
       198: ldc2_w        #376                // double 0.7d
       201: iload         12
       203: iconst_4
       204: irem
       205: i2d
       206: ldc2_w        #554                // double 0.33d
       209: dmul
       210: dadd
       211: dload_3
       212: ldc2_w        #280                // double 0.12d
       215: dmul
       216: iload         12
       218: i2d
       219: dadd
       220: invokestatic  #272                // Method java/lang/Math.sin:(D)D
       223: ldc2_w        #280                // double 0.12d
       226: dmul
       227: dadd
       228: dstore        17
       230: aload_0
       231: aload_1
       232: aload_2
       233: dload         13
       235: invokestatic  #357                // Method java/lang/Math.cos:(D)D
       238: dload         15
       240: dmul
       241: ldc2_w        #284                // double 0.02d
       244: dload         13
       246: invokestatic  #272                // Method java/lang/Math.sin:(D)D
       249: dload         15
       251: dmul
       252: invokevirtual #324                // Method kr/moonseungjun/villageguardians/VillageSkillMeshLibrary$Basis.local:(DDD)Lnet/minecraft/world/phys/Vec3;
       255: dload         17
       257: ldc2_w        #270                // double 0.18d
       260: iload         12
       262: iconst_3
       263: irem
       264: i2d
       265: ldc2_w        #556                // double 0.04d
       268: dmul
       269: dadd
       270: sipush        146
       273: sipush        228
       276: sipush        255
       279: sipush        175
       282: invokestatic  #248                // Method rgba:(IIII)I
       285: invokestatic  #558                // Method crystal:(Lcom/mojang/blaze3d/vertex/PoseStack$Pose;Lcom/mojang/blaze3d/vertex/VertexConsumer;Lnet/minecraft/world/phys/Vec3;DDI)V
       288: iinc          12, 1
       291: goto          146
       294: return

  private static void renderTornado(com.mojang.blaze3d.vertex.PoseStack$Pose, com.mojang.blaze3d.vertex.VertexConsumer, kr.moonseungjun.villageguardians.VillageSkillMeshLibrary$Basis, double, double, java.lang.String);
    Code:
         0: aload         7
         2: ldc2_w        #393                // double 8.5d
         5: invokestatic  #395                // Method effectMeta:(Ljava/lang/String;D)Lkr/moonseungjun/villageguardians/VillageSkillMeshLibrary$EffectMeta;
         8: astore        8
        10: aload         8
        12: invokevirtual #401                // Method kr/moonseungjun/villageguardians/VillageSkillMeshLibrary$EffectMeta.radius:()D
        15: ldc2_w        #393                // double 8.5d
        18: ddiv
        19: dstore        9
        21: aload_0
        22: aload_1
        23: aload_2
        24: aload         8
        26: invokevirtual #401                // Method kr/moonseungjun/villageguardians/VillageSkillMeshLibrary$EffectMeta.radius:()D
        29: ldc2_w        #244                // double 0.018d
        32: ldc2_w        #562                // double 0.085d
        35: bipush        112
        37: sipush        150
        40: sipush        155
        43: sipush        164
        46: bipush        115
        48: invokestatic  #248                // Method rgba:(IIII)I
        51: dload_3
        52: ldc2_w        #353                // double 0.012d
        55: dmul
        56: invokestatic  #264                // Method ring:(Lcom/mojang/blaze3d/vertex/PoseStack$Pose;Lcom/mojang/blaze3d/vertex/VertexConsumer;Lkr/moonseungjun/villageguardians/VillageSkillMeshLibrary$Basis;DDDIID)V
        59: aload         8
        61: invokevirtual #409                // Method kr/moonseungjun/villageguardians/VillageSkillMeshLibrary$EffectMeta.rank:()I
        64: iconst_3
        65: if_icmplt     111
        68: aload_0
        69: aload_1
        70: aload_2
        71: aload         8
        73: invokevirtual #401                // Method kr/moonseungjun/villageguardians/VillageSkillMeshLibrary$EffectMeta.radius:()D
        76: ldc2_w        #564                // double 0.68d
        79: dmul
        80: ldc2_w        #552                // double 0.024d
        83: ldc2_w        #566                // double 0.048d
        86: bipush        88
        88: sipush        190
        91: sipush        194
        94: sipush        202
        97: bipush        90
        99: invokestatic  #248                // Method rgba:(IIII)I
       102: dload_3
       103: dneg
       104: ldc2_w        #244                // double 0.018d
       107: dmul
       108: invokestatic  #264                // Method ring:(Lcom/mojang/blaze3d/vertex/PoseStack$Pose;Lcom/mojang/blaze3d/vertex/VertexConsumer;Lkr/moonseungjun/villageguardians/VillageSkillMeshLibrary$Basis;DDDIID)V
       111: bipush        8
       113: iconst_4
       114: aload         8
       116: invokevirtual #409                // Method kr/moonseungjun/villageguardians/VillageSkillMeshLibrary$EffectMeta.rank:()I
       119: invokestatic  #568                // Method java/lang/Math.min:(II)I
       122: iadd
       123: istore        11
       125: iconst_0
       126: istore        12
       128: iload         12
       130: iload         11
       132: if_icmpge     229
       135: iload         12
       137: i2d
       138: ldc2_w        #228                // double 6.283185307179586d
       141: dmul
       142: iload         11
       144: i2d
       145: ddiv
       146: dload_3
       147: ldc2_w        #437                // double 0.19d
       150: iload         12
       152: i2d
       153: ldc2_w        #571                // double 0.006d
       156: dmul
       157: dadd
       158: dmul
       159: dadd
       160: dstore        13
       162: bipush        118
       164: iload         12
       166: iconst_4
       167: irem
       168: bipush        22
       170: imul
       171: iadd
       172: istore        15
       174: aload_0
       175: aload_1
       176: aload_2
       177: dload         13
       179: ldc2_w        #502                // double 5.8d
       182: ldc2_w        #364                // double 1.28d
       185: dload         9
       187: invokestatic  #520                // Method java/lang/Math.min:(DD)D
       190: dmul
       191: bipush        46
       193: iload         15
       195: iload         15
       197: iconst_4
       198: iadd
       199: iload         15
       201: bipush        9
       203: iadd
       204: bipush        125
       206: bipush        8
       208: iload         12
       210: invokestatic  #568                // Method java/lang/Math.min:(II)I
       213: bipush        8
       215: imul
       216: iadd
       217: invokestatic  #248                // Method rgba:(IIII)I
       220: invokestatic  #573                // Method tornadoRibbon:(Lcom/mojang/blaze3d/vertex/PoseStack$Pose;Lcom/mojang/blaze3d/vertex/VertexConsumer;Lkr/moonseungjun/villageguardians/VillageSkillMeshLibrary$Basis;DDII)V
       223: iinc          12, 1
       226: goto          128
       229: bipush        24
       231: aload         8
       233: invokevirtual #409                // Method kr/moonseungjun/villageguardians/VillageSkillMeshLibrary$EffectMeta.rank:()I
       236: iconst_4
       237: imul
       238: iadd
       239: istore        12
       241: iconst_0
       242: istore        13
       244: iload         13
       246: iload         12
       248: if_icmpge     438
       251: dload_3
       252: ldc2_w        #262                // double 0.035d
       255: dmul
       256: iload         13
       258: i2d
       259: ldc2_w        #577                // double 0.117d
       262: dmul
       263: dadd
       264: invokestatic  #506                // Method fract:(D)D
       267: dstore        14
       269: ldc2_w        #270                // double 0.18d
       272: dload         14
       274: ldc2_w        #579                // double 5.4d
       277: dmul
       278: dadd
       279: dstore        16
       281: ldc2_w        #306                // double 0.65d
       284: dload         14
       286: ldc2_w        #581                // double 2.7d
       289: dmul
       290: dadd
       291: iload         13
       293: iconst_3
       294: irem
       295: i2d
       296: ldc2_w        #242                // double 0.14d
       299: dmul
       300: dadd
       301: ldc2_w        #232                // double 1.35d
       304: dload         9
       306: invokestatic  #520                // Method java/lang/Math.min:(DD)D
       309: dmul
       310: dstore        18
       312: dload_3
       313: ldc2_w        #495                // double 0.17d
       316: dmul
       317: iload         13
       319: i2d
       320: ldc2_w        #493                // double 2.399963229728653d
       323: dmul
       324: dadd
       325: dstore        20
       327: aload_2
       328: dload         20
       330: invokestatic  #357                // Method java/lang/Math.cos:(D)D
       333: dload         18
       335: dmul
       336: dload         16
       338: dload         20
       340: invokestatic  #272                // Method java/lang/Math.sin:(D)D
       343: dload         18
       345: dmul
       346: invokevirtual #324                // Method kr/moonseungjun/villageguardians/VillageSkillMeshLibrary$Basis.local:(DDD)Lnet/minecraft/world/phys/Vec3;
       349: astore        22
       351: aload         22
       353: aload_2
       354: dload         20
       356: invokestatic  #272                // Method java/lang/Math.sin:(D)D
       359: dneg
       360: ldc2_w        #432                // double 0.28d
       363: dmul
       364: ldc2_w        #316                // double 0.1d
       367: dload         20
       369: invokestatic  #357                // Method java/lang/Math.cos:(D)D
       372: ldc2_w        #432                // double 0.28d
       375: dmul
       376: invokevirtual #324                // Method kr/moonseungjun/villageguardians/VillageSkillMeshLibrary$Basis.local:(DDD)Lnet/minecraft/world/phys/Vec3;
       379: invokevirtual #583                // Method net/minecraft/world/phys/Vec3.add:(Lnet/minecraft/world/phys/Vec3;)Lnet/minecraft/world/phys/Vec3;
       382: astore        23
       384: bipush        105
       386: iload         13
       388: iconst_5
       389: irem
       390: bipush        18
       392: imul
       393: iadd
       394: istore        24
       396: aload_0
       397: aload_1
       398: aload         22
       400: aload         23
       402: ldc2_w        #258                // double 0.06d
       405: iload         13
       407: iconst_3
       408: irem
       409: i2d
       410: ldc2_w        #244                // double 0.018d
       413: dmul
       414: dadd
       415: iload         24
       417: iload         24
       419: iload         24
       421: iconst_5
       422: iadd
       423: sipush        155
       426: invokestatic  #248                // Method rgba:(IIII)I
       429: invokestatic  #372                // Method prism:(Lcom/mojang/blaze3d/vertex/PoseStack$Pose;Lcom/mojang/blaze3d/vertex/VertexConsumer;Lnet/minecraft/world/phys/Vec3;Lnet/minecraft/world/phys/Vec3;DI)V
       432: iinc          13, 1
       435: goto          244
       438: return

  private static void renderLightningField(com.mojang.blaze3d.vertex.PoseStack$Pose, com.mojang.blaze3d.vertex.VertexConsumer, kr.moonseungjun.villageguardians.VillageSkillMeshLibrary$Basis, double, double, java.util.Random, java.lang.String);
    Code:
         0: aload         8
         2: ldc2_w        #587                // double 18.0d
         5: invokestatic  #395                // Method effectMeta:(Ljava/lang/String;D)Lkr/moonseungjun/villageguardians/VillageSkillMeshLibrary$EffectMeta;
         8: astore        9
        10: aload         9
        12: invokevirtual #401                // Method kr/moonseungjun/villageguardians/VillageSkillMeshLibrary$EffectMeta.radius:()D
        15: dstore        10
        17: aload_0
        18: aload_1
        19: aload_2
        20: dload         10
        22: ldc2_w        #244                // double 0.018d
        25: ldc2_w        #380                // double 0.15d
        28: sipush        128
        31: sipush        188
        34: sipush        128
        37: sipush        255
        40: sipush        145
        43: invokestatic  #248                // Method rgba:(IIII)I
        46: dload_3
        47: dneg
        48: ldc2_w        #353                // double 0.012d
        51: dmul
        52: invokestatic  #264                // Method ring:(Lcom/mojang/blaze3d/vertex/PoseStack$Pose;Lcom/mojang/blaze3d/vertex/VertexConsumer;Lkr/moonseungjun/villageguardians/VillageSkillMeshLibrary$Basis;DDDIID)V
        55: aload_0
        56: aload_1
        57: aload_2
        58: dload         10
        60: ldc2_w        #341                // double 0.55d
        63: dmul
        64: ldc2_w        #589                // double 0.026d
        67: ldc2_w        #258                // double 0.06d
        70: bipush        96
        72: sipush        229
        75: sipush        207
        78: sipush        255
        81: bipush        105
        83: invokestatic  #248                // Method rgba:(IIII)I
        86: dload_3
        87: ldc2_w        #244                // double 0.018d
        90: dmul
        91: invokestatic  #264                // Method ring:(Lcom/mojang/blaze3d/vertex/PoseStack$Pose;Lcom/mojang/blaze3d/vertex/VertexConsumer;Lkr/moonseungjun/villageguardians/VillageSkillMeshLibrary$Basis;DDDIID)V
        94: aload         9
        96: invokevirtual #409                // Method kr/moonseungjun/villageguardians/VillageSkillMeshLibrary$EffectMeta.rank:()I
        99: iconst_3
       100: if_icmplt     143
       103: aload_0
       104: aload_1
       105: aload_2
       106: dload         10
       108: ldc2_w        #226                // double 0.78d
       111: dmul
       112: ldc2_w        #591                // double 0.032d
       115: ldc2_w        #262                // double 0.035d
       118: bipush        112
       120: sipush        218
       123: sipush        183
       126: sipush        255
       129: bipush        85
       131: invokestatic  #248                // Method rgba:(IIII)I
       134: dload_3
       135: dneg
       136: ldc2_w        #589                // double 0.026d
       139: dmul
       140: invokestatic  #264                // Method ring:(Lcom/mojang/blaze3d/vertex/PoseStack$Pose;Lcom/mojang/blaze3d/vertex/VertexConsumer;Lkr/moonseungjun/villageguardians/VillageSkillMeshLibrary$Basis;DDDIID)V
       143: aload         9
       145: invokevirtual #409                // Method kr/moonseungjun/villageguardians/VillageSkillMeshLibrary$EffectMeta.rank:()I
       148: iconst_5
       149: if_icmplt     265
       152: iconst_0
       153: istore        12
       155: iload         12
       157: bipush        12
       159: if_icmpge     265
       162: iload         12
       164: i2d
       165: ldc2_w        #228                // double 6.283185307179586d
       168: dmul
       169: ldc2_w        #593                // double 12.0d
       172: ddiv
       173: dstore        13
       175: aload_2
       176: dload         13
       178: invokestatic  #357                // Method java/lang/Math.cos:(D)D
       181: dload         10
       183: dmul
       184: ldc2_w        #533                // double 0.9d
       187: dmul
       188: ldc2_w        #292                // double 0.025d
       191: dload         13
       193: invokestatic  #272                // Method java/lang/Math.sin:(D)D
       196: dload         10
       198: dmul
       199: ldc2_w        #533                // double 0.9d
       202: dmul
       203: invokevirtual #324                // Method kr/moonseungjun/villageguardians/VillageSkillMeshLibrary$Basis.local:(DDD)Lnet/minecraft/world/phys/Vec3;
       206: astore        15
       208: aload_2
       209: dload         13
       211: invokestatic  #357                // Method java/lang/Math.cos:(D)D
       214: dload         10
       216: dmul
       217: ldc2_w        #479                // double 0.028d
       220: dload         13
       222: invokestatic  #272                // Method java/lang/Math.sin:(D)D
       225: dload         10
       227: dmul
       228: invokevirtual #324                // Method kr/moonseungjun/villageguardians/VillageSkillMeshLibrary$Basis.local:(DDD)Lnet/minecraft/world/phys/Vec3;
       231: astore        16
       233: aload_0
       234: aload_1
       235: aload         15
       237: aload         16
       239: ldc2_w        #262                // double 0.035d
       242: sipush        238
       245: sipush        220
       248: sipush        255
       251: bipush        115
       253: invokestatic  #248                // Method rgba:(IIII)I
       256: invokestatic  #372                // Method prism:(Lcom/mojang/blaze3d/vertex/PoseStack$Pose;Lcom/mojang/blaze3d/vertex/VertexConsumer;Lnet/minecraft/world/phys/Vec3;Lnet/minecraft/world/phys/Vec3;DI)V
       259: iinc          12, 1
       262: goto          155
       265: return

  private static void renderHealCast(com.mojang.blaze3d.vertex.PoseStack$Pose, com.mojang.blaze3d.vertex.VertexConsumer, kr.moonseungjun.villageguardians.VillageSkillMeshLibrary$Basis, double, double);
    Code:
         0: ldc2_w        #341                // double 0.55d
         3: dload         5
         5: ldc2_w        #595                // double 1.1d
         8: dmul
         9: dadd
        10: dstore        7
        12: aload_0
        13: aload_1
        14: aload_2
        15: dload         7
        17: ldc2_w        #316                // double 0.1d
        20: dload         5
        22: ldc2_w        #399                // double 0.8d
        25: dmul
        26: dadd
        27: dload_3
        28: ldc2_w        #351                // double 0.045d
        31: dmul
        32: sipush        255
        35: sipush        246
        38: sipush        176
        41: ldc2_w        #407                // double 210.0d
        44: dconst_1
        45: dload         5
        47: ldc2_w        #298                // double 0.35d
        50: dmul
        51: dsub
        52: dmul
        53: d2i
        54: invokestatic  #248                // Method rgba:(IIII)I
        57: invokestatic  #547                // Method runeDisc:(Lcom/mojang/blaze3d/vertex/PoseStack$Pose;Lcom/mojang/blaze3d/vertex/VertexConsumer;Lkr/moonseungjun/villageguardians/VillageSkillMeshLibrary$Basis;DDDI)V
        60: iconst_0
        61: istore        9
        63: iload         9
        65: iconst_4
        66: if_icmpge     142
        69: iload         9
        71: i2d
        72: ldc2_w        #228                // double 6.283185307179586d
        75: dmul
        76: ldc2_w        #230                // double 4.0d
        79: ddiv
        80: dload_3
        81: ldc2_w        #262                // double 0.035d
        84: dmul
        85: dadd
        86: dstore        10
        88: aload_0
        89: aload_1
        90: aload_2
        91: dload         10
        93: dload         7
        95: ldc2_w        #597                // double 0.75d
        98: dmul
        99: ldc2_w        #296                // double 0.2d
       102: invokestatic  #310                // Method polar:(DDD)Lnet/minecraft/world/phys/Vec3;
       105: ldc2_w        #232                // double 1.35d
       108: dload         5
       110: ldc2_w        #341                // double 0.55d
       113: dmul
       114: dadd
       115: ldc2_w        #258                // double 0.06d
       118: sipush        255
       121: sipush        255
       124: sipush        215
       127: sipush        145
       130: invokestatic  #248                // Method rgba:(IIII)I
       133: invokestatic  #318                // Method verticalBlade:(Lcom/mojang/blaze3d/vertex/PoseStack$Pose;Lcom/mojang/blaze3d/vertex/VertexConsumer;Lkr/moonseungjun/villageguardians/VillageSkillMeshLibrary$Basis;Lnet/minecraft/world/phys/Vec3;DDI)V
       136: iinc          9, 1
       139: goto          63
       142: return

  private static void renderCleanseCast(com.mojang.blaze3d.vertex.PoseStack$Pose, com.mojang.blaze3d.vertex.VertexConsumer, kr.moonseungjun.villageguardians.VillageSkillMeshLibrary$Basis, double, double);
    Code:
         0: iconst_0
         1: istore        7
         3: iload         7
         5: iconst_3
         6: if_icmpge     89
         9: aload_0
        10: aload_1
        11: aload_2
        12: ldc2_w        #399                // double 0.8d
        15: iload         7
        17: i2d
        18: ldc2_w        #430                // double 0.4d
        21: dmul
        22: dadd
        23: dload         5
        25: ldc2_w        #276                // double 1.2d
        28: dmul
        29: dadd
        30: ldc2_w        #308                // double 0.25d
        33: iload         7
        35: i2d
        36: ldc2_w        #497                // double 0.5d
        39: dmul
        40: dadd
        41: ldc2_w        #382                // double 0.07d
        44: bipush        56
        46: sipush        255
        49: sipush        244
        52: sipush        178
        55: sipush        155
        58: iload         7
        60: bipush        22
        62: imul
        63: isub
        64: invokestatic  #248                // Method rgba:(IIII)I
        67: dload_3
        68: ldc2_w        #599                // double 0.03d
        71: iload         7
        73: i2d
        74: ldc2_w        #389                // double 0.01d
        77: dmul
        78: dadd
        79: dmul
        80: invokestatic  #264                // Method ring:(Lcom/mojang/blaze3d/vertex/PoseStack$Pose;Lcom/mojang/blaze3d/vertex/VertexConsumer;Lkr/moonseungjun/villageguardians/VillageSkillMeshLibrary$Basis;DDDIID)V
        83: iinc          7, 1
        86: goto          3
        89: iconst_2
        90: newarray       int
        92: dup
        93: iconst_0
        94: iconst_m1
        95: iastore
        96: dup
        97: iconst_1
        98: iconst_1
        99: iastore
       100: astore        7
       102: aload         7
       104: arraylength
       105: istore        8
       107: iconst_0
       108: istore        9
       110: iload         9
       112: iload         8
       114: if_icmpge     164
       117: aload         7
       119: iload         9
       121: iaload
       122: istore        10
       124: aload_0
       125: aload_1
       126: aload_2
       127: iload         10
       129: ldc2_w        #523                // double 1.15d
       132: dconst_1
       133: dload         5
       135: ldc2_w        #468                // double 0.45d
       138: dmul
       139: dadd
       140: sipush        255
       143: sipush        255
       146: sipush        223
       149: sipush        165
       152: invokestatic  #248                // Method rgba:(IIII)I
       155: invokestatic  #601                // Method wing:(Lcom/mojang/blaze3d/vertex/PoseStack$Pose;Lcom/mojang/blaze3d/vertex/VertexConsumer;Lkr/moonseungjun/villageguardians/VillageSkillMeshLibrary$Basis;IDDI)V
       158: iinc          9, 1
       161: goto          110
       164: return

  private static void renderCleanseWave(com.mojang.blaze3d.vertex.PoseStack$Pose, com.mojang.blaze3d.vertex.VertexConsumer, kr.moonseungjun.villageguardians.VillageSkillEffectRenderState, double, double);
    Code:
         0: aload_2
         1: getfield      #29                 // Field kr/moonseungjun/villageguardians/VillageSkillEffectRenderState.direction:Lnet/minecraft/world/phys/Vec3;
         4: invokestatic  #33                 // Method kr/moonseungjun/villageguardians/VillageSkillMeshLibrary$Basis.from:(Lnet/minecraft/world/phys/Vec3;)Lkr/moonseungjun/villageguardians/VillageSkillMeshLibrary$Basis;
         7: astore        7
         9: aload_2
        10: getfield      #137                // Field kr/moonseungjun/villageguardians/VillageSkillEffectRenderState.extra:Ljava/lang/String;
        13: new           #471                // class net/minecraft/world/phys/Vec3
        16: dup
        17: aload_2
        18: getfield      #605                // Field kr/moonseungjun/villageguardians/VillageSkillEffectRenderState.x:D
        21: aload_2
        22: getfield      #609                // Field kr/moonseungjun/villageguardians/VillageSkillEffectRenderState.y:D
        25: aload_2
        26: getfield      #612                // Field kr/moonseungjun/villageguardians/VillageSkillEffectRenderState.z:D
        29: invokespecial #615                // Method net/minecraft/world/phys/Vec3."<init>":(DDD)V
        32: invokestatic  #618                // Method parsePoints:(Ljava/lang/String;Lnet/minecraft/world/phys/Vec3;)Ljava/util/List;
        35: invokeinterface #622,  1          // InterfaceMethod java/util/List.iterator:()Ljava/util/Iterator;
        40: astore        8
        42: aload         8
        44: invokeinterface #628,  1          // InterfaceMethod java/util/Iterator.hasNext:()Z
        49: ifeq          126
        52: aload         8
        54: invokeinterface #634,  1          // InterfaceMethod java/util/Iterator.next:()Ljava/lang/Object;
        59: checkcast     #471                // class net/minecraft/world/phys/Vec3
        62: astore        9
        64: aload         9
        66: aload_2
        67: getfield      #605                // Field kr/moonseungjun/villageguardians/VillageSkillEffectRenderState.x:D
        70: aload_2
        71: getfield      #609                // Field kr/moonseungjun/villageguardians/VillageSkillEffectRenderState.y:D
        74: aload_2
        75: getfield      #612                // Field kr/moonseungjun/villageguardians/VillageSkillEffectRenderState.z:D
        78: invokevirtual #638                // Method net/minecraft/world/phys/Vec3.subtract:(DDD)Lnet/minecraft/world/phys/Vec3;
        81: astore        10
        83: aload_0
        84: aload_1
        85: aload         7
        87: aload         10
        89: ldc2_w        #306                // double 0.65d
        92: dload         5
        94: ldc2_w        #286                // double 0.95d
        97: dmul
        98: dadd
        99: sipush        255
       102: sipush        247
       105: sipush        183
       108: ldc2_w        #246                // double 190.0d
       111: dconst_1
       112: dload         5
       114: dsub
       115: dmul
       116: d2i
       117: invokestatic  #248                // Method rgba:(IIII)I
       120: invokestatic  #641                // Method localRune:(Lcom/mojang/blaze3d/vertex/PoseStack$Pose;Lcom/mojang/blaze3d/vertex/VertexConsumer;Lkr/moonseungjun/villageguardians/VillageSkillMeshLibrary$Basis;Lnet/minecraft/world/phys/Vec3;DI)V
       123: goto          42
       126: return

  private static void renderHealingField(com.mojang.blaze3d.vertex.PoseStack$Pose, com.mojang.blaze3d.vertex.VertexConsumer, kr.moonseungjun.villageguardians.VillageSkillMeshLibrary$Basis, double, double, java.lang.String);
    Code:
         0: aload         7
         2: ldc2_w        #545                // double 7.5d
         5: invokestatic  #395                // Method effectMeta:(Ljava/lang/String;D)Lkr/moonseungjun/villageguardians/VillageSkillMeshLibrary$EffectMeta;
         8: astore        8
        10: aload         8
        12: invokevirtual #401                // Method kr/moonseungjun/villageguardians/VillageSkillMeshLibrary$EffectMeta.radius:()D
        15: dstore        9
        17: aload_0
        18: aload_1
        19: aload_2
        20: dload         9
        22: ldc2_w        #244                // double 0.018d
        25: dload_3
        26: ldc2_w        #489                // double 0.008d
        29: dmul
        30: sipush        255
        33: sipush        239
        36: sipush        153
        39: bipush        105
        41: invokestatic  #248                // Method rgba:(IIII)I
        44: invokestatic  #547                // Method runeDisc:(Lcom/mojang/blaze3d/vertex/PoseStack$Pose;Lcom/mojang/blaze3d/vertex/VertexConsumer;Lkr/moonseungjun/villageguardians/VillageSkillMeshLibrary$Basis;DDDI)V
        47: aload_0
        48: aload_1
        49: aload_2
        50: dload         9
        52: ldc2_w        #552                // double 0.024d
        55: ldc2_w        #290                // double 0.09d
        58: bipush        112
        60: sipush        255
        63: sipush        248
        66: sipush        188
        69: sipush        145
        72: invokestatic  #248                // Method rgba:(IIII)I
        75: dload_3
        76: ldc2_w        #645                // double 0.015d
        79: dmul
        80: invokestatic  #264                // Method ring:(Lcom/mojang/blaze3d/vertex/PoseStack$Pose;Lcom/mojang/blaze3d/vertex/VertexConsumer;Lkr/moonseungjun/villageguardians/VillageSkillMeshLibrary$Basis;DDDIID)V
        83: aload_0
        84: aload_1
        85: aload_2
        86: dload         9
        88: ldc2_w        #539                // double 0.62d
        91: dmul
        92: ldc2_w        #591                // double 0.032d
        95: ldc2_w        #258                // double 0.06d
        98: bipush        88
       100: sipush        255
       103: sipush        248
       106: sipush        188
       109: bipush        110
       111: invokestatic  #248                // Method rgba:(IIII)I
       114: dload_3
       115: dneg
       116: ldc2_w        #244                // double 0.018d
       119: dmul
       120: invokestatic  #264                // Method ring:(Lcom/mojang/blaze3d/vertex/PoseStack$Pose;Lcom/mojang/blaze3d/vertex/VertexConsumer;Lkr/moonseungjun/villageguardians/VillageSkillMeshLibrary$Basis;DDDIID)V
       123: aload         8
       125: invokevirtual #409                // Method kr/moonseungjun/villageguardians/VillageSkillMeshLibrary$EffectMeta.rank:()I
       128: iconst_3
       129: if_icmplt     171
       132: aload_0
       133: aload_1
       134: aload_2
       135: dload         9
       137: ldc2_w        #234                // double 0.34d
       140: dmul
       141: ldc2_w        #556                // double 0.04d
       144: ldc2_w        #351                // double 0.045d
       147: bipush        64
       149: sipush        255
       152: sipush        255
       155: sipush        220
       158: bipush        100
       160: invokestatic  #248                // Method rgba:(IIII)I
       163: dload_3
       164: ldc2_w        #292                // double 0.025d
       167: dmul
       168: invokestatic  #264                // Method ring:(Lcom/mojang/blaze3d/vertex/PoseStack$Pose;Lcom/mojang/blaze3d/vertex/VertexConsumer;Lkr/moonseungjun/villageguardians/VillageSkillMeshLibrary$Basis;DDDIID)V
       171: bipush        8
       173: aload         8
       175: invokevirtual #409                // Method kr/moonseungjun/villageguardians/VillageSkillMeshLibrary$EffectMeta.rank:()I
       178: iconst_2
       179: imul
       180: iadd
       181: istore        11
       183: iconst_0
       184: istore        12
       186: iload         12
       188: iload         11
       190: if_icmpge     294
       193: iload         12
       195: i2d
       196: ldc2_w        #228                // double 6.283185307179586d
       199: dmul
       200: iload         11
       202: i2d
       203: ddiv
       204: dload_3
       205: ldc2_w        #416                // double 0.014d
       208: dmul
       209: dadd
       210: dstore        13
       212: aload_2
       213: dload         13
       215: invokestatic  #357                // Method java/lang/Math.cos:(D)D
       218: dload         9
       220: dmul
       221: ldc2_w        #539                // double 0.62d
       224: dmul
       225: ldc2_w        #345                // double 0.05d
       228: dload         13
       230: invokestatic  #272                // Method java/lang/Math.sin:(D)D
       233: dload         9
       235: dmul
       236: ldc2_w        #539                // double 0.62d
       239: dmul
       240: invokevirtual #324                // Method kr/moonseungjun/villageguardians/VillageSkillMeshLibrary$Basis.local:(DDD)Lnet/minecraft/world/phys/Vec3;
       243: astore        15
       245: aload_0
       246: aload_1
       247: aload_2
       248: aload         15
       250: dconst_1
       251: ldc2_w        #298                // double 0.35d
       254: dload_3
       255: ldc2_w        #337                // double 0.13d
       258: dmul
       259: iload         12
       261: i2d
       262: dadd
       263: invokestatic  #272                // Method java/lang/Math.sin:(D)D
       266: dmul
       267: dadd
       268: ldc2_w        #339                // double 0.055d
       271: sipush        255
       274: sipush        255
       277: sipush        215
       280: bipush        115
       282: invokestatic  #248                // Method rgba:(IIII)I
       285: invokestatic  #318                // Method verticalBlade:(Lcom/mojang/blaze3d/vertex/PoseStack$Pose;Lcom/mojang/blaze3d/vertex/VertexConsumer;Lkr/moonseungjun/villageguardians/VillageSkillMeshLibrary$Basis;Lnet/minecraft/world/phys/Vec3;DDI)V
       288: iinc          12, 1
       291: goto          186
       294: return

  private static void renderMiracleCast(com.mojang.blaze3d.vertex.PoseStack$Pose, com.mojang.blaze3d.vertex.VertexConsumer, kr.moonseungjun.villageguardians.VillageSkillMeshLibrary$Basis, double, double);
    Code:
         0: dload         5
         2: ldc2_w        #280                // double 0.12d
         5: ldc2_w        #308                // double 0.25d
         8: invokestatic  #223                // Method envelope:(DDD)D
        11: dstore        7
        13: aload_0
        14: aload_1
        15: aload_2
        16: dconst_0
        17: ldc2_w        #647                // double 2.4d
        20: dconst_0
        21: invokevirtual #324                // Method kr/moonseungjun/villageguardians/VillageSkillMeshLibrary$Basis.local:(DDD)Lnet/minecraft/world/phys/Vec3;
        24: ldc2_w        #234                // double 0.34d
        27: ldc2_w        #270                // double 0.18d
        30: dload_3
        31: ldc2_w        #270                // double 0.18d
        34: dmul
        35: invokestatic  #272                // Method java/lang/Math.sin:(D)D
        38: dmul
        39: dadd
        40: bipush        10
        42: bipush        16
        44: sipush        255
        47: sipush        250
        50: sipush        198
        53: ldc2_w        #475                // double 220.0d
        56: dload         7
        58: dmul
        59: d2i
        60: invokestatic  #248                // Method rgba:(IIII)I
        63: invokestatic  #329                // Method sphere:(Lcom/mojang/blaze3d/vertex/PoseStack$Pose;Lcom/mojang/blaze3d/vertex/VertexConsumer;Lnet/minecraft/world/phys/Vec3;DIII)V
        66: iconst_2
        67: newarray       int
        69: dup
        70: iconst_0
        71: iconst_m1
        72: iastore
        73: dup
        74: iconst_1
        75: iconst_1
        76: iastore
        77: astore        9
        79: aload         9
        81: arraylength
        82: istore        10
        84: iconst_0
        85: istore        11
        87: iload         11
        89: iload         10
        91: if_icmpge     147
        94: aload         9
        96: iload         11
        98: iaload
        99: istore        12
       101: aload_0
       102: aload_1
       103: aload_2
       104: iload         12
       106: ldc2_w        #649                // double 1.55d
       109: ldc2_w        #651                // double 1.75d
       112: dload         5
       114: ldc2_w        #306                // double 0.65d
       117: dmul
       118: dadd
       119: sipush        255
       122: sipush        255
       125: sipush        225
       128: ldc2_w        #246                // double 190.0d
       131: dload         7
       133: dmul
       134: d2i
       135: invokestatic  #248                // Method rgba:(IIII)I
       138: invokestatic  #601                // Method wing:(Lcom/mojang/blaze3d/vertex/PoseStack$Pose;Lcom/mojang/blaze3d/vertex/VertexConsumer;Lkr/moonseungjun/villageguardians/VillageSkillMeshLibrary$Basis;IDDI)V
       141: iinc          11, 1
       144: goto          87
       147: aload_0
       148: aload_1
       149: aload_2
       150: ldc2_w        #653                // double 0.38d
       153: dload         5
       155: ldc2_w        #597                // double 0.75d
       158: dmul
       159: dadd
       160: ldc2_w        #294                // double 6.0d
       163: sipush        255
       166: sipush        240
       169: sipush        142
       172: ldc2_w        #370                // double 150.0d
       175: dload         7
       177: dmul
       178: d2i
       179: invokestatic  #248                // Method rgba:(IIII)I
       182: invokestatic  #655                // Method verticalPillar:(Lcom/mojang/blaze3d/vertex/PoseStack$Pose;Lcom/mojang/blaze3d/vertex/VertexConsumer;Lkr/moonseungjun/villageguardians/VillageSkillMeshLibrary$Basis;DDI)V
       185: aload_0
       186: aload_1
       187: aload_2
       188: ldc2_w        #647                // double 2.4d
       191: dload         5
       193: ldc2_w        #659                // double 1.4d
       196: dmul
       197: dadd
       198: ldc2_w        #556                // double 0.04d
       201: dload_3
       202: dneg
       203: ldc2_w        #292                // double 0.025d
       206: dmul
       207: sipush        255
       210: sipush        238
       213: sipush        137
       216: ldc2_w        #661                // double 155.0d
       219: dload         7
       221: dmul
       222: d2i
       223: invokestatic  #248                // Method rgba:(IIII)I
       226: invokestatic  #547                // Method runeDisc:(Lcom/mojang/blaze3d/vertex/PoseStack$Pose;Lcom/mojang/blaze3d/vertex/VertexConsumer;Lkr/moonseungjun/villageguardians/VillageSkillMeshLibrary$Basis;DDDI)V
       229: return

  private static void renderMiracleWave(com.mojang.blaze3d.vertex.PoseStack$Pose, com.mojang.blaze3d.vertex.VertexConsumer, kr.moonseungjun.villageguardians.VillageSkillEffectRenderState, double, double);
    Code:
         0: aload_2
         1: getfield      #29                 // Field kr/moonseungjun/villageguardians/VillageSkillEffectRenderState.direction:Lnet/minecraft/world/phys/Vec3;
         4: invokestatic  #33                 // Method kr/moonseungjun/villageguardians/VillageSkillMeshLibrary$Basis.from:(Lnet/minecraft/world/phys/Vec3;)Lkr/moonseungjun/villageguardians/VillageSkillMeshLibrary$Basis;
         7: astore        7
         9: aload_2
        10: getfield      #137                // Field kr/moonseungjun/villageguardians/VillageSkillEffectRenderState.extra:Ljava/lang/String;
        13: new           #471                // class net/minecraft/world/phys/Vec3
        16: dup
        17: aload_2
        18: getfield      #605                // Field kr/moonseungjun/villageguardians/VillageSkillEffectRenderState.x:D
        21: aload_2
        22: getfield      #609                // Field kr/moonseungjun/villageguardians/VillageSkillEffectRenderState.y:D
        25: aload_2
        26: getfield      #612                // Field kr/moonseungjun/villageguardians/VillageSkillEffectRenderState.z:D
        29: invokespecial #615                // Method net/minecraft/world/phys/Vec3."<init>":(DDD)V
        32: invokestatic  #618                // Method parsePoints:(Ljava/lang/String;Lnet/minecraft/world/phys/Vec3;)Ljava/util/List;
        35: invokeinterface #622,  1          // InterfaceMethod java/util/List.iterator:()Ljava/util/Iterator;
        40: astore        8
        42: aload         8
        44: invokeinterface #628,  1          // InterfaceMethod java/util/Iterator.hasNext:()Z
        49: ifeq          180
        52: aload         8
        54: invokeinterface #634,  1          // InterfaceMethod java/util/Iterator.next:()Ljava/lang/Object;
        59: checkcast     #471                // class net/minecraft/world/phys/Vec3
        62: astore        9
        64: aload         9
        66: aload_2
        67: getfield      #605                // Field kr/moonseungjun/villageguardians/VillageSkillEffectRenderState.x:D
        70: aload_2
        71: getfield      #609                // Field kr/moonseungjun/villageguardians/VillageSkillEffectRenderState.y:D
        74: aload_2
        75: getfield      #612                // Field kr/moonseungjun/villageguardians/VillageSkillEffectRenderState.z:D
        78: invokevirtual #638                // Method net/minecraft/world/phys/Vec3.subtract:(DDD)Lnet/minecraft/world/phys/Vec3;
        81: astore        10
        83: aload_0
        84: aload_1
        85: aload         7
        87: aload         10
        89: ldc2_w        #497                // double 0.5d
        92: dload         5
        94: ldc2_w        #663                // double 1.5d
        97: dmul
        98: dadd
        99: sipush        255
       102: sipush        244
       105: sipush        162
       108: ldc2_w        #475                // double 220.0d
       111: dconst_1
       112: dload         5
       114: dsub
       115: dmul
       116: d2i
       117: invokestatic  #248                // Method rgba:(IIII)I
       120: invokestatic  #641                // Method localRune:(Lcom/mojang/blaze3d/vertex/PoseStack$Pose;Lcom/mojang/blaze3d/vertex/VertexConsumer;Lkr/moonseungjun/villageguardians/VillageSkillMeshLibrary$Basis;Lnet/minecraft/world/phys/Vec3;DI)V
       123: aload_0
       124: aload_1
       125: aload         7
       127: aload         10
       129: ldc2_w        #380                // double 0.15d
       132: dconst_1
       133: dload         5
       135: dsub
       136: ldc2_w        #432                // double 0.28d
       139: dmul
       140: dadd
       141: ldc2_w        #483                // double 2.0d
       144: dconst_1
       145: dload         5
       147: dsub
       148: ldc2_w        #665                // double 3.2d
       151: dmul
       152: dadd
       153: sipush        255
       156: sipush        255
       159: sipush        210
       162: ldc2_w        #667                // double 135.0d
       165: dconst_1
       166: dload         5
       168: dsub
       169: dmul
       170: d2i
       171: invokestatic  #248                // Method rgba:(IIII)I
       174: invokestatic  #669                // Method verticalPillarAt:(Lcom/mojang/blaze3d/vertex/PoseStack$Pose;Lcom/mojang/blaze3d/vertex/VertexConsumer;Lkr/moonseungjun/villageguardians/VillageSkillMeshLibrary$Basis;Lnet/minecraft/world/phys/Vec3;DDI)V
       177: goto          42
       180: return

  private static void renderShieldCharge(com.mojang.blaze3d.vertex.PoseStack$Pose, com.mojang.blaze3d.vertex.VertexConsumer, kr.moonseungjun.villageguardians.VillageSkillMeshLibrary$Basis, double, double);
    Code:
         0: ldc2_w        #523                // double 1.15d
         3: dload         5
         5: ldc2_w        #672                // double 1.65d
         8: dmul
         9: dadd
        10: dstore        7
        12: aload_2
        13: dconst_0
        14: ldc2_w        #674                // double 1.25d
        17: dload         7
        19: invokevirtual #324                // Method kr/moonseungjun/villageguardians/VillageSkillMeshLibrary$Basis.local:(DDD)Lnet/minecraft/world/phys/Vec3;
        22: astore        9
        24: aload_0
        25: aload_1
        26: aload_2
        27: aload         9
        29: ldc2_w        #676                // double 3.5d
        32: ldc2_w        #678                // double 3.1d
        35: ldc2_w        #360                // double 0.58d
        38: bipush        62
        40: sipush        157
        43: sipush        255
        46: sipush        205
        49: invokestatic  #248                // Method rgba:(IIII)I
        52: invokestatic  #680                // Method curvedShield:(Lcom/mojang/blaze3d/vertex/PoseStack$Pose;Lcom/mojang/blaze3d/vertex/VertexConsumer;Lkr/moonseungjun/villageguardians/VillageSkillMeshLibrary$Basis;Lnet/minecraft/world/phys/Vec3;DDDI)V
        55: aload_0
        56: aload_1
        57: aload_2
        58: aload         9
        60: aload_2
        61: getfield      #684                // Field kr/moonseungjun/villageguardians/VillageSkillMeshLibrary$Basis.forward:Lnet/minecraft/world/phys/Vec3;
        64: ldc2_w        #339                // double 0.055d
        67: invokevirtual #687                // Method net/minecraft/world/phys/Vec3.scale:(D)Lnet/minecraft/world/phys/Vec3;
        70: invokevirtual #583                // Method net/minecraft/world/phys/Vec3.add:(Lnet/minecraft/world/phys/Vec3;)Lnet/minecraft/world/phys/Vec3;
        73: ldc2_w        #691                // double 2.75d
        76: ldc2_w        #362                // double 2.35d
        79: ldc2_w        #343                // double 0.46d
        82: sipush        171
        85: sipush        227
        88: sipush        255
        91: bipush        125
        93: invokestatic  #248                // Method rgba:(IIII)I
        96: invokestatic  #680                // Method curvedShield:(Lcom/mojang/blaze3d/vertex/PoseStack$Pose;Lcom/mojang/blaze3d/vertex/VertexConsumer;Lkr/moonseungjun/villageguardians/VillageSkillMeshLibrary$Basis;Lnet/minecraft/world/phys/Vec3;DDDI)V
        99: aload_0
       100: aload_1
       101: aload_2
       102: aload         9
       104: aload_2
       105: getfield      #684                // Field kr/moonseungjun/villageguardians/VillageSkillMeshLibrary$Basis.forward:Lnet/minecraft/world/phys/Vec3;
       108: ldc2_w        #290                // double 0.09d
       111: invokevirtual #687                // Method net/minecraft/world/phys/Vec3.scale:(D)Lnet/minecraft/world/phys/Vec3;
       114: invokevirtual #583                // Method net/minecraft/world/phys/Vec3.add:(Lnet/minecraft/world/phys/Vec3;)Lnet/minecraft/world/phys/Vec3;
       117: ldc2_w        #676                // double 3.5d
       120: ldc2_w        #678                // double 3.1d
       123: ldc2_w        #360                // double 0.58d
       126: sipush        220
       129: sipush        246
       132: sipush        255
       135: sipush        220
       138: invokestatic  #248                // Method rgba:(IIII)I
       141: invokestatic  #693                // Method shieldFrame:(Lcom/mojang/blaze3d/vertex/PoseStack$Pose;Lcom/mojang/blaze3d/vertex/VertexConsumer;Lkr/moonseungjun/villageguardians/VillageSkillMeshLibrary$Basis;Lnet/minecraft/world/phys/Vec3;DDDI)V
       144: return

  private static void renderTaunt(com.mojang.blaze3d.vertex.PoseStack$Pose, com.mojang.blaze3d.vertex.VertexConsumer, kr.moonseungjun.villageguardians.VillageSkillMeshLibrary$Basis, double, double);
    Code:
         0: iconst_0
         1: istore        7
         3: iload         7
         5: iconst_4
         6: if_icmpge     85
         9: aload_0
        10: aload_1
        11: aload_2
        12: dconst_1
        13: dload         5
        15: ldc2_w        #545                // double 7.5d
        18: iload         7
        20: i2d
        21: ldc2_w        #659                // double 1.4d
        24: dmul
        25: dadd
        26: dmul
        27: dadd
        28: ldc2_w        #468                // double 0.45d
        31: iload         7
        33: i2d
        34: ldc2_w        #238                // double 0.24d
        37: dmul
        38: dadd
        39: ldc2_w        #347                // double 0.11d
        42: bipush        80
        44: bipush        78
        46: sipush        171
        49: sipush        255
        52: sipush        185
        55: iload         7
        57: bipush        24
        59: imul
        60: isub
        61: i2d
        62: dconst_1
        63: dload         5
        65: dsub
        66: dmul
        67: d2i
        68: invokestatic  #248                // Method rgba:(IIII)I
        71: dload_3
        72: ldc2_w        #353                // double 0.012d
        75: dmul
        76: invokestatic  #264                // Method ring:(Lcom/mojang/blaze3d/vertex/PoseStack$Pose;Lcom/mojang/blaze3d/vertex/VertexConsumer;Lkr/moonseungjun/villageguardians/VillageSkillMeshLibrary$Basis;DDDIID)V
        79: iinc          7, 1
        82: goto          3
        85: aload_0
        86: aload_1
        87: aload_2
        88: dconst_0
        89: ldc2_w        #595                // double 1.1d
        92: dconst_0
        93: invokevirtual #324                // Method kr/moonseungjun/villageguardians/VillageSkillMeshLibrary$Basis.local:(DDD)Lnet/minecraft/world/phys/Vec3;
        96: ldc2_w        #306                // double 0.65d
        99: dload         5
       101: ldc2_w        #533                // double 0.9d
       104: dmul
       105: dadd
       106: bipush        8
       108: bipush        14
       110: sipush        150
       113: sipush        218
       116: sipush        255
       119: ldc2_w        #696                // double 80.0d
       122: dconst_1
       123: dload         5
       125: dsub
       126: dmul
       127: d2i
       128: invokestatic  #248                // Method rgba:(IIII)I
       131: invokestatic  #329                // Method sphere:(Lcom/mojang/blaze3d/vertex/PoseStack$Pose;Lcom/mojang/blaze3d/vertex/VertexConsumer;Lnet/minecraft/world/phys/Vec3;DIII)V
       134: return

  private static void renderFortress(com.mojang.blaze3d.vertex.PoseStack$Pose, com.mojang.blaze3d.vertex.VertexConsumer, kr.moonseungjun.villageguardians.VillageSkillMeshLibrary$Basis, double, double, boolean);
    Code:
         0: iload         7
         2: ifeq          11
         5: ldc2_w        #527                // double 5.2d
         8: goto          14
        11: ldc2_w        #698                // double 17.5d
        14: dstore        8
        16: iload         7
        18: ifeq          27
        21: ldc2_w        #230                // double 4.0d
        24: goto          30
        27: ldc2_w        #700                // double 11.5d
        30: dstore        10
        32: iload         7
        34: ifeq          43
        37: ldc2_w        #362                // double 2.35d
        40: goto          46
        43: ldc2_w        #541                // double 5.0d
        46: dstore        12
        48: iload         7
        50: ifeq          59
        53: ldc2_w        #539                // double 0.62d
        56: goto          62
        59: ldc2_w        #288                // double 1.45d
        62: dstore        14
        64: aload_2
        65: dconst_0
        66: dload         10
        68: ldc2_w        #454                // double 0.48d
        71: dmul
        72: dload         12
        74: invokevirtual #324                // Method kr/moonseungjun/villageguardians/VillageSkillMeshLibrary$Basis.local:(DDD)Lnet/minecraft/world/phys/Vec3;
        77: astore        16
        79: aload_0
        80: aload_1
        81: aload_2
        82: aload         16
        84: dload         8
        86: dload         10
        88: dload         14
        90: bipush        48
        92: sipush        137
        95: sipush        244
        98: iload         7
       100: ifeq          109
       103: sipush        210
       106: goto          112
       109: sipush        195
       112: invokestatic  #248                // Method rgba:(IIII)I
       115: invokestatic  #680                // Method curvedShield:(Lcom/mojang/blaze3d/vertex/PoseStack$Pose;Lcom/mojang/blaze3d/vertex/VertexConsumer;Lkr/moonseungjun/villageguardians/VillageSkillMeshLibrary$Basis;Lnet/minecraft/world/phys/Vec3;DDDI)V
       118: aload_0
       119: aload_1
       120: aload_2
       121: aload         16
       123: aload_2
       124: getfield      #684                // Field kr/moonseungjun/villageguardians/VillageSkillMeshLibrary$Basis.forward:Lnet/minecraft/world/phys/Vec3;
       127: ldc2_w        #382                // double 0.07d
       130: invokevirtual #687                // Method net/minecraft/world/phys/Vec3.scale:(D)Lnet/minecraft/world/phys/Vec3;
       133: invokevirtual #583                // Method net/minecraft/world/phys/Vec3.add:(Lnet/minecraft/world/phys/Vec3;)Lnet/minecraft/world/phys/Vec3;
       136: dload         8
       138: ldc2_w        #702                // double 0.88d
       141: dmul
       142: dload         10
       144: ldc2_w        #704                // double 0.84d
       147: dmul
       148: dload         14
       150: ldc2_w        #268                // double 0.82d
       153: dmul
       154: sipush        133
       157: sipush        209
       160: sipush        255
       163: iload         7
       165: ifeq          173
       168: bipush        115
       170: goto          175
       173: bipush        105
       175: invokestatic  #248                // Method rgba:(IIII)I
       178: invokestatic  #680                // Method curvedShield:(Lcom/mojang/blaze3d/vertex/PoseStack$Pose;Lcom/mojang/blaze3d/vertex/VertexConsumer;Lkr/moonseungjun/villageguardians/VillageSkillMeshLibrary$Basis;Lnet/minecraft/world/phys/Vec3;DDDI)V
       181: aload_0
       182: aload_1
       183: aload_2
       184: aload         16
       186: aload_2
       187: getfield      #684                // Field kr/moonseungjun/villageguardians/VillageSkillMeshLibrary$Basis.forward:Lnet/minecraft/world/phys/Vec3;
       190: ldc2_w        #280                // double 0.12d
       193: invokevirtual #687                // Method net/minecraft/world/phys/Vec3.scale:(D)Lnet/minecraft/world/phys/Vec3;
       196: invokevirtual #583                // Method net/minecraft/world/phys/Vec3.add:(Lnet/minecraft/world/phys/Vec3;)Lnet/minecraft/world/phys/Vec3;
       199: dload         8
       201: dload         10
       203: dload         14
       205: sipush        220
       208: sipush        246
       211: sipush        255
       214: sipush        220
       217: invokestatic  #248                // Method rgba:(IIII)I
       220: invokestatic  #693                // Method shieldFrame:(Lcom/mojang/blaze3d/vertex/PoseStack$Pose;Lcom/mojang/blaze3d/vertex/VertexConsumer;Lkr/moonseungjun/villageguardians/VillageSkillMeshLibrary$Basis;Lnet/minecraft/world/phys/Vec3;DDDI)V
       223: iload         7
       225: ifeq          232
       228: iconst_3
       229: goto          234
       232: bipush        7
       234: istore        17
       236: iconst_1
       237: istore        18
       239: iload         18
       241: iload         17
       243: if_icmpgt     374
       246: iload         18
       248: i2d
       249: iload         17
       251: iconst_1
       252: iadd
       253: i2d
       254: ddiv
       255: dstore        19
       257: aload_2
       258: aload         16
       260: aload_2
       261: getfield      #684                // Field kr/moonseungjun/villageguardians/VillageSkillMeshLibrary$Basis.forward:Lnet/minecraft/world/phys/Vec3;
       264: ldc2_w        #242                // double 0.14d
       267: invokevirtual #687                // Method net/minecraft/world/phys/Vec3.scale:(D)Lnet/minecraft/world/phys/Vec3;
       270: invokevirtual #583                // Method net/minecraft/world/phys/Vec3.add:(Lnet/minecraft/world/phys/Vec3;)Lnet/minecraft/world/phys/Vec3;
       273: dload         8
       275: dload         10
       277: dload         14
       279: dload         19
       281: ldc2_w        #345                // double 0.05d
       284: invokestatic  #706                // Method shieldPoint:(Lkr/moonseungjun/villageguardians/VillageSkillMeshLibrary$Basis;Lnet/minecraft/world/phys/Vec3;DDDDD)Lnet/minecraft/world/phys/Vec3;
       287: astore        21
       289: aload_2
       290: aload         16
       292: aload_2
       293: getfield      #684                // Field kr/moonseungjun/villageguardians/VillageSkillMeshLibrary$Basis.forward:Lnet/minecraft/world/phys/Vec3;
       296: ldc2_w        #242                // double 0.14d
       299: invokevirtual #687                // Method net/minecraft/world/phys/Vec3.scale:(D)Lnet/minecraft/world/phys/Vec3;
       302: invokevirtual #583                // Method net/minecraft/world/phys/Vec3.add:(Lnet/minecraft/world/phys/Vec3;)Lnet/minecraft/world/phys/Vec3;
       305: dload         8
       307: dload         10
       309: dload         14
       311: dload         19
       313: ldc2_w        #286                // double 0.95d
       316: invokestatic  #706                // Method shieldPoint:(Lkr/moonseungjun/villageguardians/VillageSkillMeshLibrary$Basis;Lnet/minecraft/world/phys/Vec3;DDDDD)Lnet/minecraft/world/phys/Vec3;
       319: astore        22
       321: aload_0
       322: aload_1
       323: aload         21
       325: aload         22
       327: iload         7
       329: ifeq          338
       332: ldc2_w        #351                // double 0.045d
       335: goto          341
       338: ldc2_w        #382                // double 0.07d
       341: sipush        188
       344: sipush        232
       347: sipush        255
       350: iload         7
       352: ifeq          360
       355: bipush        120
       357: goto          362
       360: bipush        105
       362: invokestatic  #248                // Method rgba:(IIII)I
       365: invokestatic  #372                // Method prism:(Lcom/mojang/blaze3d/vertex/PoseStack$Pose;Lcom/mojang/blaze3d/vertex/VertexConsumer;Lnet/minecraft/world/phys/Vec3;Lnet/minecraft/world/phys/Vec3;DI)V
       368: iinc          18, 1
       371: goto          239
       374: return

  private static void renderPath(com.mojang.blaze3d.vertex.PoseStack$Pose, com.mojang.blaze3d.vertex.VertexConsumer, kr.moonseungjun.villageguardians.VillageSkillEffectRenderState, double, double, int, boolean);
    Code:
         0: new           #471                // class net/minecraft/world/phys/Vec3
         3: dup
         4: aload_2
         5: getfield      #605                // Field kr/moonseungjun/villageguardians/VillageSkillEffectRenderState.x:D
         8: aload_2
         9: getfield      #609                // Field kr/moonseungjun/villageguardians/VillageSkillEffectRenderState.y:D
        12: aload_2
        13: getfield      #612                // Field kr/moonseungjun/villageguardians/VillageSkillEffectRenderState.z:D
        16: invokespecial #615                // Method net/minecraft/world/phys/Vec3."<init>":(DDD)V
        19: astore        9
        21: aload_2
        22: getfield      #137                // Field kr/moonseungjun/villageguardians/VillageSkillEffectRenderState.extra:Ljava/lang/String;
        25: aload         9
        27: invokestatic  #618                // Method parsePoints:(Ljava/lang/String;Lnet/minecraft/world/phys/Vec3;)Ljava/util/List;
        30: astore        10
        32: aload         10
        34: invokeinterface #710,  1          // InterfaceMethod java/util/List.size:()I
        39: iconst_2
        40: if_icmpge     44
        43: return
        44: iload         7
        46: bipush        16
        48: ishr
        49: sipush        255
        52: iand
        53: iload         7
        55: bipush        8
        57: ishr
        58: sipush        255
        61: iand
        62: iload         7
        64: sipush        255
        67: iand
        68: ldc2_w        #327                // double 205.0d
        71: dconst_1
        72: dload         5
        74: ldc2_w        #306                // double 0.65d
        77: dmul
        78: dsub
        79: dmul
        80: d2i
        81: invokestatic  #248                // Method rgba:(IIII)I
        84: istore        11
        86: iconst_0
        87: istore        12
        89: iload         12
        91: aload         10
        93: invokeinterface #710,  1          // InterfaceMethod java/util/List.size:()I
        98: iconst_1
        99: isub
       100: if_icmpge     183
       103: aload         10
       105: iload         12
       107: invokeinterface #713,  2          // InterfaceMethod java/util/List.get:(I)Ljava/lang/Object;
       112: checkcast     #471                // class net/minecraft/world/phys/Vec3
       115: aload         9
       117: invokevirtual #717                // Method net/minecraft/world/phys/Vec3.subtract:(Lnet/minecraft/world/phys/Vec3;)Lnet/minecraft/world/phys/Vec3;
       120: astore        13
       122: aload         10
       124: iload         12
       126: iconst_1
       127: iadd
       128: invokeinterface #713,  2          // InterfaceMethod java/util/List.get:(I)Ljava/lang/Object;
       133: checkcast     #471                // class net/minecraft/world/phys/Vec3
       136: aload         9
       138: invokevirtual #717                // Method net/minecraft/world/phys/Vec3.subtract:(Lnet/minecraft/world/phys/Vec3;)Lnet/minecraft/world/phys/Vec3;
       141: astore        14
       143: aload_0
       144: aload_1
       145: aload         13
       147: aload         14
       149: dload_3
       150: iload         12
       152: i2d
       153: ldc2_w        #719                // double 1.7d
       156: dmul
       157: dadd
       158: iload         8
       160: ifeq          169
       163: ldc2_w        #316                // double 0.1d
       166: goto          172
       169: ldc2_w        #349                // double 0.075d
       172: iload         11
       174: invokestatic  #721                // Method braidedBeam:(Lcom/mojang/blaze3d/vertex/PoseStack$Pose;Lcom/mojang/blaze3d/vertex/VertexConsumer;Lnet/minecraft/world/phys/Vec3;Lnet/minecraft/world/phys/Vec3;DDI)V
       177: iinc          12, 1
       180: goto          89
       183: return

  private static kr.moonseungjun.villageguardians.VillageSkillMeshLibrary$EffectMeta effectMeta(java.lang.String, double);
    Code:
         0: dload_1
         1: dstore_3
         2: iconst_0
         3: istore        5
         5: aload_0
         6: ifnull        66
         9: aload_0
        10: invokevirtual #725                // Method java/lang/String.isBlank:()Z
        13: ifne          66
        16: aload_0
        17: ldc_w         #728                // String \\|
        20: iconst_m1
        21: invokevirtual #730                // Method java/lang/String.split:(Ljava/lang/String;I)[Ljava/lang/String;
        24: astore        6
        26: aload         6
        28: arraylength
        29: ifle          40
        32: aload         6
        34: iconst_0
        35: aaload
        36: invokestatic  #460                // Method java/lang/Double.parseDouble:(Ljava/lang/String;)D
        39: dstore_3
        40: goto          45
        43: astore        7
        45: aload         6
        47: arraylength
        48: iconst_1
        49: if_icmple     61
        52: aload         6
        54: iconst_1
        55: aaload
        56: invokestatic  #734                // Method java/lang/Integer.parseInt:(Ljava/lang/String;)I
        59: istore        5
        61: goto          66
        64: astore        7
        66: new           #402                // class kr/moonseungjun/villageguardians/VillageSkillMeshLibrary$EffectMeta
        69: dup
        70: ldc2_w        #308                // double 0.25d
        73: dload_3
        74: invokestatic  #19                 // Method java/lang/Math.max:(DD)D
        77: iconst_0
        78: iload         5
        80: invokestatic  #740                // Method java/lang/Math.max:(II)I
        83: invokespecial #742                // Method kr/moonseungjun/villageguardians/VillageSkillMeshLibrary$EffectMeta."<init>":(DI)V
        86: areturn
      Exception table:
         from    to  target type
            26    40    43   Class java/lang/NumberFormatException
            45    61    64   Class java/lang/NumberFormatException

  private static void renderFallbackRune(com.mojang.blaze3d.vertex.PoseStack$Pose, com.mojang.blaze3d.vertex.VertexConsumer, kr.moonseungjun.villageguardians.VillageSkillMeshLibrary$Basis, double, double);
    Code:
         0: aload_0
         1: aload_1
         2: aload_2
         3: ldc2_w        #276                // double 1.2d
         6: ldc2_w        #308                // double 0.25d
         9: dload_3
        10: ldc2_w        #556                // double 0.04d
        13: dmul
        14: sipush        206
        17: sipush        157
        20: sipush        255
        23: ldc2_w        #745                // double 180.0d
        26: dconst_1
        27: dload         5
        29: dsub
        30: dmul
        31: d2i
        32: invokestatic  #248                // Method rgba:(IIII)I
        35: invokestatic  #547                // Method runeDisc:(Lcom/mojang/blaze3d/vertex/PoseStack$Pose;Lcom/mojang/blaze3d/vertex/VertexConsumer;Lkr/moonseungjun/villageguardians/VillageSkillMeshLibrary$Basis;DDDI)V
        38: return

  private static void horizontalSlash(com.mojang.blaze3d.vertex.PoseStack$Pose, com.mojang.blaze3d.vertex.VertexConsumer, kr.moonseungjun.villageguardians.VillageSkillMeshLibrary$Basis, double, double, double, double, int);
    Code:
         0: bipush        30
         2: istore        12
         4: iconst_0
         5: istore        13
         7: iload         13
         9: iload         12
        11: if_icmpge     225
        14: iload         13
        16: i2d
        17: iload         12
        19: i2d
        20: ddiv
        21: dstore        14
        23: iload         13
        25: iconst_1
        26: iadd
        27: i2d
        28: iload         12
        30: i2d
        31: ddiv
        32: dstore        16
        34: dload         14
        36: ldc2_w        #483                // double 2.0d
        39: dmul
        40: dconst_1
        41: dsub
        42: dstore        18
        44: dload         16
        46: ldc2_w        #483                // double 2.0d
        49: dmul
        50: dconst_1
        51: dsub
        52: dstore        20
        54: dload         18
        56: dload_3
        57: dmul
        58: ldc2_w        #497                // double 0.5d
        61: dmul
        62: dstore        22
        64: dload         20
        66: dload_3
        67: dmul
        68: ldc2_w        #497                // double 0.5d
        71: dmul
        72: dstore        24
        74: dload         5
        76: dconst_1
        77: dload         18
        79: dload         18
        81: dmul
        82: dsub
        83: dload         9
        85: dmul
        86: dadd
        87: dstore        26
        89: dload         5
        91: dconst_1
        92: dload         20
        94: dload         20
        96: dmul
        97: dsub
        98: dload         9
       100: dmul
       101: dadd
       102: dstore        28
       104: ldc2_w        #244                // double 0.018d
       107: dload         7
       109: ldc2_w        #450                // double 3.141592653589793d
       112: dload         14
       114: dmul
       115: invokestatic  #272                // Method java/lang/Math.sin:(D)D
       118: dmul
       119: invokestatic  #19                 // Method java/lang/Math.max:(DD)D
       122: dstore        30
       124: ldc2_w        #244                // double 0.018d
       127: dload         7
       129: ldc2_w        #450                // double 3.141592653589793d
       132: dload         16
       134: dmul
       135: invokestatic  #272                // Method java/lang/Math.sin:(D)D
       138: dmul
       139: invokestatic  #19                 // Method java/lang/Math.max:(DD)D
       142: dstore        32
       144: aload_2
       145: dload         22
       147: dload         26
       149: dload         30
       151: dsub
       152: dconst_0
       153: invokevirtual #324                // Method kr/moonseungjun/villageguardians/VillageSkillMeshLibrary$Basis.local:(DDD)Lnet/minecraft/world/phys/Vec3;
       156: astore        34
       158: aload_2
       159: dload         22
       161: dload         26
       163: dload         30
       165: dadd
       166: ldc2_w        #339                // double 0.055d
       169: invokevirtual #324                // Method kr/moonseungjun/villageguardians/VillageSkillMeshLibrary$Basis.local:(DDD)Lnet/minecraft/world/phys/Vec3;
       172: astore        35
       174: aload_2
       175: dload         24
       177: dload         28
       179: dload         32
       181: dadd
       182: ldc2_w        #339                // double 0.055d
       185: invokevirtual #324                // Method kr/moonseungjun/villageguardians/VillageSkillMeshLibrary$Basis.local:(DDD)Lnet/minecraft/world/phys/Vec3;
       188: astore        36
       190: aload_2
       191: dload         24
       193: dload         28
       195: dload         32
       197: dsub
       198: dconst_0
       199: invokevirtual #324                // Method kr/moonseungjun/villageguardians/VillageSkillMeshLibrary$Basis.local:(DDD)Lnet/minecraft/world/phys/Vec3;
       202: astore        37
       204: aload_0
       205: aload_1
       206: aload         34
       208: aload         35
       210: aload         36
       212: aload         37
       214: iload         11
       216: invokestatic  #747                // Method quadTwoSided:(Lcom/mojang/blaze3d/vertex/PoseStack$Pose;Lcom/mojang/blaze3d/vertex/VertexConsumer;Lnet/minecraft/world/phys/Vec3;Lnet/minecraft/world/phys/Vec3;Lnet/minecraft/world/phys/Vec3;Lnet/minecraft/world/phys/Vec3;I)V
       219: iinc          13, 1
       222: goto          7
       225: return

  private static void shieldFrame(com.mojang.blaze3d.vertex.PoseStack$Pose, com.mojang.blaze3d.vertex.VertexConsumer, kr.moonseungjun.villageguardians.VillageSkillMeshLibrary$Basis, net.minecraft.world.phys.Vec3, double, double, double, int);
    Code:
         0: aload_2
         1: aload_3
         2: dload         4
         4: dload         6
         6: dload         8
         8: dconst_0
         9: dconst_0
        10: invokestatic  #706                // Method shieldPoint:(Lkr/moonseungjun/villageguardians/VillageSkillMeshLibrary$Basis;Lnet/minecraft/world/phys/Vec3;DDDDD)Lnet/minecraft/world/phys/Vec3;
        13: astore        11
        15: aload_2
        16: aload_3
        17: dload         4
        19: dload         6
        21: dload         8
        23: dconst_0
        24: dconst_1
        25: invokestatic  #706                // Method shieldPoint:(Lkr/moonseungjun/villageguardians/VillageSkillMeshLibrary$Basis;Lnet/minecraft/world/phys/Vec3;DDDDD)Lnet/minecraft/world/phys/Vec3;
        28: astore        12
        30: aload_2
        31: aload_3
        32: dload         4
        34: dload         6
        36: dload         8
        38: dconst_1
        39: dconst_1
        40: invokestatic  #706                // Method shieldPoint:(Lkr/moonseungjun/villageguardians/VillageSkillMeshLibrary$Basis;Lnet/minecraft/world/phys/Vec3;DDDDD)Lnet/minecraft/world/phys/Vec3;
        43: astore        13
        45: aload_2
        46: aload_3
        47: dload         4
        49: dload         6
        51: dload         8
        53: dconst_1
        54: dconst_0
        55: invokestatic  #706                // Method shieldPoint:(Lkr/moonseungjun/villageguardians/VillageSkillMeshLibrary$Basis;Lnet/minecraft/world/phys/Vec3;DDDDD)Lnet/minecraft/world/phys/Vec3;
        58: astore        14
        60: ldc2_w        #339                // double 0.055d
        63: dload         4
        65: dload         6
        67: invokestatic  #520                // Method java/lang/Math.min:(DD)D
        70: ldc2_w        #292                // double 0.025d
        73: dmul
        74: invokestatic  #19                 // Method java/lang/Math.max:(DD)D
        77: dstore        15
        79: aload_0
        80: aload_1
        81: aload         11
        83: aload         12
        85: dload         15
        87: iload         10
        89: invokestatic  #372                // Method prism:(Lcom/mojang/blaze3d/vertex/PoseStack$Pose;Lcom/mojang/blaze3d/vertex/VertexConsumer;Lnet/minecraft/world/phys/Vec3;Lnet/minecraft/world/phys/Vec3;DI)V
        92: aload_0
        93: aload_1
        94: aload         12
        96: aload         13
        98: dload         15
       100: iload         10
       102: invokestatic  #372                // Method prism:(Lcom/mojang/blaze3d/vertex/PoseStack$Pose;Lcom/mojang/blaze3d/vertex/VertexConsumer;Lnet/minecraft/world/phys/Vec3;Lnet/minecraft/world/phys/Vec3;DI)V
       105: aload_0
       106: aload_1
       107: aload         13
       109: aload         14
       111: dload         15
       113: iload         10
       115: invokestatic  #372                // Method prism:(Lcom/mojang/blaze3d/vertex/PoseStack$Pose;Lcom/mojang/blaze3d/vertex/VertexConsumer;Lnet/minecraft/world/phys/Vec3;Lnet/minecraft/world/phys/Vec3;DI)V
       118: aload_0
       119: aload_1
       120: aload         14
       122: aload         11
       124: dload         15
       126: iload         10
       128: invokestatic  #372                // Method prism:(Lcom/mojang/blaze3d/vertex/PoseStack$Pose;Lcom/mojang/blaze3d/vertex/VertexConsumer;Lnet/minecraft/world/phys/Vec3;Lnet/minecraft/world/phys/Vec3;DI)V
       131: return

  private static void slashArc(com.mojang.blaze3d.vertex.PoseStack$Pose, com.mojang.blaze3d.vertex.VertexConsumer, kr.moonseungjun.villageguardians.VillageSkillMeshLibrary$Basis, double, double, double, double, double, int);
    Code:
         0: bipush        20
         2: istore        14
         4: iconst_0
         5: istore        15
         7: iload         15
         9: iload         14
        11: if_icmpge     259
        14: iload         15
        16: i2d
        17: iload         14
        19: i2d
        20: ddiv
        21: dstore        16
        23: iload         15
        25: iconst_1
        26: iadd
        27: i2d
        28: iload         14
        30: i2d
        31: ddiv
        32: dstore        18
        34: dload_3
        35: dload         9
        37: ldc2_w        #497                // double 0.5d
        40: dmul
        41: dsub
        42: dload         9
        44: dload         16
        46: dmul
        47: dadd
        48: dstore        20
        50: dload_3
        51: dload         9
        53: ldc2_w        #497                // double 0.5d
        56: dmul
        57: dsub
        58: dload         9
        60: dload         18
        62: dmul
        63: dadd
        64: dstore        22
        66: ldc2_w        #450                // double 3.141592653589793d
        69: dload         16
        71: dmul
        72: invokestatic  #272                // Method java/lang/Math.sin:(D)D
        75: dstore        24
        77: ldc2_w        #450                // double 3.141592653589793d
        80: dload         18
        82: dmul
        83: invokestatic  #272                // Method java/lang/Math.sin:(D)D
        86: dstore        26
        88: dload         5
        90: dload         11
        92: dload         24
        94: dmul
        95: dadd
        96: dstore        28
        98: dload         5
       100: dload         11
       102: dload         24
       104: dmul
       105: dsub
       106: dstore        30
       108: dload         5
       110: dload         11
       112: dload         26
       114: dmul
       115: dadd
       116: dstore        32
       118: dload         5
       120: dload         11
       122: dload         26
       124: dmul
       125: dsub
       126: dstore        34
       128: aload_2
       129: dload         20
       131: invokestatic  #357                // Method java/lang/Math.cos:(D)D
       134: dload         30
       136: dmul
       137: dload         7
       139: dload         20
       141: invokestatic  #272                // Method java/lang/Math.sin:(D)D
       144: dload         30
       146: dmul
       147: invokevirtual #324                // Method kr/moonseungjun/villageguardians/VillageSkillMeshLibrary$Basis.local:(DDD)Lnet/minecraft/world/phys/Vec3;
       150: astore        36
       152: aload_2
       153: dload         20
       155: invokestatic  #357                // Method java/lang/Math.cos:(D)D
       158: dload         28
       160: dmul
       161: dload         7
       163: dload         11
       165: ldc2_w        #751                // double 0.6d
       168: dmul
       169: dadd
       170: dload         20
       172: invokestatic  #272                // Method java/lang/Math.sin:(D)D
       175: dload         28
       177: dmul
       178: invokevirtual #324                // Method kr/moonseungjun/villageguardians/VillageSkillMeshLibrary$Basis.local:(DDD)Lnet/minecraft/world/phys/Vec3;
       181: astore        37
       183: aload_2
       184: dload         22
       186: invokestatic  #357                // Method java/lang/Math.cos:(D)D
       189: dload         32
       191: dmul
       192: dload         7
       194: dload         11
       196: ldc2_w        #751                // double 0.6d
       199: dmul
       200: dadd
       201: dload         22
       203: invokestatic  #272                // Method java/lang/Math.sin:(D)D
       206: dload         32
       208: dmul
       209: invokevirtual #324                // Method kr/moonseungjun/villageguardians/VillageSkillMeshLibrary$Basis.local:(DDD)Lnet/minecraft/world/phys/Vec3;
       212: astore        38
       214: aload_2
       215: dload         22
       217: invokestatic  #357                // Method java/lang/Math.cos:(D)D
       220: dload         34
       222: dmul
       223: dload         7
       225: dload         22
       227: invokestatic  #272                // Method java/lang/Math.sin:(D)D
       230: dload         34
       232: dmul
       233: invokevirtual #324                // Method kr/moonseungjun/villageguardians/VillageSkillMeshLibrary$Basis.local:(DDD)Lnet/minecraft/world/phys/Vec3;
       236: astore        39
       238: aload_0
       239: aload_1
       240: aload         36
       242: aload         37
       244: aload         38
       246: aload         39
       248: iload         13
       250: invokestatic  #747                // Method quadTwoSided:(Lcom/mojang/blaze3d/vertex/PoseStack$Pose;Lcom/mojang/blaze3d/vertex/VertexConsumer;Lnet/minecraft/world/phys/Vec3;Lnet/minecraft/world/phys/Vec3;Lnet/minecraft/world/phys/Vec3;Lnet/minecraft/world/phys/Vec3;I)V
       253: iinc          15, 1
       256: goto          7
       259: return

  private static void crescent(com.mojang.blaze3d.vertex.PoseStack$Pose, com.mojang.blaze3d.vertex.VertexConsumer, kr.moonseungjun.villageguardians.VillageSkillMeshLibrary$Basis, double, double, double, double, int);
    Code:
         0: bipush        28
         2: istore        12
         4: dload         9
         6: dneg
         7: ldc2_w        #497                // double 0.5d
        10: dmul
        11: dstore        13
        13: iconst_0
        14: istore        15
        16: iload         15
        18: iload         12
        20: if_icmpge     258
        23: iload         15
        25: i2d
        26: iload         12
        28: i2d
        29: ddiv
        30: dstore        16
        32: iload         15
        34: iconst_1
        35: iadd
        36: i2d
        37: iload         12
        39: i2d
        40: ddiv
        41: dstore        18
        43: dload         13
        45: dload         9
        47: dload         16
        49: dmul
        50: dadd
        51: dstore        20
        53: dload         13
        55: dload         9
        57: dload         18
        59: dmul
        60: dadd
        61: dstore        22
        63: ldc2_w        #556                // double 0.04d
        66: ldc2_w        #450                // double 3.141592653589793d
        69: dload         16
        71: dmul
        72: invokestatic  #272                // Method java/lang/Math.sin:(D)D
        75: ldc2_w        #477                // double 0.32d
        78: dmul
        79: dadd
        80: dstore        24
        82: ldc2_w        #556                // double 0.04d
        85: ldc2_w        #450                // double 3.141592653589793d
        88: dload         18
        90: dmul
        91: invokestatic  #272                // Method java/lang/Math.sin:(D)D
        94: ldc2_w        #477                // double 0.32d
        97: dmul
        98: dadd
        99: dstore        26
       101: aload_2
       102: dload         20
       104: invokestatic  #272                // Method java/lang/Math.sin:(D)D
       107: dload_3
       108: dmul
       109: dload         5
       111: dload         20
       113: invokestatic  #357                // Method java/lang/Math.cos:(D)D
       116: dload_3
       117: dmul
       118: ldc2_w        #322                // double 0.52d
       121: dmul
       122: dadd
       123: dload         7
       125: invokevirtual #324                // Method kr/moonseungjun/villageguardians/VillageSkillMeshLibrary$Basis.local:(DDD)Lnet/minecraft/world/phys/Vec3;
       128: astore        28
       130: aload_2
       131: dload         20
       133: invokestatic  #272                // Method java/lang/Math.sin:(D)D
       136: dload_3
       137: dload         24
       139: dadd
       140: dmul
       141: dload         5
       143: dload         20
       145: invokestatic  #357                // Method java/lang/Math.cos:(D)D
       148: dload_3
       149: dload         24
       151: dadd
       152: dmul
       153: ldc2_w        #322                // double 0.52d
       156: dmul
       157: dadd
       158: dload         7
       160: ldc2_w        #556                // double 0.04d
       163: dadd
       164: invokevirtual #324                // Method kr/moonseungjun/villageguardians/VillageSkillMeshLibrary$Basis.local:(DDD)Lnet/minecraft/world/phys/Vec3;
       167: astore        29
       169: aload_2
       170: dload         22
       172: invokestatic  #272                // Method java/lang/Math.sin:(D)D
       175: dload_3
       176: dload         26
       178: dadd
       179: dmul
       180: dload         5
       182: dload         22
       184: invokestatic  #357                // Method java/lang/Math.cos:(D)D
       187: dload_3
       188: dload         26
       190: dadd
       191: dmul
       192: ldc2_w        #322                // double 0.52d
       195: dmul
       196: dadd
       197: dload         7
       199: ldc2_w        #556                // double 0.04d
       202: dadd
       203: invokevirtual #324                // Method kr/moonseungjun/villageguardians/VillageSkillMeshLibrary$Basis.local:(DDD)Lnet/minecraft/world/phys/Vec3;
       206: astore        30
       208: aload_2
       209: dload         22
       211: invokestatic  #272                // Method java/lang/Math.sin:(D)D
       214: dload_3
       215: dmul
       216: dload         5
       218: dload         22
       220: invokestatic  #357                // Method java/lang/Math.cos:(D)D
       223: dload_3
       224: dmul
       225: ldc2_w        #322                // double 0.52d
       228: dmul
       229: dadd
       230: dload         7
       232: invokevirtual #324                // Method kr/moonseungjun/villageguardians/VillageSkillMeshLibrary$Basis.local:(DDD)Lnet/minecraft/world/phys/Vec3;
       235: astore        31
       237: aload_0
       238: aload_1
       239: aload         28
       241: aload         29
       243: aload         30
       245: aload         31
       247: iload         11
       249: invokestatic  #747                // Method quadTwoSided:(Lcom/mojang/blaze3d/vertex/PoseStack$Pose;Lcom/mojang/blaze3d/vertex/VertexConsumer;Lnet/minecraft/world/phys/Vec3;Lnet/minecraft/world/phys/Vec3;Lnet/minecraft/world/phys/Vec3;Lnet/minecraft/world/phys/Vec3;I)V
       252: iinc          15, 1
       255: goto          16
       258: return

  private static void ring(com.mojang.blaze3d.vertex.PoseStack$Pose, com.mojang.blaze3d.vertex.VertexConsumer, kr.moonseungjun.villageguardians.VillageSkillMeshLibrary$Basis, double, double, double, int, int, double);
    Code:
         0: iconst_0
         1: istore        13
         3: iload         13
         5: iload         9
         7: if_icmpge     177
        10: dload         11
        12: iload         13
        14: i2d
        15: ldc2_w        #228                // double 6.283185307179586d
        18: dmul
        19: iload         9
        21: i2d
        22: ddiv
        23: dadd
        24: dstore        14
        26: dload         11
        28: iload         13
        30: iconst_1
        31: iadd
        32: i2d
        33: ldc2_w        #228                // double 6.283185307179586d
        36: dmul
        37: iload         9
        39: i2d
        40: ddiv
        41: dadd
        42: dstore        16
        44: aload_2
        45: dload         14
        47: invokestatic  #357                // Method java/lang/Math.cos:(D)D
        50: dload_3
        51: dload         7
        53: dsub
        54: dmul
        55: dload         5
        57: dload         14
        59: invokestatic  #272                // Method java/lang/Math.sin:(D)D
        62: dload_3
        63: dload         7
        65: dsub
        66: dmul
        67: invokevirtual #324                // Method kr/moonseungjun/villageguardians/VillageSkillMeshLibrary$Basis.local:(DDD)Lnet/minecraft/world/phys/Vec3;
        70: astore        18
        72: aload_2
        73: dload         14
        75: invokestatic  #357                // Method java/lang/Math.cos:(D)D
        78: dload_3
        79: dload         7
        81: dadd
        82: dmul
        83: dload         5
        85: dload         14
        87: invokestatic  #272                // Method java/lang/Math.sin:(D)D
        90: dload_3
        91: dload         7
        93: dadd
        94: dmul
        95: invokevirtual #324                // Method kr/moonseungjun/villageguardians/VillageSkillMeshLibrary$Basis.local:(DDD)Lnet/minecraft/world/phys/Vec3;
        98: astore        19
       100: aload_2
       101: dload         16
       103: invokestatic  #357                // Method java/lang/Math.cos:(D)D
       106: dload_3
       107: dload         7
       109: dadd
       110: dmul
       111: dload         5
       113: dload         16
       115: invokestatic  #272                // Method java/lang/Math.sin:(D)D
       118: dload_3
       119: dload         7
       121: dadd
       122: dmul
       123: invokevirtual #324                // Method kr/moonseungjun/villageguardians/VillageSkillMeshLibrary$Basis.local:(DDD)Lnet/minecraft/world/phys/Vec3;
       126: astore        20
       128: aload_2
       129: dload         16
       131: invokestatic  #357                // Method java/lang/Math.cos:(D)D
       134: dload_3
       135: dload         7
       137: dsub
       138: dmul
       139: dload         5
       141: dload         16
       143: invokestatic  #272                // Method java/lang/Math.sin:(D)D
       146: dload_3
       147: dload         7
       149: dsub
       150: dmul
       151: invokevirtual #324                // Method kr/moonseungjun/villageguardians/VillageSkillMeshLibrary$Basis.local:(DDD)Lnet/minecraft/world/phys/Vec3;
       154: astore        21
       156: aload_0
       157: aload_1
       158: aload         18
       160: aload         19
       162: aload         20
       164: aload         21
       166: iload         10
       168: invokestatic  #747                // Method quadTwoSided:(Lcom/mojang/blaze3d/vertex/PoseStack$Pose;Lcom/mojang/blaze3d/vertex/VertexConsumer;Lnet/minecraft/world/phys/Vec3;Lnet/minecraft/world/phys/Vec3;Lnet/minecraft/world/phys/Vec3;Lnet/minecraft/world/phys/Vec3;I)V
       171: iinc          13, 1
       174: goto          3
       177: return

  private static void ringVertical(com.mojang.blaze3d.vertex.PoseStack$Pose, com.mojang.blaze3d.vertex.VertexConsumer, kr.moonseungjun.villageguardians.VillageSkillMeshLibrary$Basis, double, double, double, int, int, double);
    Code:
         0: iconst_0
         1: istore        13
         3: iload         13
         5: iload         9
         7: if_icmpge     193
        10: dload         11
        12: iload         13
        14: i2d
        15: ldc2_w        #228                // double 6.283185307179586d
        18: dmul
        19: iload         9
        21: i2d
        22: ddiv
        23: dadd
        24: dstore        14
        26: dload         11
        28: iload         13
        30: iconst_1
        31: iadd
        32: i2d
        33: ldc2_w        #228                // double 6.283185307179586d
        36: dmul
        37: iload         9
        39: i2d
        40: ddiv
        41: dadd
        42: dstore        16
        44: aload_2
        45: dload         14
        47: invokestatic  #357                // Method java/lang/Math.cos:(D)D
        50: dload_3
        51: dload         7
        53: dsub
        54: dmul
        55: dload         5
        57: dload         14
        59: invokestatic  #272                // Method java/lang/Math.sin:(D)D
        62: dload_3
        63: dload         7
        65: dsub
        66: dmul
        67: dadd
        68: ldc2_w        #376                // double 0.7d
        71: invokevirtual #324                // Method kr/moonseungjun/villageguardians/VillageSkillMeshLibrary$Basis.local:(DDD)Lnet/minecraft/world/phys/Vec3;
        74: astore        18
        76: aload_2
        77: dload         14
        79: invokestatic  #357                // Method java/lang/Math.cos:(D)D
        82: dload_3
        83: dload         7
        85: dadd
        86: dmul
        87: dload         5
        89: dload         14
        91: invokestatic  #272                // Method java/lang/Math.sin:(D)D
        94: dload_3
        95: dload         7
        97: dadd
        98: dmul
        99: dadd
       100: ldc2_w        #376                // double 0.7d
       103: invokevirtual #324                // Method kr/moonseungjun/villageguardians/VillageSkillMeshLibrary$Basis.local:(DDD)Lnet/minecraft/world/phys/Vec3;
       106: astore        19
       108: aload_2
       109: dload         16
       111: invokestatic  #357                // Method java/lang/Math.cos:(D)D
       114: dload_3
       115: dload         7
       117: dadd
       118: dmul
       119: dload         5
       121: dload         16
       123: invokestatic  #272                // Method java/lang/Math.sin:(D)D
       126: dload_3
       127: dload         7
       129: dadd
       130: dmul
       131: dadd
       132: ldc2_w        #376                // double 0.7d
       135: invokevirtual #324                // Method kr/moonseungjun/villageguardians/VillageSkillMeshLibrary$Basis.local:(DDD)Lnet/minecraft/world/phys/Vec3;
       138: astore        20
       140: aload_2
       141: dload         16
       143: invokestatic  #357                // Method java/lang/Math.cos:(D)D
       146: dload_3
       147: dload         7
       149: dsub
       150: dmul
       151: dload         5
       153: dload         16
       155: invokestatic  #272                // Method java/lang/Math.sin:(D)D
       158: dload_3
       159: dload         7
       161: dsub
       162: dmul
       163: dadd
       164: ldc2_w        #376                // double 0.7d
       167: invokevirtual #324                // Method kr/moonseungjun/villageguardians/VillageSkillMeshLibrary$Basis.local:(DDD)Lnet/minecraft/world/phys/Vec3;
       170: astore        21
       172: aload_0
       173: aload_1
       174: aload         18
       176: aload         19
       178: aload         20
       180: aload         21
       182: iload         10
       184: invokestatic  #747                // Method quadTwoSided:(Lcom/mojang/blaze3d/vertex/PoseStack$Pose;Lcom/mojang/blaze3d/vertex/VertexConsumer;Lnet/minecraft/world/phys/Vec3;Lnet/minecraft/world/phys/Vec3;Lnet/minecraft/world/phys/Vec3;Lnet/minecraft/world/phys/Vec3;I)V
       187: iinc          13, 1
       190: goto          3
       193: return

  private static void runeDisc(com.mojang.blaze3d.vertex.PoseStack$Pose, com.mojang.blaze3d.vertex.VertexConsumer, kr.moonseungjun.villageguardians.VillageSkillMeshLibrary$Basis, double, double, double, int);
    Code:
         0: aload_0
         1: aload_1
         2: aload_2
         3: dload_3
         4: dload         5
         6: ldc2_w        #262                // double 0.035d
         9: dload_3
        10: ldc2_w        #244                // double 0.018d
        13: dmul
        14: invokestatic  #19                 // Method java/lang/Math.max:(DD)D
        17: bipush        72
        19: iload         9
        21: dload         7
        23: invokestatic  #264                // Method ring:(Lcom/mojang/blaze3d/vertex/PoseStack$Pose;Lcom/mojang/blaze3d/vertex/VertexConsumer;Lkr/moonseungjun/villageguardians/VillageSkillMeshLibrary$Basis;DDDIID)V
        26: aload_0
        27: aload_1
        28: aload_2
        29: dload_3
        30: ldc2_w        #360                // double 0.58d
        33: dmul
        34: dload         5
        36: ldc2_w        #571                // double 0.006d
        39: dadd
        40: ldc2_w        #479                // double 0.028d
        43: dload_3
        44: ldc2_w        #416                // double 0.014d
        47: dmul
        48: invokestatic  #19                 // Method java/lang/Math.max:(DD)D
        51: bipush        56
        53: iload         9
        55: dload         7
        57: dneg
        58: ldc2_w        #719                // double 1.7d
        61: dmul
        62: invokestatic  #264                // Method ring:(Lcom/mojang/blaze3d/vertex/PoseStack$Pose;Lcom/mojang/blaze3d/vertex/VertexConsumer;Lkr/moonseungjun/villageguardians/VillageSkillMeshLibrary$Basis;DDDIID)V
        65: iconst_0
        66: istore        10
        68: iload         10
        70: bipush        6
        72: if_icmpge     205
        75: dload         7
        77: iload         10
        79: i2d
        80: ldc2_w        #228                // double 6.283185307179586d
        83: dmul
        84: ldc2_w        #294                // double 6.0d
        87: ddiv
        88: dadd
        89: dstore        11
        91: dload         7
        93: iload         10
        95: iconst_2
        96: iadd
        97: i2d
        98: ldc2_w        #228                // double 6.283185307179586d
       101: dmul
       102: ldc2_w        #294                // double 6.0d
       105: ddiv
       106: dadd
       107: dstore        13
       109: aload_2
       110: dload         11
       112: invokestatic  #357                // Method java/lang/Math.cos:(D)D
       115: dload_3
       116: dmul
       117: ldc2_w        #539                // double 0.62d
       120: dmul
       121: dload         5
       123: ldc2_w        #353                // double 0.012d
       126: dadd
       127: dload         11
       129: invokestatic  #272                // Method java/lang/Math.sin:(D)D
       132: dload_3
       133: dmul
       134: ldc2_w        #539                // double 0.62d
       137: dmul
       138: invokevirtual #324                // Method kr/moonseungjun/villageguardians/VillageSkillMeshLibrary$Basis.local:(DDD)Lnet/minecraft/world/phys/Vec3;
       141: astore        15
       143: aload_2
       144: dload         13
       146: invokestatic  #357                // Method java/lang/Math.cos:(D)D
       149: dload_3
       150: dmul
       151: ldc2_w        #539                // double 0.62d
       154: dmul
       155: dload         5
       157: ldc2_w        #353                // double 0.012d
       160: dadd
       161: dload         13
       163: invokestatic  #272                // Method java/lang/Math.sin:(D)D
       166: dload_3
       167: dmul
       168: ldc2_w        #539                // double 0.62d
       171: dmul
       172: invokevirtual #324                // Method kr/moonseungjun/villageguardians/VillageSkillMeshLibrary$Basis.local:(DDD)Lnet/minecraft/world/phys/Vec3;
       175: astore        16
       177: aload_0
       178: aload_1
       179: aload         15
       181: aload         16
       183: ldc2_w        #244                // double 0.018d
       186: dload_3
       187: ldc2_w        #389                // double 0.01d
       190: dmul
       191: invokestatic  #19                 // Method java/lang/Math.max:(DD)D
       194: iload         9
       196: invokestatic  #372                // Method prism:(Lcom/mojang/blaze3d/vertex/PoseStack$Pose;Lcom/mojang/blaze3d/vertex/VertexConsumer;Lnet/minecraft/world/phys/Vec3;Lnet/minecraft/world/phys/Vec3;DI)V
       199: iinc          10, 1
       202: goto          68
       205: return

  private static void localRune(com.mojang.blaze3d.vertex.PoseStack$Pose, com.mojang.blaze3d.vertex.VertexConsumer, kr.moonseungjun.villageguardians.VillageSkillMeshLibrary$Basis, net.minecraft.world.phys.Vec3, double, int);
    Code:
         0: bipush        40
         2: istore        7
         4: iconst_0
         5: istore        8
         7: iload         8
         9: iload         7
        11: if_icmpge     195
        14: iload         8
        16: i2d
        17: ldc2_w        #228                // double 6.283185307179586d
        20: dmul
        21: iload         7
        23: i2d
        24: ddiv
        25: dstore        9
        27: iload         8
        29: iconst_1
        30: iadd
        31: i2d
        32: ldc2_w        #228                // double 6.283185307179586d
        35: dmul
        36: iload         7
        38: i2d
        39: ddiv
        40: dstore        11
        42: aload_3
        43: dload         9
        45: invokestatic  #357                // Method java/lang/Math.cos:(D)D
        48: dload         4
        50: ldc2_w        #262                // double 0.035d
        53: dsub
        54: dmul
        55: ldc2_w        #284                // double 0.02d
        58: dload         9
        60: invokestatic  #272                // Method java/lang/Math.sin:(D)D
        63: dload         4
        65: ldc2_w        #262                // double 0.035d
        68: dsub
        69: dmul
        70: invokevirtual #753                // Method net/minecraft/world/phys/Vec3.add:(DDD)Lnet/minecraft/world/phys/Vec3;
        73: astore        13
        75: aload_3
        76: dload         9
        78: invokestatic  #357                // Method java/lang/Math.cos:(D)D
        81: dload         4
        83: ldc2_w        #262                // double 0.035d
        86: dadd
        87: dmul
        88: ldc2_w        #284                // double 0.02d
        91: dload         9
        93: invokestatic  #272                // Method java/lang/Math.sin:(D)D
        96: dload         4
        98: ldc2_w        #262                // double 0.035d
       101: dadd
       102: dmul
       103: invokevirtual #753                // Method net/minecraft/world/phys/Vec3.add:(DDD)Lnet/minecraft/world/phys/Vec3;
       106: astore        14
       108: aload_3
       109: dload         11
       111: invokestatic  #357                // Method java/lang/Math.cos:(D)D
       114: dload         4
       116: ldc2_w        #262                // double 0.035d
       119: dadd
       120: dmul
       121: ldc2_w        #284                // double 0.02d
       124: dload         11
       126: invokestatic  #272                // Method java/lang/Math.sin:(D)D
       129: dload         4
       131: ldc2_w        #262                // double 0.035d
       134: dadd
       135: dmul
       136: invokevirtual #753                // Method net/minecraft/world/phys/Vec3.add:(DDD)Lnet/minecraft/world/phys/Vec3;
       139: astore        15
       141: aload_3
       142: dload         11
       144: invokestatic  #357                // Method java/lang/Math.cos:(D)D
       147: dload         4
       149: ldc2_w        #262                // double 0.035d
       152: dsub
       153: dmul
       154: ldc2_w        #284                // double 0.02d
       157: dload         11
       159: invokestatic  #272                // Method java/lang/Math.sin:(D)D
       162: dload         4
       164: ldc2_w        #262                // double 0.035d
       167: dsub
       168: dmul
       169: invokevirtual #753                // Method net/minecraft/world/phys/Vec3.add:(DDD)Lnet/minecraft/world/phys/Vec3;
       172: astore        16
       174: aload_0
       175: aload_1
       176: aload         13
       178: aload         14
       180: aload         15
       182: aload         16
       184: iload         6
       186: invokestatic  #747                // Method quadTwoSided:(Lcom/mojang/blaze3d/vertex/PoseStack$Pose;Lcom/mojang/blaze3d/vertex/VertexConsumer;Lnet/minecraft/world/phys/Vec3;Lnet/minecraft/world/phys/Vec3;Lnet/minecraft/world/phys/Vec3;Lnet/minecraft/world/phys/Vec3;I)V
       189: iinc          8, 1
       192: goto          7
       195: return

  private static void customArrow(com.mojang.blaze3d.vertex.PoseStack$Pose, com.mojang.blaze3d.vertex.VertexConsumer, kr.moonseungjun.villageguardians.VillageSkillMeshLibrary$Basis, net.minecraft.world.phys.Vec3, double, double, int);
    Code:
         0: aload_3
         1: aload_2
         2: getfield      #684                // Field kr/moonseungjun/villageguardians/VillageSkillMeshLibrary$Basis.forward:Lnet/minecraft/world/phys/Vec3;
         5: dload         4
         7: dneg
         8: ldc2_w        #468                // double 0.45d
        11: dmul
        12: invokevirtual #687                // Method net/minecraft/world/phys/Vec3.scale:(D)Lnet/minecraft/world/phys/Vec3;
        15: invokevirtual #583                // Method net/minecraft/world/phys/Vec3.add:(Lnet/minecraft/world/phys/Vec3;)Lnet/minecraft/world/phys/Vec3;
        18: astore        9
        20: aload_3
        21: aload_2
        22: getfield      #684                // Field kr/moonseungjun/villageguardians/VillageSkillMeshLibrary$Basis.forward:Lnet/minecraft/world/phys/Vec3;
        25: dload         4
        27: ldc2_w        #432                // double 0.28d
        30: dmul
        31: invokevirtual #687                // Method net/minecraft/world/phys/Vec3.scale:(D)Lnet/minecraft/world/phys/Vec3;
        34: invokevirtual #583                // Method net/minecraft/world/phys/Vec3.add:(Lnet/minecraft/world/phys/Vec3;)Lnet/minecraft/world/phys/Vec3;
        37: astore        10
        39: aload_3
        40: aload_2
        41: getfield      #684                // Field kr/moonseungjun/villageguardians/VillageSkillMeshLibrary$Basis.forward:Lnet/minecraft/world/phys/Vec3;
        44: dload         4
        46: ldc2_w        #539                // double 0.62d
        49: dmul
        50: invokevirtual #687                // Method net/minecraft/world/phys/Vec3.scale:(D)Lnet/minecraft/world/phys/Vec3;
        53: invokevirtual #583                // Method net/minecraft/world/phys/Vec3.add:(Lnet/minecraft/world/phys/Vec3;)Lnet/minecraft/world/phys/Vec3;
        56: astore        11
        58: aload_0
        59: aload_1
        60: aload         9
        62: aload         10
        64: dload         6
        66: iload         8
        68: invokestatic  #372                // Method prism:(Lcom/mojang/blaze3d/vertex/PoseStack$Pose;Lcom/mojang/blaze3d/vertex/VertexConsumer;Lnet/minecraft/world/phys/Vec3;Lnet/minecraft/world/phys/Vec3;DI)V
        71: aload_2
        72: getfield      #755                // Field kr/moonseungjun/villageguardians/VillageSkillMeshLibrary$Basis.right:Lnet/minecraft/world/phys/Vec3;
        75: dload         6
        77: ldc2_w        #758                // double 2.6d
        80: dmul
        81: invokevirtual #687                // Method net/minecraft/world/phys/Vec3.scale:(D)Lnet/minecraft/world/phys/Vec3;
        84: astore        12
        86: new           #471                // class net/minecraft/world/phys/Vec3
        89: dup
        90: dconst_0
        91: dload         6
        93: ldc2_w        #758                // double 2.6d
        96: dmul
        97: dconst_0
        98: invokespecial #615                // Method net/minecraft/world/phys/Vec3."<init>":(DDD)V
       101: astore        13
       103: aload_0
       104: aload_1
       105: aload         10
       107: aload         12
       109: invokevirtual #583                // Method net/minecraft/world/phys/Vec3.add:(Lnet/minecraft/world/phys/Vec3;)Lnet/minecraft/world/phys/Vec3;
       112: aload         10
       114: aload         13
       116: invokevirtual #583                // Method net/minecraft/world/phys/Vec3.add:(Lnet/minecraft/world/phys/Vec3;)Lnet/minecraft/world/phys/Vec3;
       119: aload         11
       121: iload         8
       123: invokestatic  #760                // Method triangleTwoSided:(Lcom/mojang/blaze3d/vertex/PoseStack$Pose;Lcom/mojang/blaze3d/vertex/VertexConsumer;Lnet/minecraft/world/phys/Vec3;Lnet/minecraft/world/phys/Vec3;Lnet/minecraft/world/phys/Vec3;I)V
       126: aload_0
       127: aload_1
       128: aload         10
       130: aload         13
       132: invokevirtual #583                // Method net/minecraft/world/phys/Vec3.add:(Lnet/minecraft/world/phys/Vec3;)Lnet/minecraft/world/phys/Vec3;
       135: aload         10
       137: aload         12
       139: invokevirtual #717                // Method net/minecraft/world/phys/Vec3.subtract:(Lnet/minecraft/world/phys/Vec3;)Lnet/minecraft/world/phys/Vec3;
       142: aload         11
       144: iload         8
       146: invokestatic  #760                // Method triangleTwoSided:(Lcom/mojang/blaze3d/vertex/PoseStack$Pose;Lcom/mojang/blaze3d/vertex/VertexConsumer;Lnet/minecraft/world/phys/Vec3;Lnet/minecraft/world/phys/Vec3;Lnet/minecraft/world/phys/Vec3;I)V
       149: aload_0
       150: aload_1
       151: aload         10
       153: aload         12
       155: invokevirtual #717                // Method net/minecraft/world/phys/Vec3.subtract:(Lnet/minecraft/world/phys/Vec3;)Lnet/minecraft/world/phys/Vec3;
       158: aload         10
       160: aload         13
       162: invokevirtual #717                // Method net/minecraft/world/phys/Vec3.subtract:(Lnet/minecraft/world/phys/Vec3;)Lnet/minecraft/world/phys/Vec3;
       165: aload         11
       167: iload         8
       169: invokestatic  #760                // Method triangleTwoSided:(Lcom/mojang/blaze3d/vertex/PoseStack$Pose;Lcom/mojang/blaze3d/vertex/VertexConsumer;Lnet/minecraft/world/phys/Vec3;Lnet/minecraft/world/phys/Vec3;Lnet/minecraft/world/phys/Vec3;I)V
       172: aload_0
       173: aload_1
       174: aload         10
       176: aload         13
       178: invokevirtual #717                // Method net/minecraft/world/phys/Vec3.subtract:(Lnet/minecraft/world/phys/Vec3;)Lnet/minecraft/world/phys/Vec3;
       181: aload         10
       183: aload         12
       185: invokevirtual #583                // Method net/minecraft/world/phys/Vec3.add:(Lnet/minecraft/world/phys/Vec3;)Lnet/minecraft/world/phys/Vec3;
       188: aload         11
       190: iload         8
       192: invokestatic  #760                // Method triangleTwoSided:(Lcom/mojang/blaze3d/vertex/PoseStack$Pose;Lcom/mojang/blaze3d/vertex/VertexConsumer;Lnet/minecraft/world/phys/Vec3;Lnet/minecraft/world/phys/Vec3;Lnet/minecraft/world/phys/Vec3;I)V
       195: aload         9
       197: aload_2
       198: getfield      #684                // Field kr/moonseungjun/villageguardians/VillageSkillMeshLibrary$Basis.forward:Lnet/minecraft/world/phys/Vec3;
       201: dload         4
       203: ldc2_w        #270                // double 0.18d
       206: dmul
       207: invokevirtual #687                // Method net/minecraft/world/phys/Vec3.scale:(D)Lnet/minecraft/world/phys/Vec3;
       210: invokevirtual #583                // Method net/minecraft/world/phys/Vec3.add:(Lnet/minecraft/world/phys/Vec3;)Lnet/minecraft/world/phys/Vec3;
       213: astore        14
       215: aload_0
       216: aload_1
       217: aload         9
       219: aload         12
       221: ldc2_w        #276                // double 1.2d
       224: invokevirtual #687                // Method net/minecraft/world/phys/Vec3.scale:(D)Lnet/minecraft/world/phys/Vec3;
       227: invokevirtual #583                // Method net/minecraft/world/phys/Vec3.add:(Lnet/minecraft/world/phys/Vec3;)Lnet/minecraft/world/phys/Vec3;
       230: aload         14
       232: aload         9
       234: aload         12
       236: ldc2_w        #276                // double 1.2d
       239: invokevirtual #687                // Method net/minecraft/world/phys/Vec3.scale:(D)Lnet/minecraft/world/phys/Vec3;
       242: invokevirtual #717                // Method net/minecraft/world/phys/Vec3.subtract:(Lnet/minecraft/world/phys/Vec3;)Lnet/minecraft/world/phys/Vec3;
       245: iload         8
       247: invokestatic  #760                // Method triangleTwoSided:(Lcom/mojang/blaze3d/vertex/PoseStack$Pose;Lcom/mojang/blaze3d/vertex/VertexConsumer;Lnet/minecraft/world/phys/Vec3;Lnet/minecraft/world/phys/Vec3;Lnet/minecraft/world/phys/Vec3;I)V
       250: aload_0
       251: aload_1
       252: aload         9
       254: aload         13
       256: ldc2_w        #276                // double 1.2d
       259: invokevirtual #687                // Method net/minecraft/world/phys/Vec3.scale:(D)Lnet/minecraft/world/phys/Vec3;
       262: invokevirtual #583                // Method net/minecraft/world/phys/Vec3.add:(Lnet/minecraft/world/phys/Vec3;)Lnet/minecraft/world/phys/Vec3;
       265: aload         14
       267: aload         9
       269: aload         13
       271: ldc2_w        #276                // double 1.2d
       274: invokevirtual #687                // Method net/minecraft/world/phys/Vec3.scale:(D)Lnet/minecraft/world/phys/Vec3;
       277: invokevirtual #717                // Method net/minecraft/world/phys/Vec3.subtract:(Lnet/minecraft/world/phys/Vec3;)Lnet/minecraft/world/phys/Vec3;
       280: iload         8
       282: invokestatic  #760                // Method triangleTwoSided:(Lcom/mojang/blaze3d/vertex/PoseStack$Pose;Lcom/mojang/blaze3d/vertex/VertexConsumer;Lnet/minecraft/world/phys/Vec3;Lnet/minecraft/world/phys/Vec3;Lnet/minecraft/world/phys/Vec3;I)V
       285: return

  private static void customArrowBetween(com.mojang.blaze3d.vertex.PoseStack$Pose, com.mojang.blaze3d.vertex.VertexConsumer, net.minecraft.world.phys.Vec3, net.minecraft.world.phys.Vec3, double, int);
    Code:
         0: aload_3
         1: aload_2
         2: invokevirtual #717                // Method net/minecraft/world/phys/Vec3.subtract:(Lnet/minecraft/world/phys/Vec3;)Lnet/minecraft/world/phys/Vec3;
         5: astore        7
         7: aload         7
         9: invokestatic  #33                 // Method kr/moonseungjun/villageguardians/VillageSkillMeshLibrary$Basis.from:(Lnet/minecraft/world/phys/Vec3;)Lkr/moonseungjun/villageguardians/VillageSkillMeshLibrary$Basis;
        12: astore        8
        14: aload         7
        16: invokevirtual #764                // Method net/minecraft/world/phys/Vec3.length:()D
        19: dstore        9
        21: aload_2
        22: aload         7
        24: ldc2_w        #497                // double 0.5d
        27: invokevirtual #687                // Method net/minecraft/world/phys/Vec3.scale:(D)Lnet/minecraft/world/phys/Vec3;
        30: invokevirtual #583                // Method net/minecraft/world/phys/Vec3.add:(Lnet/minecraft/world/phys/Vec3;)Lnet/minecraft/world/phys/Vec3;
        33: astore        11
        35: aload_0
        36: aload_1
        37: aload         8
        39: aload         11
        41: dload         9
        43: dload         4
        45: iload         6
        47: invokestatic  #517                // Method customArrow:(Lcom/mojang/blaze3d/vertex/PoseStack$Pose;Lcom/mojang/blaze3d/vertex/VertexConsumer;Lkr/moonseungjun/villageguardians/VillageSkillMeshLibrary$Basis;Lnet/minecraft/world/phys/Vec3;DDI)V
        50: return

  private static void energyBlade(com.mojang.blaze3d.vertex.PoseStack$Pose, com.mojang.blaze3d.vertex.VertexConsumer, net.minecraft.world.phys.Vec3, net.minecraft.world.phys.Vec3, double, int);
    Code:
         0: aload_3
         1: aload_2
         2: invokevirtual #717                // Method net/minecraft/world/phys/Vec3.subtract:(Lnet/minecraft/world/phys/Vec3;)Lnet/minecraft/world/phys/Vec3;
         5: astore        7
         7: aload         7
         9: invokestatic  #33                 // Method kr/moonseungjun/villageguardians/VillageSkillMeshLibrary$Basis.from:(Lnet/minecraft/world/phys/Vec3;)Lkr/moonseungjun/villageguardians/VillageSkillMeshLibrary$Basis;
        12: astore        8
        14: aload_2
        15: aload         7
        17: ldc2_w        #236                // double 0.72d
        20: invokevirtual #687                // Method net/minecraft/world/phys/Vec3.scale:(D)Lnet/minecraft/world/phys/Vec3;
        23: invokevirtual #583                // Method net/minecraft/world/phys/Vec3.add:(Lnet/minecraft/world/phys/Vec3;)Lnet/minecraft/world/phys/Vec3;
        26: astore        9
        28: aload_0
        29: aload_1
        30: aload_2
        31: aload         9
        33: dload         4
        35: iload         6
        37: invokestatic  #372                // Method prism:(Lcom/mojang/blaze3d/vertex/PoseStack$Pose;Lcom/mojang/blaze3d/vertex/VertexConsumer;Lnet/minecraft/world/phys/Vec3;Lnet/minecraft/world/phys/Vec3;DI)V
        40: aload         8
        42: getfield      #755                // Field kr/moonseungjun/villageguardians/VillageSkillMeshLibrary$Basis.right:Lnet/minecraft/world/phys/Vec3;
        45: dload         4
        47: ldc2_w        #278                // double 2.2d
        50: dmul
        51: invokevirtual #687                // Method net/minecraft/world/phys/Vec3.scale:(D)Lnet/minecraft/world/phys/Vec3;
        54: astore        10
        56: aload_0
        57: aload_1
        58: aload         9
        60: aload         10
        62: invokevirtual #583                // Method net/minecraft/world/phys/Vec3.add:(Lnet/minecraft/world/phys/Vec3;)Lnet/minecraft/world/phys/Vec3;
        65: aload         9
        67: aload         10
        69: invokevirtual #717                // Method net/minecraft/world/phys/Vec3.subtract:(Lnet/minecraft/world/phys/Vec3;)Lnet/minecraft/world/phys/Vec3;
        72: aload_3
        73: iload         6
        75: invokestatic  #760                // Method triangleTwoSided:(Lcom/mojang/blaze3d/vertex/PoseStack$Pose;Lcom/mojang/blaze3d/vertex/VertexConsumer;Lnet/minecraft/world/phys/Vec3;Lnet/minecraft/world/phys/Vec3;Lnet/minecraft/world/phys/Vec3;I)V
        78: new           #471                // class net/minecraft/world/phys/Vec3
        81: dup
        82: dconst_0
        83: dload         4
        85: ldc2_w        #719                // double 1.7d
        88: dmul
        89: dconst_0
        90: invokespecial #615                // Method net/minecraft/world/phys/Vec3."<init>":(DDD)V
        93: astore        11
        95: aload_0
        96: aload_1
        97: aload         9
        99: aload         11
       101: invokevirtual #583                // Method net/minecraft/world/phys/Vec3.add:(Lnet/minecraft/world/phys/Vec3;)Lnet/minecraft/world/phys/Vec3;
       104: aload         9
       106: aload         11
       108: invokevirtual #717                // Method net/minecraft/world/phys/Vec3.subtract:(Lnet/minecraft/world/phys/Vec3;)Lnet/minecraft/world/phys/Vec3;
       111: aload_3
       112: iload         6
       114: invokestatic  #760                // Method triangleTwoSided:(Lcom/mojang/blaze3d/vertex/PoseStack$Pose;Lcom/mojang/blaze3d/vertex/VertexConsumer;Lnet/minecraft/world/phys/Vec3;Lnet/minecraft/world/phys/Vec3;Lnet/minecraft/world/phys/Vec3;I)V
       117: return

  private static void prism(com.mojang.blaze3d.vertex.PoseStack$Pose, com.mojang.blaze3d.vertex.VertexConsumer, net.minecraft.world.phys.Vec3, net.minecraft.world.phys.Vec3, double, int);
    Code:
         0: aload_3
         1: aload_2
         2: invokevirtual #717                // Method net/minecraft/world/phys/Vec3.subtract:(Lnet/minecraft/world/phys/Vec3;)Lnet/minecraft/world/phys/Vec3;
         5: astore        7
         7: aload         7
         9: invokestatic  #33                 // Method kr/moonseungjun/villageguardians/VillageSkillMeshLibrary$Basis.from:(Lnet/minecraft/world/phys/Vec3;)Lkr/moonseungjun/villageguardians/VillageSkillMeshLibrary$Basis;
        12: astore        8
        14: aload         8
        16: getfield      #755                // Field kr/moonseungjun/villageguardians/VillageSkillMeshLibrary$Basis.right:Lnet/minecraft/world/phys/Vec3;
        19: dload         4
        21: invokevirtual #687                // Method net/minecraft/world/phys/Vec3.scale:(D)Lnet/minecraft/world/phys/Vec3;
        24: astore        9
        26: aload         8
        28: getfield      #767                // Field kr/moonseungjun/villageguardians/VillageSkillMeshLibrary$Basis.up:Lnet/minecraft/world/phys/Vec3;
        31: dload         4
        33: invokevirtual #687                // Method net/minecraft/world/phys/Vec3.scale:(D)Lnet/minecraft/world/phys/Vec3;
        36: astore        10
        38: iconst_4
        39: anewarray     #471                // class net/minecraft/world/phys/Vec3
        42: dup
        43: iconst_0
        44: aload_2
        45: aload         9
        47: invokevirtual #583                // Method net/minecraft/world/phys/Vec3.add:(Lnet/minecraft/world/phys/Vec3;)Lnet/minecraft/world/phys/Vec3;
        50: aastore
        51: dup
        52: iconst_1
        53: aload_2
        54: aload         10
        56: invokevirtual #583                // Method net/minecraft/world/phys/Vec3.add:(Lnet/minecraft/world/phys/Vec3;)Lnet/minecraft/world/phys/Vec3;
        59: aastore
        60: dup
        61: iconst_2
        62: aload_2
        63: aload         9
        65: invokevirtual #717                // Method net/minecraft/world/phys/Vec3.subtract:(Lnet/minecraft/world/phys/Vec3;)Lnet/minecraft/world/phys/Vec3;
        68: aastore
        69: dup
        70: iconst_3
        71: aload_2
        72: aload         10
        74: invokevirtual #717                // Method net/minecraft/world/phys/Vec3.subtract:(Lnet/minecraft/world/phys/Vec3;)Lnet/minecraft/world/phys/Vec3;
        77: aastore
        78: astore        11
        80: iconst_4
        81: anewarray     #471                // class net/minecraft/world/phys/Vec3
        84: dup
        85: iconst_0
        86: aload_3
        87: aload         9
        89: invokevirtual #583                // Method net/minecraft/world/phys/Vec3.add:(Lnet/minecraft/world/phys/Vec3;)Lnet/minecraft/world/phys/Vec3;
        92: aastore
        93: dup
        94: iconst_1
        95: aload_3
        96: aload         10
        98: invokevirtual #583                // Method net/minecraft/world/phys/Vec3.add:(Lnet/minecraft/world/phys/Vec3;)Lnet/minecraft/world/phys/Vec3;
       101: aastore
       102: dup
       103: iconst_2
       104: aload_3
       105: aload         9
       107: invokevirtual #717                // Method net/minecraft/world/phys/Vec3.subtract:(Lnet/minecraft/world/phys/Vec3;)Lnet/minecraft/world/phys/Vec3;
       110: aastore
       111: dup
       112: iconst_3
       113: aload_3
       114: aload         10
       116: invokevirtual #717                // Method net/minecraft/world/phys/Vec3.subtract:(Lnet/minecraft/world/phys/Vec3;)Lnet/minecraft/world/phys/Vec3;
       119: aastore
       120: astore        12
       122: iconst_0
       123: istore        13
       125: iload         13
       127: iconst_4
       128: if_icmpge     172
       131: iload         13
       133: iconst_1
       134: iadd
       135: iconst_4
       136: irem
       137: istore        14
       139: aload_0
       140: aload_1
       141: aload         11
       143: iload         13
       145: aaload
       146: aload         11
       148: iload         14
       150: aaload
       151: aload         12
       153: iload         14
       155: aaload
       156: aload         12
       158: iload         13
       160: aaload
       161: iload         6
       163: invokestatic  #747                // Method quadTwoSided:(Lcom/mojang/blaze3d/vertex/PoseStack$Pose;Lcom/mojang/blaze3d/vertex/VertexConsumer;Lnet/minecraft/world/phys/Vec3;Lnet/minecraft/world/phys/Vec3;Lnet/minecraft/world/phys/Vec3;Lnet/minecraft/world/phys/Vec3;I)V
       166: iinc          13, 1
       169: goto          125
       172: aload_0
       173: aload_1
       174: aload         11
       176: iconst_0
       177: aaload
       178: aload         11
       180: iconst_1
       181: aaload
       182: aload         11
       184: iconst_2
       185: aaload
       186: aload         11
       188: iconst_3
       189: aaload
       190: iload         6
       192: invokestatic  #747                // Method quadTwoSided:(Lcom/mojang/blaze3d/vertex/PoseStack$Pose;Lcom/mojang/blaze3d/vertex/VertexConsumer;Lnet/minecraft/world/phys/Vec3;Lnet/minecraft/world/phys/Vec3;Lnet/minecraft/world/phys/Vec3;Lnet/minecraft/world/phys/Vec3;I)V
       195: aload_0
       196: aload_1
       197: aload         12
       199: iconst_3
       200: aaload
       201: aload         12
       203: iconst_2
       204: aaload
       205: aload         12
       207: iconst_1
       208: aaload
       209: aload         12
       211: iconst_0
       212: aaload
       213: iload         6
       215: invokestatic  #747                // Method quadTwoSided:(Lcom/mojang/blaze3d/vertex/PoseStack$Pose;Lcom/mojang/blaze3d/vertex/VertexConsumer;Lnet/minecraft/world/phys/Vec3;Lnet/minecraft/world/phys/Vec3;Lnet/minecraft/world/phys/Vec3;Lnet/minecraft/world/phys/Vec3;I)V
       218: return

  private static void sphere(com.mojang.blaze3d.vertex.PoseStack$Pose, com.mojang.blaze3d.vertex.VertexConsumer, net.minecraft.world.phys.Vec3, double, int, int, int);
    Code:
         0: iconst_0
         1: istore        8
         3: iload         8
         5: iload         5
         7: if_icmpge     283
        10: iload         8
        12: i2d
        13: iload         5
        15: i2d
        16: ddiv
        17: dstore        9
        19: iload         8
        21: iconst_1
        22: iadd
        23: i2d
        24: iload         5
        26: i2d
        27: ddiv
        28: dstore        11
        30: ldc2_w        #770                // double -1.5707963267948966d
        33: ldc2_w        #450                // double 3.141592653589793d
        36: dload         9
        38: dmul
        39: dadd
        40: dstore        13
        42: ldc2_w        #770                // double -1.5707963267948966d
        45: ldc2_w        #450                // double 3.141592653589793d
        48: dload         11
        50: dmul
        51: dadd
        52: dstore        15
        54: iconst_0
        55: istore        17
        57: iload         17
        59: iload         6
        61: if_icmpge     277
        64: iload         17
        66: i2d
        67: iload         6
        69: i2d
        70: ddiv
        71: dstore        18
        73: iload         17
        75: iconst_1
        76: iadd
        77: i2d
        78: iload         6
        80: i2d
        81: ddiv
        82: dstore        20
        84: ldc2_w        #228                // double 6.283185307179586d
        87: dload         18
        89: dmul
        90: dstore        22
        92: ldc2_w        #228                // double 6.283185307179586d
        95: dload         20
        97: dmul
        98: dstore        24
       100: aload_2
       101: dload         13
       103: invokestatic  #357                // Method java/lang/Math.cos:(D)D
       106: dload         22
       108: invokestatic  #357                // Method java/lang/Math.cos:(D)D
       111: dmul
       112: dload_3
       113: dmul
       114: dload         13
       116: invokestatic  #272                // Method java/lang/Math.sin:(D)D
       119: dload_3
       120: dmul
       121: dload         13
       123: invokestatic  #357                // Method java/lang/Math.cos:(D)D
       126: dload         22
       128: invokestatic  #272                // Method java/lang/Math.sin:(D)D
       131: dmul
       132: dload_3
       133: dmul
       134: invokevirtual #753                // Method net/minecraft/world/phys/Vec3.add:(DDD)Lnet/minecraft/world/phys/Vec3;
       137: astore        26
       139: aload_2
       140: dload         13
       142: invokestatic  #357                // Method java/lang/Math.cos:(D)D
       145: dload         24
       147: invokestatic  #357                // Method java/lang/Math.cos:(D)D
       150: dmul
       151: dload_3
       152: dmul
       153: dload         13
       155: invokestatic  #272                // Method java/lang/Math.sin:(D)D
       158: dload_3
       159: dmul
       160: dload         13
       162: invokestatic  #357                // Method java/lang/Math.cos:(D)D
       165: dload         24
       167: invokestatic  #272                // Method java/lang/Math.sin:(D)D
       170: dmul
       171: dload_3
       172: dmul
       173: invokevirtual #753                // Method net/minecraft/world/phys/Vec3.add:(DDD)Lnet/minecraft/world/phys/Vec3;
       176: astore        27
       178: aload_2
       179: dload         15
       181: invokestatic  #357                // Method java/lang/Math.cos:(D)D
       184: dload         24
       186: invokestatic  #357                // Method java/lang/Math.cos:(D)D
       189: dmul
       190: dload_3
       191: dmul
       192: dload         15
       194: invokestatic  #272                // Method java/lang/Math.sin:(D)D
       197: dload_3
       198: dmul
       199: dload         15
       201: invokestatic  #357                // Method java/lang/Math.cos:(D)D
       204: dload         24
       206: invokestatic  #272                // Method java/lang/Math.sin:(D)D
       209: dmul
       210: dload_3
       211: dmul
       212: invokevirtual #753                // Method net/minecraft/world/phys/Vec3.add:(DDD)Lnet/minecraft/world/phys/Vec3;
       215: astore        28
       217: aload_2
       218: dload         15
       220: invokestatic  #357                // Method java/lang/Math.cos:(D)D
       223: dload         22
       225: invokestatic  #357                // Method java/lang/Math.cos:(D)D
       228: dmul
       229: dload_3
       230: dmul
       231: dload         15
       233: invokestatic  #272                // Method java/lang/Math.sin:(D)D
       236: dload_3
       237: dmul
       238: dload         15
       240: invokestatic  #357                // Method java/lang/Math.cos:(D)D
       243: dload         22
       245: invokestatic  #272                // Method java/lang/Math.sin:(D)D
       248: dmul
       249: dload_3
       250: dmul
       251: invokevirtual #753                // Method net/minecraft/world/phys/Vec3.add:(DDD)Lnet/minecraft/world/phys/Vec3;
       254: astore        29
       256: aload_0
       257: aload_1
       258: aload         26
       260: aload         27
       262: aload         28
       264: aload         29
       266: iload         7
       268: invokestatic  #747                // Method quadTwoSided:(Lcom/mojang/blaze3d/vertex/PoseStack$Pose;Lcom/mojang/blaze3d/vertex/VertexConsumer;Lnet/minecraft/world/phys/Vec3;Lnet/minecraft/world/phys/Vec3;Lnet/minecraft/world/phys/Vec3;Lnet/minecraft/world/phys/Vec3;I)V
       271: iinc          17, 1
       274: goto          57
       277: iinc          8, 1
       280: goto          3
       283: return

  private static void curvedShield(com.mojang.blaze3d.vertex.PoseStack$Pose, com.mojang.blaze3d.vertex.VertexConsumer, kr.moonseungjun.villageguardians.VillageSkillMeshLibrary$Basis, net.minecraft.world.phys.Vec3, double, double, double, int);
    Code:
         0: bipush        12
         2: istore        11
         4: bipush        6
         6: istore        12
         8: iconst_0
         9: istore        13
        11: iload         13
        13: iload         12
        15: if_icmpge     230
        18: iload         13
        20: i2d
        21: iload         12
        23: i2d
        24: ddiv
        25: dstore        14
        27: iload         13
        29: iconst_1
        30: iadd
        31: i2d
        32: iload         12
        34: i2d
        35: ddiv
        36: dstore        16
        38: iconst_0
        39: istore        18
        41: iload         18
        43: iload         11
        45: if_icmpge     224
        48: iload         18
        50: i2d
        51: iload         11
        53: i2d
        54: ddiv
        55: dstore        19
        57: iload         18
        59: iconst_1
        60: iadd
        61: i2d
        62: iload         11
        64: i2d
        65: ddiv
        66: dstore        21
        68: aload_2
        69: aload_3
        70: dload         4
        72: dload         6
        74: dload         8
        76: dload         19
        78: dload         14
        80: invokestatic  #706                // Method shieldPoint:(Lkr/moonseungjun/villageguardians/VillageSkillMeshLibrary$Basis;Lnet/minecraft/world/phys/Vec3;DDDDD)Lnet/minecraft/world/phys/Vec3;
        83: astore        23
        85: aload_2
        86: aload_3
        87: dload         4
        89: dload         6
        91: dload         8
        93: dload         21
        95: dload         14
        97: invokestatic  #706                // Method shieldPoint:(Lkr/moonseungjun/villageguardians/VillageSkillMeshLibrary$Basis;Lnet/minecraft/world/phys/Vec3;DDDDD)Lnet/minecraft/world/phys/Vec3;
       100: astore        24
       102: aload_2
       103: aload_3
       104: dload         4
       106: dload         6
       108: dload         8
       110: dload         21
       112: dload         16
       114: invokestatic  #706                // Method shieldPoint:(Lkr/moonseungjun/villageguardians/VillageSkillMeshLibrary$Basis;Lnet/minecraft/world/phys/Vec3;DDDDD)Lnet/minecraft/world/phys/Vec3;
       117: astore        25
       119: aload_2
       120: aload_3
       121: dload         4
       123: dload         6
       125: dload         8
       127: dload         19
       129: dload         16
       131: invokestatic  #706                // Method shieldPoint:(Lkr/moonseungjun/villageguardians/VillageSkillMeshLibrary$Basis;Lnet/minecraft/world/phys/Vec3;DDDDD)Lnet/minecraft/world/phys/Vec3;
       134: astore        26
       136: iload         10
       138: bipush        24
       140: iushr
       141: istore        27
       143: iload         18
       145: ifeq          171
       148: iload         18
       150: iload         11
       152: iconst_1
       153: isub
       154: if_icmpeq     171
       157: iload         13
       159: ifeq          171
       162: iload         13
       164: iload         12
       166: iconst_1
       167: isub
       168: if_icmpne     185
       171: sipush        255
       174: iload         27
       176: bipush        45
       178: iadd
       179: invokestatic  #568                // Method java/lang/Math.min:(II)I
       182: goto          187
       185: iload         27
       187: istore        28
       189: iload         10
       191: ldc_w         #772                // int 16777215
       194: iand
       195: iload         28
       197: bipush        24
       199: ishl
       200: ior
       201: istore        29
       203: aload_0
       204: aload_1
       205: aload         23
       207: aload         24
       209: aload         25
       211: aload         26
       213: iload         29
       215: invokestatic  #747                // Method quadTwoSided:(Lcom/mojang/blaze3d/vertex/PoseStack$Pose;Lcom/mojang/blaze3d/vertex/VertexConsumer;Lnet/minecraft/world/phys/Vec3;Lnet/minecraft/world/phys/Vec3;Lnet/minecraft/world/phys/Vec3;Lnet/minecraft/world/phys/Vec3;I)V
       218: iinc          18, 1
       221: goto          41
       224: iinc          13, 1
       227: goto          11
       230: return

  private static net.minecraft.world.phys.Vec3 shieldPoint(kr.moonseungjun.villageguardians.VillageSkillMeshLibrary$Basis, net.minecraft.world.phys.Vec3, double, double, double, double, double);
    Code:
         0: dload         8
         2: ldc2_w        #497                // double 0.5d
         5: dsub
         6: dload_2
         7: dmul
         8: dstore        12
        10: dload         10
        12: ldc2_w        #497                // double 0.5d
        15: dsub
        16: dload         4
        18: dmul
        19: dstore        14
        21: dload         12
        23: invokestatic  #773                // Method java/lang/Math.abs:(D)D
        26: ldc2_w        #776                // double 0.001d
        29: dload_2
        30: ldc2_w        #497                // double 0.5d
        33: dmul
        34: invokestatic  #19                 // Method java/lang/Math.max:(DD)D
        37: ddiv
        38: ldc2_w        #719                // double 1.7d
        41: invokestatic  #778                // Method java/lang/Math.pow:(DD)D
        44: dstore        16
        46: dload         6
        48: invokestatic  #773                // Method java/lang/Math.abs:(D)D
        51: dneg
        52: dload         16
        54: dmul
        55: ldc2_w        #345                // double 0.05d
        58: dload         10
        60: ldc2_w        #497                // double 0.5d
        63: dsub
        64: ldc2_w        #450                // double 3.141592653589793d
        67: dmul
        68: invokestatic  #357                // Method java/lang/Math.cos:(D)D
        71: dmul
        72: dadd
        73: dstore        18
        75: aload_1
        76: aload_0
        77: dload         12
        79: dload         14
        81: dload         18
        83: invokevirtual #324                // Method kr/moonseungjun/villageguardians/VillageSkillMeshLibrary$Basis.local:(DDD)Lnet/minecraft/world/phys/Vec3;
        86: invokevirtual #583                // Method net/minecraft/world/phys/Vec3.add:(Lnet/minecraft/world/phys/Vec3;)Lnet/minecraft/world/phys/Vec3;
        89: areturn

  private static void hexGrid(com.mojang.blaze3d.vertex.PoseStack$Pose, com.mojang.blaze3d.vertex.VertexConsumer, kr.moonseungjun.villageguardians.VillageSkillMeshLibrary$Basis, double, double, double, double, int);
    Code:
         0: ldc2_w        #300                // double 0.42d
         3: dstore        12
         5: iconst_2
         6: dload         5
         8: dload         12
        10: ldc2_w        #288                // double 1.45d
        13: dmul
        14: ddiv
        15: d2i
        16: invokestatic  #740                // Method java/lang/Math.max:(II)I
        19: istore        14
        21: iconst_3
        22: dload_3
        23: dload         12
        25: ldc2_w        #719                // double 1.7d
        28: dmul
        29: ddiv
        30: d2i
        31: invokestatic  #740                // Method java/lang/Math.max:(II)I
        34: istore        15
        36: iconst_0
        37: istore        16
        39: iload         16
        41: iload         14
        43: if_icmpge     153
        46: iconst_0
        47: istore        17
        49: iload         17
        51: iload         15
        53: if_icmpge     147
        56: iload         17
        58: i2d
        59: iload         15
        61: iconst_1
        62: isub
        63: i2d
        64: ldc2_w        #497                // double 0.5d
        67: dmul
        68: dsub
        69: dload         12
        71: dmul
        72: ldc2_w        #781                // double 1.72d
        75: dmul
        76: iload         16
        78: iconst_2
        79: irem
        80: i2d
        81: dload         12
        83: dmul
        84: ldc2_w        #783                // double 0.86d
        87: dmul
        88: dadd
        89: dstore        18
        91: ldc2_w        #298                // double 0.35d
        94: iload         16
        96: i2d
        97: dload         12
        99: dmul
       100: ldc2_w        #785                // double 1.48d
       103: dmul
       104: dadd
       105: dstore        20
       107: aload_0
       108: aload_1
       109: aload_2
       110: aload_2
       111: dload         18
       113: dload         20
       115: dload         7
       117: invokevirtual #324                // Method kr/moonseungjun/villageguardians/VillageSkillMeshLibrary$Basis.local:(DDD)Lnet/minecraft/world/phys/Vec3;
       120: dload         12
       122: iload         11
       124: dload         9
       126: ldc2_w        #389                // double 0.01d
       129: dmul
       130: iload         16
       132: i2d
       133: ldc2_w        #382                // double 0.07d
       136: dmul
       137: dadd
       138: invokestatic  #787                // Method hexagonOutline:(Lcom/mojang/blaze3d/vertex/PoseStack$Pose;Lcom/mojang/blaze3d/vertex/VertexConsumer;Lkr/moonseungjun/villageguardians/VillageSkillMeshLibrary$Basis;Lnet/minecraft/world/phys/Vec3;DID)V
       141: iinc          17, 1
       144: goto          49
       147: iinc          16, 1
       150: goto          39
       153: return

  private static void hexagonOutline(com.mojang.blaze3d.vertex.PoseStack$Pose, com.mojang.blaze3d.vertex.VertexConsumer, kr.moonseungjun.villageguardians.VillageSkillMeshLibrary$Basis, net.minecraft.world.phys.Vec3, double, int, double);
    Code:
         0: iconst_0
         1: istore        9
         3: iload         9
         5: bipush        6
         7: if_icmpge     135
        10: dload         7
        12: iload         9
        14: i2d
        15: ldc2_w        #228                // double 6.283185307179586d
        18: dmul
        19: ldc2_w        #294                // double 6.0d
        22: ddiv
        23: dadd
        24: dstore        10
        26: dload         7
        28: iload         9
        30: iconst_1
        31: iadd
        32: i2d
        33: ldc2_w        #228                // double 6.283185307179586d
        36: dmul
        37: ldc2_w        #294                // double 6.0d
        40: ddiv
        41: dadd
        42: dstore        12
        44: aload_3
        45: aload_2
        46: getfield      #755                // Field kr/moonseungjun/villageguardians/VillageSkillMeshLibrary$Basis.right:Lnet/minecraft/world/phys/Vec3;
        49: dload         10
        51: invokestatic  #357                // Method java/lang/Math.cos:(D)D
        54: dload         4
        56: dmul
        57: invokevirtual #687                // Method net/minecraft/world/phys/Vec3.scale:(D)Lnet/minecraft/world/phys/Vec3;
        60: invokevirtual #583                // Method net/minecraft/world/phys/Vec3.add:(Lnet/minecraft/world/phys/Vec3;)Lnet/minecraft/world/phys/Vec3;
        63: dconst_0
        64: dload         10
        66: invokestatic  #272                // Method java/lang/Math.sin:(D)D
        69: dload         4
        71: dmul
        72: dconst_0
        73: invokevirtual #753                // Method net/minecraft/world/phys/Vec3.add:(DDD)Lnet/minecraft/world/phys/Vec3;
        76: astore        14
        78: aload_3
        79: aload_2
        80: getfield      #755                // Field kr/moonseungjun/villageguardians/VillageSkillMeshLibrary$Basis.right:Lnet/minecraft/world/phys/Vec3;
        83: dload         12
        85: invokestatic  #357                // Method java/lang/Math.cos:(D)D
        88: dload         4
        90: dmul
        91: invokevirtual #687                // Method net/minecraft/world/phys/Vec3.scale:(D)Lnet/minecraft/world/phys/Vec3;
        94: invokevirtual #583                // Method net/minecraft/world/phys/Vec3.add:(Lnet/minecraft/world/phys/Vec3;)Lnet/minecraft/world/phys/Vec3;
        97: dconst_0
        98: dload         12
       100: invokestatic  #272                // Method java/lang/Math.sin:(D)D
       103: dload         4
       105: dmul
       106: dconst_0
       107: invokevirtual #753                // Method net/minecraft/world/phys/Vec3.add:(DDD)Lnet/minecraft/world/phys/Vec3;
       110: astore        15
       112: aload_0
       113: aload_1
       114: aload         14
       116: aload         15
       118: dload         4
       120: ldc2_w        #339                // double 0.055d
       123: dmul
       124: iload         6
       126: invokestatic  #372                // Method prism:(Lcom/mojang/blaze3d/vertex/PoseStack$Pose;Lcom/mojang/blaze3d/vertex/VertexConsumer;Lnet/minecraft/world/phys/Vec3;Lnet/minecraft/world/phys/Vec3;DI)V
       129: iinc          9, 1
       132: goto          3
       135: return

  private static void tornadoRibbon(com.mojang.blaze3d.vertex.PoseStack$Pose, com.mojang.blaze3d.vertex.VertexConsumer, kr.moonseungjun.villageguardians.VillageSkillMeshLibrary$Basis, double, double, int, int);
    Code:
         0: iconst_0
         1: istore        9
         3: iload         9
         5: iload         7
         7: if_icmpge     259
        10: iload         9
        12: i2d
        13: iload         7
        15: i2d
        16: ddiv
        17: dstore        10
        19: iload         9
        21: iconst_1
        22: iadd
        23: i2d
        24: iload         7
        26: i2d
        27: ddiv
        28: dstore        12
        30: ldc2_w        #298                // double 0.35d
        33: dload         10
        35: ldc2_w        #791                // double 2.15d
        38: dmul
        39: dadd
        40: dstore        14
        42: ldc2_w        #298                // double 0.35d
        45: dload         12
        47: ldc2_w        #791                // double 2.15d
        50: dmul
        51: dadd
        52: dstore        16
        54: dload_3
        55: dload         10
        57: ldc2_w        #228                // double 6.283185307179586d
        60: dmul
        61: ldc2_w        #793                // double 2.65d
        64: dmul
        65: dadd
        66: dstore        18
        68: dload_3
        69: dload         12
        71: ldc2_w        #228                // double 6.283185307179586d
        74: dmul
        75: ldc2_w        #793                // double 2.65d
        78: dmul
        79: dadd
        80: dstore        20
        82: ldc2_w        #316                // double 0.1d
        85: dload         10
        87: ldc2_w        #221                // double 0.16d
        90: dmul
        91: dadd
        92: dstore        22
        94: ldc2_w        #316                // double 0.1d
        97: dload         12
        99: ldc2_w        #221                // double 0.16d
       102: dmul
       103: dadd
       104: dstore        24
       106: aload_2
       107: dload         18
       109: invokestatic  #357                // Method java/lang/Math.cos:(D)D
       112: dload         14
       114: dload         22
       116: dsub
       117: dmul
       118: dload         10
       120: dload         5
       122: dmul
       123: dload         18
       125: invokestatic  #272                // Method java/lang/Math.sin:(D)D
       128: dload         14
       130: dload         22
       132: dsub
       133: dmul
       134: invokevirtual #324                // Method kr/moonseungjun/villageguardians/VillageSkillMeshLibrary$Basis.local:(DDD)Lnet/minecraft/world/phys/Vec3;
       137: astore        26
       139: aload_2
       140: dload         18
       142: invokestatic  #357                // Method java/lang/Math.cos:(D)D
       145: dload         14
       147: dload         22
       149: dadd
       150: dmul
       151: dload         10
       153: dload         5
       155: dmul
       156: dload         18
       158: invokestatic  #272                // Method java/lang/Math.sin:(D)D
       161: dload         14
       163: dload         22
       165: dadd
       166: dmul
       167: invokevirtual #324                // Method kr/moonseungjun/villageguardians/VillageSkillMeshLibrary$Basis.local:(DDD)Lnet/minecraft/world/phys/Vec3;
       170: astore        27
       172: aload_2
       173: dload         20
       175: invokestatic  #357                // Method java/lang/Math.cos:(D)D
       178: dload         16
       180: dload         24
       182: dadd
       183: dmul
       184: dload         12
       186: dload         5
       188: dmul
       189: dload         20
       191: invokestatic  #272                // Method java/lang/Math.sin:(D)D
       194: dload         16
       196: dload         24
       198: dadd
       199: dmul
       200: invokevirtual #324                // Method kr/moonseungjun/villageguardians/VillageSkillMeshLibrary$Basis.local:(DDD)Lnet/minecraft/world/phys/Vec3;
       203: astore        28
       205: aload_2
       206: dload         20
       208: invokestatic  #357                // Method java/lang/Math.cos:(D)D
       211: dload         16
       213: dload         24
       215: dsub
       216: dmul
       217: dload         12
       219: dload         5
       221: dmul
       222: dload         20
       224: invokestatic  #272                // Method java/lang/Math.sin:(D)D
       227: dload         16
       229: dload         24
       231: dsub
       232: dmul
       233: invokevirtual #324                // Method kr/moonseungjun/villageguardians/VillageSkillMeshLibrary$Basis.local:(DDD)Lnet/minecraft/world/phys/Vec3;
       236: astore        29
       238: aload_0
       239: aload_1
       240: aload         26
       242: aload         27
       244: aload         28
       246: aload         29
       248: iload         8
       250: invokestatic  #747                // Method quadTwoSided:(Lcom/mojang/blaze3d/vertex/PoseStack$Pose;Lcom/mojang/blaze3d/vertex/VertexConsumer;Lnet/minecraft/world/phys/Vec3;Lnet/minecraft/world/phys/Vec3;Lnet/minecraft/world/phys/Vec3;Lnet/minecraft/world/phys/Vec3;I)V
       253: iinc          9, 1
       256: goto          3
       259: return

  private static void helixRibbon(com.mojang.blaze3d.vertex.PoseStack$Pose, com.mojang.blaze3d.vertex.VertexConsumer, kr.moonseungjun.villageguardians.VillageSkillMeshLibrary$Basis, double, double, double, int, int);
    Code:
         0: iconst_0
         1: istore        11
         3: iload         11
         5: iload         9
         7: if_icmpge     229
        10: iload         11
        12: i2d
        13: iload         9
        15: i2d
        16: ddiv
        17: dstore        12
        19: iload         11
        21: iconst_1
        22: iadd
        23: i2d
        24: iload         9
        26: i2d
        27: ddiv
        28: dstore        14
        30: dload_3
        31: dload         12
        33: ldc2_w        #228                // double 6.283185307179586d
        36: dmul
        37: ldc2_w        #659                // double 1.4d
        40: dmul
        41: dadd
        42: dstore        16
        44: dload_3
        45: dload         14
        47: ldc2_w        #228                // double 6.283185307179586d
        50: dmul
        51: ldc2_w        #659                // double 1.4d
        54: dmul
        55: dadd
        56: dstore        18
        58: dload         12
        60: ldc2_w        #497                // double 0.5d
        63: dsub
        64: dload         7
        66: dmul
        67: dstore        20
        69: dload         14
        71: ldc2_w        #497                // double 0.5d
        74: dsub
        75: dload         7
        77: dmul
        78: dstore        22
        80: aload_2
        81: dload         16
        83: invokestatic  #357                // Method java/lang/Math.cos:(D)D
        86: dload         5
        88: ldc2_w        #345                // double 0.05d
        91: dsub
        92: dmul
        93: dload         20
        95: dload         16
        97: invokestatic  #272                // Method java/lang/Math.sin:(D)D
       100: dload         5
       102: ldc2_w        #345                // double 0.05d
       105: dsub
       106: dmul
       107: invokevirtual #324                // Method kr/moonseungjun/villageguardians/VillageSkillMeshLibrary$Basis.local:(DDD)Lnet/minecraft/world/phys/Vec3;
       110: astore        24
       112: aload_2
       113: dload         16
       115: invokestatic  #357                // Method java/lang/Math.cos:(D)D
       118: dload         5
       120: ldc2_w        #345                // double 0.05d
       123: dadd
       124: dmul
       125: dload         20
       127: dload         16
       129: invokestatic  #272                // Method java/lang/Math.sin:(D)D
       132: dload         5
       134: ldc2_w        #345                // double 0.05d
       137: dadd
       138: dmul
       139: invokevirtual #324                // Method kr/moonseungjun/villageguardians/VillageSkillMeshLibrary$Basis.local:(DDD)Lnet/minecraft/world/phys/Vec3;
       142: astore        25
       144: aload_2
       145: dload         18
       147: invokestatic  #357                // Method java/lang/Math.cos:(D)D
       150: dload         5
       152: ldc2_w        #345                // double 0.05d
       155: dadd
       156: dmul
       157: dload         22
       159: dload         18
       161: invokestatic  #272                // Method java/lang/Math.sin:(D)D
       164: dload         5
       166: ldc2_w        #345                // double 0.05d
       169: dadd
       170: dmul
       171: invokevirtual #324                // Method kr/moonseungjun/villageguardians/VillageSkillMeshLibrary$Basis.local:(DDD)Lnet/minecraft/world/phys/Vec3;
       174: astore        26
       176: aload_2
       177: dload         18
       179: invokestatic  #357                // Method java/lang/Math.cos:(D)D
       182: dload         5
       184: ldc2_w        #345                // double 0.05d
       187: dsub
       188: dmul
       189: dload         22
       191: dload         18
       193: invokestatic  #272                // Method java/lang/Math.sin:(D)D
       196: dload         5
       198: ldc2_w        #345                // double 0.05d
       201: dsub
       202: dmul
       203: invokevirtual #324                // Method kr/moonseungjun/villageguardians/VillageSkillMeshLibrary$Basis.local:(DDD)Lnet/minecraft/world/phys/Vec3;
       206: astore        27
       208: aload_0
       209: aload_1
       210: aload         24
       212: aload         25
       214: aload         26
       216: aload         27
       218: iload         10
       220: invokestatic  #747                // Method quadTwoSided:(Lcom/mojang/blaze3d/vertex/PoseStack$Pose;Lcom/mojang/blaze3d/vertex/VertexConsumer;Lnet/minecraft/world/phys/Vec3;Lnet/minecraft/world/phys/Vec3;Lnet/minecraft/world/phys/Vec3;Lnet/minecraft/world/phys/Vec3;I)V
       223: iinc          11, 1
       226: goto          3
       229: return

  private static void jaggedBolt(com.mojang.blaze3d.vertex.PoseStack$Pose, com.mojang.blaze3d.vertex.VertexConsumer, net.minecraft.world.phys.Vec3, net.minecraft.world.phys.Vec3, int, double, int, long);
    Code:
         0: new           #39                 // class java/util/Random
         3: dup
         4: lload         8
         6: invokespecial #44                 // Method java/util/Random."<init>":(J)V
         9: astore        10
        11: aload_3
        12: aload_2
        13: invokevirtual #717                // Method net/minecraft/world/phys/Vec3.subtract:(Lnet/minecraft/world/phys/Vec3;)Lnet/minecraft/world/phys/Vec3;
        16: astore        11
        18: aload         11
        20: invokestatic  #33                 // Method kr/moonseungjun/villageguardians/VillageSkillMeshLibrary$Basis.from:(Lnet/minecraft/world/phys/Vec3;)Lkr/moonseungjun/villageguardians/VillageSkillMeshLibrary$Basis;
        23: astore        12
        25: aload_2
        26: astore        13
        28: iconst_1
        29: istore        14
        31: iload         14
        33: iload         4
        35: if_icmpgt     170
        38: iload         14
        40: i2d
        41: iload         4
        43: i2d
        44: ddiv
        45: dstore        15
        47: aload_2
        48: aload         11
        50: dload         15
        52: invokevirtual #687                // Method net/minecraft/world/phys/Vec3.scale:(D)Lnet/minecraft/world/phys/Vec3;
        55: invokevirtual #583                // Method net/minecraft/world/phys/Vec3.add:(Lnet/minecraft/world/phys/Vec3;)Lnet/minecraft/world/phys/Vec3;
        58: astore        17
        60: iload         14
        62: iload         4
        64: if_icmpge     138
        67: dconst_1
        68: dload         15
        70: ldc2_w        #497                // double 0.5d
        73: dsub
        74: invokestatic  #773                // Method java/lang/Math.abs:(D)D
        77: ldc2_w        #276                // double 1.2d
        80: dmul
        81: dsub
        82: ldc2_w        #300                // double 0.42d
        85: dmul
        86: dstore        18
        88: aload         17
        90: aload         12
        92: getfield      #755                // Field kr/moonseungjun/villageguardians/VillageSkillMeshLibrary$Basis.right:Lnet/minecraft/world/phys/Vec3;
        95: aload         10
        97: invokevirtual #427                // Method java/util/Random.nextDouble:()D
       100: ldc2_w        #497                // double 0.5d
       103: dsub
       104: dload         18
       106: dmul
       107: invokevirtual #687                // Method net/minecraft/world/phys/Vec3.scale:(D)Lnet/minecraft/world/phys/Vec3;
       110: invokevirtual #583                // Method net/minecraft/world/phys/Vec3.add:(Lnet/minecraft/world/phys/Vec3;)Lnet/minecraft/world/phys/Vec3;
       113: aload         12
       115: getfield      #767                // Field kr/moonseungjun/villageguardians/VillageSkillMeshLibrary$Basis.up:Lnet/minecraft/world/phys/Vec3;
       118: aload         10
       120: invokevirtual #427                // Method java/util/Random.nextDouble:()D
       123: ldc2_w        #497                // double 0.5d
       126: dsub
       127: dload         18
       129: dmul
       130: invokevirtual #687                // Method net/minecraft/world/phys/Vec3.scale:(D)Lnet/minecraft/world/phys/Vec3;
       133: invokevirtual #583                // Method net/minecraft/world/phys/Vec3.add:(Lnet/minecraft/world/phys/Vec3;)Lnet/minecraft/world/phys/Vec3;
       136: astore        17
       138: aload_0
       139: aload_1
       140: aload         13
       142: aload         17
       144: dload         5
       146: dconst_1
       147: dload         15
       149: ldc2_w        #468                // double 0.45d
       152: dmul
       153: dsub
       154: dmul
       155: iload         7
       157: invokestatic  #372                // Method prism:(Lcom/mojang/blaze3d/vertex/PoseStack$Pose;Lcom/mojang/blaze3d/vertex/VertexConsumer;Lnet/minecraft/world/phys/Vec3;Lnet/minecraft/world/phys/Vec3;DI)V
       160: aload         17
       162: astore        13
       164: iinc          14, 1
       167: goto          31
       170: return

  private static void crystal(com.mojang.blaze3d.vertex.PoseStack$Pose, com.mojang.blaze3d.vertex.VertexConsumer, net.minecraft.world.phys.Vec3, double, double, int);
    Code:
         0: aload_2
         1: dconst_0
         2: dload_3
         3: dconst_0
         4: invokevirtual #753                // Method net/minecraft/world/phys/Vec3.add:(DDD)Lnet/minecraft/world/phys/Vec3;
         7: astore        8
         9: iconst_5
        10: istore        9
        12: iconst_0
        13: istore        10
        15: iload         10
        17: iload         9
        19: if_icmpge     200
        22: iload         10
        24: i2d
        25: ldc2_w        #228                // double 6.283185307179586d
        28: dmul
        29: iload         9
        31: i2d
        32: ddiv
        33: dstore        11
        35: iload         10
        37: iconst_1
        38: iadd
        39: i2d
        40: ldc2_w        #228                // double 6.283185307179586d
        43: dmul
        44: iload         9
        46: i2d
        47: ddiv
        48: dstore        13
        50: aload_2
        51: dload         11
        53: invokestatic  #357                // Method java/lang/Math.cos:(D)D
        56: dload         5
        58: dmul
        59: dconst_0
        60: dload         11
        62: invokestatic  #272                // Method java/lang/Math.sin:(D)D
        65: dload         5
        67: dmul
        68: invokevirtual #753                // Method net/minecraft/world/phys/Vec3.add:(DDD)Lnet/minecraft/world/phys/Vec3;
        71: astore        15
        73: aload_2
        74: dload         13
        76: invokestatic  #357                // Method java/lang/Math.cos:(D)D
        79: dload         5
        81: dmul
        82: dconst_0
        83: dload         13
        85: invokestatic  #272                // Method java/lang/Math.sin:(D)D
        88: dload         5
        90: dmul
        91: invokevirtual #753                // Method net/minecraft/world/phys/Vec3.add:(DDD)Lnet/minecraft/world/phys/Vec3;
        94: astore        16
        96: aload_2
        97: dload         11
        99: invokestatic  #357                // Method java/lang/Math.cos:(D)D
       102: dload         5
       104: dmul
       105: ldc2_w        #236                // double 0.72d
       108: dmul
       109: dload_3
       110: ldc2_w        #564                // double 0.68d
       113: dmul
       114: dload         11
       116: invokestatic  #272                // Method java/lang/Math.sin:(D)D
       119: dload         5
       121: dmul
       122: ldc2_w        #236                // double 0.72d
       125: dmul
       126: invokevirtual #753                // Method net/minecraft/world/phys/Vec3.add:(DDD)Lnet/minecraft/world/phys/Vec3;
       129: astore        17
       131: aload_2
       132: dload         13
       134: invokestatic  #357                // Method java/lang/Math.cos:(D)D
       137: dload         5
       139: dmul
       140: ldc2_w        #236                // double 0.72d
       143: dmul
       144: dload_3
       145: ldc2_w        #564                // double 0.68d
       148: dmul
       149: dload         13
       151: invokestatic  #272                // Method java/lang/Math.sin:(D)D
       154: dload         5
       156: dmul
       157: ldc2_w        #236                // double 0.72d
       160: dmul
       161: invokevirtual #753                // Method net/minecraft/world/phys/Vec3.add:(DDD)Lnet/minecraft/world/phys/Vec3;
       164: astore        18
       166: aload_0
       167: aload_1
       168: aload         15
       170: aload         16
       172: aload         18
       174: aload         17
       176: iload         7
       178: invokestatic  #747                // Method quadTwoSided:(Lcom/mojang/blaze3d/vertex/PoseStack$Pose;Lcom/mojang/blaze3d/vertex/VertexConsumer;Lnet/minecraft/world/phys/Vec3;Lnet/minecraft/world/phys/Vec3;Lnet/minecraft/world/phys/Vec3;Lnet/minecraft/world/phys/Vec3;I)V
       181: aload_0
       182: aload_1
       183: aload         17
       185: aload         18
       187: aload         8
       189: iload         7
       191: invokestatic  #760                // Method triangleTwoSided:(Lcom/mojang/blaze3d/vertex/PoseStack$Pose;Lcom/mojang/blaze3d/vertex/VertexConsumer;Lnet/minecraft/world/phys/Vec3;Lnet/minecraft/world/phys/Vec3;Lnet/minecraft/world/phys/Vec3;I)V
       194: iinc          10, 1
       197: goto          15
       200: return

  private static void spike(com.mojang.blaze3d.vertex.PoseStack$Pose, com.mojang.blaze3d.vertex.VertexConsumer, net.minecraft.world.phys.Vec3, net.minecraft.world.phys.Vec3, double, int);
    Code:
         0: aload_3
         1: aload_2
         2: invokevirtual #717                // Method net/minecraft/world/phys/Vec3.subtract:(Lnet/minecraft/world/phys/Vec3;)Lnet/minecraft/world/phys/Vec3;
         5: astore        7
         7: aload         7
         9: invokestatic  #33                 // Method kr/moonseungjun/villageguardians/VillageSkillMeshLibrary$Basis.from:(Lnet/minecraft/world/phys/Vec3;)Lkr/moonseungjun/villageguardians/VillageSkillMeshLibrary$Basis;
        12: astore        8
        14: iconst_5
        15: istore        9
        17: iconst_0
        18: istore        10
        20: iload         10
        22: iload         9
        24: if_icmpge     155
        27: iload         10
        29: i2d
        30: ldc2_w        #228                // double 6.283185307179586d
        33: dmul
        34: iload         9
        36: i2d
        37: ddiv
        38: dstore        11
        40: iload         10
        42: iconst_1
        43: iadd
        44: i2d
        45: ldc2_w        #228                // double 6.283185307179586d
        48: dmul
        49: iload         9
        51: i2d
        52: ddiv
        53: dstore        13
        55: aload_2
        56: aload         8
        58: getfield      #755                // Field kr/moonseungjun/villageguardians/VillageSkillMeshLibrary$Basis.right:Lnet/minecraft/world/phys/Vec3;
        61: dload         11
        63: invokestatic  #357                // Method java/lang/Math.cos:(D)D
        66: dload         4
        68: dmul
        69: invokevirtual #687                // Method net/minecraft/world/phys/Vec3.scale:(D)Lnet/minecraft/world/phys/Vec3;
        72: invokevirtual #583                // Method net/minecraft/world/phys/Vec3.add:(Lnet/minecraft/world/phys/Vec3;)Lnet/minecraft/world/phys/Vec3;
        75: aload         8
        77: getfield      #767                // Field kr/moonseungjun/villageguardians/VillageSkillMeshLibrary$Basis.up:Lnet/minecraft/world/phys/Vec3;
        80: dload         11
        82: invokestatic  #272                // Method java/lang/Math.sin:(D)D
        85: dload         4
        87: dmul
        88: invokevirtual #687                // Method net/minecraft/world/phys/Vec3.scale:(D)Lnet/minecraft/world/phys/Vec3;
        91: invokevirtual #583                // Method net/minecraft/world/phys/Vec3.add:(Lnet/minecraft/world/phys/Vec3;)Lnet/minecraft/world/phys/Vec3;
        94: astore        15
        96: aload_2
        97: aload         8
        99: getfield      #755                // Field kr/moonseungjun/villageguardians/VillageSkillMeshLibrary$Basis.right:Lnet/minecraft/world/phys/Vec3;
       102: dload         13
       104: invokestatic  #357                // Method java/lang/Math.cos:(D)D
       107: dload         4
       109: dmul
       110: invokevirtual #687                // Method net/minecraft/world/phys/Vec3.scale:(D)Lnet/minecraft/world/phys/Vec3;
       113: invokevirtual #583                // Method net/minecraft/world/phys/Vec3.add:(Lnet/minecraft/world/phys/Vec3;)Lnet/minecraft/world/phys/Vec3;
       116: aload         8
       118: getfield      #767                // Field kr/moonseungjun/villageguardians/VillageSkillMeshLibrary$Basis.up:Lnet/minecraft/world/phys/Vec3;
       121: dload         13
       123: invokestatic  #272                // Method java/lang/Math.sin:(D)D
       126: dload         4
       128: dmul
       129: invokevirtual #687                // Method net/minecraft/world/phys/Vec3.scale:(D)Lnet/minecraft/world/phys/Vec3;
       132: invokevirtual #583                // Method net/minecraft/world/phys/Vec3.add:(Lnet/minecraft/world/phys/Vec3;)Lnet/minecraft/world/phys/Vec3;
       135: astore        16
       137: aload_0
       138: aload_1
       139: aload         15
       141: aload         16
       143: aload_3
       144: iload         6
       146: invokestatic  #760                // Method triangleTwoSided:(Lcom/mojang/blaze3d/vertex/PoseStack$Pose;Lcom/mojang/blaze3d/vertex/VertexConsumer;Lnet/minecraft/world/phys/Vec3;Lnet/minecraft/world/phys/Vec3;Lnet/minecraft/world/phys/Vec3;I)V
       149: iinc          10, 1
       152: goto          20
       155: return

  private static void groundCrack(com.mojang.blaze3d.vertex.PoseStack$Pose, com.mojang.blaze3d.vertex.VertexConsumer, kr.moonseungjun.villageguardians.VillageSkillMeshLibrary$Basis, double, double, double, double, int);
    Code:
         0: aload_2
         1: dload_3
         2: invokestatic  #357                // Method java/lang/Math.cos:(D)D
         5: dload         5
         7: dmul
         8: ldc2_w        #244                // double 0.018d
        11: dload_3
        12: invokestatic  #272                // Method java/lang/Math.sin:(D)D
        15: dload         5
        17: dmul
        18: invokevirtual #324                // Method kr/moonseungjun/villageguardians/VillageSkillMeshLibrary$Basis.local:(DDD)Lnet/minecraft/world/phys/Vec3;
        21: astore        12
        23: aload_2
        24: dload_3
        25: ldc2_w        #219                // double 0.08d
        28: dadd
        29: invokestatic  #357                // Method java/lang/Math.cos:(D)D
        32: dload         5
        34: dload         7
        36: dadd
        37: ldc2_w        #322                // double 0.52d
        40: dmul
        41: dmul
        42: ldc2_w        #284                // double 0.02d
        45: dload_3
        46: ldc2_w        #219                // double 0.08d
        49: dadd
        50: invokestatic  #272                // Method java/lang/Math.sin:(D)D
        53: dload         5
        55: dload         7
        57: dadd
        58: ldc2_w        #322                // double 0.52d
        61: dmul
        62: dmul
        63: invokevirtual #324                // Method kr/moonseungjun/villageguardians/VillageSkillMeshLibrary$Basis.local:(DDD)Lnet/minecraft/world/phys/Vec3;
        66: astore        13
        68: aload_2
        69: dload_3
        70: ldc2_w        #351                // double 0.045d
        73: dsub
        74: invokestatic  #357                // Method java/lang/Math.cos:(D)D
        77: dload         7
        79: dmul
        80: ldc2_w        #244                // double 0.018d
        83: dload_3
        84: ldc2_w        #351                // double 0.045d
        87: dsub
        88: invokestatic  #272                // Method java/lang/Math.sin:(D)D
        91: dload         7
        93: dmul
        94: invokevirtual #324                // Method kr/moonseungjun/villageguardians/VillageSkillMeshLibrary$Basis.local:(DDD)Lnet/minecraft/world/phys/Vec3;
        97: astore        14
        99: aload_0
       100: aload_1
       101: aload         12
       103: aload         13
       105: dload         9
       107: iload         11
       109: invokestatic  #372                // Method prism:(Lcom/mojang/blaze3d/vertex/PoseStack$Pose;Lcom/mojang/blaze3d/vertex/VertexConsumer;Lnet/minecraft/world/phys/Vec3;Lnet/minecraft/world/phys/Vec3;DI)V
       112: aload_0
       113: aload_1
       114: aload         13
       116: aload         14
       118: dload         9
       120: ldc2_w        #236                // double 0.72d
       123: dmul
       124: iload         11
       126: invokestatic  #372                // Method prism:(Lcom/mojang/blaze3d/vertex/PoseStack$Pose;Lcom/mojang/blaze3d/vertex/VertexConsumer;Lnet/minecraft/world/phys/Vec3;Lnet/minecraft/world/phys/Vec3;DI)V
       129: return

  private static void braidedBeam(com.mojang.blaze3d.vertex.PoseStack$Pose, com.mojang.blaze3d.vertex.VertexConsumer, net.minecraft.world.phys.Vec3, net.minecraft.world.phys.Vec3, double, double, int);
    Code:
         0: aload_3
         1: aload_2
         2: invokevirtual #717                // Method net/minecraft/world/phys/Vec3.subtract:(Lnet/minecraft/world/phys/Vec3;)Lnet/minecraft/world/phys/Vec3;
         5: astore        9
         7: aload         9
         9: invokestatic  #33                 // Method kr/moonseungjun/villageguardians/VillageSkillMeshLibrary$Basis.from:(Lnet/minecraft/world/phys/Vec3;)Lkr/moonseungjun/villageguardians/VillageSkillMeshLibrary$Basis;
        12: astore        10
        14: bipush        20
        16: istore        11
        18: aload_2
        19: astore        12
        21: aload_2
        22: astore        13
        24: iconst_1
        25: istore        14
        27: iload         14
        29: iload         11
        31: if_icmpgt     178
        34: iload         14
        36: i2d
        37: iload         11
        39: i2d
        40: ddiv
        41: dstore        15
        43: dload         4
        45: ldc2_w        #368                // double 0.22d
        48: dmul
        49: dload         15
        51: ldc2_w        #228                // double 6.283185307179586d
        54: dmul
        55: ldc2_w        #483                // double 2.0d
        58: dmul
        59: dadd
        60: dstore        17
        62: aload_2
        63: aload         9
        65: dload         15
        67: invokevirtual #687                // Method net/minecraft/world/phys/Vec3.scale:(D)Lnet/minecraft/world/phys/Vec3;
        70: invokevirtual #583                // Method net/minecraft/world/phys/Vec3.add:(Lnet/minecraft/world/phys/Vec3;)Lnet/minecraft/world/phys/Vec3;
        73: astore        19
        75: aload         10
        77: getfield      #755                // Field kr/moonseungjun/villageguardians/VillageSkillMeshLibrary$Basis.right:Lnet/minecraft/world/phys/Vec3;
        80: dload         17
        82: invokestatic  #357                // Method java/lang/Math.cos:(D)D
        85: dload         6
        87: dmul
        88: invokevirtual #687                // Method net/minecraft/world/phys/Vec3.scale:(D)Lnet/minecraft/world/phys/Vec3;
        91: aload         10
        93: getfield      #767                // Field kr/moonseungjun/villageguardians/VillageSkillMeshLibrary$Basis.up:Lnet/minecraft/world/phys/Vec3;
        96: dload         17
        98: invokestatic  #272                // Method java/lang/Math.sin:(D)D
       101: dload         6
       103: dmul
       104: invokevirtual #687                // Method net/minecraft/world/phys/Vec3.scale:(D)Lnet/minecraft/world/phys/Vec3;
       107: invokevirtual #583                // Method net/minecraft/world/phys/Vec3.add:(Lnet/minecraft/world/phys/Vec3;)Lnet/minecraft/world/phys/Vec3;
       110: astore        20
       112: aload         19
       114: aload         20
       116: invokevirtual #583                // Method net/minecraft/world/phys/Vec3.add:(Lnet/minecraft/world/phys/Vec3;)Lnet/minecraft/world/phys/Vec3;
       119: astore        21
       121: aload         19
       123: aload         20
       125: invokevirtual #717                // Method net/minecraft/world/phys/Vec3.subtract:(Lnet/minecraft/world/phys/Vec3;)Lnet/minecraft/world/phys/Vec3;
       128: astore        22
       130: aload_0
       131: aload_1
       132: aload         12
       134: aload         21
       136: dload         6
       138: ldc2_w        #298                // double 0.35d
       141: dmul
       142: iload         8
       144: invokestatic  #372                // Method prism:(Lcom/mojang/blaze3d/vertex/PoseStack$Pose;Lcom/mojang/blaze3d/vertex/VertexConsumer;Lnet/minecraft/world/phys/Vec3;Lnet/minecraft/world/phys/Vec3;DI)V
       147: aload_0
       148: aload_1
       149: aload         13
       151: aload         22
       153: dload         6
       155: ldc2_w        #298                // double 0.35d
       158: dmul
       159: iload         8
       161: invokestatic  #372                // Method prism:(Lcom/mojang/blaze3d/vertex/PoseStack$Pose;Lcom/mojang/blaze3d/vertex/VertexConsumer;Lnet/minecraft/world/phys/Vec3;Lnet/minecraft/world/phys/Vec3;DI)V
       164: aload         21
       166: astore        12
       168: aload         22
       170: astore        13
       172: iinc          14, 1
       175: goto          27
       178: return

  private static void wing(com.mojang.blaze3d.vertex.PoseStack$Pose, com.mojang.blaze3d.vertex.VertexConsumer, kr.moonseungjun.villageguardians.VillageSkillMeshLibrary$Basis, int, double, double, int);
    Code:
         0: aload_2
         1: iload_3
         2: i2d
         3: ldc2_w        #368                // double 0.22d
         6: dmul
         7: dload         4
         9: ldc2_w        #795                // double -0.05d
        12: invokevirtual #324                // Method kr/moonseungjun/villageguardians/VillageSkillMeshLibrary$Basis.local:(DDD)Lnet/minecraft/world/phys/Vec3;
        15: astore        9
        17: iconst_0
        18: istore        10
        20: iload         10
        22: iconst_5
        23: if_icmpge     168
        26: iload         10
        28: i2d
        29: ldc2_w        #230                // double 4.0d
        32: ddiv
        33: dstore        11
        35: aload_2
        36: iload_3
        37: i2d
        38: ldc2_w        #306                // double 0.65d
        41: dload         11
        43: ldc2_w        #468                // double 0.45d
        46: dmul
        47: dadd
        48: dmul
        49: dload         4
        51: ldc2_w        #298                // double 0.35d
        54: dadd
        55: dload         11
        57: ldc2_w        #270                // double 0.18d
        60: dmul
        61: dsub
        62: ldc2_w        #797                // double -0.15d
        65: dload         11
        67: ldc2_w        #221                // double 0.16d
        70: dmul
        71: dsub
        72: invokevirtual #324                // Method kr/moonseungjun/villageguardians/VillageSkillMeshLibrary$Basis.local:(DDD)Lnet/minecraft/world/phys/Vec3;
        75: astore        13
        77: aload_2
        78: iload_3
        79: i2d
        80: dload         6
        82: dload         11
        84: ldc2_w        #341                // double 0.55d
        87: dmul
        88: dadd
        89: dmul
        90: dload         4
        92: ldc2_w        #308                // double 0.25d
        95: dadd
        96: dload         11
        98: ldc2_w        #300                // double 0.42d
       101: dmul
       102: dsub
       103: ldc2_w        #799                // double -0.35d
       106: dload         11
       108: ldc2_w        #298                // double 0.35d
       111: dmul
       112: dsub
       113: invokevirtual #324                // Method kr/moonseungjun/villageguardians/VillageSkillMeshLibrary$Basis.local:(DDD)Lnet/minecraft/world/phys/Vec3;
       116: astore        14
       118: aload_0
       119: aload_1
       120: aload_2
       121: aload         9
       123: aload         13
       125: ldc2_w        #316                // double 0.1d
       128: dload         11
       130: ldc2_w        #645                // double 0.015d
       133: dmul
       134: dsub
       135: iload         8
       137: invokestatic  #535                // Method taperedRibbon:(Lcom/mojang/blaze3d/vertex/PoseStack$Pose;Lcom/mojang/blaze3d/vertex/VertexConsumer;Lkr/moonseungjun/villageguardians/VillageSkillMeshLibrary$Basis;Lnet/minecraft/world/phys/Vec3;Lnet/minecraft/world/phys/Vec3;DI)V
       140: aload_0
       141: aload_1
       142: aload_2
       143: aload         13
       145: aload         14
       147: ldc2_w        #280                // double 0.12d
       150: dload         11
       152: ldc2_w        #244                // double 0.018d
       155: dmul
       156: dsub
       157: iload         8
       159: invokestatic  #535                // Method taperedRibbon:(Lcom/mojang/blaze3d/vertex/PoseStack$Pose;Lcom/mojang/blaze3d/vertex/VertexConsumer;Lkr/moonseungjun/villageguardians/VillageSkillMeshLibrary$Basis;Lnet/minecraft/world/phys/Vec3;Lnet/minecraft/world/phys/Vec3;DI)V
       162: iinc          10, 1
       165: goto          20
       168: return

  private static void verticalPillar(com.mojang.blaze3d.vertex.PoseStack$Pose, com.mojang.blaze3d.vertex.VertexConsumer, kr.moonseungjun.villageguardians.VillageSkillMeshLibrary$Basis, double, double, int);
    Code:
         0: aload_0
         1: aload_1
         2: aload_2
         3: getstatic     #470                // Field net/minecraft/world/phys/Vec3.ZERO:Lnet/minecraft/world/phys/Vec3;
         6: dload_3
         7: dload         5
         9: iload         7
        11: invokestatic  #669                // Method verticalPillarAt:(Lcom/mojang/blaze3d/vertex/PoseStack$Pose;Lcom/mojang/blaze3d/vertex/VertexConsumer;Lkr/moonseungjun/villageguardians/VillageSkillMeshLibrary$Basis;Lnet/minecraft/world/phys/Vec3;DDI)V
        14: return

  private static void verticalPillarAt(com.mojang.blaze3d.vertex.PoseStack$Pose, com.mojang.blaze3d.vertex.VertexConsumer, kr.moonseungjun.villageguardians.VillageSkillMeshLibrary$Basis, net.minecraft.world.phys.Vec3, double, double, int);
    Code:
         0: bipush        12
         2: istore        9
         4: iconst_0
         5: istore        10
         7: iload         10
         9: iload         9
        11: if_icmpge     173
        14: iload         10
        16: i2d
        17: ldc2_w        #228                // double 6.283185307179586d
        20: dmul
        21: iload         9
        23: i2d
        24: ddiv
        25: dstore        11
        27: iload         10
        29: iconst_1
        30: iadd
        31: i2d
        32: ldc2_w        #228                // double 6.283185307179586d
        35: dmul
        36: iload         9
        38: i2d
        39: ddiv
        40: dstore        13
        42: aload_3
        43: dload         11
        45: invokestatic  #357                // Method java/lang/Math.cos:(D)D
        48: dload         4
        50: dmul
        51: dconst_0
        52: dload         11
        54: invokestatic  #272                // Method java/lang/Math.sin:(D)D
        57: dload         4
        59: dmul
        60: invokevirtual #753                // Method net/minecraft/world/phys/Vec3.add:(DDD)Lnet/minecraft/world/phys/Vec3;
        63: astore        15
        65: aload_3
        66: dload         13
        68: invokestatic  #357                // Method java/lang/Math.cos:(D)D
        71: dload         4
        73: dmul
        74: dconst_0
        75: dload         13
        77: invokestatic  #272                // Method java/lang/Math.sin:(D)D
        80: dload         4
        82: dmul
        83: invokevirtual #753                // Method net/minecraft/world/phys/Vec3.add:(DDD)Lnet/minecraft/world/phys/Vec3;
        86: astore        16
        88: aload_3
        89: dload         13
        91: invokestatic  #357                // Method java/lang/Math.cos:(D)D
        94: dload         4
        96: dmul
        97: ldc2_w        #341                // double 0.55d
       100: dmul
       101: dload         6
       103: dload         13
       105: invokestatic  #272                // Method java/lang/Math.sin:(D)D
       108: dload         4
       110: dmul
       111: ldc2_w        #341                // double 0.55d
       114: dmul
       115: invokevirtual #753                // Method net/minecraft/world/phys/Vec3.add:(DDD)Lnet/minecraft/world/phys/Vec3;
       118: astore        17
       120: aload_3
       121: dload         11
       123: invokestatic  #357                // Method java/lang/Math.cos:(D)D
       126: dload         4
       128: dmul
       129: ldc2_w        #341                // double 0.55d
       132: dmul
       133: dload         6
       135: dload         11
       137: invokestatic  #272                // Method java/lang/Math.sin:(D)D
       140: dload         4
       142: dmul
       143: ldc2_w        #341                // double 0.55d
       146: dmul
       147: invokevirtual #753                // Method net/minecraft/world/phys/Vec3.add:(DDD)Lnet/minecraft/world/phys/Vec3;
       150: astore        18
       152: aload_0
       153: aload_1
       154: aload         15
       156: aload         16
       158: aload         17
       160: aload         18
       162: iload         8
       164: invokestatic  #747                // Method quadTwoSided:(Lcom/mojang/blaze3d/vertex/PoseStack$Pose;Lcom/mojang/blaze3d/vertex/VertexConsumer;Lnet/minecraft/world/phys/Vec3;Lnet/minecraft/world/phys/Vec3;Lnet/minecraft/world/phys/Vec3;Lnet/minecraft/world/phys/Vec3;I)V
       167: iinc          10, 1
       170: goto          7
       173: return

  private static void chevron(com.mojang.blaze3d.vertex.PoseStack$Pose, com.mojang.blaze3d.vertex.VertexConsumer, kr.moonseungjun.villageguardians.VillageSkillMeshLibrary$Basis, double, double, double, double, int);
    Code:
         0: aload_2
         1: dload_3
         2: invokestatic  #357                // Method java/lang/Math.cos:(D)D
         5: dload         5
         7: dmul
         8: dload         7
        10: dload_3
        11: invokestatic  #272                // Method java/lang/Math.sin:(D)D
        14: dload         5
        16: dmul
        17: invokevirtual #324                // Method kr/moonseungjun/villageguardians/VillageSkillMeshLibrary$Basis.local:(DDD)Lnet/minecraft/world/phys/Vec3;
        20: astore        12
        22: aload_2
        23: dload_3
        24: invokestatic  #272                // Method java/lang/Math.sin:(D)D
        27: dneg
        28: dconst_0
        29: dload_3
        30: invokestatic  #357                // Method java/lang/Math.cos:(D)D
        33: invokevirtual #324                // Method kr/moonseungjun/villageguardians/VillageSkillMeshLibrary$Basis.local:(DDD)Lnet/minecraft/world/phys/Vec3;
        36: invokevirtual #801                // Method net/minecraft/world/phys/Vec3.normalize:()Lnet/minecraft/world/phys/Vec3;
        39: astore        13
        41: aload_2
        42: dload_3
        43: invokestatic  #357                // Method java/lang/Math.cos:(D)D
        46: dconst_0
        47: dload_3
        48: invokestatic  #272                // Method java/lang/Math.sin:(D)D
        51: invokevirtual #324                // Method kr/moonseungjun/villageguardians/VillageSkillMeshLibrary$Basis.local:(DDD)Lnet/minecraft/world/phys/Vec3;
        54: invokevirtual #801                // Method net/minecraft/world/phys/Vec3.normalize:()Lnet/minecraft/world/phys/Vec3;
        57: astore        14
        59: aload         12
        61: aload         13
        63: dload         9
        65: invokevirtual #687                // Method net/minecraft/world/phys/Vec3.scale:(D)Lnet/minecraft/world/phys/Vec3;
        68: invokevirtual #717                // Method net/minecraft/world/phys/Vec3.subtract:(Lnet/minecraft/world/phys/Vec3;)Lnet/minecraft/world/phys/Vec3;
        71: aload         14
        73: dload         9
        75: ldc2_w        #298                // double 0.35d
        78: dmul
        79: invokevirtual #687                // Method net/minecraft/world/phys/Vec3.scale:(D)Lnet/minecraft/world/phys/Vec3;
        82: invokevirtual #717                // Method net/minecraft/world/phys/Vec3.subtract:(Lnet/minecraft/world/phys/Vec3;)Lnet/minecraft/world/phys/Vec3;
        85: astore        15
        87: aload         12
        89: aload         14
        91: dload         9
        93: ldc2_w        #341                // double 0.55d
        96: dmul
        97: invokevirtual #687                // Method net/minecraft/world/phys/Vec3.scale:(D)Lnet/minecraft/world/phys/Vec3;
       100: invokevirtual #583                // Method net/minecraft/world/phys/Vec3.add:(Lnet/minecraft/world/phys/Vec3;)Lnet/minecraft/world/phys/Vec3;
       103: astore        16
       105: aload         12
       107: aload         13
       109: dload         9
       111: invokevirtual #687                // Method net/minecraft/world/phys/Vec3.scale:(D)Lnet/minecraft/world/phys/Vec3;
       114: invokevirtual #583                // Method net/minecraft/world/phys/Vec3.add:(Lnet/minecraft/world/phys/Vec3;)Lnet/minecraft/world/phys/Vec3;
       117: aload         14
       119: dload         9
       121: ldc2_w        #298                // double 0.35d
       124: dmul
       125: invokevirtual #687                // Method net/minecraft/world/phys/Vec3.scale:(D)Lnet/minecraft/world/phys/Vec3;
       128: invokevirtual #717                // Method net/minecraft/world/phys/Vec3.subtract:(Lnet/minecraft/world/phys/Vec3;)Lnet/minecraft/world/phys/Vec3;
       131: astore        17
       133: aload_0
       134: aload_1
       135: aload         15
       137: aload         16
       139: dload         9
       141: ldc2_w        #290                // double 0.09d
       144: dmul
       145: iload         11
       147: invokestatic  #372                // Method prism:(Lcom/mojang/blaze3d/vertex/PoseStack$Pose;Lcom/mojang/blaze3d/vertex/VertexConsumer;Lnet/minecraft/world/phys/Vec3;Lnet/minecraft/world/phys/Vec3;DI)V
       150: aload_0
       151: aload_1
       152: aload         16
       154: aload         17
       156: dload         9
       158: ldc2_w        #290                // double 0.09d
       161: dmul
       162: iload         11
       164: invokestatic  #372                // Method prism:(Lcom/mojang/blaze3d/vertex/PoseStack$Pose;Lcom/mojang/blaze3d/vertex/VertexConsumer;Lnet/minecraft/world/phys/Vec3;Lnet/minecraft/world/phys/Vec3;DI)V
       167: return

  private static void reticleBracket(com.mojang.blaze3d.vertex.PoseStack$Pose, com.mojang.blaze3d.vertex.VertexConsumer, kr.moonseungjun.villageguardians.VillageSkillMeshLibrary$Basis, double, double, double, int);
    Code:
         0: aload_2
         1: getfield      #755                // Field kr/moonseungjun/villageguardians/VillageSkillMeshLibrary$Basis.right:Lnet/minecraft/world/phys/Vec3;
         4: dload_3
         5: invokestatic  #357                // Method java/lang/Math.cos:(D)D
         8: invokevirtual #687                // Method net/minecraft/world/phys/Vec3.scale:(D)Lnet/minecraft/world/phys/Vec3;
        11: aload_2
        12: getfield      #767                // Field kr/moonseungjun/villageguardians/VillageSkillMeshLibrary$Basis.up:Lnet/minecraft/world/phys/Vec3;
        15: dload_3
        16: invokestatic  #272                // Method java/lang/Math.sin:(D)D
        19: invokevirtual #687                // Method net/minecraft/world/phys/Vec3.scale:(D)Lnet/minecraft/world/phys/Vec3;
        22: invokevirtual #583                // Method net/minecraft/world/phys/Vec3.add:(Lnet/minecraft/world/phys/Vec3;)Lnet/minecraft/world/phys/Vec3;
        25: astore        10
        27: aload_2
        28: getfield      #755                // Field kr/moonseungjun/villageguardians/VillageSkillMeshLibrary$Basis.right:Lnet/minecraft/world/phys/Vec3;
        31: dload_3
        32: invokestatic  #272                // Method java/lang/Math.sin:(D)D
        35: dneg
        36: invokevirtual #687                // Method net/minecraft/world/phys/Vec3.scale:(D)Lnet/minecraft/world/phys/Vec3;
        39: aload_2
        40: getfield      #767                // Field kr/moonseungjun/villageguardians/VillageSkillMeshLibrary$Basis.up:Lnet/minecraft/world/phys/Vec3;
        43: dload_3
        44: invokestatic  #357                // Method java/lang/Math.cos:(D)D
        47: invokevirtual #687                // Method net/minecraft/world/phys/Vec3.scale:(D)Lnet/minecraft/world/phys/Vec3;
        50: invokevirtual #583                // Method net/minecraft/world/phys/Vec3.add:(Lnet/minecraft/world/phys/Vec3;)Lnet/minecraft/world/phys/Vec3;
        53: astore        11
        55: aload_2
        56: dconst_0
        57: dload         7
        59: ldc2_w        #376                // double 0.7d
        62: invokevirtual #324                // Method kr/moonseungjun/villageguardians/VillageSkillMeshLibrary$Basis.local:(DDD)Lnet/minecraft/world/phys/Vec3;
        65: aload         10
        67: dload         5
        69: invokevirtual #687                // Method net/minecraft/world/phys/Vec3.scale:(D)Lnet/minecraft/world/phys/Vec3;
        72: invokevirtual #583                // Method net/minecraft/world/phys/Vec3.add:(Lnet/minecraft/world/phys/Vec3;)Lnet/minecraft/world/phys/Vec3;
        75: astore        12
        77: aload_0
        78: aload_1
        79: aload         12
        81: aload         11
        83: ldc2_w        #805                // double 0.26d
        86: invokevirtual #687                // Method net/minecraft/world/phys/Vec3.scale:(D)Lnet/minecraft/world/phys/Vec3;
        89: invokevirtual #717                // Method net/minecraft/world/phys/Vec3.subtract:(Lnet/minecraft/world/phys/Vec3;)Lnet/minecraft/world/phys/Vec3;
        92: aload         12
        94: aload         11
        96: ldc2_w        #805                // double 0.26d
        99: invokevirtual #687                // Method net/minecraft/world/phys/Vec3.scale:(D)Lnet/minecraft/world/phys/Vec3;
       102: invokevirtual #583                // Method net/minecraft/world/phys/Vec3.add:(Lnet/minecraft/world/phys/Vec3;)Lnet/minecraft/world/phys/Vec3;
       105: ldc2_w        #351                // double 0.045d
       108: iload         9
       110: invokestatic  #372                // Method prism:(Lcom/mojang/blaze3d/vertex/PoseStack$Pose;Lcom/mojang/blaze3d/vertex/VertexConsumer;Lnet/minecraft/world/phys/Vec3;Lnet/minecraft/world/phys/Vec3;DI)V
       113: aload_0
       114: aload_1
       115: aload         12
       117: aload         10
       119: ldc2_w        #432                // double 0.28d
       122: invokevirtual #687                // Method net/minecraft/world/phys/Vec3.scale:(D)Lnet/minecraft/world/phys/Vec3;
       125: invokevirtual #717                // Method net/minecraft/world/phys/Vec3.subtract:(Lnet/minecraft/world/phys/Vec3;)Lnet/minecraft/world/phys/Vec3;
       128: aload         12
       130: aload         10
       132: ldc2_w        #345                // double 0.05d
       135: invokevirtual #687                // Method net/minecraft/world/phys/Vec3.scale:(D)Lnet/minecraft/world/phys/Vec3;
       138: invokevirtual #583                // Method net/minecraft/world/phys/Vec3.add:(Lnet/minecraft/world/phys/Vec3;)Lnet/minecraft/world/phys/Vec3;
       141: ldc2_w        #351                // double 0.045d
       144: iload         9
       146: invokestatic  #372                // Method prism:(Lcom/mojang/blaze3d/vertex/PoseStack$Pose;Lcom/mojang/blaze3d/vertex/VertexConsumer;Lnet/minecraft/world/phys/Vec3;Lnet/minecraft/world/phys/Vec3;DI)V
       149: return

  private static void shieldGlyph(com.mojang.blaze3d.vertex.PoseStack$Pose, com.mojang.blaze3d.vertex.VertexConsumer, kr.moonseungjun.villageguardians.VillageSkillMeshLibrary$Basis, double, double, double, int);
    Code:
         0: aload_2
         1: dload_3
         2: invokestatic  #357                // Method java/lang/Math.cos:(D)D
         5: dload         5
         7: dmul
         8: dload         7
        10: dload_3
        11: invokestatic  #272                // Method java/lang/Math.sin:(D)D
        14: dload         5
        16: dmul
        17: invokevirtual #324                // Method kr/moonseungjun/villageguardians/VillageSkillMeshLibrary$Basis.local:(DDD)Lnet/minecraft/world/phys/Vec3;
        20: astore        10
        22: aload         10
        24: invokevirtual #807                // Method net/minecraft/world/phys/Vec3.lengthSqr:()D
        27: ldc2_w        #810                // double 1.0E-5d
        30: dcmpg
        31: ifge          41
        34: aload_2
        35: getfield      #684                // Field kr/moonseungjun/villageguardians/VillageSkillMeshLibrary$Basis.forward:Lnet/minecraft/world/phys/Vec3;
        38: goto          43
        41: aload         10
        43: invokestatic  #33                 // Method kr/moonseungjun/villageguardians/VillageSkillMeshLibrary$Basis.from:(Lnet/minecraft/world/phys/Vec3;)Lkr/moonseungjun/villageguardians/VillageSkillMeshLibrary$Basis;
        46: astore        11
        48: ldc2_w        #432                // double 0.28d
        51: dstore        12
        53: ldc2_w        #300                // double 0.42d
        56: dstore        14
        58: aload         10
        60: aload         11
        62: getfield      #755                // Field kr/moonseungjun/villageguardians/VillageSkillMeshLibrary$Basis.right:Lnet/minecraft/world/phys/Vec3;
        65: dload         12
        67: dneg
        68: invokevirtual #687                // Method net/minecraft/world/phys/Vec3.scale:(D)Lnet/minecraft/world/phys/Vec3;
        71: invokevirtual #583                // Method net/minecraft/world/phys/Vec3.add:(Lnet/minecraft/world/phys/Vec3;)Lnet/minecraft/world/phys/Vec3;
        74: dconst_0
        75: dload         14
        77: dconst_0
        78: invokevirtual #753                // Method net/minecraft/world/phys/Vec3.add:(DDD)Lnet/minecraft/world/phys/Vec3;
        81: astore        16
        83: aload         10
        85: aload         11
        87: getfield      #755                // Field kr/moonseungjun/villageguardians/VillageSkillMeshLibrary$Basis.right:Lnet/minecraft/world/phys/Vec3;
        90: dload         12
        92: invokevirtual #687                // Method net/minecraft/world/phys/Vec3.scale:(D)Lnet/minecraft/world/phys/Vec3;
        95: invokevirtual #583                // Method net/minecraft/world/phys/Vec3.add:(Lnet/minecraft/world/phys/Vec3;)Lnet/minecraft/world/phys/Vec3;
        98: dconst_0
        99: dload         14
       101: dconst_0
       102: invokevirtual #753                // Method net/minecraft/world/phys/Vec3.add:(DDD)Lnet/minecraft/world/phys/Vec3;
       105: astore        17
       107: aload         10
       109: dconst_0
       110: dload         14
       112: dneg
       113: dconst_0
       114: invokevirtual #753                // Method net/minecraft/world/phys/Vec3.add:(DDD)Lnet/minecraft/world/phys/Vec3;
       117: aload         11
       119: getfield      #684                // Field kr/moonseungjun/villageguardians/VillageSkillMeshLibrary$Basis.forward:Lnet/minecraft/world/phys/Vec3;
       122: ldc2_w        #219                // double 0.08d
       125: invokevirtual #687                // Method net/minecraft/world/phys/Vec3.scale:(D)Lnet/minecraft/world/phys/Vec3;
       128: invokevirtual #583                // Method net/minecraft/world/phys/Vec3.add:(Lnet/minecraft/world/phys/Vec3;)Lnet/minecraft/world/phys/Vec3;
       131: astore        18
       133: aload_0
       134: aload_1
       135: aload         16
       137: aload         17
       139: aload         18
       141: iload         9
       143: invokestatic  #760                // Method triangleTwoSided:(Lcom/mojang/blaze3d/vertex/PoseStack$Pose;Lcom/mojang/blaze3d/vertex/VertexConsumer;Lnet/minecraft/world/phys/Vec3;Lnet/minecraft/world/phys/Vec3;Lnet/minecraft/world/phys/Vec3;I)V
       146: return

  private static void verticalBlade(com.mojang.blaze3d.vertex.PoseStack$Pose, com.mojang.blaze3d.vertex.VertexConsumer, kr.moonseungjun.villageguardians.VillageSkillMeshLibrary$Basis, net.minecraft.world.phys.Vec3, double, double, int);
    Code:
         0: aload_3
         1: dconst_0
         2: dload         4
         4: dconst_0
         5: invokevirtual #753                // Method net/minecraft/world/phys/Vec3.add:(DDD)Lnet/minecraft/world/phys/Vec3;
         8: astore        9
        10: aload_0
        11: aload_1
        12: aload_3
        13: aload         9
        15: dload         6
        17: iload         8
        19: invokestatic  #812                // Method energyBlade:(Lcom/mojang/blaze3d/vertex/PoseStack$Pose;Lcom/mojang/blaze3d/vertex/VertexConsumer;Lnet/minecraft/world/phys/Vec3;Lnet/minecraft/world/phys/Vec3;DI)V
        22: return

  private static void taperedRibbon(com.mojang.blaze3d.vertex.PoseStack$Pose, com.mojang.blaze3d.vertex.VertexConsumer, kr.moonseungjun.villageguardians.VillageSkillMeshLibrary$Basis, net.minecraft.world.phys.Vec3, net.minecraft.world.phys.Vec3, double, int);
    Code:
         0: aload         4
         2: aload_3
         3: invokevirtual #717                // Method net/minecraft/world/phys/Vec3.subtract:(Lnet/minecraft/world/phys/Vec3;)Lnet/minecraft/world/phys/Vec3;
         6: astore        8
         8: aload         8
        10: invokestatic  #33                 // Method kr/moonseungjun/villageguardians/VillageSkillMeshLibrary$Basis.from:(Lnet/minecraft/world/phys/Vec3;)Lkr/moonseungjun/villageguardians/VillageSkillMeshLibrary$Basis;
        13: astore        9
        15: aload         9
        17: getfield      #755                // Field kr/moonseungjun/villageguardians/VillageSkillMeshLibrary$Basis.right:Lnet/minecraft/world/phys/Vec3;
        20: dload         5
        22: invokevirtual #687                // Method net/minecraft/world/phys/Vec3.scale:(D)Lnet/minecraft/world/phys/Vec3;
        25: astore        10
        27: aload         9
        29: getfield      #755                // Field kr/moonseungjun/villageguardians/VillageSkillMeshLibrary$Basis.right:Lnet/minecraft/world/phys/Vec3;
        32: dload         5
        34: ldc2_w        #280                // double 0.12d
        37: dmul
        38: invokevirtual #687                // Method net/minecraft/world/phys/Vec3.scale:(D)Lnet/minecraft/world/phys/Vec3;
        41: astore        11
        43: aload_0
        44: aload_1
        45: aload_3
        46: aload         10
        48: invokevirtual #717                // Method net/minecraft/world/phys/Vec3.subtract:(Lnet/minecraft/world/phys/Vec3;)Lnet/minecraft/world/phys/Vec3;
        51: aload_3
        52: aload         10
        54: invokevirtual #583                // Method net/minecraft/world/phys/Vec3.add:(Lnet/minecraft/world/phys/Vec3;)Lnet/minecraft/world/phys/Vec3;
        57: aload         4
        59: aload         11
        61: invokevirtual #583                // Method net/minecraft/world/phys/Vec3.add:(Lnet/minecraft/world/phys/Vec3;)Lnet/minecraft/world/phys/Vec3;
        64: aload         4
        66: aload         11
        68: invokevirtual #717                // Method net/minecraft/world/phys/Vec3.subtract:(Lnet/minecraft/world/phys/Vec3;)Lnet/minecraft/world/phys/Vec3;
        71: iload         7
        73: invokestatic  #747                // Method quadTwoSided:(Lcom/mojang/blaze3d/vertex/PoseStack$Pose;Lcom/mojang/blaze3d/vertex/VertexConsumer;Lnet/minecraft/world/phys/Vec3;Lnet/minecraft/world/phys/Vec3;Lnet/minecraft/world/phys/Vec3;Lnet/minecraft/world/phys/Vec3;I)V
        76: return

  private static net.minecraft.world.phys.Vec3 polar(double, double, double);
    Code:
         0: new           #471                // class net/minecraft/world/phys/Vec3
         3: dup
         4: dload_0
         5: invokestatic  #357                // Method java/lang/Math.cos:(D)D
         8: dload_2
         9: dmul
        10: dload         4
        12: dload_0
        13: invokestatic  #272                // Method java/lang/Math.sin:(D)D
        16: dload_2
        17: dmul
        18: invokespecial #615                // Method net/minecraft/world/phys/Vec3."<init>":(DDD)V
        21: areturn

  private static java.util.List<net.minecraft.world.phys.Vec3> parsePoints(java.lang.String, net.minecraft.world.phys.Vec3);
    Code:
         0: new           #815                // class java/util/ArrayList
         3: dup
         4: invokespecial #817                // Method java/util/ArrayList."<init>":()V
         7: astore_2
         8: aload_0
         9: ifnull        113
        12: aload_0
        13: invokevirtual #725                // Method java/lang/String.isBlank:()Z
        16: ifne          113
        19: aload_0
        20: ldc_w         #818                // String ;
        23: invokevirtual #820                // Method java/lang/String.split:(Ljava/lang/String;)[Ljava/lang/String;
        26: astore_3
        27: aload_3
        28: arraylength
        29: istore        4
        31: iconst_0
        32: istore        5
        34: iload         5
        36: iload         4
        38: if_icmpge     113
        41: aload_3
        42: iload         5
        44: aaload
        45: astore        6
        47: aload         6
        49: ldc_w         #823                // String ,
        52: invokevirtual #820                // Method java/lang/String.split:(Ljava/lang/String;)[Ljava/lang/String;
        55: astore        7
        57: aload         7
        59: arraylength
        60: iconst_3
        61: if_icmpeq     67
        64: goto          107
        67: aload_2
        68: new           #471                // class net/minecraft/world/phys/Vec3
        71: dup
        72: aload         7
        74: iconst_0
        75: aaload
        76: invokestatic  #460                // Method java/lang/Double.parseDouble:(Ljava/lang/String;)D
        79: aload         7
        81: iconst_1
        82: aaload
        83: invokestatic  #460                // Method java/lang/Double.parseDouble:(Ljava/lang/String;)D
        86: aload         7
        88: iconst_2
        89: aaload
        90: invokestatic  #460                // Method java/lang/Double.parseDouble:(Ljava/lang/String;)D
        93: invokespecial #615                // Method net/minecraft/world/phys/Vec3."<init>":(DDD)V
        96: invokeinterface #825,  2          // InterfaceMethod java/util/List.add:(Ljava/lang/Object;)Z
       101: pop
       102: goto          107
       105: astore        8
       107: iinc          5, 1
       110: goto          34
       113: aload_2
       114: invokeinterface #827,  1          // InterfaceMethod java/util/List.isEmpty:()Z
       119: ifeq          130
       122: aload_2
       123: aload_1
       124: invokeinterface #825,  2          // InterfaceMethod java/util/List.add:(Ljava/lang/Object;)Z
       129: pop
       130: aload_2
       131: areturn
      Exception table:
         from    to  target type
            67   102   105   Class java/lang/NumberFormatException

  private static long stateSeed(java.util.Random, int, int);
    Code:
         0: aload_0
         1: invokevirtual #418                // Method java/util/Random.nextLong:()J
         4: iload_1
         5: i2l
         6: bipush        32
         8: lshl
         9: lxor
        10: iload_2
        11: i2l
        12: ldc2_w        #830                // long -7046029254386353131l
        15: lmul
        16: lxor
        17: lreturn

  private static double envelope(double, double, double);
    Code:
         0: dload_2
         1: dconst_0
         2: dcmpg
         3: ifgt          10
         6: dconst_1
         7: goto          18
        10: dload_0
        11: dload_2
        12: ddiv
        13: dconst_0
        14: dconst_1
        15: invokestatic  #23                 // Method clamp:(DDD)D
        18: dstore        6
        20: dload         4
        22: dconst_0
        23: dcmpg
        24: ifgt          31
        27: dconst_1
        28: goto          42
        31: dconst_1
        32: dload_0
        33: dsub
        34: dload         4
        36: ddiv
        37: dconst_0
        38: dconst_1
        39: invokestatic  #23                 // Method clamp:(DDD)D
        42: dstore        8
        44: dload         6
        46: dload         8
        48: invokestatic  #520                // Method java/lang/Math.min:(DD)D
        51: dreturn

  private static double fract(double);
    Code:
         0: dload_0
         1: dload_0
         2: invokestatic  #832                // Method java/lang/Math.floor:(D)D
         5: dsub
         6: dreturn

  private static double clamp(double, double, double);
    Code:
         0: dload_2
         1: dload         4
         3: dload_0
         4: invokestatic  #520                // Method java/lang/Math.min:(DD)D
         7: invokestatic  #19                 // Method java/lang/Math.max:(DD)D
        10: dreturn

  private static int rgba(int, int, int, int);
    Code:
         0: iload_3
         1: invokestatic  #835                // Method clampInt:(I)I
         4: bipush        24
         6: ishl
         7: iload_0
         8: invokestatic  #835                // Method clampInt:(I)I
        11: bipush        16
        13: ishl
        14: ior
        15: iload_1
        16: invokestatic  #835                // Method clampInt:(I)I
        19: bipush        8
        21: ishl
        22: ior
        23: iload_2
        24: invokestatic  #835                // Method clampInt:(I)I
        27: ior
        28: ireturn

  private static int clampInt(int);
    Code:
         0: iconst_0
         1: sipush        255
         4: iload_0
         5: invokestatic  #568                // Method java/lang/Math.min:(II)I
         8: invokestatic  #740                // Method java/lang/Math.max:(II)I
        11: ireturn

  private static void quadTwoSided(com.mojang.blaze3d.vertex.PoseStack$Pose, com.mojang.blaze3d.vertex.VertexConsumer, net.minecraft.world.phys.Vec3, net.minecraft.world.phys.Vec3, net.minecraft.world.phys.Vec3, net.minecraft.world.phys.Vec3, int);
    Code:
         0: aload_0
         1: aload_1
         2: aload_2
         3: aload_3
         4: aload         4
         6: aload         5
         8: iload         6
        10: invokestatic  #839                // Method quad:(Lcom/mojang/blaze3d/vertex/PoseStack$Pose;Lcom/mojang/blaze3d/vertex/VertexConsumer;Lnet/minecraft/world/phys/Vec3;Lnet/minecraft/world/phys/Vec3;Lnet/minecraft/world/phys/Vec3;Lnet/minecraft/world/phys/Vec3;I)V
        13: aload_0
        14: aload_1
        15: aload         5
        17: aload         4
        19: aload_3
        20: aload_2
        21: iload         6
        23: invokestatic  #839                // Method quad:(Lcom/mojang/blaze3d/vertex/PoseStack$Pose;Lcom/mojang/blaze3d/vertex/VertexConsumer;Lnet/minecraft/world/phys/Vec3;Lnet/minecraft/world/phys/Vec3;Lnet/minecraft/world/phys/Vec3;Lnet/minecraft/world/phys/Vec3;I)V
        26: return

  private static void triangleTwoSided(com.mojang.blaze3d.vertex.PoseStack$Pose, com.mojang.blaze3d.vertex.VertexConsumer, net.minecraft.world.phys.Vec3, net.minecraft.world.phys.Vec3, net.minecraft.world.phys.Vec3, int);
    Code:
         0: aload_0
         1: aload_1
         2: aload_2
         3: aload_3
         4: aload         4
         6: iload         5
         8: invokestatic  #842                // Method triangle:(Lcom/mojang/blaze3d/vertex/PoseStack$Pose;Lcom/mojang/blaze3d/vertex/VertexConsumer;Lnet/minecraft/world/phys/Vec3;Lnet/minecraft/world/phys/Vec3;Lnet/minecraft/world/phys/Vec3;I)V
        11: aload_0
        12: aload_1
        13: aload         4
        15: aload_3
        16: aload_2
        17: iload         5
        19: invokestatic  #842                // Method triangle:(Lcom/mojang/blaze3d/vertex/PoseStack$Pose;Lcom/mojang/blaze3d/vertex/VertexConsumer;Lnet/minecraft/world/phys/Vec3;Lnet/minecraft/world/phys/Vec3;Lnet/minecraft/world/phys/Vec3;I)V
        22: return

  private static void quad(com.mojang.blaze3d.vertex.PoseStack$Pose, com.mojang.blaze3d.vertex.VertexConsumer, net.minecraft.world.phys.Vec3, net.minecraft.world.phys.Vec3, net.minecraft.world.phys.Vec3, net.minecraft.world.phys.Vec3, int);
    Code:
         0: aload_3
         1: aload_2
         2: invokevirtual #717                // Method net/minecraft/world/phys/Vec3.subtract:(Lnet/minecraft/world/phys/Vec3;)Lnet/minecraft/world/phys/Vec3;
         5: aload         4
         7: aload_2
         8: invokevirtual #717                // Method net/minecraft/world/phys/Vec3.subtract:(Lnet/minecraft/world/phys/Vec3;)Lnet/minecraft/world/phys/Vec3;
        11: invokevirtual #845                // Method net/minecraft/world/phys/Vec3.cross:(Lnet/minecraft/world/phys/Vec3;)Lnet/minecraft/world/phys/Vec3;
        14: astore        7
        16: aload         7
        18: invokevirtual #807                // Method net/minecraft/world/phys/Vec3.lengthSqr:()D
        21: ldc2_w        #848                // double 1.0E-8d
        24: dcmpg
        25: ifge          43
        28: new           #471                // class net/minecraft/world/phys/Vec3
        31: dup
        32: dconst_0
        33: dconst_1
        34: dconst_0
        35: invokespecial #615                // Method net/minecraft/world/phys/Vec3."<init>":(DDD)V
        38: astore        7
        40: goto          50
        43: aload         7
        45: invokevirtual #801                // Method net/minecraft/world/phys/Vec3.normalize:()Lnet/minecraft/world/phys/Vec3;
        48: astore        7
        50: aload_0
        51: aload_1
        52: aload_2
        53: iload         6
        55: fconst_0
        56: fconst_0
        57: aload         7
        59: invokestatic  #850                // Method vertex:(Lcom/mojang/blaze3d/vertex/PoseStack$Pose;Lcom/mojang/blaze3d/vertex/VertexConsumer;Lnet/minecraft/world/phys/Vec3;IFFLnet/minecraft/world/phys/Vec3;)V
        62: aload_0
        63: aload_1
        64: aload_3
        65: iload         6
        67: fconst_1
        68: fconst_0
        69: aload         7
        71: invokestatic  #850                // Method vertex:(Lcom/mojang/blaze3d/vertex/PoseStack$Pose;Lcom/mojang/blaze3d/vertex/VertexConsumer;Lnet/minecraft/world/phys/Vec3;IFFLnet/minecraft/world/phys/Vec3;)V
        74: aload_0
        75: aload_1
        76: aload         4
        78: iload         6
        80: fconst_1
        81: fconst_1
        82: aload         7
        84: invokestatic  #850                // Method vertex:(Lcom/mojang/blaze3d/vertex/PoseStack$Pose;Lcom/mojang/blaze3d/vertex/VertexConsumer;Lnet/minecraft/world/phys/Vec3;IFFLnet/minecraft/world/phys/Vec3;)V
        87: aload_0
        88: aload_1
        89: aload         5
        91: iload         6
        93: fconst_0
        94: fconst_1
        95: aload         7
        97: invokestatic  #850                // Method vertex:(Lcom/mojang/blaze3d/vertex/PoseStack$Pose;Lcom/mojang/blaze3d/vertex/VertexConsumer;Lnet/minecraft/world/phys/Vec3;IFFLnet/minecraft/world/phys/Vec3;)V
       100: return

  private static void triangle(com.mojang.blaze3d.vertex.PoseStack$Pose, com.mojang.blaze3d.vertex.VertexConsumer, net.minecraft.world.phys.Vec3, net.minecraft.world.phys.Vec3, net.minecraft.world.phys.Vec3, int);
    Code:
         0: aload_3
         1: aload_2
         2: invokevirtual #717                // Method net/minecraft/world/phys/Vec3.subtract:(Lnet/minecraft/world/phys/Vec3;)Lnet/minecraft/world/phys/Vec3;
         5: aload         4
         7: aload_2
         8: invokevirtual #717                // Method net/minecraft/world/phys/Vec3.subtract:(Lnet/minecraft/world/phys/Vec3;)Lnet/minecraft/world/phys/Vec3;
        11: invokevirtual #845                // Method net/minecraft/world/phys/Vec3.cross:(Lnet/minecraft/world/phys/Vec3;)Lnet/minecraft/world/phys/Vec3;
        14: astore        6
        16: aload         6
        18: invokevirtual #807                // Method net/minecraft/world/phys/Vec3.lengthSqr:()D
        21: ldc2_w        #848                // double 1.0E-8d
        24: dcmpg
        25: ifge          43
        28: new           #471                // class net/minecraft/world/phys/Vec3
        31: dup
        32: dconst_0
        33: dconst_1
        34: dconst_0
        35: invokespecial #615                // Method net/minecraft/world/phys/Vec3."<init>":(DDD)V
        38: astore        6
        40: goto          50
        43: aload         6
        45: invokevirtual #801                // Method net/minecraft/world/phys/Vec3.normalize:()Lnet/minecraft/world/phys/Vec3;
        48: astore        6
        50: aload_0
        51: aload_1
        52: aload_2
        53: iload         5
        55: ldc_w         #854                // float 0.5f
        58: fconst_0
        59: aload         6
        61: invokestatic  #850                // Method vertex:(Lcom/mojang/blaze3d/vertex/PoseStack$Pose;Lcom/mojang/blaze3d/vertex/VertexConsumer;Lnet/minecraft/world/phys/Vec3;IFFLnet/minecraft/world/phys/Vec3;)V
        64: aload_0
        65: aload_1
        66: aload_3
        67: iload         5
        69: fconst_0
        70: fconst_1
        71: aload         6
        73: invokestatic  #850                // Method vertex:(Lcom/mojang/blaze3d/vertex/PoseStack$Pose;Lcom/mojang/blaze3d/vertex/VertexConsumer;Lnet/minecraft/world/phys/Vec3;IFFLnet/minecraft/world/phys/Vec3;)V
        76: aload_0
        77: aload_1
        78: aload         4
        80: iload         5
        82: fconst_1
        83: fconst_1
        84: aload         6
        86: invokestatic  #850                // Method vertex:(Lcom/mojang/blaze3d/vertex/PoseStack$Pose;Lcom/mojang/blaze3d/vertex/VertexConsumer;Lnet/minecraft/world/phys/Vec3;IFFLnet/minecraft/world/phys/Vec3;)V
        89: aload_0
        90: aload_1
        91: aload         4
        93: iload         5
        95: fconst_1
        96: fconst_1
        97: aload         6
        99: invokestatic  #850                // Method vertex:(Lcom/mojang/blaze3d/vertex/PoseStack$Pose;Lcom/mojang/blaze3d/vertex/VertexConsumer;Lnet/minecraft/world/phys/Vec3;IFFLnet/minecraft/world/phys/Vec3;)V
       102: return

  private static void vertex(com.mojang.blaze3d.vertex.PoseStack$Pose, com.mojang.blaze3d.vertex.VertexConsumer, net.minecraft.world.phys.Vec3, int, float, float, net.minecraft.world.phys.Vec3);
    Code:
         0: aload_1
         1: aload_0
         2: aload_2
         3: getfield      #855                // Field net/minecraft/world/phys/Vec3.x:D
         6: d2f
         7: aload_2
         8: getfield      #856                // Field net/minecraft/world/phys/Vec3.y:D
        11: d2f
        12: aload_2
        13: getfield      #857                // Field net/minecraft/world/phys/Vec3.z:D
        16: d2f
        17: invokeinterface #858,  5          // InterfaceMethod com/mojang/blaze3d/vertex/VertexConsumer.addVertex:(Lcom/mojang/blaze3d/vertex/PoseStack$Pose;FFF)Lcom/mojang/blaze3d/vertex/VertexConsumer;
        22: iload_3
        23: bipush        16
        25: ishr
        26: sipush        255
        29: iand
        30: iload_3
        31: bipush        8
        33: ishr
        34: sipush        255
        37: iand
        38: iload_3
        39: sipush        255
        42: iand
        43: iload_3
        44: bipush        24
        46: iushr
        47: sipush        255
        50: iand
        51: invokeinterface #864,  5          // InterfaceMethod com/mojang/blaze3d/vertex/VertexConsumer.setColor:(IIII)Lcom/mojang/blaze3d/vertex/VertexConsumer;
        56: fload         4
        58: fload         5
        60: invokeinterface #868,  3          // InterfaceMethod com/mojang/blaze3d/vertex/VertexConsumer.setUv:(FF)Lcom/mojang/blaze3d/vertex/VertexConsumer;
        65: getstatic     #872                // Field net/minecraft/client/renderer/texture/OverlayTexture.NO_OVERLAY:I
        68: invokeinterface #877,  2          // InterfaceMethod com/mojang/blaze3d/vertex/VertexConsumer.setOverlay:(I)Lcom/mojang/blaze3d/vertex/VertexConsumer;
        73: ldc_w         #881                // int 15728880
        76: invokeinterface #882,  2          // InterfaceMethod com/mojang/blaze3d/vertex/VertexConsumer.setLight:(I)Lcom/mojang/blaze3d/vertex/VertexConsumer;
        81: aload_0
        82: aload         6
        84: getfield      #855                // Field net/minecraft/world/phys/Vec3.x:D
        87: d2f
        88: aload         6
        90: getfield      #856                // Field net/minecraft/world/phys/Vec3.y:D
        93: d2f
        94: aload         6
        96: getfield      #857                // Field net/minecraft/world/phys/Vec3.z:D
        99: d2f
       100: invokeinterface #885,  5          // InterfaceMethod com/mojang/blaze3d/vertex/VertexConsumer.setNormal:(Lcom/mojang/blaze3d/vertex/PoseStack$Pose;FFF)Lcom/mojang/blaze3d/vertex/VertexConsumer;
       105: pop
       106: return
}
