Compiled from "VillageRoleAbilitySystem.java"
public final class kr.moonseungjun.villageguardians.VillageRoleAbilitySystem {
  private static final java.util.Map<java.util.UUID, java.lang.Long> SPIN_UNTIL;

  private static final java.util.Map<java.util.UUID, java.lang.Long> RAPID_UNTIL;

  private static final java.util.Map<java.util.UUID, java.lang.Integer> RAPID_DRAW_TICKS;

  private static final java.util.Map<java.util.UUID, java.lang.Long> RICOCHET_UNTIL;

  private static final java.util.Map<java.util.UUID, java.lang.Long> RICOCHET_ARROWS;

  private static final java.util.Map<java.util.UUID, kr.moonseungjun.villageguardians.VillageRoleAbilitySystem$TrackingArrowState> TRACKING_ARROWS;

  private static final java.util.Map<java.util.UUID, kr.moonseungjun.villageguardians.VillageRoleAbilitySystem$EmpoweredArrowState> ARROW_RAIN_READY;

  private static final java.util.Map<java.util.UUID, kr.moonseungjun.villageguardians.VillageRoleAbilitySystem$EmpoweredArrowState> MEGA_ARROW_READY;

  private static final java.util.Map<java.util.UUID, java.lang.Long> FORTRESS_UNTIL;

  private static final java.util.Map<java.util.UUID, java.lang.Long> AEGIS_UNTIL;

  private static final java.util.Map<java.util.UUID, java.lang.Long> CHARGE_UNTIL;

  private static final java.util.Map<java.util.UUID, java.lang.Long> LAST_AEGIS_DASH;

  private static final java.util.Map<java.util.UUID, kr.moonseungjun.villageguardians.VillageRoleAbilitySystem$SlamState> SLAMS;

  private static final java.util.List<kr.moonseungjun.villageguardians.VillageRoleAbilitySystem$ScheduledAction> SCHEDULED;

  private static final java.util.List<kr.moonseungjun.villageguardians.VillageRoleAbilitySystem$AreaState> AREAS;

  private static final java.util.Map<java.util.UUID, kr.moonseungjun.villageguardians.VillageRoleAbilitySystem$MovingSkill> MOVING;

  private static boolean spawningGeneratedArrow;

  private static boolean replayingEcho;

  private kr.moonseungjun.villageguardians.VillageRoleAbilitySystem();
    Code:
         0: aload_0
         1: invokespecial #1                  // Method java/lang/Object."<init>":()V
         4: return

  public static void reset();
    Code:
         0: getstatic     #7                  // Field SPIN_UNTIL:Ljava/util/Map;
         3: invokeinterface #13,  1           // InterfaceMethod java/util/Map.clear:()V
         8: getstatic     #18                 // Field RAPID_UNTIL:Ljava/util/Map;
        11: invokeinterface #13,  1           // InterfaceMethod java/util/Map.clear:()V
        16: getstatic     #21                 // Field RAPID_DRAW_TICKS:Ljava/util/Map;
        19: invokeinterface #13,  1           // InterfaceMethod java/util/Map.clear:()V
        24: getstatic     #24                 // Field RICOCHET_UNTIL:Ljava/util/Map;
        27: invokeinterface #13,  1           // InterfaceMethod java/util/Map.clear:()V
        32: getstatic     #27                 // Field RICOCHET_ARROWS:Ljava/util/Map;
        35: invokeinterface #13,  1           // InterfaceMethod java/util/Map.clear:()V
        40: getstatic     #30                 // Field TRACKING_ARROWS:Ljava/util/Map;
        43: invokeinterface #13,  1           // InterfaceMethod java/util/Map.clear:()V
        48: getstatic     #33                 // Field ARROW_RAIN_READY:Ljava/util/Map;
        51: invokeinterface #13,  1           // InterfaceMethod java/util/Map.clear:()V
        56: getstatic     #36                 // Field MEGA_ARROW_READY:Ljava/util/Map;
        59: invokeinterface #13,  1           // InterfaceMethod java/util/Map.clear:()V
        64: getstatic     #39                 // Field FORTRESS_UNTIL:Ljava/util/Map;
        67: invokeinterface #13,  1           // InterfaceMethod java/util/Map.clear:()V
        72: getstatic     #42                 // Field AEGIS_UNTIL:Ljava/util/Map;
        75: invokeinterface #13,  1           // InterfaceMethod java/util/Map.clear:()V
        80: getstatic     #45                 // Field CHARGE_UNTIL:Ljava/util/Map;
        83: invokeinterface #13,  1           // InterfaceMethod java/util/Map.clear:()V
        88: getstatic     #48                 // Field LAST_AEGIS_DASH:Ljava/util/Map;
        91: invokeinterface #13,  1           // InterfaceMethod java/util/Map.clear:()V
        96: getstatic     #51                 // Field SLAMS:Ljava/util/Map;
        99: invokeinterface #13,  1           // InterfaceMethod java/util/Map.clear:()V
       104: getstatic     #54                 // Field SCHEDULED:Ljava/util/List;
       107: invokeinterface #58,  1           // InterfaceMethod java/util/List.clear:()V
       112: getstatic     #61                 // Field AREAS:Ljava/util/List;
       115: invokeinterface #58,  1           // InterfaceMethod java/util/List.clear:()V
       120: getstatic     #64                 // Field MOVING:Ljava/util/Map;
       123: invokeinterface #13,  1           // InterfaceMethod java/util/Map.clear:()V
       128: invokestatic  #67                 // Method kr/moonseungjun/villageguardians/VillageSkillEffectSystem.reset:()V
       131: iconst_0
       132: putstatic     #72                 // Field spawningGeneratedArrow:Z
       135: iconst_0
       136: putstatic     #76                 // Field replayingEcho:Z
       139: return

  public static void cast(net.minecraft.server.level.ServerLevel, net.minecraft.server.level.ServerPlayer, kr.moonseungjun.villageguardians.VillageRoleSkillSystem$ActiveSkill, float, float, int);
    Code:
         0: aload_0
         1: invokevirtual #79                 // Method net/minecraft/server/level/ServerLevel.getGameTime:()J
         4: lstore        6
         6: aload_1
         7: invokevirtual #85                 // Method net/minecraft/server/level/ServerPlayer.getUUID:()Ljava/util/UUID;
        10: invokestatic  #91                 // Method kr/moonseungjun/villageguardians/VillageCouncilState.levelOf:(Ljava/util/UUID;)I
        13: istore        8
        15: bipush        40
        17: bipush        120
        19: iload         8
        21: iconst_3
        22: imul
        23: iadd
        24: i2f
        25: fload         4
        27: fmul
        28: invokestatic  #97                 // Method java/lang/Math.round:(F)I
        31: invokestatic  #103                // Method java/lang/Math.max:(II)I
        34: istore        9
        36: aload_1
        37: invokestatic  #107                // Method horizontalLook:(Lnet/minecraft/server/level/ServerPlayer;)Lnet/minecraft/world/phys/Vec3;
        40: astore        10
        42: aload_1
        43: invokestatic  #111                // Method lookDirection:(Lnet/minecraft/server/level/ServerPlayer;)Lnet/minecraft/world/phys/Vec3;
        46: astore        11
        48: aload_2
        49: getstatic     #114                // Field kr/moonseungjun/villageguardians/VillageRoleSkillSystem$ActiveSkill.ARCANIST_FIRE_ORB:Lkr/moonseungjun/villageguardians/VillageRoleSkillSystem$ActiveSkill;
        52: if_acmpne     60
        55: aload         11
        57: goto          62
        60: aload         10
        62: astore        12
        64: aload_0
        65: aload_1
        66: aload_2
        67: iload         9
        69: aload         12
        71: invokestatic  #120                // Method kr/moonseungjun/villageguardians/VillageSkillEffectSystem.startCast:(Lnet/minecraft/server/level/ServerLevel;Lnet/minecraft/server/level/ServerPlayer;Lkr/moonseungjun/villageguardians/VillageRoleSkillSystem$ActiveSkill;ILnet/minecraft/world/phys/Vec3;)V
        74: getstatic     #124                // Field kr/moonseungjun/villageguardians/VillageRoleAbilitySystem$1.$SwitchMap$kr$moonseungjun$villageguardians$VillageRoleSkillSystem$ActiveSkill:[I
        77: aload_2
        78: invokevirtual #130                // Method kr/moonseungjun/villageguardians/VillageRoleSkillSystem$ActiveSkill.ordinal:()I
        81: iaload
        82: tableswitch   { // 1 to 20
                       1: 176
                       2: 260
                       3: 460
                       4: 585
                       5: 659
                       6: 736
                       7: 808
                       8: 892
                       9: 969
                      10: 1007
                      11: 1110
                      12: 1219
                      13: 1322
                      14: 1345
                      15: 1367
                      16: 1460
                      17: 1490
                      18: 1568
                      19: 1593
                      20: 1705
                 default: 1781
            }
       176: bipush        48
       178: iload         9
       180: iconst_2
       181: idiv
       182: invokestatic  #103                // Method java/lang/Math.max:(II)I
       185: istore        13
       187: getstatic     #7                  // Field SPIN_UNTIL:Ljava/util/Map;
       190: aload_1
       191: invokevirtual #85                 // Method net/minecraft/server/level/ServerPlayer.getUUID:()Ljava/util/UUID;
       194: lload         6
       196: iload         13
       198: i2l
       199: ladd
       200: invokestatic  #134                // Method java/lang/Long.valueOf:(J)Ljava/lang/Long;
       203: invokeinterface #140,  3          // InterfaceMethod java/util/Map.put:(Ljava/lang/Object;Ljava/lang/Object;)Ljava/lang/Object;
       208: pop
       209: aload_0
       210: aload_1
       211: ldc           #144                // String vanguard_spin
       213: iload         13
       215: bipush        8
       217: iadd
       218: invokestatic  #146                // Method kr/moonseungjun/villageguardians/VillageNetwork.sendSkillMotion:(Lnet/minecraft/server/level/ServerLevel;Lnet/minecraft/server/level/ServerPlayer;Ljava/lang/String;I)V
       221: aload_1
       222: new           #152                // class net/minecraft/world/effect/MobEffectInstance
       225: dup
       226: getstatic     #154                // Field net/minecraft/world/effect/MobEffects.RESISTANCE:Lnet/minecraft/core/Holder;
       229: iload         13
       231: iconst_0
       232: iconst_0
       233: iconst_0
       234: iconst_1
       235: invokespecial #160                // Method net/minecraft/world/effect/MobEffectInstance."<init>":(Lnet/minecraft/core/Holder;IIZZZ)V
       238: invokevirtual #163                // Method net/minecraft/server/level/ServerPlayer.addEffect:(Lnet/minecraft/world/effect/MobEffectInstance;)Z
       241: pop
       242: aload_0
       243: aload_1
       244: invokevirtual #167                // Method net/minecraft/server/level/ServerPlayer.position:()Lnet/minecraft/world/phys/Vec3;
       247: getstatic     #171                // Field net/minecraft/sounds/SoundEvents.PLAYER_ATTACK_SWEEP:Lnet/minecraft/sounds/SoundEvent;
       250: ldc           #177                // float 1.2f
       252: ldc           #178                // float 0.72f
       254: invokestatic  #179                // Method play:(Lnet/minecraft/server/level/ServerLevel;Lnet/minecraft/world/phys/Vec3;Lnet/minecraft/sounds/SoundEvent;FF)V
       257: goto          1781
       260: aload_1
       261: getstatic     #183                // Field net/minecraft/world/InteractionHand.MAIN_HAND:Lnet/minecraft/world/InteractionHand;
       264: iconst_1
       265: invokevirtual #189                // Method net/minecraft/server/level/ServerPlayer.swing:(Lnet/minecraft/world/InteractionHand;Z)V
       268: aload_1
       269: new           #152                // class net/minecraft/world/effect/MobEffectInstance
       272: dup
       273: getstatic     #193                // Field net/minecraft/world/effect/MobEffects.STRENGTH:Lnet/minecraft/core/Holder;
       276: iload         9
       278: iconst_1
       279: iconst_1
       280: iload         5
       282: iconst_3
       283: idiv
       284: invokestatic  #196                // Method java/lang/Math.min:(II)I
       287: iadd
       288: iconst_0
       289: iconst_0
       290: iconst_1
       291: invokespecial #160                // Method net/minecraft/world/effect/MobEffectInstance."<init>":(Lnet/minecraft/core/Holder;IIZZZ)V
       294: invokevirtual #163                // Method net/minecraft/server/level/ServerPlayer.addEffect:(Lnet/minecraft/world/effect/MobEffectInstance;)Z
       297: pop
       298: aload_1
       299: new           #152                // class net/minecraft/world/effect/MobEffectInstance
       302: dup
       303: getstatic     #199                // Field net/minecraft/world/effect/MobEffects.SPEED:Lnet/minecraft/core/Holder;
       306: iload         9
       308: iconst_1
       309: iconst_1
       310: iload         5
       312: iconst_4
       313: idiv
       314: invokestatic  #196                // Method java/lang/Math.min:(II)I
       317: iadd
       318: iconst_0
       319: iconst_0
       320: iconst_1
       321: invokespecial #160                // Method net/minecraft/world/effect/MobEffectInstance."<init>":(Lnet/minecraft/core/Holder;IIZZZ)V
       324: invokevirtual #163                // Method net/minecraft/server/level/ServerPlayer.addEffect:(Lnet/minecraft/world/effect/MobEffectInstance;)Z
       327: pop
       328: aload_1
       329: new           #152                // class net/minecraft/world/effect/MobEffectInstance
       332: dup
       333: getstatic     #154                // Field net/minecraft/world/effect/MobEffects.RESISTANCE:Lnet/minecraft/core/Holder;
       336: iload         9
       338: iconst_0
       339: iconst_0
       340: iconst_0
       341: iconst_1
       342: invokespecial #160                // Method net/minecraft/world/effect/MobEffectInstance."<init>":(Lnet/minecraft/core/Holder;IIZZZ)V
       345: invokevirtual #163                // Method net/minecraft/server/level/ServerPlayer.addEffect:(Lnet/minecraft/world/effect/MobEffectInstance;)Z
       348: pop
       349: aload_1
       350: ldc2_w        #202                // double 11.0d
       353: invokestatic  #204                // Method allies:(Lnet/minecraft/server/level/ServerPlayer;D)Ljava/util/List;
       356: invokeinterface #208,  1          // InterfaceMethod java/util/List.iterator:()Ljava/util/Iterator;
       361: astore        13
       363: aload         13
       365: invokeinterface #212,  1          // InterfaceMethod java/util/Iterator.hasNext:()Z
       370: ifeq          442
       373: aload         13
       375: invokeinterface #218,  1          // InterfaceMethod java/util/Iterator.next:()Ljava/lang/Object;
       380: checkcast     #86                 // class net/minecraft/server/level/ServerPlayer
       383: astore        14
       385: aload         14
       387: new           #152                // class net/minecraft/world/effect/MobEffectInstance
       390: dup
       391: getstatic     #193                // Field net/minecraft/world/effect/MobEffects.STRENGTH:Lnet/minecraft/core/Holder;
       394: iload         9
       396: iload         5
       398: iconst_3
       399: if_icmplt     406
       402: iconst_1
       403: goto          407
       406: iconst_0
       407: iconst_0
       408: iconst_0
       409: iconst_1
       410: invokespecial #160                // Method net/minecraft/world/effect/MobEffectInstance."<init>":(Lnet/minecraft/core/Holder;IIZZZ)V
       413: invokevirtual #163                // Method net/minecraft/server/level/ServerPlayer.addEffect:(Lnet/minecraft/world/effect/MobEffectInstance;)Z
       416: pop
       417: aload         14
       419: new           #152                // class net/minecraft/world/effect/MobEffectInstance
       422: dup
       423: getstatic     #199                // Field net/minecraft/world/effect/MobEffects.SPEED:Lnet/minecraft/core/Holder;
       426: iload         9
       428: iconst_0
       429: iconst_0
       430: iconst_0
       431: iconst_1
       432: invokespecial #160                // Method net/minecraft/world/effect/MobEffectInstance."<init>":(Lnet/minecraft/core/Holder;IIZZZ)V
       435: invokevirtual #163                // Method net/minecraft/server/level/ServerPlayer.addEffect:(Lnet/minecraft/world/effect/MobEffectInstance;)Z
       438: pop
       439: goto          363
       442: aload_0
       443: aload_1
       444: invokevirtual #167                // Method net/minecraft/server/level/ServerPlayer.position:()Lnet/minecraft/world/phys/Vec3;
       447: getstatic     #222                // Field net/minecraft/sounds/SoundEvents.RAVAGER_ROAR:Lnet/minecraft/sounds/SoundEvent;
       450: ldc           #225                // float 0.85f
       452: ldc           #226                // float 1.18f
       454: invokestatic  #179                // Method play:(Lnet/minecraft/server/level/ServerLevel;Lnet/minecraft/world/phys/Vec3;Lnet/minecraft/sounds/SoundEvent;FF)V
       457: goto          1781
       460: getstatic     #45                 // Field CHARGE_UNTIL:Ljava/util/Map;
       463: aload_1
       464: invokevirtual #85                 // Method net/minecraft/server/level/ServerPlayer.getUUID:()Ljava/util/UUID;
       467: lload         6
       469: ldc2_w        #227                // long 22l
       472: ladd
       473: invokestatic  #134                // Method java/lang/Long.valueOf:(J)Ljava/lang/Long;
       476: invokeinterface #140,  3          // InterfaceMethod java/util/Map.put:(Ljava/lang/Object;Ljava/lang/Object;)Ljava/lang/Object;
       481: pop
       482: aload_1
       483: new           #152                // class net/minecraft/world/effect/MobEffectInstance
       486: dup
       487: getstatic     #154                // Field net/minecraft/world/effect/MobEffects.RESISTANCE:Lnet/minecraft/core/Holder;
       490: bipush        26
       492: iconst_2
       493: iconst_0
       494: iconst_0
       495: iconst_1
       496: invokespecial #160                // Method net/minecraft/world/effect/MobEffectInstance."<init>":(Lnet/minecraft/core/Holder;IIZZZ)V
       499: invokevirtual #163                // Method net/minecraft/server/level/ServerPlayer.addEffect:(Lnet/minecraft/world/effect/MobEffectInstance;)Z
       502: pop
       503: iconst_0
       504: istore        13
       506: iload         13
       508: bipush        6
       510: if_icmpge     568
       513: getstatic     #54                 // Field SCHEDULED:Ljava/util/List;
       516: new           #229                // class kr/moonseungjun/villageguardians/VillageRoleAbilitySystem$ScheduledAction
       519: dup
       520: lload         6
       522: ldc2_w        #231                // long 4l
       525: ladd
       526: iload         13
       528: i2l
       529: ldc2_w        #231                // long 4l
       532: lmul
       533: ladd
       534: aload_1
       535: invokevirtual #85                 // Method net/minecraft/server/level/ServerPlayer.getUUID:()Ljava/util/UUID;
       538: aload_2
       539: getstatic     #233                // Field kr/moonseungjun/villageguardians/VillageRoleAbilitySystem$ActionKind.BLADE_WAVE:Lkr/moonseungjun/villageguardians/VillageRoleAbilitySystem$ActionKind;
       542: fload_3
       543: fload         4
       545: iload         5
       547: aload_1
       548: invokevirtual #167                // Method net/minecraft/server/level/ServerPlayer.position:()Lnet/minecraft/world/phys/Vec3;
       551: aload         10
       553: invokespecial #239                // Method kr/moonseungjun/villageguardians/VillageRoleAbilitySystem$ScheduledAction."<init>":(JLjava/util/UUID;Lkr/moonseungjun/villageguardians/VillageRoleSkillSystem$ActiveSkill;Lkr/moonseungjun/villageguardians/VillageRoleAbilitySystem$ActionKind;FFILnet/minecraft/world/phys/Vec3;Lnet/minecraft/world/phys/Vec3;)V
       556: invokeinterface #242,  2          // InterfaceMethod java/util/List.add:(Ljava/lang/Object;)Z
       561: pop
       562: iinc          13, 1
       565: goto          506
       568: aload_0
       569: aload_1
       570: invokevirtual #167                // Method net/minecraft/server/level/ServerPlayer.position:()Lnet/minecraft/world/phys/Vec3;
       573: getstatic     #246                // Field net/minecraft/sounds/SoundEvents.PLAYER_ATTACK_STRONG:Lnet/minecraft/sounds/SoundEvent;
       576: fconst_1
       577: ldc           #178                // float 0.72f
       579: invokestatic  #179                // Method play:(Lnet/minecraft/server/level/ServerLevel;Lnet/minecraft/world/phys/Vec3;Lnet/minecraft/sounds/SoundEvent;FF)V
       582: goto          1781
       585: getstatic     #51                 // Field SLAMS:Ljava/util/Map;
       588: aload_1
       589: invokevirtual #85                 // Method net/minecraft/server/level/ServerPlayer.getUUID:()Ljava/util/UUID;
       592: new           #249                // class kr/moonseungjun/villageguardians/VillageRoleAbilitySystem$SlamState
       595: dup
       596: lload         6
       598: fload_3
       599: iload         5
       601: aload_1
       602: invokevirtual #167                // Method net/minecraft/server/level/ServerPlayer.position:()Lnet/minecraft/world/phys/Vec3;
       605: invokespecial #251                // Method kr/moonseungjun/villageguardians/VillageRoleAbilitySystem$SlamState."<init>":(JFILnet/minecraft/world/phys/Vec3;)V
       608: invokeinterface #140,  3          // InterfaceMethod java/util/Map.put:(Ljava/lang/Object;Ljava/lang/Object;)Ljava/lang/Object;
       613: pop
       614: aload_1
       615: aload         10
       617: ldc2_w        #254                // double 0.52d
       620: invokevirtual #256                // Method net/minecraft/world/phys/Vec3.scale:(D)Lnet/minecraft/world/phys/Vec3;
       623: dconst_0
       624: ldc2_w        #262                // double 1.05d
       627: dconst_0
       628: invokevirtual #264                // Method net/minecraft/world/phys/Vec3.add:(DDD)Lnet/minecraft/world/phys/Vec3;
       631: invokevirtual #267                // Method net/minecraft/server/level/ServerPlayer.setDeltaMovement:(Lnet/minecraft/world/phys/Vec3;)V
       634: aload_1
       635: iconst_1
       636: putfield      #271                // Field net/minecraft/server/level/ServerPlayer.hurtMarked:Z
       639: aload_0
       640: aload_1
       641: invokevirtual #167                // Method net/minecraft/server/level/ServerPlayer.position:()Lnet/minecraft/world/phys/Vec3;
       644: getstatic     #274                // Field net/minecraft/sounds/SoundEvents.ENDER_DRAGON_FLAP:Lnet/minecraft/sounds/SoundEvent;
       647: ldc_w         #277                // float 0.8f
       650: ldc_w         #278                // float 1.35f
       653: invokestatic  #179                // Method play:(Lnet/minecraft/server/level/ServerLevel;Lnet/minecraft/world/phys/Vec3;Lnet/minecraft/sounds/SoundEvent;FF)V
       656: goto          1781
       659: aload_1
       660: invokevirtual #85                 // Method net/minecraft/server/level/ServerPlayer.getUUID:()Ljava/util/UUID;
       663: invokestatic  #279                // Method clearRangerReadies:(Ljava/util/UUID;)V
       666: lload         6
       668: ldc2_w        #283                // long 240l
       671: iload         9
       673: i2l
       674: ldc2_w        #285                // long 2l
       677: lmul
       678: invokestatic  #287                // Method java/lang/Math.max:(JJ)J
       681: ladd
       682: lstore        13
       684: getstatic     #18                 // Field RAPID_UNTIL:Ljava/util/Map;
       687: aload_1
       688: invokevirtual #85                 // Method net/minecraft/server/level/ServerPlayer.getUUID:()Ljava/util/UUID;
       691: lload         13
       693: invokestatic  #134                // Method java/lang/Long.valueOf:(J)Ljava/lang/Long;
       696: invokeinterface #140,  3          // InterfaceMethod java/util/Map.put:(Ljava/lang/Object;Ljava/lang/Object;)Ljava/lang/Object;
       701: pop
       702: aload_1
       703: getstatic     #183                // Field net/minecraft/world/InteractionHand.MAIN_HAND:Lnet/minecraft/world/InteractionHand;
       706: iconst_1
       707: invokevirtual #189                // Method net/minecraft/server/level/ServerPlayer.swing:(Lnet/minecraft/world/InteractionHand;Z)V
       710: aload_0
       711: aload_1
       712: invokevirtual #167                // Method net/minecraft/server/level/ServerPlayer.position:()Lnet/minecraft/world/phys/Vec3;
       715: getstatic     #290                // Field net/minecraft/sounds/SoundEvents.CROSSBOW_LOADING_END:Lnet/minecraft/core/Holder;
       718: invokeinterface #293,  1          // InterfaceMethod net/minecraft/core/Holder.value:()Ljava/lang/Object;
       723: checkcast     #298                // class net/minecraft/sounds/SoundEvent
       726: fconst_1
       727: ldc_w         #278                // float 1.35f
       730: invokestatic  #179                // Method play:(Lnet/minecraft/server/level/ServerLevel;Lnet/minecraft/world/phys/Vec3;Lnet/minecraft/sounds/SoundEvent;FF)V
       733: goto          1781
       736: aload_1
       737: invokevirtual #85                 // Method net/minecraft/server/level/ServerPlayer.getUUID:()Ljava/util/UUID;
       740: invokestatic  #279                // Method clearRangerReadies:(Ljava/util/UUID;)V
       743: getstatic     #24                 // Field RICOCHET_UNTIL:Ljava/util/Map;
       746: aload_1
       747: invokevirtual #85                 // Method net/minecraft/server/level/ServerPlayer.getUUID:()Ljava/util/UUID;
       750: lload         6
       752: ldc2_w        #283                // long 240l
       755: iload         9
       757: i2l
       758: ldc2_w        #285                // long 2l
       761: lmul
       762: invokestatic  #287                // Method java/lang/Math.max:(JJ)J
       765: ladd
       766: invokestatic  #134                // Method java/lang/Long.valueOf:(J)Ljava/lang/Long;
       769: invokeinterface #140,  3          // InterfaceMethod java/util/Map.put:(Ljava/lang/Object;Ljava/lang/Object;)Ljava/lang/Object;
       774: pop
       775: aload_1
       776: getstatic     #183                // Field net/minecraft/world/InteractionHand.MAIN_HAND:Lnet/minecraft/world/InteractionHand;
       779: iconst_1
       780: invokevirtual #189                // Method net/minecraft/server/level/ServerPlayer.swing:(Lnet/minecraft/world/InteractionHand;Z)V
       783: aload_0
       784: aload_1
       785: invokevirtual #167                // Method net/minecraft/server/level/ServerPlayer.position:()Lnet/minecraft/world/phys/Vec3;
       788: getstatic     #300                // Field net/minecraft/sounds/SoundEvents.CROSSBOW_QUICK_CHARGE_3:Lnet/minecraft/core/Holder;
       791: invokeinterface #293,  1          // InterfaceMethod net/minecraft/core/Holder.value:()Ljava/lang/Object;
       796: checkcast     #298                // class net/minecraft/sounds/SoundEvent
       799: fconst_1
       800: ldc           #177                // float 1.2f
       802: invokestatic  #179                // Method play:(Lnet/minecraft/server/level/ServerLevel;Lnet/minecraft/world/phys/Vec3;Lnet/minecraft/sounds/SoundEvent;FF)V
       805: goto          1781
       808: aload_1
       809: invokevirtual #85                 // Method net/minecraft/server/level/ServerPlayer.getUUID:()Ljava/util/UUID;
       812: invokestatic  #279                // Method clearRangerReadies:(Ljava/util/UUID;)V
       815: lload         6
       817: ldc2_w        #303                // long 260l
       820: iload         9
       822: i2l
       823: ldc2_w        #285                // long 2l
       826: lmul
       827: invokestatic  #287                // Method java/lang/Math.max:(JJ)J
       830: ladd
       831: lstore        13
       833: getstatic     #33                 // Field ARROW_RAIN_READY:Ljava/util/Map;
       836: aload_1
       837: invokevirtual #85                 // Method net/minecraft/server/level/ServerPlayer.getUUID:()Ljava/util/UUID;
       840: new           #305                // class kr/moonseungjun/villageguardians/VillageRoleAbilitySystem$EmpoweredArrowState
       843: dup
       844: lload         13
       846: fload_3
       847: iload         5
       849: invokespecial #307                // Method kr/moonseungjun/villageguardians/VillageRoleAbilitySystem$EmpoweredArrowState."<init>":(JFI)V
       852: invokeinterface #140,  3          // InterfaceMethod java/util/Map.put:(Ljava/lang/Object;Ljava/lang/Object;)Ljava/lang/Object;
       857: pop
       858: aload_1
       859: getstatic     #183                // Field net/minecraft/world/InteractionHand.MAIN_HAND:Lnet/minecraft/world/InteractionHand;
       862: iconst_1
       863: invokevirtual #189                // Method net/minecraft/server/level/ServerPlayer.swing:(Lnet/minecraft/world/InteractionHand;Z)V
       866: aload_0
       867: aload_1
       868: invokevirtual #167                // Method net/minecraft/server/level/ServerPlayer.position:()Lnet/minecraft/world/phys/Vec3;
       871: getstatic     #290                // Field net/minecraft/sounds/SoundEvents.CROSSBOW_LOADING_END:Lnet/minecraft/core/Holder;
       874: invokeinterface #293,  1          // InterfaceMethod net/minecraft/core/Holder.value:()Ljava/lang/Object;
       879: checkcast     #298                // class net/minecraft/sounds/SoundEvent
       882: fconst_1
       883: ldc_w         #310                // float 0.92f
       886: invokestatic  #179                // Method play:(Lnet/minecraft/server/level/ServerLevel;Lnet/minecraft/world/phys/Vec3;Lnet/minecraft/sounds/SoundEvent;FF)V
       889: goto          1781
       892: aload_1
       893: invokevirtual #85                 // Method net/minecraft/server/level/ServerPlayer.getUUID:()Ljava/util/UUID;
       896: invokestatic  #279                // Method clearRangerReadies:(Ljava/util/UUID;)V
       899: lload         6
       901: ldc2_w        #311                // long 280l
       904: iload         9
       906: i2l
       907: ldc2_w        #285                // long 2l
       910: lmul
       911: invokestatic  #287                // Method java/lang/Math.max:(JJ)J
       914: ladd
       915: lstore        13
       917: getstatic     #36                 // Field MEGA_ARROW_READY:Ljava/util/Map;
       920: aload_1
       921: invokevirtual #85                 // Method net/minecraft/server/level/ServerPlayer.getUUID:()Ljava/util/UUID;
       924: new           #305                // class kr/moonseungjun/villageguardians/VillageRoleAbilitySystem$EmpoweredArrowState
       927: dup
       928: lload         13
       930: fload_3
       931: iload         5
       933: invokespecial #307                // Method kr/moonseungjun/villageguardians/VillageRoleAbilitySystem$EmpoweredArrowState."<init>":(JFI)V
       936: invokeinterface #140,  3          // InterfaceMethod java/util/Map.put:(Ljava/lang/Object;Ljava/lang/Object;)Ljava/lang/Object;
       941: pop
       942: aload_1
       943: getstatic     #183                // Field net/minecraft/world/InteractionHand.MAIN_HAND:Lnet/minecraft/world/InteractionHand;
       946: iconst_1
       947: invokevirtual #189                // Method net/minecraft/server/level/ServerPlayer.swing:(Lnet/minecraft/world/InteractionHand;Z)V
       950: aload_0
       951: aload_1
       952: invokevirtual #167                // Method net/minecraft/server/level/ServerPlayer.position:()Lnet/minecraft/world/phys/Vec3;
       955: getstatic     #313                // Field net/minecraft/sounds/SoundEvents.BEACON_POWER_SELECT:Lnet/minecraft/sounds/SoundEvent;
       958: ldc           #177                // float 1.2f
       960: ldc_w         #316                // float 0.62f
       963: invokestatic  #179                // Method play:(Lnet/minecraft/server/level/ServerLevel;Lnet/minecraft/world/phys/Vec3;Lnet/minecraft/sounds/SoundEvent;FF)V
       966: goto          1781
       969: aload_0
       970: aload_1
       971: ldc2_w        #317                // double 1.35d
       974: bipush        112
       976: ldc_w         #319                // float 12.0f
       979: iload         8
       981: i2f
       982: ldc_w         #320                // float 0.65f
       985: fmul
       986: fadd
       987: fload_3
       988: fmul
       989: ldc2_w        #321                // double 4.8d
       992: iload         5
       994: invokestatic  #323                // Method areaRadius:(DI)D
       997: iload         5
       999: aload         11
      1001: invokestatic  #327                // Method launchFireOrb:(Lnet/minecraft/server/level/ServerLevel;Lnet/minecraft/server/level/ServerPlayer;DIFDILnet/minecraft/world/phys/Vec3;)V
      1004: goto          1781
      1007: ldc2_w        #331                // double 7.5d
      1010: iload         5
      1012: invokestatic  #323                // Method areaRadius:(DI)D
      1015: dstore        13
      1017: aload_0
      1018: aload_1
      1019: ldc2_w        #333                // double 28.0d
      1022: iload         5
      1024: invokestatic  #335                // Method maximumRange:(DI)D
      1027: invokestatic  #338                // Method aimedGround:(Lnet/minecraft/server/level/ServerLevel;Lnet/minecraft/server/level/ServerPlayer;D)Lnet/minecraft/world/phys/Vec3;
      1030: astore        15
      1032: sipush        140
      1035: iload         9
      1037: invokestatic  #103                // Method java/lang/Math.max:(II)I
      1040: istore        16
      1042: getstatic     #61                 // Field AREAS:Ljava/util/List;
      1045: new           #342                // class kr/moonseungjun/villageguardians/VillageRoleAbilitySystem$AreaState
      1048: dup
      1049: aload_1
      1050: invokevirtual #85                 // Method net/minecraft/server/level/ServerPlayer.getUUID:()Ljava/util/UUID;
      1053: getstatic     #344                // Field kr/moonseungjun/villageguardians/VillageRoleAbilitySystem$AreaKind.FROST:Lkr/moonseungjun/villageguardians/VillageRoleAbilitySystem$AreaKind;
      1056: aload         15
      1058: lload         6
      1060: iload         16
      1062: i2l
      1063: ladd
      1064: dload         13
      1066: fload_3
      1067: iload         5
      1069: iconst_0
      1070: invokespecial #350                // Method kr/moonseungjun/villageguardians/VillageRoleAbilitySystem$AreaState."<init>":(Ljava/util/UUID;Lkr/moonseungjun/villageguardians/VillageRoleAbilitySystem$AreaKind;Lnet/minecraft/world/phys/Vec3;JDFII)V
      1073: invokeinterface #242,  2          // InterfaceMethod java/util/List.add:(Ljava/lang/Object;)Z
      1078: pop
      1079: aload_0
      1080: aload_1
      1081: aload         15
      1083: iload         16
      1085: dload         13
      1087: iload         5
      1089: invokestatic  #353                // Method kr/moonseungjun/villageguardians/VillageSkillEffectSystem.frostField:(Lnet/minecraft/server/level/ServerLevel;Lnet/minecraft/server/level/ServerPlayer;Lnet/minecraft/world/phys/Vec3;IDI)V
      1092: aload_0
      1093: aload         15
      1095: getstatic     #357                // Field net/minecraft/sounds/SoundEvents.GLASS_PLACE:Lnet/minecraft/sounds/SoundEvent;
      1098: ldc_w         #360                // float 1.1f
      1101: ldc_w         #316                // float 0.62f
      1104: invokestatic  #179                // Method play:(Lnet/minecraft/server/level/ServerLevel;Lnet/minecraft/world/phys/Vec3;Lnet/minecraft/sounds/SoundEvent;FF)V
      1107: goto          1781
      1110: ldc2_w        #361                // double 8.5d
      1113: iload         5
      1115: invokestatic  #323                // Method areaRadius:(DI)D
      1118: dstore        13
      1120: aload_0
      1121: aload_1
      1122: ldc2_w        #363                // double 30.0d
      1125: iload         5
      1127: invokestatic  #335                // Method maximumRange:(DI)D
      1130: invokestatic  #338                // Method aimedGround:(Lnet/minecraft/server/level/ServerLevel;Lnet/minecraft/server/level/ServerPlayer;D)Lnet/minecraft/world/phys/Vec3;
      1133: astore        15
      1135: bipush        120
      1137: iload         9
      1139: invokestatic  #103                // Method java/lang/Math.max:(II)I
      1142: istore        16
      1144: getstatic     #61                 // Field AREAS:Ljava/util/List;
      1147: new           #342                // class kr/moonseungjun/villageguardians/VillageRoleAbilitySystem$AreaState
      1150: dup
      1151: aload_1
      1152: invokevirtual #85                 // Method net/minecraft/server/level/ServerPlayer.getUUID:()Ljava/util/UUID;
      1155: getstatic     #365                // Field kr/moonseungjun/villageguardians/VillageRoleAbilitySystem$AreaKind.TORNADO:Lkr/moonseungjun/villageguardians/VillageRoleAbilitySystem$AreaKind;
      1158: aload         15
      1160: lload         6
      1162: iload         16
      1164: i2l
      1165: ladd
      1166: dload         13
      1168: fload_3
      1169: iload         5
      1171: iconst_0
      1172: invokespecial #350                // Method kr/moonseungjun/villageguardians/VillageRoleAbilitySystem$AreaState."<init>":(Ljava/util/UUID;Lkr/moonseungjun/villageguardians/VillageRoleAbilitySystem$AreaKind;Lnet/minecraft/world/phys/Vec3;JDFII)V
      1175: invokeinterface #242,  2          // InterfaceMethod java/util/List.add:(Ljava/lang/Object;)Z
      1180: pop
      1181: aload_0
      1182: aload_1
      1183: aload         15
      1185: aload         10
      1187: iload         16
      1189: dload         13
      1191: iload         5
      1193: invokestatic  #368                // Method kr/moonseungjun/villageguardians/VillageSkillEffectSystem.tornadoField:(Lnet/minecraft/server/level/ServerLevel;Lnet/minecraft/server/level/ServerPlayer;Lnet/minecraft/world/phys/Vec3;Lnet/minecraft/world/phys/Vec3;IDI)V
      1196: aload_0
      1197: aload         15
      1199: getstatic     #372                // Field net/minecraft/sounds/SoundEvents.BREEZE_WIND_CHARGE_BURST:Lnet/minecraft/core/Holder$Reference;
      1202: invokevirtual #376                // Method net/minecraft/core/Holder$Reference.value:()Ljava/lang/Object;
      1205: checkcast     #298                // class net/minecraft/sounds/SoundEvent
      1208: ldc_w         #360                // float 1.1f
      1211: ldc           #178                // float 0.72f
      1213: invokestatic  #179                // Method play:(Lnet/minecraft/server/level/ServerLevel;Lnet/minecraft/world/phys/Vec3;Lnet/minecraft/sounds/SoundEvent;FF)V
      1216: goto          1781
      1219: ldc2_w        #379                // double 18.0d
      1222: iload         5
      1224: invokestatic  #323                // Method areaRadius:(DI)D
      1227: dstore        13
      1229: aload_0
      1230: aload_1
      1231: ldc2_w        #381                // double 36.0d
      1234: iload         5
      1236: invokestatic  #335                // Method maximumRange:(DI)D
      1239: invokestatic  #338                // Method aimedGround:(Lnet/minecraft/server/level/ServerLevel;Lnet/minecraft/server/level/ServerPlayer;D)Lnet/minecraft/world/phys/Vec3;
      1242: astore        15
      1244: bipush        100
      1246: iload         9
      1248: iconst_2
      1249: idiv
      1250: invokestatic  #103                // Method java/lang/Math.max:(II)I
      1253: istore        16
      1255: getstatic     #61                 // Field AREAS:Ljava/util/List;
      1258: new           #342                // class kr/moonseungjun/villageguardians/VillageRoleAbilitySystem$AreaState
      1261: dup
      1262: aload_1
      1263: invokevirtual #85                 // Method net/minecraft/server/level/ServerPlayer.getUUID:()Ljava/util/UUID;
      1266: getstatic     #383                // Field kr/moonseungjun/villageguardians/VillageRoleAbilitySystem$AreaKind.LIGHTNING:Lkr/moonseungjun/villageguardians/VillageRoleAbilitySystem$AreaKind;
      1269: aload         15
      1271: lload         6
      1273: iload         16
      1275: i2l
      1276: ladd
      1277: dload         13
      1279: fload_3
      1280: iload         5
      1282: iconst_0
      1283: invokespecial #350                // Method kr/moonseungjun/villageguardians/VillageRoleAbilitySystem$AreaState."<init>":(Ljava/util/UUID;Lkr/moonseungjun/villageguardians/VillageRoleAbilitySystem$AreaKind;Lnet/minecraft/world/phys/Vec3;JDFII)V
      1286: invokeinterface #242,  2          // InterfaceMethod java/util/List.add:(Ljava/lang/Object;)Z
      1291: pop
      1292: aload_0
      1293: aload_1
      1294: aload         15
      1296: iload         16
      1298: dload         13
      1300: iload         5
      1302: invokestatic  #386                // Method kr/moonseungjun/villageguardians/VillageSkillEffectSystem.lightningField:(Lnet/minecraft/server/level/ServerLevel;Lnet/minecraft/server/level/ServerPlayer;Lnet/minecraft/world/phys/Vec3;IDI)V
      1305: aload_0
      1306: aload         15
      1308: getstatic     #389                // Field net/minecraft/sounds/SoundEvents.LIGHTNING_BOLT_THUNDER:Lnet/minecraft/sounds/SoundEvent;
      1311: ldc           #225                // float 0.85f
      1313: ldc_w         #392                // float 1.15f
      1316: invokestatic  #179                // Method play:(Lnet/minecraft/server/level/ServerLevel;Lnet/minecraft/world/phys/Vec3;Lnet/minecraft/sounds/SoundEvent;FF)V
      1319: goto          1781
      1322: aload_1
      1323: ldc_w         #393                // float 10.0f
      1326: iload         8
      1328: i2f
      1329: ldc_w         #394                // float 0.7f
      1332: fmul
      1333: fadd
      1334: fload_3
      1335: fmul
      1336: iload         5
      1338: iconst_0
      1339: invokestatic  #395                // Method healLowestAlly:(Lnet/minecraft/server/level/ServerPlayer;FIZ)V
      1342: goto          1781
      1345: aload_1
      1346: ldc_w         #399                // float 3.0f
      1349: iload         8
      1351: i2f
      1352: ldc_w         #400                // float 0.22f
      1355: fmul
      1356: fadd
      1357: fload_3
      1358: fmul
      1359: iload         5
      1361: invokestatic  #401                // Method cleanseAllies:(Lnet/minecraft/server/level/ServerPlayer;FI)V
      1364: goto          1781
      1367: ldc2_w        #331                // double 7.5d
      1370: iload         5
      1372: invokestatic  #323                // Method areaRadius:(DI)D
      1375: dstore        13
      1377: sipush        160
      1380: iload         9
      1382: iconst_2
      1383: imul
      1384: invokestatic  #103                // Method java/lang/Math.max:(II)I
      1387: istore        15
      1389: getstatic     #61                 // Field AREAS:Ljava/util/List;
      1392: new           #342                // class kr/moonseungjun/villageguardians/VillageRoleAbilitySystem$AreaState
      1395: dup
      1396: aload_1
      1397: invokevirtual #85                 // Method net/minecraft/server/level/ServerPlayer.getUUID:()Ljava/util/UUID;
      1400: getstatic     #405                // Field kr/moonseungjun/villageguardians/VillageRoleAbilitySystem$AreaKind.HEALING:Lkr/moonseungjun/villageguardians/VillageRoleAbilitySystem$AreaKind;
      1403: aload_1
      1404: invokevirtual #167                // Method net/minecraft/server/level/ServerPlayer.position:()Lnet/minecraft/world/phys/Vec3;
      1407: lload         6
      1409: iload         15
      1411: i2l
      1412: ladd
      1413: dload         13
      1415: fload_3
      1416: iload         5
      1418: iconst_0
      1419: invokespecial #350                // Method kr/moonseungjun/villageguardians/VillageRoleAbilitySystem$AreaState."<init>":(Ljava/util/UUID;Lkr/moonseungjun/villageguardians/VillageRoleAbilitySystem$AreaKind;Lnet/minecraft/world/phys/Vec3;JDFII)V
      1422: invokeinterface #242,  2          // InterfaceMethod java/util/List.add:(Ljava/lang/Object;)Z
      1427: pop
      1428: aload_0
      1429: aload_1
      1430: aload_1
      1431: invokevirtual #167                // Method net/minecraft/server/level/ServerPlayer.position:()Lnet/minecraft/world/phys/Vec3;
      1434: iload         15
      1436: dload         13
      1438: iload         5
      1440: invokestatic  #408                // Method kr/moonseungjun/villageguardians/VillageSkillEffectSystem.healingField:(Lnet/minecraft/server/level/ServerLevel;Lnet/minecraft/server/level/ServerPlayer;Lnet/minecraft/world/phys/Vec3;IDI)V
      1443: aload_0
      1444: aload_1
      1445: invokevirtual #167                // Method net/minecraft/server/level/ServerPlayer.position:()Lnet/minecraft/world/phys/Vec3;
      1448: getstatic     #411                // Field net/minecraft/sounds/SoundEvents.BEACON_ACTIVATE:Lnet/minecraft/sounds/SoundEvent;
      1451: fconst_1
      1452: ldc           #177                // float 1.2f
      1454: invokestatic  #179                // Method play:(Lnet/minecraft/server/level/ServerLevel;Lnet/minecraft/world/phys/Vec3;Lnet/minecraft/sounds/SoundEvent;FF)V
      1457: goto          1781
      1460: aload_1
      1461: ldc_w         #414                // float 15.0f
      1464: iload         8
      1466: i2f
      1467: ldc_w         #415                // float 0.9f
      1470: fmul
      1471: fadd
      1472: fload_3
      1473: fmul
      1474: iconst_2
      1475: iload         5
      1477: invokestatic  #103                // Method java/lang/Math.max:(II)I
      1480: iload         9
      1482: iconst_2
      1483: imul
      1484: invokestatic  #416                // Method miracle:(Lnet/minecraft/server/level/ServerPlayer;FII)V
      1487: goto          1781
      1490: getstatic     #42                 // Field AEGIS_UNTIL:Ljava/util/Map;
      1493: aload_1
      1494: invokevirtual #85                 // Method net/minecraft/server/level/ServerPlayer.getUUID:()Ljava/util/UUID;
      1497: invokeinterface #420,  2          // InterfaceMethod java/util/Map.remove:(Ljava/lang/Object;)Ljava/lang/Object;
      1502: pop
      1503: getstatic     #54                 // Field SCHEDULED:Ljava/util/List;
      1506: new           #229                // class kr/moonseungjun/villageguardians/VillageRoleAbilitySystem$ScheduledAction
      1509: dup
      1510: lload         6
      1512: aload_1
      1513: invokevirtual #85                 // Method net/minecraft/server/level/ServerPlayer.getUUID:()Ljava/util/UUID;
      1516: aload_2
      1517: getstatic     #424                // Field kr/moonseungjun/villageguardians/VillageRoleAbilitySystem$ActionKind.SHIELD_CHARGE:Lkr/moonseungjun/villageguardians/VillageRoleAbilitySystem$ActionKind;
      1520: fload_3
      1521: fload         4
      1523: iload         5
      1525: aload_1
      1526: invokevirtual #167                // Method net/minecraft/server/level/ServerPlayer.position:()Lnet/minecraft/world/phys/Vec3;
      1529: aload         10
      1531: invokespecial #239                // Method kr/moonseungjun/villageguardians/VillageRoleAbilitySystem$ScheduledAction."<init>":(JLjava/util/UUID;Lkr/moonseungjun/villageguardians/VillageRoleSkillSystem$ActiveSkill;Lkr/moonseungjun/villageguardians/VillageRoleAbilitySystem$ActionKind;FFILnet/minecraft/world/phys/Vec3;Lnet/minecraft/world/phys/Vec3;)V
      1534: invokeinterface #242,  2          // InterfaceMethod java/util/List.add:(Ljava/lang/Object;)Z
      1539: pop
      1540: aload_1
      1541: aload         10
      1543: ldc2_w        #262                // double 1.05d
      1546: invokevirtual #256                // Method net/minecraft/world/phys/Vec3.scale:(D)Lnet/minecraft/world/phys/Vec3;
      1549: dconst_0
      1550: ldc2_w        #427                // double 0.08d
      1553: dconst_0
      1554: invokevirtual #264                // Method net/minecraft/world/phys/Vec3.add:(DDD)Lnet/minecraft/world/phys/Vec3;
      1557: invokevirtual #267                // Method net/minecraft/server/level/ServerPlayer.setDeltaMovement:(Lnet/minecraft/world/phys/Vec3;)V
      1560: aload_1
      1561: iconst_1
      1562: putfield      #271                // Field net/minecraft/server/level/ServerPlayer.hurtMarked:Z
      1565: goto          1781
      1568: aload_0
      1569: aload_1
      1570: ldc_w         #429                // float 4.0f
      1573: iload         8
      1575: i2f
      1576: ldc_w         #430                // float 0.25f
      1579: fmul
      1580: fadd
      1581: fload_3
      1582: fmul
      1583: iload         9
      1585: iload         5
      1587: invokestatic  #431                // Method tauntShout:(Lnet/minecraft/server/level/ServerLevel;Lnet/minecraft/server/level/ServerPlayer;FII)V
      1590: goto          1781
      1593: getstatic     #39                 // Field FORTRESS_UNTIL:Ljava/util/Map;
      1596: aload_1
      1597: invokevirtual #85                 // Method net/minecraft/server/level/ServerPlayer.getUUID:()Ljava/util/UUID;
      1600: lload         6
      1602: bipush        120
      1604: iload         9
      1606: invokestatic  #103                // Method java/lang/Math.max:(II)I
      1609: i2l
      1610: ladd
      1611: invokestatic  #134                // Method java/lang/Long.valueOf:(J)Ljava/lang/Long;
      1614: invokeinterface #140,  3          // InterfaceMethod java/util/Map.put:(Ljava/lang/Object;Ljava/lang/Object;)Ljava/lang/Object;
      1619: pop
      1620: aload_1
      1621: new           #152                // class net/minecraft/world/effect/MobEffectInstance
      1624: dup
      1625: getstatic     #435                // Field net/minecraft/world/effect/MobEffects.ABSORPTION:Lnet/minecraft/core/Holder;
      1628: bipush        120
      1630: iload         9
      1632: invokestatic  #103                // Method java/lang/Math.max:(II)I
      1635: iconst_5
      1636: iconst_3
      1637: iload         5
      1639: invokestatic  #196                // Method java/lang/Math.min:(II)I
      1642: iadd
      1643: iconst_0
      1644: iconst_0
      1645: iconst_1
      1646: invokespecial #160                // Method net/minecraft/world/effect/MobEffectInstance."<init>":(Lnet/minecraft/core/Holder;IIZZZ)V
      1649: invokevirtual #163                // Method net/minecraft/server/level/ServerPlayer.addEffect:(Lnet/minecraft/world/effect/MobEffectInstance;)Z
      1652: pop
      1653: aload_1
      1654: new           #152                // class net/minecraft/world/effect/MobEffectInstance
      1657: dup
      1658: getstatic     #154                // Field net/minecraft/world/effect/MobEffects.RESISTANCE:Lnet/minecraft/core/Holder;
      1661: bipush        120
      1663: iload         9
      1665: invokestatic  #103                // Method java/lang/Math.max:(II)I
      1668: iconst_3
      1669: iconst_0
      1670: iconst_0
      1671: iconst_1
      1672: invokespecial #160                // Method net/minecraft/world/effect/MobEffectInstance."<init>":(Lnet/minecraft/core/Holder;IIZZZ)V
      1675: invokevirtual #163                // Method net/minecraft/server/level/ServerPlayer.addEffect:(Lnet/minecraft/world/effect/MobEffectInstance;)Z
      1678: pop
      1679: aload_0
      1680: aload_1
      1681: invokevirtual #167                // Method net/minecraft/server/level/ServerPlayer.position:()Lnet/minecraft/world/phys/Vec3;
      1684: getstatic     #438                // Field net/minecraft/sounds/SoundEvents.SHIELD_BLOCK:Lnet/minecraft/core/Holder$Reference;
      1687: invokevirtual #376                // Method net/minecraft/core/Holder$Reference.value:()Ljava/lang/Object;
      1690: checkcast     #298                // class net/minecraft/sounds/SoundEvent
      1693: ldc_w         #441                // float 1.4f
      1696: ldc_w         #442                // float 0.55f
      1699: invokestatic  #179                // Method play:(Lnet/minecraft/server/level/ServerLevel;Lnet/minecraft/world/phys/Vec3;Lnet/minecraft/sounds/SoundEvent;FF)V
      1702: goto          1781
      1705: getstatic     #42                 // Field AEGIS_UNTIL:Ljava/util/Map;
      1708: aload_1
      1709: invokevirtual #85                 // Method net/minecraft/server/level/ServerPlayer.getUUID:()Ljava/util/UUID;
      1712: lload         6
      1714: ldc2_w        #443                // long 180l
      1717: iload         9
      1719: i2l
      1720: ldc2_w        #285                // long 2l
      1723: lmul
      1724: invokestatic  #287                // Method java/lang/Math.max:(JJ)J
      1727: ladd
      1728: invokestatic  #134                // Method java/lang/Long.valueOf:(J)Ljava/lang/Long;
      1731: invokeinterface #140,  3          // InterfaceMethod java/util/Map.put:(Ljava/lang/Object;Ljava/lang/Object;)Ljava/lang/Object;
      1736: pop
      1737: aload_1
      1738: new           #152                // class net/minecraft/world/effect/MobEffectInstance
      1741: dup
      1742: getstatic     #154                // Field net/minecraft/world/effect/MobEffects.RESISTANCE:Lnet/minecraft/core/Holder;
      1745: sipush        180
      1748: iload         9
      1750: iconst_2
      1751: imul
      1752: invokestatic  #103                // Method java/lang/Math.max:(II)I
      1755: iconst_1
      1756: iconst_0
      1757: iconst_0
      1758: iconst_1
      1759: invokespecial #160                // Method net/minecraft/world/effect/MobEffectInstance."<init>":(Lnet/minecraft/core/Holder;IIZZZ)V
      1762: invokevirtual #163                // Method net/minecraft/server/level/ServerPlayer.addEffect:(Lnet/minecraft/world/effect/MobEffectInstance;)Z
      1765: pop
      1766: aload_0
      1767: aload_1
      1768: invokevirtual #167                // Method net/minecraft/server/level/ServerPlayer.position:()Lnet/minecraft/world/phys/Vec3;
      1771: getstatic     #411                // Field net/minecraft/sounds/SoundEvents.BEACON_ACTIVATE:Lnet/minecraft/sounds/SoundEvent;
      1774: fconst_1
      1775: ldc_w         #394                // float 0.7f
      1778: invokestatic  #179                // Method play:(Lnet/minecraft/server/level/ServerLevel;Lnet/minecraft/world/phys/Vec3;Lnet/minecraft/sounds/SoundEvent;FF)V
      1781: aload_2
      1782: invokevirtual #445                // Method kr/moonseungjun/villageguardians/VillageRoleSkillSystem$ActiveSkill.role:()Lkr/moonseungjun/villageguardians/VillageRole;
      1785: getstatic     #449                // Field kr/moonseungjun/villageguardians/VillageRole.ARCANIST:Lkr/moonseungjun/villageguardians/VillageRole;
      1788: if_acmpne     1906
      1791: getstatic     #76                 // Field replayingEcho:Z
      1794: ifne          1906
      1797: iconst_0
      1798: istore        13
      1800: aload_1
      1801: invokevirtual #455                // Method net/minecraft/server/level/ServerPlayer.getRandom:()Lnet/minecraft/util/RandomSource;
      1804: invokeinterface #459,  1          // InterfaceMethod net/minecraft/util/RandomSource.nextFloat:()F
      1809: ldc_w         #465                // float 0.3f
      1812: fcmpg
      1813: ifge          1819
      1816: iinc          13, 1
      1819: aload_1
      1820: invokevirtual #455                // Method net/minecraft/server/level/ServerPlayer.getRandom:()Lnet/minecraft/util/RandomSource;
      1823: invokeinterface #459,  1          // InterfaceMethod net/minecraft/util/RandomSource.nextFloat:()F
      1828: ldc_w         #466                // float 0.12f
      1831: fcmpg
      1832: ifge          1838
      1835: iinc          13, 1
      1838: iconst_0
      1839: istore        14
      1841: iload         14
      1843: iload         13
      1845: if_icmpge     1906
      1848: getstatic     #54                 // Field SCHEDULED:Ljava/util/List;
      1851: new           #229                // class kr/moonseungjun/villageguardians/VillageRoleAbilitySystem$ScheduledAction
      1854: dup
      1855: lload         6
      1857: ldc2_w        #467                // long 8l
      1860: ladd
      1861: iload         14
      1863: i2l
      1864: ldc2_w        #467                // long 8l
      1867: lmul
      1868: ladd
      1869: aload_1
      1870: invokevirtual #85                 // Method net/minecraft/server/level/ServerPlayer.getUUID:()Ljava/util/UUID;
      1873: aload_2
      1874: getstatic     #469                // Field kr/moonseungjun/villageguardians/VillageRoleAbilitySystem$ActionKind.ARCANE_ECHO:Lkr/moonseungjun/villageguardians/VillageRoleAbilitySystem$ActionKind;
      1877: fload_3
      1878: ldc           #178                // float 0.72f
      1880: fmul
      1881: fload         4
      1883: iload         5
      1885: aload_1
      1886: invokevirtual #167                // Method net/minecraft/server/level/ServerPlayer.position:()Lnet/minecraft/world/phys/Vec3;
      1889: aload         12
      1891: invokespecial #239                // Method kr/moonseungjun/villageguardians/VillageRoleAbilitySystem$ScheduledAction."<init>":(JLjava/util/UUID;Lkr/moonseungjun/villageguardians/VillageRoleSkillSystem$ActiveSkill;Lkr/moonseungjun/villageguardians/VillageRoleAbilitySystem$ActionKind;FFILnet/minecraft/world/phys/Vec3;Lnet/minecraft/world/phys/Vec3;)V
      1894: invokeinterface #242,  2          // InterfaceMethod java/util/List.add:(Ljava/lang/Object;)Z
      1899: pop
      1900: iinc          14, 1
      1903: goto          1841
      1906: return

  public static void tick(net.minecraft.server.MinecraftServer);
    Code:
         0: aload_0
         1: invokevirtual #472                // Method net/minecraft/server/MinecraftServer.overworld:()Lnet/minecraft/server/level/ServerLevel;
         4: invokevirtual #79                 // Method net/minecraft/server/level/ServerLevel.getGameTime:()J
         7: lstore_1
         8: aload_0
         9: lload_1
        10: invokestatic  #478                // Method tickPlayers:(Lnet/minecraft/server/MinecraftServer;J)V
        13: aload_0
        14: lload_1
        15: invokestatic  #482                // Method tickTrackingArrows:(Lnet/minecraft/server/MinecraftServer;J)V
        18: aload_0
        19: lload_1
        20: invokestatic  #485                // Method tickScheduled:(Lnet/minecraft/server/MinecraftServer;J)V
        23: aload_0
        24: lload_1
        25: invokestatic  #488                // Method tickAreas:(Lnet/minecraft/server/MinecraftServer;J)V
        28: aload_0
        29: lload_1
        30: invokestatic  #491                // Method tickMoving:(Lnet/minecraft/server/MinecraftServer;J)V
        33: aload_0
        34: lload_1
        35: invokestatic  #494                // Method cleanupExpired:(Lnet/minecraft/server/MinecraftServer;J)V
        38: aload_0
        39: invokestatic  #497                // Method kr/moonseungjun/villageguardians/VillageSkillEffectSystem.tick:(Lnet/minecraft/server/MinecraftServer;)V
        42: return

  private static void tickPlayers(net.minecraft.server.MinecraftServer, long);
    Code:
         0: aload_0
         1: invokevirtual #501                // Method net/minecraft/server/MinecraftServer.getPlayerList:()Lnet/minecraft/server/players/PlayerList;
         4: invokevirtual #505                // Method net/minecraft/server/players/PlayerList.getPlayers:()Ljava/util/List;
         7: invokeinterface #208,  1          // InterfaceMethod java/util/List.iterator:()Ljava/util/Iterator;
        12: astore_3
        13: aload_3
        14: invokeinterface #212,  1          // InterfaceMethod java/util/Iterator.hasNext:()Z
        19: ifeq          665
        22: aload_3
        23: invokeinterface #218,  1          // InterfaceMethod java/util/Iterator.next:()Ljava/lang/Object;
        28: checkcast     #86                 // class net/minecraft/server/level/ServerPlayer
        31: astore        4
        33: aload         4
        35: invokevirtual #511                // Method net/minecraft/server/level/ServerPlayer.level:()Lnet/minecraft/server/level/ServerLevel;
        38: astore        6
        40: aload         6
        42: instanceof    #80                 // class net/minecraft/server/level/ServerLevel
        45: ifeq          13
        48: aload         6
        50: astore        5
        52: aload         4
        54: invokestatic  #514                // Method kr/moonseungjun/villageguardians/VillageRespawnSystem.isDowned:(Lnet/minecraft/server/level/ServerPlayer;)Z
        57: ifeq          63
        60: goto          13
        63: aload         4
        65: invokevirtual #85                 // Method net/minecraft/server/level/ServerPlayer.getUUID:()Ljava/util/UUID;
        68: astore        6
        70: aload         4
        72: aload         6
        74: lload_1
        75: invokestatic  #520                // Method tickRapidBow:(Lnet/minecraft/server/level/ServerPlayer;Ljava/util/UUID;J)V
        78: getstatic     #7                  // Field SPIN_UNTIL:Ljava/util/Map;
        81: aload         6
        83: lconst_0
        84: invokestatic  #134                // Method java/lang/Long.valueOf:(J)Ljava/lang/Long;
        87: invokeinterface #524,  3          // InterfaceMethod java/util/Map.getOrDefault:(Ljava/lang/Object;Ljava/lang/Object;)Ljava/lang/Object;
        92: checkcast     #135                // class java/lang/Long
        95: invokevirtual #527                // Method java/lang/Long.longValue:()J
        98: lstore        7
       100: lload         7
       102: lload_1
       103: lcmp
       104: iflt          235
       107: aload         4
       109: lload_1
       110: l2d
       111: ldc2_w        #530                // double 38.0d
       114: dmul
       115: ldc2_w        #532                // double 360.0d
       118: drem
       119: d2f
       120: invokevirtual #534                // Method net/minecraft/server/level/ServerPlayer.setYBodyRot:(F)V
       123: lload_1
       124: ldc2_w        #538                // long 6l
       127: lrem
       128: lconst_0
       129: lcmp
       130: ifne          157
       133: aload         5
       135: aload         4
       137: ldc           #144                // String vanguard_spin
       139: ldc2_w        #467                // long 8l
       142: lload         7
       144: lload_1
       145: lsub
       146: ldc2_w        #467                // long 8l
       149: ladd
       150: invokestatic  #287                // Method java/lang/Math.max:(JJ)J
       153: l2i
       154: invokestatic  #146                // Method kr/moonseungjun/villageguardians/VillageNetwork.sendSkillMotion:(Lnet/minecraft/server/level/ServerLevel;Lnet/minecraft/server/level/ServerPlayer;Ljava/lang/String;I)V
       157: lload_1
       158: ldc2_w        #540                // long 3l
       161: lrem
       162: lconst_0
       163: lcmp
       164: ifne          235
       167: aload         5
       169: aload         4
       171: aload         4
       173: invokevirtual #167                // Method net/minecraft/server/level/ServerPlayer.position:()Lnet/minecraft/world/phys/Vec3;
       176: ldc2_w        #542                // double 4.7d
       179: bipush        10
       181: ldc_w         #544                // float 2.4f
       184: aload         6
       186: invokestatic  #91                 // Method kr/moonseungjun/villageguardians/VillageCouncilState.levelOf:(Ljava/util/UUID;)I
       189: i2f
       190: ldc_w         #545                // float 0.16f
       193: fmul
       194: fadd
       195: iconst_0
       196: ldc2_w        #546                // double 0.32d
       199: ldc2_w        #548                // double 0.05d
       202: invokestatic  #550                // Method damageRadius:(Lnet/minecraft/server/level/ServerLevel;Lnet/minecraft/server/level/ServerPlayer;Lnet/minecraft/world/phys/Vec3;DIFZDD)V
       205: aload         5
       207: aload         4
       209: invokevirtual #167                // Method net/minecraft/server/level/ServerPlayer.position:()Lnet/minecraft/world/phys/Vec3;
       212: getstatic     #171                // Field net/minecraft/sounds/SoundEvents.PLAYER_ATTACK_SWEEP:Lnet/minecraft/sounds/SoundEvent;
       215: ldc_w         #394                // float 0.7f
       218: ldc_w         #277                // float 0.8f
       221: lload_1
       222: ldc2_w        #231                // long 4l
       225: lrem
       226: l2f
       227: ldc_w         #554                // float 0.05f
       230: fmul
       231: fadd
       232: invokestatic  #179                // Method play:(Lnet/minecraft/server/level/ServerLevel;Lnet/minecraft/world/phys/Vec3;Lnet/minecraft/sounds/SoundEvent;FF)V
       235: getstatic     #24                 // Field RICOCHET_UNTIL:Ljava/util/Map;
       238: aload         6
       240: lconst_0
       241: invokestatic  #134                // Method java/lang/Long.valueOf:(J)Ljava/lang/Long;
       244: invokeinterface #524,  3          // InterfaceMethod java/util/Map.getOrDefault:(Ljava/lang/Object;Ljava/lang/Object;)Ljava/lang/Object;
       249: checkcast     #135                // class java/lang/Long
       252: invokevirtual #527                // Method java/lang/Long.longValue:()J
       255: lload_1
       256: lcmp
       257: iflt          306
       260: lload_1
       261: ldc2_w        #231                // long 4l
       264: lrem
       265: lconst_0
       266: lcmp
       267: ifne          306
       270: aload         4
       272: invokestatic  #111                // Method lookDirection:(Lnet/minecraft/server/level/ServerPlayer;)Lnet/minecraft/world/phys/Vec3;
       275: astore        9
       277: aload         4
       279: invokevirtual #555                // Method net/minecraft/server/level/ServerPlayer.getEyePosition:()Lnet/minecraft/world/phys/Vec3;
       282: aload         9
       284: ldc2_w        #558                // double 1.45d
       287: invokevirtual #256                // Method net/minecraft/world/phys/Vec3.scale:(D)Lnet/minecraft/world/phys/Vec3;
       290: invokevirtual #560                // Method net/minecraft/world/phys/Vec3.add:(Lnet/minecraft/world/phys/Vec3;)Lnet/minecraft/world/phys/Vec3;
       293: astore        10
       295: aload         5
       297: aload         4
       299: aload         10
       301: aload         9
       303: invokestatic  #563                // Method kr/moonseungjun/villageguardians/VillageSkillEffectSystem.trackingReticle:(Lnet/minecraft/server/level/ServerLevel;Lnet/minecraft/server/level/ServerPlayer;Lnet/minecraft/world/phys/Vec3;Lnet/minecraft/world/phys/Vec3;)V
       306: getstatic     #51                 // Field SLAMS:Ljava/util/Map;
       309: aload         6
       311: invokeinterface #567,  2          // InterfaceMethod java/util/Map.get:(Ljava/lang/Object;)Ljava/lang/Object;
       316: checkcast     #249                // class kr/moonseungjun/villageguardians/VillageRoleAbilitySystem$SlamState
       319: astore        9
       321: aload         9
       323: ifnull        390
       326: lload_1
       327: aload         9
       329: invokevirtual #570                // Method kr/moonseungjun/villageguardians/VillageRoleAbilitySystem$SlamState.startedAt:()J
       332: ldc2_w        #573                // long 5l
       335: ladd
       336: lcmp
       337: ifle          390
       340: aload         4
       342: invokevirtual #575                // Method net/minecraft/server/level/ServerPlayer.onGround:()Z
       345: ifne          362
       348: lload_1
       349: aload         9
       351: invokevirtual #570                // Method kr/moonseungjun/villageguardians/VillageRoleAbilitySystem$SlamState.startedAt:()J
       354: ldc2_w        #578                // long 34l
       357: ladd
       358: lcmp
       359: ifle          390
       362: aload         5
       364: aload         4
       366: aload         9
       368: invokevirtual #580                // Method kr/moonseungjun/villageguardians/VillageRoleAbilitySystem$SlamState.power:()F
       371: aload         9
       373: invokevirtual #583                // Method kr/moonseungjun/villageguardians/VillageRoleAbilitySystem$SlamState.specialRank:()I
       376: invokestatic  #586                // Method groundSlam:(Lnet/minecraft/server/level/ServerLevel;Lnet/minecraft/server/level/ServerPlayer;FI)V
       379: getstatic     #51                 // Field SLAMS:Ljava/util/Map;
       382: aload         6
       384: invokeinterface #420,  2          // InterfaceMethod java/util/Map.remove:(Ljava/lang/Object;)Ljava/lang/Object;
       389: pop
       390: getstatic     #39                 // Field FORTRESS_UNTIL:Ljava/util/Map;
       393: aload         6
       395: lconst_0
       396: invokestatic  #134                // Method java/lang/Long.valueOf:(J)Ljava/lang/Long;
       399: invokeinterface #524,  3          // InterfaceMethod java/util/Map.getOrDefault:(Ljava/lang/Object;Ljava/lang/Object;)Ljava/lang/Object;
       404: checkcast     #135                // class java/lang/Long
       407: invokevirtual #527                // Method java/lang/Long.longValue:()J
       410: lload_1
       411: lcmp
       412: iflt          461
       415: aload         4
       417: getstatic     #590                // Field net/minecraft/world/phys/Vec3.ZERO:Lnet/minecraft/world/phys/Vec3;
       420: invokevirtual #267                // Method net/minecraft/server/level/ServerPlayer.setDeltaMovement:(Lnet/minecraft/world/phys/Vec3;)V
       423: aload         4
       425: iconst_1
       426: putfield      #271                // Field net/minecraft/server/level/ServerPlayer.hurtMarked:Z
       429: lload_1
       430: ldc2_w        #573                // long 5l
       433: lrem
       434: lconst_0
       435: lcmp
       436: ifne          629
       439: aload         5
       441: aload         4
       443: ldc2_w        #594                // double 3.6d
       446: bipush        16
       448: ldc2_w        #596                // double 0.38d
       451: ldc2_w        #598                // double 0.04d
       454: fconst_0
       455: invokestatic  #600                // Method pushFront:(Lnet/minecraft/server/level/ServerLevel;Lnet/minecraft/server/level/ServerPlayer;DIDDF)V
       458: goto          629
       461: getstatic     #42                 // Field AEGIS_UNTIL:Ljava/util/Map;
       464: aload         6
       466: lconst_0
       467: invokestatic  #134                // Method java/lang/Long.valueOf:(J)Ljava/lang/Long;
       470: invokeinterface #524,  3          // InterfaceMethod java/util/Map.getOrDefault:(Ljava/lang/Object;Ljava/lang/Object;)Ljava/lang/Object;
       475: checkcast     #135                // class java/lang/Long
       478: invokevirtual #527                // Method java/lang/Long.longValue:()J
       481: lload_1
       482: lcmp
       483: iflt          629
       486: lload_1
       487: ldc2_w        #540                // long 3l
       490: lrem
       491: lconst_0
       492: lcmp
       493: ifne          516
       496: aload         5
       498: aload         4
       500: ldc2_w        #604                // double 7.0d
       503: bipush        30
       505: ldc2_w        #606                // double 0.7d
       508: ldc2_w        #427                // double 0.08d
       511: ldc           #177                // float 1.2f
       513: invokestatic  #600                // Method pushFront:(Lnet/minecraft/server/level/ServerLevel;Lnet/minecraft/server/level/ServerPlayer;DIDDF)V
       516: aload         4
       518: invokevirtual #608                // Method net/minecraft/server/level/ServerPlayer.isSprinting:()Z
       521: ifeq          629
       524: lload_1
       525: getstatic     #48                 // Field LAST_AEGIS_DASH:Ljava/util/Map;
       528: aload         6
       530: ldc2_w        #611                // long -100l
       533: invokestatic  #134                // Method java/lang/Long.valueOf:(J)Ljava/lang/Long;
       536: invokeinterface #524,  3          // InterfaceMethod java/util/Map.getOrDefault:(Ljava/lang/Object;Ljava/lang/Object;)Ljava/lang/Object;
       541: checkcast     #135                // class java/lang/Long
       544: invokevirtual #527                // Method java/lang/Long.longValue:()J
       547: lsub
       548: ldc2_w        #613                // long 14l
       551: lcmp
       552: iflt          629
       555: getstatic     #48                 // Field LAST_AEGIS_DASH:Ljava/util/Map;
       558: aload         6
       560: lload_1
       561: invokestatic  #134                // Method java/lang/Long.valueOf:(J)Ljava/lang/Long;
       564: invokeinterface #140,  3          // InterfaceMethod java/util/Map.put:(Ljava/lang/Object;Ljava/lang/Object;)Ljava/lang/Object;
       569: pop
       570: aload         4
       572: invokestatic  #107                // Method horizontalLook:(Lnet/minecraft/server/level/ServerPlayer;)Lnet/minecraft/world/phys/Vec3;
       575: astore        10
       577: aload         4
       579: aload         10
       581: ldc2_w        #615                // double 0.78d
       584: invokevirtual #256                // Method net/minecraft/world/phys/Vec3.scale:(D)Lnet/minecraft/world/phys/Vec3;
       587: dconst_0
       588: ldc2_w        #548                // double 0.05d
       591: dconst_0
       592: invokevirtual #264                // Method net/minecraft/world/phys/Vec3.add:(DDD)Lnet/minecraft/world/phys/Vec3;
       595: invokevirtual #267                // Method net/minecraft/server/level/ServerPlayer.setDeltaMovement:(Lnet/minecraft/world/phys/Vec3;)V
       598: aload         4
       600: iconst_1
       601: putfield      #271                // Field net/minecraft/server/level/ServerPlayer.hurtMarked:Z
       604: aload         5
       606: aload         4
       608: invokevirtual #167                // Method net/minecraft/server/level/ServerPlayer.position:()Lnet/minecraft/world/phys/Vec3;
       611: getstatic     #438                // Field net/minecraft/sounds/SoundEvents.SHIELD_BLOCK:Lnet/minecraft/core/Holder$Reference;
       614: invokevirtual #376                // Method net/minecraft/core/Holder$Reference.value:()Ljava/lang/Object;
       617: checkcast     #298                // class net/minecraft/sounds/SoundEvent
       620: ldc_w         #277                // float 0.8f
       623: ldc_w         #392                // float 1.15f
       626: invokestatic  #179                // Method play:(Lnet/minecraft/server/level/ServerLevel;Lnet/minecraft/world/phys/Vec3;Lnet/minecraft/sounds/SoundEvent;FF)V
       629: aload         6
       631: invokestatic  #617                // Method kr/moonseungjun/villageguardians/VillageCouncilState.roleOf:(Ljava/util/UUID;)Ljava/util/Optional;
       634: aconst_null
       635: invokevirtual #621                // Method java/util/Optional.orElse:(Ljava/lang/Object;)Ljava/lang/Object;
       638: getstatic     #626                // Field kr/moonseungjun/villageguardians/VillageRole.WARDEN:Lkr/moonseungjun/villageguardians/VillageRole;
       641: if_acmpne     662
       644: lload_1
       645: ldc2_w        #629                // long 40l
       648: lrem
       649: lconst_0
       650: lcmp
       651: ifne          662
       654: aload         4
       656: ldc_w         #277                // float 0.8f
       659: invokevirtual #631                // Method net/minecraft/server/level/ServerPlayer.heal:(F)V
       662: goto          13
       665: return

  private static void tickRapidBow(net.minecraft.server.level.ServerPlayer, java.util.UUID, long);
    Code:
         0: getstatic     #18                 // Field RAPID_UNTIL:Ljava/util/Map;
         3: aload_1
         4: lconst_0
         5: invokestatic  #134                // Method java/lang/Long.valueOf:(J)Ljava/lang/Long;
         8: invokeinterface #524,  3          // InterfaceMethod java/util/Map.getOrDefault:(Ljava/lang/Object;Ljava/lang/Object;)Ljava/lang/Object;
        13: checkcast     #135                // class java/lang/Long
        16: invokevirtual #527                // Method java/lang/Long.longValue:()J
        19: lload_2
        20: lcmp
        21: iflt          44
        24: aload_0
        25: invokevirtual #634                // Method net/minecraft/server/level/ServerPlayer.isUsingItem:()Z
        28: ifeq          44
        31: aload_0
        32: invokevirtual #637                // Method net/minecraft/server/level/ServerPlayer.getUseItem:()Lnet/minecraft/world/item/ItemStack;
        35: invokevirtual #641                // Method net/minecraft/world/item/ItemStack.getItem:()Lnet/minecraft/world/item/Item;
        38: instanceof    #647                // class net/minecraft/world/item/BowItem
        41: ifne          55
        44: getstatic     #21                 // Field RAPID_DRAW_TICKS:Ljava/util/Map;
        47: aload_1
        48: invokeinterface #420,  2          // InterfaceMethod java/util/Map.remove:(Ljava/lang/Object;)Ljava/lang/Object;
        53: pop
        54: return
        55: getstatic     #21                 // Field RAPID_DRAW_TICKS:Ljava/util/Map;
        58: aload_1
        59: iconst_1
        60: invokestatic  #649                // Method java/lang/Integer.valueOf:(I)Ljava/lang/Integer;
        63: invokedynamic #654,  0            // InvokeDynamic #0:apply:()Ljava/util/function/BiFunction;
        68: invokeinterface #658,  4          // InterfaceMethod java/util/Map.merge:(Ljava/lang/Object;Ljava/lang/Object;Ljava/util/function/BiFunction;)Ljava/lang/Object;
        73: checkcast     #650                // class java/lang/Integer
        76: invokevirtual #662                // Method java/lang/Integer.intValue:()I
        79: istore        4
        81: aload_0
        82: getstatic     #665                // Field kr/moonseungjun/villageguardians/VillageRole.RANGER:Lkr/moonseungjun/villageguardians/VillageRole;
        85: invokestatic  #668                // Method kr/moonseungjun/villageguardians/VillageRoleSkillSystem.specialRank:(Lnet/minecraft/server/level/ServerPlayer;Lkr/moonseungjun/villageguardians/VillageRole;)I
        88: istore        5
        90: iconst_5
        91: bipush        9
        93: iconst_4
        94: iload         5
        96: invokestatic  #196                // Method java/lang/Math.min:(II)I
        99: isub
       100: invokestatic  #103                // Method java/lang/Math.max:(II)I
       103: istore        6
       105: iload         4
       107: iload         6
       109: if_icmpge     113
       112: return
       113: aload_0
       114: invokevirtual #673                // Method net/minecraft/server/level/ServerPlayer.releaseUsingItem:()V
       117: getstatic     #21                 // Field RAPID_DRAW_TICKS:Ljava/util/Map;
       120: aload_1
       121: invokeinterface #420,  2          // InterfaceMethod java/util/Map.remove:(Ljava/lang/Object;)Ljava/lang/Object;
       126: pop
       127: return

  private static void tickTrackingArrows(net.minecraft.server.MinecraftServer, long);
    Code:
         0: aload_0
         1: invokevirtual #472                // Method net/minecraft/server/MinecraftServer.overworld:()Lnet/minecraft/server/level/ServerLevel;
         4: astore_3
         5: getstatic     #30                 // Field TRACKING_ARROWS:Ljava/util/Map;
         8: invokeinterface #676,  1          // InterfaceMethod java/util/Map.entrySet:()Ljava/util/Set;
        13: invokeinterface #680,  1          // InterfaceMethod java/util/Set.iterator:()Ljava/util/Iterator;
        18: astore        4
        20: aload         4
        22: invokeinterface #212,  1          // InterfaceMethod java/util/Iterator.hasNext:()Z
        27: ifeq          309
        30: aload         4
        32: invokeinterface #218,  1          // InterfaceMethod java/util/Iterator.next:()Ljava/lang/Object;
        37: checkcast     #683                // class java/util/Map$Entry
        40: astore        5
        42: aload         5
        44: invokeinterface #685,  1          // InterfaceMethod java/util/Map$Entry.getValue:()Ljava/lang/Object;
        49: checkcast     #688                // class kr/moonseungjun/villageguardians/VillageRoleAbilitySystem$TrackingArrowState
        52: astore        6
        54: aload_3
        55: aload         5
        57: invokeinterface #690,  1          // InterfaceMethod java/util/Map$Entry.getKey:()Ljava/lang/Object;
        62: checkcast     #693                // class java/util/UUID
        65: invokevirtual #695                // Method net/minecraft/server/level/ServerLevel.getEntity:(Ljava/util/UUID;)Lnet/minecraft/world/entity/Entity;
        68: astore        7
        70: aload_3
        71: aload         6
        73: invokevirtual #699                // Method kr/moonseungjun/villageguardians/VillageRoleAbilitySystem$TrackingArrowState.target:()Ljava/util/UUID;
        76: invokevirtual #695                // Method net/minecraft/server/level/ServerLevel.getEntity:(Ljava/util/UUID;)Lnet/minecraft/world/entity/Entity;
        79: astore        8
        81: lload_1
        82: aload         6
        84: invokevirtual #702                // Method kr/moonseungjun/villageguardians/VillageRoleAbilitySystem$TrackingArrowState.until:()J
        87: lcmp
        88: ifgt          137
        91: aload         7
        93: instanceof    #705                // class net/minecraft/world/entity/projectile/arrow/AbstractArrow
        96: ifeq          137
        99: aload         7
       101: checkcast     #705                // class net/minecraft/world/entity/projectile/arrow/AbstractArrow
       104: astore        9
       106: aload         8
       108: instanceof    #707                // class net/minecraft/world/entity/Mob
       111: ifeq          137
       114: aload         8
       116: checkcast     #707                // class net/minecraft/world/entity/Mob
       119: astore        10
       121: aload         9
       123: invokevirtual #709                // Method net/minecraft/world/entity/projectile/arrow/AbstractArrow.isAlive:()Z
       126: ifeq          137
       129: aload         10
       131: invokevirtual #712                // Method net/minecraft/world/entity/Mob.isAlive:()Z
       134: ifne          147
       137: aload         4
       139: invokeinterface #713,  1          // InterfaceMethod java/util/Iterator.remove:()V
       144: goto          20
       147: aload         10
       149: invokevirtual #715                // Method net/minecraft/world/entity/Mob.position:()Lnet/minecraft/world/phys/Vec3;
       152: dconst_0
       153: aload         10
       155: invokevirtual #716                // Method net/minecraft/world/entity/Mob.getBbHeight:()F
       158: f2d
       159: ldc2_w        #719                // double 0.58d
       162: dmul
       163: dconst_0
       164: invokevirtual #264                // Method net/minecraft/world/phys/Vec3.add:(DDD)Lnet/minecraft/world/phys/Vec3;
       167: astore        11
       169: aload         11
       171: aload         9
       173: invokevirtual #721                // Method net/minecraft/world/entity/projectile/arrow/AbstractArrow.position:()Lnet/minecraft/world/phys/Vec3;
       176: invokevirtual #722                // Method net/minecraft/world/phys/Vec3.subtract:(Lnet/minecraft/world/phys/Vec3;)Lnet/minecraft/world/phys/Vec3;
       179: astore        12
       181: aload         12
       183: invokevirtual #725                // Method net/minecraft/world/phys/Vec3.lengthSqr:()D
       186: ldc2_w        #548                // double 0.05d
       189: dcmpg
       190: ifge          196
       193: goto          20
       196: ldc2_w        #729                // double 2.4d
       199: aload         9
       201: invokevirtual #731                // Method net/minecraft/world/entity/projectile/arrow/AbstractArrow.getDeltaMovement:()Lnet/minecraft/world/phys/Vec3;
       204: invokevirtual #734                // Method net/minecraft/world/phys/Vec3.length:()D
       207: invokestatic  #737                // Method java/lang/Math.max:(DD)D
       210: dstore        13
       212: ldc2_w        #604                // double 7.0d
       215: aload         12
       217: invokevirtual #725                // Method net/minecraft/world/phys/Vec3.lengthSqr:()D
       220: invokestatic  #740                // Method java/lang/Math.sqrt:(D)D
       223: dload         13
       225: ddiv
       226: invokestatic  #744                // Method java/lang/Math.min:(DD)D
       229: dstore        15
       231: aload         11
       233: aload         10
       235: invokevirtual #746                // Method net/minecraft/world/entity/Mob.getDeltaMovement:()Lnet/minecraft/world/phys/Vec3;
       238: dload         15
       240: ldc2_w        #747                // double 0.62d
       243: dmul
       244: invokevirtual #256                // Method net/minecraft/world/phys/Vec3.scale:(D)Lnet/minecraft/world/phys/Vec3;
       247: invokevirtual #560                // Method net/minecraft/world/phys/Vec3.add:(Lnet/minecraft/world/phys/Vec3;)Lnet/minecraft/world/phys/Vec3;
       250: astore        17
       252: aload         17
       254: aload         9
       256: invokevirtual #721                // Method net/minecraft/world/entity/projectile/arrow/AbstractArrow.position:()Lnet/minecraft/world/phys/Vec3;
       259: invokevirtual #722                // Method net/minecraft/world/phys/Vec3.subtract:(Lnet/minecraft/world/phys/Vec3;)Lnet/minecraft/world/phys/Vec3;
       262: astore        18
       264: aload         18
       266: invokevirtual #725                // Method net/minecraft/world/phys/Vec3.lengthSqr:()D
       269: ldc2_w        #749                // double 1.0E-5d
       272: dcmpg
       273: ifge          279
       276: goto          20
       279: aload         9
       281: iconst_1
       282: invokevirtual #751                // Method net/minecraft/world/entity/projectile/arrow/AbstractArrow.setNoGravity:(Z)V
       285: aload         9
       287: aload         18
       289: invokevirtual #755                // Method net/minecraft/world/phys/Vec3.normalize:()Lnet/minecraft/world/phys/Vec3;
       292: dload         13
       294: invokevirtual #256                // Method net/minecraft/world/phys/Vec3.scale:(D)Lnet/minecraft/world/phys/Vec3;
       297: invokevirtual #758                // Method net/minecraft/world/entity/projectile/arrow/AbstractArrow.setDeltaMovement:(Lnet/minecraft/world/phys/Vec3;)V
       300: aload         9
       302: iconst_1
       303: putfield      #759                // Field net/minecraft/world/entity/projectile/arrow/AbstractArrow.hurtMarked:Z
       306: goto          20
       309: return

  private static void tickScheduled(net.minecraft.server.MinecraftServer, long);
    Code:
         0: getstatic     #54                 // Field SCHEDULED:Ljava/util/List;
         3: invokeinterface #208,  1          // InterfaceMethod java/util/List.iterator:()Ljava/util/Iterator;
         8: astore_3
         9: aload_3
        10: invokeinterface #212,  1          // InterfaceMethod java/util/Iterator.hasNext:()Z
        15: ifeq          263
        18: aload_3
        19: invokeinterface #218,  1          // InterfaceMethod java/util/Iterator.next:()Ljava/lang/Object;
        24: checkcast     #229                // class kr/moonseungjun/villageguardians/VillageRoleAbilitySystem$ScheduledAction
        27: astore        4
        29: aload         4
        31: invokevirtual #760                // Method kr/moonseungjun/villageguardians/VillageRoleAbilitySystem$ScheduledAction.executeAt:()J
        34: lload_1
        35: lcmp
        36: ifle          42
        39: goto          9
        42: aload_3
        43: invokeinterface #713,  1          // InterfaceMethod java/util/Iterator.remove:()V
        48: aload_0
        49: invokevirtual #501                // Method net/minecraft/server/MinecraftServer.getPlayerList:()Lnet/minecraft/server/players/PlayerList;
        52: aload         4
        54: invokevirtual #763                // Method kr/moonseungjun/villageguardians/VillageRoleAbilitySystem$ScheduledAction.owner:()Ljava/util/UUID;
        57: invokevirtual #766                // Method net/minecraft/server/players/PlayerList.getPlayer:(Ljava/util/UUID;)Lnet/minecraft/server/level/ServerPlayer;
        60: astore        5
        62: aload         5
        64: ifnull        9
        67: aload         5
        69: invokevirtual #511                // Method net/minecraft/server/level/ServerPlayer.level:()Lnet/minecraft/server/level/ServerLevel;
        72: astore        7
        74: aload         7
        76: instanceof    #80                 // class net/minecraft/server/level/ServerLevel
        79: ifeq          9
        82: aload         7
        84: astore        6
        86: aload         4
        88: invokevirtual #770                // Method kr/moonseungjun/villageguardians/VillageRoleAbilitySystem$ScheduledAction.kind:()Lkr/moonseungjun/villageguardians/VillageRoleAbilitySystem$ActionKind;
        91: invokevirtual #774                // Method kr/moonseungjun/villageguardians/VillageRoleAbilitySystem$ActionKind.ordinal:()I
        94: tableswitch   { // 0 to 4
                       0: 128
                       1: 148
                       2: 173
                       3: 193
                       4: 213
                 default: 260
            }
       128: aload         6
       130: aload         5
       132: aload         4
       134: invokevirtual #775                // Method kr/moonseungjun/villageguardians/VillageRoleAbilitySystem$ScheduledAction.power:()F
       137: aload         4
       139: invokevirtual #776                // Method kr/moonseungjun/villageguardians/VillageRoleAbilitySystem$ScheduledAction.specialRank:()I
       142: invokestatic  #777                // Method bladeWave:(Lnet/minecraft/server/level/ServerLevel;Lnet/minecraft/server/level/ServerPlayer;FI)V
       145: goto          260
       148: aload         6
       150: aload         5
       152: aload         4
       154: invokevirtual #780                // Method kr/moonseungjun/villageguardians/VillageRoleAbilitySystem$ScheduledAction.origin:()Lnet/minecraft/world/phys/Vec3;
       157: aload         4
       159: invokevirtual #775                // Method kr/moonseungjun/villageguardians/VillageRoleAbilitySystem$ScheduledAction.power:()F
       162: aload         4
       164: invokevirtual #776                // Method kr/moonseungjun/villageguardians/VillageRoleAbilitySystem$ScheduledAction.specialRank:()I
       167: invokestatic  #783                // Method arrowRain:(Lnet/minecraft/server/level/ServerLevel;Lnet/minecraft/server/level/ServerPlayer;Lnet/minecraft/world/phys/Vec3;FI)V
       170: goto          260
       173: aload         6
       175: aload         5
       177: aload         4
       179: invokevirtual #775                // Method kr/moonseungjun/villageguardians/VillageRoleAbilitySystem$ScheduledAction.power:()F
       182: aload         4
       184: invokevirtual #776                // Method kr/moonseungjun/villageguardians/VillageRoleAbilitySystem$ScheduledAction.specialRank:()I
       187: invokestatic  #787                // Method launchEnergyArrow:(Lnet/minecraft/server/level/ServerLevel;Lnet/minecraft/server/level/ServerPlayer;FI)V
       190: goto          260
       193: aload         6
       195: aload         5
       197: aload         4
       199: invokevirtual #775                // Method kr/moonseungjun/villageguardians/VillageRoleAbilitySystem$ScheduledAction.power:()F
       202: aload         4
       204: invokevirtual #776                // Method kr/moonseungjun/villageguardians/VillageRoleAbilitySystem$ScheduledAction.specialRank:()I
       207: invokestatic  #790                // Method shieldCharge:(Lnet/minecraft/server/level/ServerLevel;Lnet/minecraft/server/level/ServerPlayer;FI)V
       210: goto          260
       213: iconst_1
       214: putstatic     #76                 // Field replayingEcho:Z
       217: aload         6
       219: aload         5
       221: aload         4
       223: invokevirtual #793                // Method kr/moonseungjun/villageguardians/VillageRoleAbilitySystem$ScheduledAction.skill:()Lkr/moonseungjun/villageguardians/VillageRoleSkillSystem$ActiveSkill;
       226: aload         4
       228: invokevirtual #775                // Method kr/moonseungjun/villageguardians/VillageRoleAbilitySystem$ScheduledAction.power:()F
       231: aload         4
       233: invokevirtual #797                // Method kr/moonseungjun/villageguardians/VillageRoleAbilitySystem$ScheduledAction.durationMultiplier:()F
       236: aload         4
       238: invokevirtual #776                // Method kr/moonseungjun/villageguardians/VillageRoleAbilitySystem$ScheduledAction.specialRank:()I
       241: invokestatic  #800                // Method cast:(Lnet/minecraft/server/level/ServerLevel;Lnet/minecraft/server/level/ServerPlayer;Lkr/moonseungjun/villageguardians/VillageRoleSkillSystem$ActiveSkill;FFI)V
       244: iconst_0
       245: putstatic     #76                 // Field replayingEcho:Z
       248: goto          260
       251: astore        8
       253: iconst_0
       254: putstatic     #76                 // Field replayingEcho:Z
       257: aload         8
       259: athrow
       260: goto          9
       263: return
      Exception table:
         from    to  target type
           217   244   251   any
           251   253   251   any

  private static void tickAreas(net.minecraft.server.MinecraftServer, long);
    Code:
         0: getstatic     #61                 // Field AREAS:Ljava/util/List;
         3: invokeinterface #208,  1          // InterfaceMethod java/util/List.iterator:()Ljava/util/Iterator;
         8: astore_3
         9: aload_3
        10: invokeinterface #212,  1          // InterfaceMethod java/util/Iterator.hasNext:()Z
        15: ifeq          958
        18: aload_3
        19: invokeinterface #218,  1          // InterfaceMethod java/util/Iterator.next:()Ljava/lang/Object;
        24: checkcast     #342                // class kr/moonseungjun/villageguardians/VillageRoleAbilitySystem$AreaState
        27: astore        4
        29: aload_0
        30: invokevirtual #501                // Method net/minecraft/server/MinecraftServer.getPlayerList:()Lnet/minecraft/server/players/PlayerList;
        33: aload         4
        35: invokevirtual #804                // Method kr/moonseungjun/villageguardians/VillageRoleAbilitySystem$AreaState.owner:()Ljava/util/UUID;
        38: invokevirtual #766                // Method net/minecraft/server/players/PlayerList.getPlayer:(Ljava/util/UUID;)Lnet/minecraft/server/level/ServerPlayer;
        41: astore        5
        43: aload         5
        45: ifnull        77
        48: aload         5
        50: invokevirtual #511                // Method net/minecraft/server/level/ServerPlayer.level:()Lnet/minecraft/server/level/ServerLevel;
        53: astore        7
        55: aload         7
        57: instanceof    #80                 // class net/minecraft/server/level/ServerLevel
        60: ifeq          77
        63: aload         7
        65: astore        6
        67: lload_1
        68: aload         4
        70: invokevirtual #805                // Method kr/moonseungjun/villageguardians/VillageRoleAbilitySystem$AreaState.until:()J
        73: lcmp
        74: ifle          86
        77: aload_3
        78: invokeinterface #713,  1          // InterfaceMethod java/util/Iterator.remove:()V
        83: goto          9
        86: aload         4
        88: invokevirtual #806                // Method kr/moonseungjun/villageguardians/VillageRoleAbilitySystem$AreaState.kind:()Lkr/moonseungjun/villageguardians/VillageRoleAbilitySystem$AreaKind;
        91: getstatic     #383                // Field kr/moonseungjun/villageguardians/VillageRoleAbilitySystem$AreaKind.LIGHTNING:Lkr/moonseungjun/villageguardians/VillageRoleAbilitySystem$AreaKind;
        94: if_acmpne     418
        97: lload_1
        98: aload         4
       100: invokevirtual #809                // Method kr/moonseungjun/villageguardians/VillageRoleAbilitySystem$AreaState.phase:()I
       103: i2l
       104: ladd
       105: ldc2_w        #812                // long 10l
       108: invokestatic  #814                // Method java/lang/Math.floorMod:(JJ)J
       111: l2i
       112: istore        7
       114: iload         7
       116: ifeq          135
       119: iload         7
       121: iconst_3
       122: if_icmpeq     135
       125: iload         7
       127: bipush        6
       129: if_icmpeq     135
       132: goto          9
       135: ldc_w         #817                // float 7.0f
       138: aload         5
       140: invokevirtual #85                 // Method net/minecraft/server/level/ServerPlayer.getUUID:()Ljava/util/UUID;
       143: invokestatic  #91                 // Method kr/moonseungjun/villageguardians/VillageCouncilState.levelOf:(Ljava/util/UUID;)I
       146: i2f
       147: ldc_w         #818                // float 0.42f
       150: fmul
       151: fadd
       152: aload         4
       154: invokevirtual #819                // Method kr/moonseungjun/villageguardians/VillageRoleAbilitySystem$AreaState.power:()F
       157: fmul
       158: fstore        8
       160: ldc2_w        #321                // double 4.8d
       163: aload         4
       165: invokevirtual #820                // Method kr/moonseungjun/villageguardians/VillageRoleAbilitySystem$AreaState.specialRank:()I
       168: invokestatic  #323                // Method areaRadius:(DI)D
       171: dstore        9
       173: aload         6
       175: aload         5
       177: aload         4
       179: invokevirtual #821                // Method kr/moonseungjun/villageguardians/VillageRoleAbilitySystem$AreaState.center:()Lnet/minecraft/world/phys/Vec3;
       182: aload         4
       184: invokevirtual #824                // Method kr/moonseungjun/villageguardians/VillageRoleAbilitySystem$AreaState.radius:()D
       187: bipush        80
       189: invokestatic  #827                // Method targetsNear:(Lnet/minecraft/server/level/ServerLevel;Lnet/minecraft/server/level/ServerPlayer;Lnet/minecraft/world/phys/Vec3;DI)Ljava/util/List;
       192: astore        11
       194: iconst_0
       195: istore        12
       197: iload         12
       199: iconst_2
       200: if_icmpge     415
       203: aload         11
       205: invokeinterface #831,  1          // InterfaceMethod java/util/List.isEmpty:()Z
       210: ifne          309
       213: aload         5
       215: invokevirtual #455                // Method net/minecraft/server/level/ServerPlayer.getRandom:()Lnet/minecraft/util/RandomSource;
       218: invokeinterface #459,  1          // InterfaceMethod net/minecraft/util/RandomSource.nextFloat:()F
       223: ldc_w         #415                // float 0.9f
       226: fcmpg
       227: ifge          309
       230: aload         11
       232: aload         5
       234: invokevirtual #455                // Method net/minecraft/server/level/ServerPlayer.getRandom:()Lnet/minecraft/util/RandomSource;
       237: aload         11
       239: invokeinterface #834,  1          // InterfaceMethod java/util/List.size:()I
       244: invokeinterface #837,  2          // InterfaceMethod net/minecraft/util/RandomSource.nextInt:(I)I
       249: invokeinterface #841,  2          // InterfaceMethod java/util/List.get:(I)Ljava/lang/Object;
       254: checkcast     #707                // class net/minecraft/world/entity/Mob
       257: astore        14
       259: aload         14
       261: invokevirtual #715                // Method net/minecraft/world/entity/Mob.position:()Lnet/minecraft/world/phys/Vec3;
       264: aload         5
       266: invokevirtual #455                // Method net/minecraft/server/level/ServerPlayer.getRandom:()Lnet/minecraft/util/RandomSource;
       269: invokeinterface #844,  1          // InterfaceMethod net/minecraft/util/RandomSource.nextDouble:()D
       274: ldc2_w        #847                // double 0.5d
       277: dsub
       278: ldc2_w        #849                // double 1.4d
       281: dmul
       282: dconst_0
       283: aload         5
       285: invokevirtual #455                // Method net/minecraft/server/level/ServerPlayer.getRandom:()Lnet/minecraft/util/RandomSource;
       288: invokeinterface #844,  1          // InterfaceMethod net/minecraft/util/RandomSource.nextDouble:()D
       293: ldc2_w        #847                // double 0.5d
       296: dsub
       297: ldc2_w        #849                // double 1.4d
       300: dmul
       301: invokevirtual #264                // Method net/minecraft/world/phys/Vec3.add:(DDD)Lnet/minecraft/world/phys/Vec3;
       304: astore        13
       306: goto          326
       309: aload         6
       311: aload         4
       313: invokevirtual #821                // Method kr/moonseungjun/villageguardians/VillageRoleAbilitySystem$AreaState.center:()Lnet/minecraft/world/phys/Vec3;
       316: aload         4
       318: invokevirtual #824                // Method kr/moonseungjun/villageguardians/VillageRoleAbilitySystem$AreaState.radius:()D
       321: invokestatic  #851                // Method randomPointInCircle:(Lnet/minecraft/server/level/ServerLevel;Lnet/minecraft/world/phys/Vec3;D)Lnet/minecraft/world/phys/Vec3;
       324: astore        13
       326: aload         6
       328: aload         13
       330: invokestatic  #855                // Method spawnVisualLightning:(Lnet/minecraft/server/level/ServerLevel;Lnet/minecraft/world/phys/Vec3;)V
       333: aload         6
       335: aload         5
       337: aload         13
       339: dload         9
       341: bipush        28
       343: invokestatic  #827                // Method targetsNear:(Lnet/minecraft/server/level/ServerLevel;Lnet/minecraft/server/level/ServerPlayer;Lnet/minecraft/world/phys/Vec3;DI)Ljava/util/List;
       346: invokeinterface #208,  1          // InterfaceMethod java/util/List.iterator:()Ljava/util/Iterator;
       351: astore        14
       353: aload         14
       355: invokeinterface #212,  1          // InterfaceMethod java/util/Iterator.hasNext:()Z
       360: ifeq          409
       363: aload         14
       365: invokeinterface #218,  1          // InterfaceMethod java/util/Iterator.next:()Ljava/lang/Object;
       370: checkcast     #707                // class net/minecraft/world/entity/Mob
       373: astore        15
       375: aload         6
       377: aload         15
       379: fload         8
       381: invokestatic  #859                // Method hurt:(Lnet/minecraft/server/level/ServerLevel;Lnet/minecraft/world/entity/Mob;F)V
       384: aload         15
       386: new           #152                // class net/minecraft/world/effect/MobEffectInstance
       389: dup
       390: getstatic     #863                // Field net/minecraft/world/effect/MobEffects.SLOWNESS:Lnet/minecraft/core/Holder;
       393: bipush        30
       395: iconst_1
       396: iconst_0
       397: iconst_0
       398: iconst_1
       399: invokespecial #160                // Method net/minecraft/world/effect/MobEffectInstance."<init>":(Lnet/minecraft/core/Holder;IIZZZ)V
       402: invokevirtual #866                // Method net/minecraft/world/entity/Mob.addEffect:(Lnet/minecraft/world/effect/MobEffectInstance;)Z
       405: pop
       406: goto          353
       409: iinc          12, 1
       412: goto          197
       415: goto          9
       418: lload_1
       419: ldc2_w        #573                // long 5l
       422: lrem
       423: aload         4
       425: invokevirtual #809                // Method kr/moonseungjun/villageguardians/VillageRoleAbilitySystem$AreaState.phase:()I
       428: i2l
       429: ldc2_w        #573                // long 5l
       432: lrem
       433: lcmp
       434: ifeq          440
       437: goto          9
       440: aload         4
       442: invokevirtual #806                // Method kr/moonseungjun/villageguardians/VillageRoleAbilitySystem$AreaState.kind:()Lkr/moonseungjun/villageguardians/VillageRoleAbilitySystem$AreaKind;
       445: invokevirtual #867                // Method kr/moonseungjun/villageguardians/VillageRoleAbilitySystem$AreaKind.ordinal:()I
       448: tableswitch   { // 0 to 3
                       0: 480
                       1: 611
                       2: 955
                       3: 829
                 default: 955
            }
       480: aload         6
       482: aload         5
       484: aload         4
       486: invokevirtual #821                // Method kr/moonseungjun/villageguardians/VillageRoleAbilitySystem$AreaState.center:()Lnet/minecraft/world/phys/Vec3;
       489: aload         4
       491: invokevirtual #824                // Method kr/moonseungjun/villageguardians/VillageRoleAbilitySystem$AreaState.radius:()D
       494: bipush        48
       496: invokestatic  #827                // Method targetsNear:(Lnet/minecraft/server/level/ServerLevel;Lnet/minecraft/server/level/ServerPlayer;Lnet/minecraft/world/phys/Vec3;DI)Ljava/util/List;
       499: invokeinterface #208,  1          // InterfaceMethod java/util/List.iterator:()Ljava/util/Iterator;
       504: astore        7
       506: aload         7
       508: invokeinterface #212,  1          // InterfaceMethod java/util/Iterator.hasNext:()Z
       513: ifeq          579
       516: aload         7
       518: invokeinterface #218,  1          // InterfaceMethod java/util/Iterator.next:()Ljava/lang/Object;
       523: checkcast     #707                // class net/minecraft/world/entity/Mob
       526: astore        8
       528: aload         8
       530: new           #152                // class net/minecraft/world/effect/MobEffectInstance
       533: dup
       534: getstatic     #863                // Field net/minecraft/world/effect/MobEffects.SLOWNESS:Lnet/minecraft/core/Holder;
       537: bipush        35
       539: iconst_3
       540: iconst_0
       541: iconst_0
       542: iconst_1
       543: invokespecial #160                // Method net/minecraft/world/effect/MobEffectInstance."<init>":(Lnet/minecraft/core/Holder;IIZZZ)V
       546: invokevirtual #866                // Method net/minecraft/world/entity/Mob.addEffect:(Lnet/minecraft/world/effect/MobEffectInstance;)Z
       549: pop
       550: lload_1
       551: ldc2_w        #868                // long 20l
       554: lrem
       555: lconst_0
       556: lcmp
       557: ifne          576
       560: aload         6
       562: aload         8
       564: ldc_w         #870                // float 2.2f
       567: aload         4
       569: invokevirtual #819                // Method kr/moonseungjun/villageguardians/VillageRoleAbilitySystem$AreaState.power:()F
       572: fmul
       573: invokestatic  #859                // Method hurt:(Lnet/minecraft/server/level/ServerLevel;Lnet/minecraft/world/entity/Mob;F)V
       576: goto          506
       579: lload_1
       580: ldc2_w        #868                // long 20l
       583: lrem
       584: lconst_0
       585: lcmp
       586: ifne          955
       589: aload         6
       591: aload         4
       593: invokevirtual #821                // Method kr/moonseungjun/villageguardians/VillageRoleAbilitySystem$AreaState.center:()Lnet/minecraft/world/phys/Vec3;
       596: getstatic     #871                // Field net/minecraft/sounds/SoundEvents.GLASS_HIT:Lnet/minecraft/sounds/SoundEvent;
       599: ldc_w         #442                // float 0.55f
       602: ldc_w         #316                // float 0.62f
       605: invokestatic  #179                // Method play:(Lnet/minecraft/server/level/ServerLevel;Lnet/minecraft/world/phys/Vec3;Lnet/minecraft/sounds/SoundEvent;FF)V
       608: goto          955
       611: aload         4
       613: invokevirtual #821                // Method kr/moonseungjun/villageguardians/VillageRoleAbilitySystem$AreaState.center:()Lnet/minecraft/world/phys/Vec3;
       616: aload         5
       618: invokestatic  #107                // Method horizontalLook:(Lnet/minecraft/server/level/ServerPlayer;)Lnet/minecraft/world/phys/Vec3;
       621: ldc2_w        #874                // double 0.24d
       624: invokevirtual #256                // Method net/minecraft/world/phys/Vec3.scale:(D)Lnet/minecraft/world/phys/Vec3;
       627: invokevirtual #560                // Method net/minecraft/world/phys/Vec3.add:(Lnet/minecraft/world/phys/Vec3;)Lnet/minecraft/world/phys/Vec3;
       630: astore        7
       632: aload         4
       634: aload         7
       636: invokevirtual #876                // Method kr/moonseungjun/villageguardians/VillageRoleAbilitySystem$AreaState.moveTo:(Lnet/minecraft/world/phys/Vec3;)V
       639: aload         6
       641: aload         5
       643: aload         7
       645: aload         4
       647: invokevirtual #824                // Method kr/moonseungjun/villageguardians/VillageRoleAbilitySystem$AreaState.radius:()D
       650: bipush        48
       652: invokestatic  #827                // Method targetsNear:(Lnet/minecraft/server/level/ServerLevel;Lnet/minecraft/server/level/ServerPlayer;Lnet/minecraft/world/phys/Vec3;DI)Ljava/util/List;
       655: invokeinterface #208,  1          // InterfaceMethod java/util/List.iterator:()Ljava/util/Iterator;
       660: astore        8
       662: aload         8
       664: invokeinterface #212,  1          // InterfaceMethod java/util/Iterator.hasNext:()Z
       669: ifeq          794
       672: aload         8
       674: invokeinterface #218,  1          // InterfaceMethod java/util/Iterator.next:()Ljava/lang/Object;
       679: checkcast     #707                // class net/minecraft/world/entity/Mob
       682: astore        9
       684: aload         7
       686: aload         9
       688: invokevirtual #715                // Method net/minecraft/world/entity/Mob.position:()Lnet/minecraft/world/phys/Vec3;
       691: invokevirtual #722                // Method net/minecraft/world/phys/Vec3.subtract:(Lnet/minecraft/world/phys/Vec3;)Lnet/minecraft/world/phys/Vec3;
       694: astore        10
       696: new           #257                // class net/minecraft/world/phys/Vec3
       699: dup
       700: aload         10
       702: getfield      #879                // Field net/minecraft/world/phys/Vec3.x:D
       705: dconst_0
       706: aload         10
       708: getfield      #883                // Field net/minecraft/world/phys/Vec3.z:D
       711: invokespecial #886                // Method net/minecraft/world/phys/Vec3."<init>":(DDD)V
       714: astore        11
       716: aload         11
       718: invokevirtual #725                // Method net/minecraft/world/phys/Vec3.lengthSqr:()D
       721: ldc2_w        #889                // double 0.01d
       724: dcmpl
       725: ifle          741
       728: aload         11
       730: invokevirtual #755                // Method net/minecraft/world/phys/Vec3.normalize:()Lnet/minecraft/world/phys/Vec3;
       733: ldc2_w        #874                // double 0.24d
       736: invokevirtual #256                // Method net/minecraft/world/phys/Vec3.scale:(D)Lnet/minecraft/world/phys/Vec3;
       739: astore        11
       741: aload         9
       743: aload         11
       745: getfield      #879                // Field net/minecraft/world/phys/Vec3.x:D
       748: ldc2_w        #891                // double 0.2d
       751: aload         11
       753: getfield      #883                // Field net/minecraft/world/phys/Vec3.z:D
       756: invokevirtual #893                // Method net/minecraft/world/entity/Mob.push:(DDD)V
       759: aload         9
       761: iconst_1
       762: putfield      #896                // Field net/minecraft/world/entity/Mob.hurtMarked:Z
       765: lload_1
       766: ldc2_w        #897                // long 15l
       769: lrem
       770: lconst_0
       771: lcmp
       772: ifne          791
       775: aload         6
       777: aload         9
       779: ldc_w         #899                // float 1.8f
       782: aload         4
       784: invokevirtual #819                // Method kr/moonseungjun/villageguardians/VillageRoleAbilitySystem$AreaState.power:()F
       787: fmul
       788: invokestatic  #859                // Method hurt:(Lnet/minecraft/server/level/ServerLevel;Lnet/minecraft/world/entity/Mob;F)V
       791: goto          662
       794: lload_1
       795: ldc2_w        #897                // long 15l
       798: lrem
       799: lconst_0
       800: lcmp
       801: ifne          826
       804: aload         6
       806: aload         7
       808: getstatic     #372                // Field net/minecraft/sounds/SoundEvents.BREEZE_WIND_CHARGE_BURST:Lnet/minecraft/core/Holder$Reference;
       811: invokevirtual #376                // Method net/minecraft/core/Holder$Reference.value:()Ljava/lang/Object;
       814: checkcast     #298                // class net/minecraft/sounds/SoundEvent
       817: ldc_w         #277                // float 0.8f
       820: ldc_w         #900                // float 0.78f
       823: invokestatic  #179                // Method play:(Lnet/minecraft/server/level/ServerLevel;Lnet/minecraft/world/phys/Vec3;Lnet/minecraft/sounds/SoundEvent;FF)V
       826: goto          955
       829: lload_1
       830: ldc2_w        #868                // long 20l
       833: lrem
       834: lconst_0
       835: lcmp
       836: ifne          955
       839: aload         5
       841: aload         4
       843: invokevirtual #821                // Method kr/moonseungjun/villageguardians/VillageRoleAbilitySystem$AreaState.center:()Lnet/minecraft/world/phys/Vec3;
       846: aload         4
       848: invokevirtual #824                // Method kr/moonseungjun/villageguardians/VillageRoleAbilitySystem$AreaState.radius:()D
       851: invokestatic  #901                // Method alliesAt:(Lnet/minecraft/server/level/ServerPlayer;Lnet/minecraft/world/phys/Vec3;D)Ljava/util/List;
       854: invokeinterface #208,  1          // InterfaceMethod java/util/List.iterator:()Ljava/util/Iterator;
       859: astore        7
       861: aload         7
       863: invokeinterface #212,  1          // InterfaceMethod java/util/Iterator.hasNext:()Z
       868: ifeq          933
       871: aload         7
       873: invokeinterface #218,  1          // InterfaceMethod java/util/Iterator.next:()Ljava/lang/Object;
       878: checkcast     #86                 // class net/minecraft/server/level/ServerPlayer
       881: astore        8
       883: aload         8
       885: ldc_w         #905                // float 2.6f
       888: aload         4
       890: invokevirtual #820                // Method kr/moonseungjun/villageguardians/VillageRoleAbilitySystem$AreaState.specialRank:()I
       893: i2f
       894: ldc_w         #906                // float 0.35f
       897: fmul
       898: fadd
       899: aload         4
       901: invokevirtual #819                // Method kr/moonseungjun/villageguardians/VillageRoleAbilitySystem$AreaState.power:()F
       904: fmul
       905: invokestatic  #907                // Method healScaled:(Lnet/minecraft/server/level/ServerPlayer;F)V
       908: aload         8
       910: new           #152                // class net/minecraft/world/effect/MobEffectInstance
       913: dup
       914: getstatic     #911                // Field net/minecraft/world/effect/MobEffects.REGENERATION:Lnet/minecraft/core/Holder;
       917: bipush        35
       919: iconst_0
       920: iconst_0
       921: iconst_0
       922: iconst_1
       923: invokespecial #160                // Method net/minecraft/world/effect/MobEffectInstance."<init>":(Lnet/minecraft/core/Holder;IIZZZ)V
       926: invokevirtual #163                // Method net/minecraft/server/level/ServerPlayer.addEffect:(Lnet/minecraft/world/effect/MobEffectInstance;)Z
       929: pop
       930: goto          861
       933: aload         6
       935: aload         4
       937: invokevirtual #821                // Method kr/moonseungjun/villageguardians/VillageRoleAbilitySystem$AreaState.center:()Lnet/minecraft/world/phys/Vec3;
       940: getstatic     #914                // Field net/minecraft/sounds/SoundEvents.AMETHYST_BLOCK_CHIME:Lnet/minecraft/sounds/SoundEvent;
       943: ldc_w         #442                // float 0.55f
       946: ldc_w         #392                // float 1.15f
       949: invokestatic  #179                // Method play:(Lnet/minecraft/server/level/ServerLevel;Lnet/minecraft/world/phys/Vec3;Lnet/minecraft/sounds/SoundEvent;FF)V
       952: goto          955
       955: goto          9
       958: return

  private static void tickMoving(net.minecraft.server.MinecraftServer, long);
    Code:
         0: getstatic     #64                 // Field MOVING:Ljava/util/Map;
         3: invokeinterface #676,  1          // InterfaceMethod java/util/Map.entrySet:()Ljava/util/Set;
         8: invokeinterface #680,  1          // InterfaceMethod java/util/Set.iterator:()Ljava/util/Iterator;
        13: astore_3
        14: aload_3
        15: invokeinterface #212,  1          // InterfaceMethod java/util/Iterator.hasNext:()Z
        20: ifeq          726
        23: aload_3
        24: invokeinterface #218,  1          // InterfaceMethod java/util/Iterator.next:()Ljava/lang/Object;
        29: checkcast     #683                // class java/util/Map$Entry
        32: astore        4
        34: aload         4
        36: invokeinterface #685,  1          // InterfaceMethod java/util/Map$Entry.getValue:()Ljava/lang/Object;
        41: checkcast     #917                // class kr/moonseungjun/villageguardians/VillageRoleAbilitySystem$MovingSkill
        44: astore        5
        46: aload_0
        47: invokevirtual #501                // Method net/minecraft/server/MinecraftServer.getPlayerList:()Lnet/minecraft/server/players/PlayerList;
        50: aload         5
        52: invokevirtual #919                // Method kr/moonseungjun/villageguardians/VillageRoleAbilitySystem$MovingSkill.owner:()Ljava/util/UUID;
        55: invokevirtual #766                // Method net/minecraft/server/players/PlayerList.getPlayer:(Ljava/util/UUID;)Lnet/minecraft/server/level/ServerPlayer;
        58: astore        6
        60: aload         6
        62: ifnull        87
        65: aload         6
        67: invokevirtual #511                // Method net/minecraft/server/level/ServerPlayer.level:()Lnet/minecraft/server/level/ServerLevel;
        70: astore        8
        72: aload         8
        74: instanceof    #80                 // class net/minecraft/server/level/ServerLevel
        77: ifeq          87
        80: aload         8
        82: astore        7
        84: goto          96
        87: aload_3
        88: invokeinterface #713,  1          // InterfaceMethod java/util/Iterator.remove:()V
        93: goto          14
        96: aload         7
        98: aload         4
       100: invokeinterface #690,  1          // InterfaceMethod java/util/Map$Entry.getKey:()Ljava/lang/Object;
       105: checkcast     #693                // class java/util/UUID
       108: invokevirtual #695                // Method net/minecraft/server/level/ServerLevel.getEntity:(Ljava/util/UUID;)Lnet/minecraft/world/entity/Entity;
       111: astore        8
       113: aload         5
       115: invokevirtual #920                // Method kr/moonseungjun/villageguardians/VillageRoleAbilitySystem$MovingSkill.lastPosition:()Lnet/minecraft/world/phys/Vec3;
       118: astore        9
       120: aload         8
       122: ifnonnull     130
       125: aload         9
       127: goto          135
       130: aload         8
       132: invokevirtual #923                // Method net/minecraft/world/entity/Entity.position:()Lnet/minecraft/world/phys/Vec3;
       135: astore        10
       137: iconst_0
       138: istore        11
       140: aload         8
       142: ifnull        206
       145: aload         9
       147: aload         10
       149: invokevirtual #926                // Method net/minecraft/world/phys/Vec3.distanceToSqr:(Lnet/minecraft/world/phys/Vec3;)D
       152: ldc2_w        #930                // double 1.0E-6d
       155: dcmpl
       156: ifle          206
       159: aload         7
       161: new           #932                // class net/minecraft/world/level/ClipContext
       164: dup
       165: aload         9
       167: aload         10
       169: getstatic     #934                // Field net/minecraft/world/level/ClipContext$Block.COLLIDER:Lnet/minecraft/world/level/ClipContext$Block;
       172: getstatic     #940                // Field net/minecraft/world/level/ClipContext$Fluid.NONE:Lnet/minecraft/world/level/ClipContext$Fluid;
       175: aload         6
       177: invokespecial #946                // Method net/minecraft/world/level/ClipContext."<init>":(Lnet/minecraft/world/phys/Vec3;Lnet/minecraft/world/phys/Vec3;Lnet/minecraft/world/level/ClipContext$Block;Lnet/minecraft/world/level/ClipContext$Fluid;Lnet/minecraft/world/entity/Entity;)V
       180: invokevirtual #949                // Method net/minecraft/server/level/ServerLevel.clip:(Lnet/minecraft/world/level/ClipContext;)Lnet/minecraft/world/phys/BlockHitResult;
       183: astore        12
       185: aload         12
       187: invokevirtual #953                // Method net/minecraft/world/phys/BlockHitResult.getType:()Lnet/minecraft/world/phys/HitResult$Type;
       190: getstatic     #959                // Field net/minecraft/world/phys/HitResult$Type.BLOCK:Lnet/minecraft/world/phys/HitResult$Type;
       193: if_acmpne     206
       196: iconst_1
       197: istore        11
       199: aload         12
       201: invokevirtual #965                // Method net/minecraft/world/phys/BlockHitResult.getLocation:()Lnet/minecraft/world/phys/Vec3;
       204: astore        10
       206: aload         5
       208: aload         10
       210: invokevirtual #968                // Method kr/moonseungjun/villageguardians/VillageRoleAbilitySystem$MovingSkill.lastPosition:(Lnet/minecraft/world/phys/Vec3;)V
       213: aload         5
       215: aload         5
       217: invokevirtual #970                // Method kr/moonseungjun/villageguardians/VillageRoleAbilitySystem$MovingSkill.age:()I
       220: iconst_1
       221: iadd
       222: invokevirtual #973                // Method kr/moonseungjun/villageguardians/VillageRoleAbilitySystem$MovingSkill.age:(I)V
       225: aload         5
       227: invokevirtual #976                // Method kr/moonseungjun/villageguardians/VillageRoleAbilitySystem$MovingSkill.kind:()Lkr/moonseungjun/villageguardians/VillageRoleAbilitySystem$MovingKind;
       230: getstatic     #979                // Field kr/moonseungjun/villageguardians/VillageRoleAbilitySystem$MovingKind.FIRE_ORB:Lkr/moonseungjun/villageguardians/VillageRoleAbilitySystem$MovingKind;
       233: if_acmpne     255
       236: aload         7
       238: aload         6
       240: aload         10
       242: aload         5
       244: invokevirtual #985                // Method kr/moonseungjun/villageguardians/VillageRoleAbilitySystem$MovingSkill.specialRank:()I
       247: bipush        40
       249: invokestatic  #986                // Method fireOrbContacts:(Lnet/minecraft/server/level/ServerLevel;Lnet/minecraft/server/level/ServerPlayer;Lnet/minecraft/world/phys/Vec3;II)Ljava/util/List;
       252: goto          271
       255: aload         7
       257: aload         6
       259: aload         10
       261: aload         5
       263: invokevirtual #990                // Method kr/moonseungjun/villageguardians/VillageRoleAbilitySystem$MovingSkill.radius:()D
       266: bipush        40
       268: invokestatic  #827                // Method targetsNear:(Lnet/minecraft/server/level/ServerLevel;Lnet/minecraft/server/level/ServerPlayer;Lnet/minecraft/world/phys/Vec3;DI)Ljava/util/List;
       271: astore        12
       273: aload         8
       275: ifnull        304
       278: aload         8
       280: invokevirtual #991                // Method net/minecraft/world/entity/Entity.isAlive:()Z
       283: ifeq          304
       286: iload         11
       288: ifne          304
       291: aload         5
       293: invokevirtual #970                // Method kr/moonseungjun/villageguardians/VillageRoleAbilitySystem$MovingSkill.age:()I
       296: aload         5
       298: invokevirtual #992                // Method kr/moonseungjun/villageguardians/VillageRoleAbilitySystem$MovingSkill.maxAge:()I
       301: if_icmplt     308
       304: iconst_1
       305: goto          309
       308: iconst_0
       309: istore        13
       311: aload         5
       313: invokevirtual #976                // Method kr/moonseungjun/villageguardians/VillageRoleAbilitySystem$MovingSkill.kind:()Lkr/moonseungjun/villageguardians/VillageRoleAbilitySystem$MovingKind;
       316: invokevirtual #995                // Method kr/moonseungjun/villageguardians/VillageRoleAbilitySystem$MovingKind.ordinal:()I
       319: tableswitch   { // 0 to 2
                       0: 344
                       1: 485
                       2: 570
                 default: 677
            }
       344: aload         12
       346: invokeinterface #831,  1          // InterfaceMethod java/util/List.isEmpty:()Z
       351: ifeq          362
       354: iload         13
       356: ifne          362
       359: goto          14
       362: aload         7
       364: aload         6
       366: aload         10
       368: aload         5
       370: invokevirtual #990                // Method kr/moonseungjun/villageguardians/VillageRoleAbilitySystem$MovingSkill.radius:()D
       373: bipush        40
       375: invokestatic  #827                // Method targetsNear:(Lnet/minecraft/server/level/ServerLevel;Lnet/minecraft/server/level/ServerPlayer;Lnet/minecraft/world/phys/Vec3;DI)Ljava/util/List;
       378: invokeinterface #208,  1          // InterfaceMethod java/util/List.iterator:()Ljava/util/Iterator;
       383: astore        14
       385: aload         14
       387: invokeinterface #212,  1          // InterfaceMethod java/util/Iterator.hasNext:()Z
       392: ifeq          446
       395: aload         14
       397: invokeinterface #218,  1          // InterfaceMethod java/util/Iterator.next:()Ljava/lang/Object;
       402: checkcast     #707                // class net/minecraft/world/entity/Mob
       405: astore        15
       407: aload         7
       409: aload         15
       411: aload         5
       413: invokevirtual #996                // Method kr/moonseungjun/villageguardians/VillageRoleAbilitySystem$MovingSkill.damage:()F
       416: invokestatic  #859                // Method hurt:(Lnet/minecraft/server/level/ServerLevel;Lnet/minecraft/world/entity/Mob;F)V
       419: aload         15
       421: aload         15
       423: invokevirtual #999                // Method net/minecraft/world/entity/Mob.getRemainingFireTicks:()I
       426: bipush        120
       428: aload         5
       430: invokevirtual #985                // Method kr/moonseungjun/villageguardians/VillageRoleAbilitySystem$MovingSkill.specialRank:()I
       433: bipush        35
       435: imul
       436: iadd
       437: invokestatic  #103                // Method java/lang/Math.max:(II)I
       440: invokevirtual #1002               // Method net/minecraft/world/entity/Mob.setRemainingFireTicks:(I)V
       443: goto          385
       446: aload         7
       448: aload         6
       450: aload         10
       452: aload         5
       454: invokevirtual #990                // Method kr/moonseungjun/villageguardians/VillageRoleAbilitySystem$MovingSkill.radius:()D
       457: invokestatic  #1005               // Method kr/moonseungjun/villageguardians/VillageSkillEffectSystem.fireImpact:(Lnet/minecraft/server/level/ServerLevel;Lnet/minecraft/server/level/ServerPlayer;Lnet/minecraft/world/phys/Vec3;D)V
       460: aload         7
       462: aload         10
       464: getstatic     #1009               // Field net/minecraft/sounds/SoundEvents.GENERIC_EXPLODE:Lnet/minecraft/core/Holder$Reference;
       467: invokevirtual #376                // Method net/minecraft/core/Holder$Reference.value:()Ljava/lang/Object;
       470: checkcast     #298                // class net/minecraft/sounds/SoundEvent
       473: ldc_w         #1012               // float 1.05f
       476: ldc_w         #1013               // float 1.08f
       479: invokestatic  #179                // Method play:(Lnet/minecraft/server/level/ServerLevel;Lnet/minecraft/world/phys/Vec3;Lnet/minecraft/sounds/SoundEvent;FF)V
       482: goto          677
       485: aload         12
       487: invokeinterface #208,  1          // InterfaceMethod java/util/List.iterator:()Ljava/util/Iterator;
       492: astore        14
       494: aload         14
       496: invokeinterface #212,  1          // InterfaceMethod java/util/Iterator.hasNext:()Z
       501: ifeq          562
       504: aload         14
       506: invokeinterface #218,  1          // InterfaceMethod java/util/Iterator.next:()Ljava/lang/Object;
       511: checkcast     #707                // class net/minecraft/world/entity/Mob
       514: astore        15
       516: aload         5
       518: invokevirtual #1014               // Method kr/moonseungjun/villageguardians/VillageRoleAbilitySystem$MovingSkill.hit:()Ljava/util/Set;
       521: aload         15
       523: invokevirtual #1017               // Method net/minecraft/world/entity/Mob.getUUID:()Ljava/util/UUID;
       526: invokeinterface #1018,  2         // InterfaceMethod java/util/Set.add:(Ljava/lang/Object;)Z
       531: ifeq          559
       534: aload         7
       536: aload         15
       538: aload         5
       540: invokevirtual #996                // Method kr/moonseungjun/villageguardians/VillageRoleAbilitySystem$MovingSkill.damage:()F
       543: invokestatic  #859                // Method hurt:(Lnet/minecraft/server/level/ServerLevel;Lnet/minecraft/world/entity/Mob;F)V
       546: aload         10
       548: aload         15
       550: ldc2_w        #847                // double 0.5d
       553: ldc2_w        #548                // double 0.05d
       556: invokestatic  #1019               // Method knockFrom:(Lnet/minecraft/world/phys/Vec3;Lnet/minecraft/world/entity/Mob;DD)V
       559: goto          494
       562: iload         13
       564: ifne          677
       567: goto          14
       570: aload         12
       572: invokeinterface #208,  1          // InterfaceMethod java/util/List.iterator:()Ljava/util/Iterator;
       577: astore        14
       579: aload         14
       581: invokeinterface #212,  1          // InterfaceMethod java/util/Iterator.hasNext:()Z
       586: ifeq          647
       589: aload         14
       591: invokeinterface #218,  1          // InterfaceMethod java/util/Iterator.next:()Ljava/lang/Object;
       596: checkcast     #707                // class net/minecraft/world/entity/Mob
       599: astore        15
       601: aload         5
       603: invokevirtual #1014               // Method kr/moonseungjun/villageguardians/VillageRoleAbilitySystem$MovingSkill.hit:()Ljava/util/Set;
       606: aload         15
       608: invokevirtual #1017               // Method net/minecraft/world/entity/Mob.getUUID:()Ljava/util/UUID;
       611: invokeinterface #1018,  2         // InterfaceMethod java/util/Set.add:(Ljava/lang/Object;)Z
       616: ifeq          644
       619: aload         7
       621: aload         15
       623: aload         5
       625: invokevirtual #996                // Method kr/moonseungjun/villageguardians/VillageRoleAbilitySystem$MovingSkill.damage:()F
       628: invokestatic  #859                // Method hurt:(Lnet/minecraft/server/level/ServerLevel;Lnet/minecraft/world/entity/Mob;F)V
       631: aload         10
       633: aload         15
       635: ldc2_w        #317                // double 1.35d
       638: ldc2_w        #1023               // double 0.18d
       641: invokestatic  #1019               // Method knockFrom:(Lnet/minecraft/world/phys/Vec3;Lnet/minecraft/world/entity/Mob;DD)V
       644: goto          579
       647: iload         13
       649: ifne          655
       652: goto          14
       655: aload         7
       657: aload         10
       659: getstatic     #1009               // Field net/minecraft/sounds/SoundEvents.GENERIC_EXPLODE:Lnet/minecraft/core/Holder$Reference;
       662: invokevirtual #376                // Method net/minecraft/core/Holder$Reference.value:()Ljava/lang/Object;
       665: checkcast     #298                // class net/minecraft/sounds/SoundEvent
       668: ldc_w         #1025               // float 1.3f
       671: ldc_w         #316                // float 0.62f
       674: invokestatic  #179                // Method play:(Lnet/minecraft/server/level/ServerLevel;Lnet/minecraft/world/phys/Vec3;Lnet/minecraft/sounds/SoundEvent;FF)V
       677: aload         8
       679: ifnull        687
       682: aload         8
       684: invokevirtual #1026               // Method net/minecraft/world/entity/Entity.discard:()V
       687: aload         5
       689: invokevirtual #1029               // Method kr/moonseungjun/villageguardians/VillageRoleAbilitySystem$MovingSkill.effectId:()Ljava/util/UUID;
       692: ifnull        717
       695: aload         7
       697: aload         5
       699: invokevirtual #1029               // Method kr/moonseungjun/villageguardians/VillageRoleAbilitySystem$MovingSkill.effectId:()Ljava/util/UUID;
       702: invokevirtual #695                // Method net/minecraft/server/level/ServerLevel.getEntity:(Ljava/util/UUID;)Lnet/minecraft/world/entity/Entity;
       705: astore        14
       707: aload         14
       709: ifnull        717
       712: aload         14
       714: invokevirtual #1026               // Method net/minecraft/world/entity/Entity.discard:()V
       717: aload_3
       718: invokeinterface #713,  1          // InterfaceMethod java/util/Iterator.remove:()V
       723: goto          14
       726: return

  private static void cleanupExpired(net.minecraft.server.MinecraftServer, long);
    Code:
         0: getstatic     #7                  // Field SPIN_UNTIL:Ljava/util/Map;
         3: invokeinterface #676,  1          // InterfaceMethod java/util/Map.entrySet:()Ljava/util/Set;
         8: lload_1
         9: invokedynamic #1032,  0           // InvokeDynamic #1:test:(J)Ljava/util/function/Predicate;
        14: invokeinterface #1036,  2         // InterfaceMethod java/util/Set.removeIf:(Ljava/util/function/Predicate;)Z
        19: pop
        20: getstatic     #18                 // Field RAPID_UNTIL:Ljava/util/Map;
        23: invokeinterface #676,  1          // InterfaceMethod java/util/Map.entrySet:()Ljava/util/Set;
        28: lload_1
        29: invokedynamic #1040,  0           // InvokeDynamic #2:test:(J)Ljava/util/function/Predicate;
        34: invokeinterface #1036,  2         // InterfaceMethod java/util/Set.removeIf:(Ljava/util/function/Predicate;)Z
        39: pop
        40: getstatic     #21                 // Field RAPID_DRAW_TICKS:Ljava/util/Map;
        43: invokeinterface #1041,  1         // InterfaceMethod java/util/Map.keySet:()Ljava/util/Set;
        48: lload_1
        49: invokedynamic #1044,  0           // InvokeDynamic #3:test:(J)Ljava/util/function/Predicate;
        54: invokeinterface #1036,  2         // InterfaceMethod java/util/Set.removeIf:(Ljava/util/function/Predicate;)Z
        59: pop
        60: getstatic     #24                 // Field RICOCHET_UNTIL:Ljava/util/Map;
        63: invokeinterface #676,  1          // InterfaceMethod java/util/Map.entrySet:()Ljava/util/Set;
        68: lload_1
        69: invokedynamic #1045,  0           // InvokeDynamic #4:test:(J)Ljava/util/function/Predicate;
        74: invokeinterface #1036,  2         // InterfaceMethod java/util/Set.removeIf:(Ljava/util/function/Predicate;)Z
        79: pop
        80: getstatic     #27                 // Field RICOCHET_ARROWS:Ljava/util/Map;
        83: invokeinterface #676,  1          // InterfaceMethod java/util/Map.entrySet:()Ljava/util/Set;
        88: lload_1
        89: invokedynamic #1046,  0           // InvokeDynamic #5:test:(J)Ljava/util/function/Predicate;
        94: invokeinterface #1036,  2         // InterfaceMethod java/util/Set.removeIf:(Ljava/util/function/Predicate;)Z
        99: pop
       100: getstatic     #30                 // Field TRACKING_ARROWS:Ljava/util/Map;
       103: invokeinterface #676,  1          // InterfaceMethod java/util/Map.entrySet:()Ljava/util/Set;
       108: lload_1
       109: invokedynamic #1047,  0           // InvokeDynamic #6:test:(J)Ljava/util/function/Predicate;
       114: invokeinterface #1036,  2         // InterfaceMethod java/util/Set.removeIf:(Ljava/util/function/Predicate;)Z
       119: pop
       120: getstatic     #33                 // Field ARROW_RAIN_READY:Ljava/util/Map;
       123: invokeinterface #676,  1          // InterfaceMethod java/util/Map.entrySet:()Ljava/util/Set;
       128: lload_1
       129: invokedynamic #1048,  0           // InvokeDynamic #7:test:(J)Ljava/util/function/Predicate;
       134: invokeinterface #1036,  2         // InterfaceMethod java/util/Set.removeIf:(Ljava/util/function/Predicate;)Z
       139: pop
       140: getstatic     #36                 // Field MEGA_ARROW_READY:Ljava/util/Map;
       143: invokeinterface #676,  1          // InterfaceMethod java/util/Map.entrySet:()Ljava/util/Set;
       148: lload_1
       149: invokedynamic #1049,  0           // InvokeDynamic #8:test:(J)Ljava/util/function/Predicate;
       154: invokeinterface #1036,  2         // InterfaceMethod java/util/Set.removeIf:(Ljava/util/function/Predicate;)Z
       159: pop
       160: getstatic     #39                 // Field FORTRESS_UNTIL:Ljava/util/Map;
       163: invokeinterface #676,  1          // InterfaceMethod java/util/Map.entrySet:()Ljava/util/Set;
       168: lload_1
       169: invokedynamic #1050,  0           // InvokeDynamic #9:test:(J)Ljava/util/function/Predicate;
       174: invokeinterface #1036,  2         // InterfaceMethod java/util/Set.removeIf:(Ljava/util/function/Predicate;)Z
       179: pop
       180: getstatic     #42                 // Field AEGIS_UNTIL:Ljava/util/Map;
       183: invokeinterface #676,  1          // InterfaceMethod java/util/Map.entrySet:()Ljava/util/Set;
       188: lload_1
       189: invokedynamic #1051,  0           // InvokeDynamic #10:test:(J)Ljava/util/function/Predicate;
       194: invokeinterface #1036,  2         // InterfaceMethod java/util/Set.removeIf:(Ljava/util/function/Predicate;)Z
       199: pop
       200: getstatic     #45                 // Field CHARGE_UNTIL:Ljava/util/Map;
       203: invokeinterface #676,  1          // InterfaceMethod java/util/Map.entrySet:()Ljava/util/Set;
       208: lload_1
       209: invokedynamic #1052,  0           // InvokeDynamic #11:test:(J)Ljava/util/function/Predicate;
       214: invokeinterface #1036,  2         // InterfaceMethod java/util/Set.removeIf:(Ljava/util/function/Predicate;)Z
       219: pop
       220: return

  public static void handleArrowLoose(net.neoforged.neoforge.event.entity.player.ArrowLooseEvent);
    Code:
         0: aload_0
         1: invokevirtual #1053               // Method net/neoforged/neoforge/event/entity/player/ArrowLooseEvent.getEntity:()Lnet/minecraft/world/entity/player/Player;
         4: astore_2
         5: aload_2
         6: instanceof    #86                 // class net/minecraft/server/level/ServerPlayer
         9: ifeq          24
        12: aload_2
        13: checkcast     #86                 // class net/minecraft/server/level/ServerPlayer
        16: astore_1
        17: aload_1
        18: invokestatic  #1058               // Method isRangerContext:(Lnet/minecraft/server/level/ServerPlayer;)Z
        21: ifne          25
        24: return
        25: aload_1
        26: invokevirtual #511                // Method net/minecraft/server/level/ServerPlayer.level:()Lnet/minecraft/server/level/ServerLevel;
        29: invokevirtual #79                 // Method net/minecraft/server/level/ServerLevel.getGameTime:()J
        32: lstore_2
        33: getstatic     #18                 // Field RAPID_UNTIL:Ljava/util/Map;
        36: aload_1
        37: invokevirtual #85                 // Method net/minecraft/server/level/ServerPlayer.getUUID:()Ljava/util/UUID;
        40: lconst_0
        41: invokestatic  #134                // Method java/lang/Long.valueOf:(J)Ljava/lang/Long;
        44: invokeinterface #524,  3          // InterfaceMethod java/util/Map.getOrDefault:(Ljava/lang/Object;Ljava/lang/Object;)Ljava/lang/Object;
        49: checkcast     #135                // class java/lang/Long
        52: invokevirtual #527                // Method java/lang/Long.longValue:()J
        55: lload_2
        56: lcmp
        57: iflt          67
        60: aload_0
        61: bipush        20
        63: invokevirtual #1061               // Method net/neoforged/neoforge/event/entity/player/ArrowLooseEvent.setCharge:(I)V
        66: return
        67: aload_0
        68: bipush        20
        70: aload_0
        71: invokevirtual #1064               // Method net/neoforged/neoforge/event/entity/player/ArrowLooseEvent.getCharge:()I
        74: iconst_5
        75: iadd
        76: invokestatic  #196                // Method java/lang/Math.min:(II)I
        79: invokevirtual #1061               // Method net/neoforged/neoforge/event/entity/player/ArrowLooseEvent.setCharge:(I)V
        82: return

  public static void handleEntityJoin(net.neoforged.neoforge.event.entity.EntityJoinLevelEvent);
    Code:
         0: aload_0
         1: invokevirtual #1067               // Method net/neoforged/neoforge/event/entity/EntityJoinLevelEvent.getLevel:()Lnet/minecraft/world/level/Level;
         4: invokevirtual #1073               // Method net/minecraft/world/level/Level.isClientSide:()Z
         7: ifne          77
        10: aload_0
        11: invokevirtual #1067               // Method net/neoforged/neoforge/event/entity/EntityJoinLevelEvent.getLevel:()Lnet/minecraft/world/level/Level;
        14: astore        4
        16: aload         4
        18: instanceof    #80                 // class net/minecraft/server/level/ServerLevel
        21: ifeq          77
        24: aload         4
        26: checkcast     #80                 // class net/minecraft/server/level/ServerLevel
        29: astore_1
        30: aload_0
        31: invokevirtual #1078               // Method net/neoforged/neoforge/event/entity/EntityJoinLevelEvent.getEntity:()Lnet/minecraft/world/entity/Entity;
        34: astore        4
        36: aload         4
        38: instanceof    #705                // class net/minecraft/world/entity/projectile/arrow/AbstractArrow
        41: ifeq          77
        44: aload         4
        46: checkcast     #705                // class net/minecraft/world/entity/projectile/arrow/AbstractArrow
        49: astore_2
        50: aload_2
        51: invokevirtual #1081               // Method net/minecraft/world/entity/projectile/arrow/AbstractArrow.getOwner:()Lnet/minecraft/world/entity/Entity;
        54: astore        4
        56: aload         4
        58: instanceof    #86                 // class net/minecraft/server/level/ServerPlayer
        61: ifeq          77
        64: aload         4
        66: checkcast     #86                 // class net/minecraft/server/level/ServerPlayer
        69: astore_3
        70: aload_3
        71: invokestatic  #1058               // Method isRangerContext:(Lnet/minecraft/server/level/ServerPlayer;)Z
        74: ifne          78
        77: return
        78: getstatic     #72                 // Field spawningGeneratedArrow:Z
        81: ifeq          85
        84: return
        85: aload_1
        86: invokevirtual #79                 // Method net/minecraft/server/level/ServerLevel.getGameTime:()J
        89: lstore        4
        91: aload_3
        92: invokevirtual #85                 // Method net/minecraft/server/level/ServerPlayer.getUUID:()Ljava/util/UUID;
        95: astore        6
        97: getstatic     #36                 // Field MEGA_ARROW_READY:Ljava/util/Map;
       100: aload         6
       102: invokeinterface #420,  2          // InterfaceMethod java/util/Map.remove:(Ljava/lang/Object;)Ljava/lang/Object;
       107: checkcast     #305                // class kr/moonseungjun/villageguardians/VillageRoleAbilitySystem$EmpoweredArrowState
       110: astore        7
       112: aload         7
       114: ifnull        149
       117: aload         7
       119: invokevirtual #1084               // Method kr/moonseungjun/villageguardians/VillageRoleAbilitySystem$EmpoweredArrowState.until:()J
       122: lload         4
       124: lcmp
       125: iflt          149
       128: aload_0
       129: iconst_1
       130: invokevirtual #1085               // Method net/neoforged/neoforge/event/entity/EntityJoinLevelEvent.setCanceled:(Z)V
       133: aload_1
       134: aload_3
       135: aload         7
       137: invokevirtual #1088               // Method kr/moonseungjun/villageguardians/VillageRoleAbilitySystem$EmpoweredArrowState.power:()F
       140: aload         7
       142: invokevirtual #1089               // Method kr/moonseungjun/villageguardians/VillageRoleAbilitySystem$EmpoweredArrowState.specialRank:()I
       145: invokestatic  #787                // Method launchEnergyArrow:(Lnet/minecraft/server/level/ServerLevel;Lnet/minecraft/server/level/ServerPlayer;FI)V
       148: return
       149: getstatic     #33                 // Field ARROW_RAIN_READY:Ljava/util/Map;
       152: aload         6
       154: invokeinterface #420,  2          // InterfaceMethod java/util/Map.remove:(Ljava/lang/Object;)Ljava/lang/Object;
       159: checkcast     #305                // class kr/moonseungjun/villageguardians/VillageRoleAbilitySystem$EmpoweredArrowState
       162: astore        8
       164: aload         8
       166: ifnull        195
       169: aload         8
       171: invokevirtual #1084               // Method kr/moonseungjun/villageguardians/VillageRoleAbilitySystem$EmpoweredArrowState.until:()J
       174: lload         4
       176: lcmp
       177: iflt          195
       180: aload_1
       181: aload_3
       182: aload         8
       184: invokevirtual #1088               // Method kr/moonseungjun/villageguardians/VillageRoleAbilitySystem$EmpoweredArrowState.power:()F
       187: aload         8
       189: invokevirtual #1089               // Method kr/moonseungjun/villageguardians/VillageRoleAbilitySystem$EmpoweredArrowState.specialRank:()I
       192: invokestatic  #1090               // Method activateArrowRain:(Lnet/minecraft/server/level/ServerLevel;Lnet/minecraft/server/level/ServerPlayer;FI)V
       195: getstatic     #24                 // Field RICOCHET_UNTIL:Ljava/util/Map;
       198: aload         6
       200: invokeinterface #420,  2          // InterfaceMethod java/util/Map.remove:(Ljava/lang/Object;)Ljava/lang/Object;
       205: checkcast     #135                // class java/lang/Long
       208: astore        9
       210: aload         9
       212: ifnull        230
       215: aload         9
       217: invokevirtual #527                // Method java/lang/Long.longValue:()J
       220: lload         4
       222: lcmp
       223: iflt          230
       226: iconst_1
       227: goto          231
       230: iconst_0
       231: istore        10
       233: iload         10
       235: ifeq          323
       238: getstatic     #27                 // Field RICOCHET_ARROWS:Ljava/util/Map;
       241: aload_2
       242: invokevirtual #1093               // Method net/minecraft/world/entity/projectile/arrow/AbstractArrow.getUUID:()Ljava/util/UUID;
       245: lload         4
       247: ldc2_w        #283                // long 240l
       250: ladd
       251: invokestatic  #134                // Method java/lang/Long.valueOf:(J)Ljava/lang/Long;
       254: invokeinterface #140,  3          // InterfaceMethod java/util/Map.put:(Ljava/lang/Object;Ljava/lang/Object;)Ljava/lang/Object;
       259: pop
       260: aload_1
       261: aload_3
       262: aload_2
       263: invokestatic  #1094               // Method lockArrowOnTarget:(Lnet/minecraft/server/level/ServerLevel;Lnet/minecraft/server/level/ServerPlayer;Lnet/minecraft/world/entity/projectile/arrow/AbstractArrow;)Lnet/minecraft/world/entity/Mob;
       266: astore        11
       268: aload         11
       270: ifnull        304
       273: getstatic     #30                 // Field TRACKING_ARROWS:Ljava/util/Map;
       276: aload_2
       277: invokevirtual #1093               // Method net/minecraft/world/entity/projectile/arrow/AbstractArrow.getUUID:()Ljava/util/UUID;
       280: new           #688                // class kr/moonseungjun/villageguardians/VillageRoleAbilitySystem$TrackingArrowState
       283: dup
       284: aload         11
       286: invokevirtual #1017               // Method net/minecraft/world/entity/Mob.getUUID:()Ljava/util/UUID;
       289: lload         4
       291: ldc2_w        #283                // long 240l
       294: ladd
       295: invokespecial #1098               // Method kr/moonseungjun/villageguardians/VillageRoleAbilitySystem$TrackingArrowState."<init>":(Ljava/util/UUID;J)V
       298: invokeinterface #140,  3          // InterfaceMethod java/util/Map.put:(Ljava/lang/Object;Ljava/lang/Object;)Ljava/lang/Object;
       303: pop
       304: aload_1
       305: aload_3
       306: invokevirtual #167                // Method net/minecraft/server/level/ServerPlayer.position:()Lnet/minecraft/world/phys/Vec3;
       309: getstatic     #1101               // Field net/minecraft/sounds/SoundEvents.CROSSBOW_SHOOT:Lnet/minecraft/sounds/SoundEvent;
       312: ldc           #225                // float 0.85f
       314: ldc_w         #1025               // float 1.3f
       317: invokestatic  #179                // Method play:(Lnet/minecraft/server/level/ServerLevel;Lnet/minecraft/world/phys/Vec3;Lnet/minecraft/sounds/SoundEvent;FF)V
       320: goto          332
       323: aload_1
       324: aload_3
       325: aload_2
       326: ldc2_w        #874                // double 0.24d
       329: invokestatic  #1104               // Method aimAssist:(Lnet/minecraft/server/level/ServerLevel;Lnet/minecraft/server/level/ServerPlayer;Lnet/minecraft/world/entity/projectile/arrow/AbstractArrow;D)V
       332: getstatic     #18                 // Field RAPID_UNTIL:Ljava/util/Map;
       335: aload         6
       337: invokeinterface #420,  2          // InterfaceMethod java/util/Map.remove:(Ljava/lang/Object;)Ljava/lang/Object;
       342: checkcast     #135                // class java/lang/Long
       345: astore        11
       347: aload         11
       349: ifnull        363
       352: aload         11
       354: invokevirtual #527                // Method java/lang/Long.longValue:()J
       357: lload         4
       359: lcmp
       360: ifge          364
       363: return
       364: iconst_1
       365: putstatic     #72                 // Field spawningGeneratedArrow:Z
       368: aload_1
       369: aload_3
       370: aload_2
       371: ldc2_w        #1108               // double -8.0d
       374: invokestatic  #1110               // Method spawnSideArrow:(Lnet/minecraft/server/level/ServerLevel;Lnet/minecraft/server/level/ServerPlayer;Lnet/minecraft/world/entity/projectile/arrow/AbstractArrow;D)V
       377: aload_1
       378: aload_3
       379: aload_2
       380: ldc2_w        #1113               // double 8.0d
       383: invokestatic  #1110               // Method spawnSideArrow:(Lnet/minecraft/server/level/ServerLevel;Lnet/minecraft/server/level/ServerPlayer;Lnet/minecraft/world/entity/projectile/arrow/AbstractArrow;D)V
       386: iconst_0
       387: putstatic     #72                 // Field spawningGeneratedArrow:Z
       390: goto          402
       393: astore        12
       395: iconst_0
       396: putstatic     #72                 // Field spawningGeneratedArrow:Z
       399: aload         12
       401: athrow
       402: return
      Exception table:
         from    to  target type
           368   386   393   any
           393   395   393   any

  public static void handleIncomingDamage(net.neoforged.neoforge.event.entity.living.LivingIncomingDamageEvent);
    Code:
         0: aload_0
         1: invokevirtual #1115               // Method net/neoforged/neoforge/event/entity/living/LivingIncomingDamageEvent.getSource:()Lnet/minecraft/world/damagesource/DamageSource;
         4: invokevirtual #1121               // Method net/minecraft/world/damagesource/DamageSource.getEntity:()Lnet/minecraft/world/entity/Entity;
         7: astore_2
         8: aload_2
         9: instanceof    #86                 // class net/minecraft/server/level/ServerPlayer
        12: ifeq          347
        15: aload_2
        16: checkcast     #86                 // class net/minecraft/server/level/ServerPlayer
        19: astore_1
        20: aload_1
        21: invokestatic  #1124               // Method activeRole:(Lnet/minecraft/server/level/ServerPlayer;)Lkr/moonseungjun/villageguardians/VillageRole;
        24: astore_2
        25: aload_2
        26: getstatic     #1128               // Field kr/moonseungjun/villageguardians/VillageRole.VANGUARD:Lkr/moonseungjun/villageguardians/VillageRole;
        29: if_acmpne     63
        32: aload_0
        33: invokevirtual #1115               // Method net/neoforged/neoforge/event/entity/living/LivingIncomingDamageEvent.getSource:()Lnet/minecraft/world/damagesource/DamageSource;
        36: invokevirtual #1131               // Method net/minecraft/world/damagesource/DamageSource.getDirectEntity:()Lnet/minecraft/world/entity/Entity;
        39: instanceof    #705                // class net/minecraft/world/entity/projectile/arrow/AbstractArrow
        42: ifne          63
        45: aload_1
        46: ldc_w         #1134               // float 2.5f
        49: aload_0
        50: invokevirtual #1135               // Method net/neoforged/neoforge/event/entity/living/LivingIncomingDamageEvent.getAmount:()F
        53: ldc_w         #1138               // float 0.055f
        56: fmul
        57: invokestatic  #1139               // Method java/lang/Math.min:(FF)F
        60: invokevirtual #631                // Method net/minecraft/server/level/ServerPlayer.heal:(F)V
        63: aload_2
        64: getstatic     #665                // Field kr/moonseungjun/villageguardians/VillageRole.RANGER:Lkr/moonseungjun/villageguardians/VillageRole;
        67: if_acmpne     347
        70: aload_0
        71: invokevirtual #1115               // Method net/neoforged/neoforge/event/entity/living/LivingIncomingDamageEvent.getSource:()Lnet/minecraft/world/damagesource/DamageSource;
        74: invokevirtual #1131               // Method net/minecraft/world/damagesource/DamageSource.getDirectEntity:()Lnet/minecraft/world/entity/Entity;
        77: astore        6
        79: aload         6
        81: instanceof    #705                // class net/minecraft/world/entity/projectile/arrow/AbstractArrow
        84: ifeq          347
        87: aload         6
        89: checkcast     #705                // class net/minecraft/world/entity/projectile/arrow/AbstractArrow
        92: astore_3
        93: aload_0
        94: invokevirtual #1142               // Method net/neoforged/neoforge/event/entity/living/LivingIncomingDamageEvent.getEntity:()Lnet/minecraft/world/entity/LivingEntity;
        97: astore        6
        99: aload         6
       101: instanceof    #707                // class net/minecraft/world/entity/Mob
       104: ifeq          347
       107: aload         6
       109: checkcast     #707                // class net/minecraft/world/entity/Mob
       112: astore        4
       114: getstatic     #27                 // Field RICOCHET_ARROWS:Ljava/util/Map;
       117: aload_3
       118: invokevirtual #1093               // Method net/minecraft/world/entity/projectile/arrow/AbstractArrow.getUUID:()Ljava/util/UUID;
       121: invokeinterface #420,  2          // InterfaceMethod java/util/Map.remove:(Ljava/lang/Object;)Ljava/lang/Object;
       126: ifnull        347
       129: aload_1
       130: invokevirtual #511                // Method net/minecraft/server/level/ServerPlayer.level:()Lnet/minecraft/server/level/ServerLevel;
       133: astore        6
       135: aload         6
       137: instanceof    #80                 // class net/minecraft/server/level/ServerLevel
       140: ifeq          347
       143: aload         6
       145: astore        5
       147: getstatic     #30                 // Field TRACKING_ARROWS:Ljava/util/Map;
       150: aload_3
       151: invokevirtual #1093               // Method net/minecraft/world/entity/projectile/arrow/AbstractArrow.getUUID:()Ljava/util/UUID;
       154: invokeinterface #420,  2          // InterfaceMethod java/util/Map.remove:(Ljava/lang/Object;)Ljava/lang/Object;
       159: pop
       160: aload         5
       162: aload_1
       163: aload         4
       165: invokevirtual #715                // Method net/minecraft/world/entity/Mob.position:()Lnet/minecraft/world/phys/Vec3;
       168: ldc2_w        #1145               // double 12.0d
       171: aload_1
       172: getstatic     #665                // Field kr/moonseungjun/villageguardians/VillageRole.RANGER:Lkr/moonseungjun/villageguardians/VillageRole;
       175: invokestatic  #668                // Method kr/moonseungjun/villageguardians/VillageRoleSkillSystem.specialRank:(Lnet/minecraft/server/level/ServerPlayer;Lkr/moonseungjun/villageguardians/VillageRole;)I
       178: invokestatic  #323                // Method areaRadius:(DI)D
       181: bipush        12
       183: invokestatic  #827                // Method targetsNear:(Lnet/minecraft/server/level/ServerLevel;Lnet/minecraft/server/level/ServerPlayer;Lnet/minecraft/world/phys/Vec3;DI)Ljava/util/List;
       186: astore        6
       188: aload         6
       190: aload         4
       192: invokeinterface #1147,  2         // InterfaceMethod java/util/List.remove:(Ljava/lang/Object;)Z
       197: pop
       198: aload         6
       200: aload         4
       202: dup
       203: invokestatic  #1149               // Method java/util/Objects.requireNonNull:(Ljava/lang/Object;)Ljava/lang/Object;
       206: pop
       207: invokedynamic #1154,  0           // InvokeDynamic #12:applyAsDouble:(Lnet/minecraft/world/entity/Mob;)Ljava/util/function/ToDoubleFunction;
       212: invokestatic  #1158               // InterfaceMethod java/util/Comparator.comparingDouble:(Ljava/util/function/ToDoubleFunction;)Ljava/util/Comparator;
       215: invokeinterface #1164,  2         // InterfaceMethod java/util/List.sort:(Ljava/util/Comparator;)V
       220: fconst_2
       221: aload_0
       222: invokevirtual #1135               // Method net/neoforged/neoforge/event/entity/living/LivingIncomingDamageEvent.getAmount:()F
       225: ldc           #178                // float 0.72f
       227: fmul
       228: invokestatic  #1168               // Method java/lang/Math.max:(FF)F
       231: fstore        7
       233: new           #1170               // class java/util/ArrayList
       236: dup
       237: invokespecial #1172               // Method java/util/ArrayList."<init>":()V
       240: astore        8
       242: iconst_0
       243: istore        9
       245: iload         9
       247: bipush        6
       249: aload         6
       251: invokeinterface #834,  1          // InterfaceMethod java/util/List.size:()I
       256: invokestatic  #196                // Method java/lang/Math.min:(II)I
       259: if_icmpge     337
       262: aload         6
       264: iload         9
       266: invokeinterface #841,  2          // InterfaceMethod java/util/List.get:(I)Ljava/lang/Object;
       271: checkcast     #707                // class net/minecraft/world/entity/Mob
       274: astore        10
       276: aload         8
       278: aload         10
       280: invokeinterface #242,  2          // InterfaceMethod java/util/List.add:(Ljava/lang/Object;)Z
       285: pop
       286: aload         5
       288: aload         10
       290: fload         7
       292: fconst_1
       293: iload         9
       295: i2f
       296: ldc_w         #1173               // float 0.09f
       299: fmul
       300: fsub
       301: fmul
       302: invokestatic  #859                // Method hurt:(Lnet/minecraft/server/level/ServerLevel;Lnet/minecraft/world/entity/Mob;F)V
       305: aload         5
       307: aload         10
       309: invokevirtual #715                // Method net/minecraft/world/entity/Mob.position:()Lnet/minecraft/world/phys/Vec3;
       312: getstatic     #1174               // Field net/minecraft/sounds/SoundEvents.ARROW_HIT:Lnet/minecraft/sounds/SoundEvent;
       315: ldc_w         #442                // float 0.55f
       318: ldc           #177                // float 1.2f
       320: iload         9
       322: i2f
       323: ldc_w         #1177               // float 0.06f
       326: fmul
       327: fadd
       328: invokestatic  #179                // Method play:(Lnet/minecraft/server/level/ServerLevel;Lnet/minecraft/world/phys/Vec3;Lnet/minecraft/sounds/SoundEvent;FF)V
       331: iinc          9, 1
       334: goto          245
       337: aload         5
       339: aload_1
       340: aload         4
       342: aload         8
       344: invokestatic  #1178               // Method kr/moonseungjun/villageguardians/VillageSkillEffectSystem.ricochet:(Lnet/minecraft/server/level/ServerLevel;Lnet/minecraft/server/level/ServerPlayer;Lnet/minecraft/world/entity/Mob;Ljava/util/List;)V
       347: aload_0
       348: invokevirtual #1142               // Method net/neoforged/neoforge/event/entity/living/LivingIncomingDamageEvent.getEntity:()Lnet/minecraft/world/entity/LivingEntity;
       351: astore_2
       352: aload_2
       353: instanceof    #86                 // class net/minecraft/server/level/ServerPlayer
       356: ifeq          393
       359: aload_2
       360: checkcast     #86                 // class net/minecraft/server/level/ServerPlayer
       363: astore_1
       364: aload_1
       365: invokevirtual #85                 // Method net/minecraft/server/level/ServerPlayer.getUUID:()Ljava/util/UUID;
       368: invokestatic  #617                // Method kr/moonseungjun/villageguardians/VillageCouncilState.roleOf:(Ljava/util/UUID;)Ljava/util/Optional;
       371: aconst_null
       372: invokevirtual #621                // Method java/util/Optional.orElse:(Ljava/lang/Object;)Ljava/lang/Object;
       375: getstatic     #626                // Field kr/moonseungjun/villageguardians/VillageRole.WARDEN:Lkr/moonseungjun/villageguardians/VillageRole;
       378: if_acmpne     393
       381: aload_0
       382: aload_0
       383: invokevirtual #1135               // Method net/neoforged/neoforge/event/entity/living/LivingIncomingDamageEvent.getAmount:()F
       386: ldc_w         #1182               // float 0.82f
       389: fmul
       390: invokevirtual #1183               // Method net/neoforged/neoforge/event/entity/living/LivingIncomingDamageEvent.setAmount:(F)V
       393: return

  public static void handleDeath(net.neoforged.neoforge.event.entity.living.LivingDeathEvent);
    Code:
         0: aload_0
         1: invokevirtual #1186               // Method net/neoforged/neoforge/event/entity/living/LivingDeathEvent.getSource:()Lnet/minecraft/world/damagesource/DamageSource;
         4: invokevirtual #1121               // Method net/minecraft/world/damagesource/DamageSource.getEntity:()Lnet/minecraft/world/entity/Entity;
         7: astore_2
         8: aload_2
         9: instanceof    #86                 // class net/minecraft/server/level/ServerPlayer
        12: ifeq          50
        15: aload_2
        16: checkcast     #86                 // class net/minecraft/server/level/ServerPlayer
        19: astore_1
        20: aload_1
        21: invokestatic  #1058               // Method isRangerContext:(Lnet/minecraft/server/level/ServerPlayer;)Z
        24: ifeq          50
        27: aload_0
        28: invokevirtual #1186               // Method net/neoforged/neoforge/event/entity/living/LivingDeathEvent.getSource:()Lnet/minecraft/world/damagesource/DamageSource;
        31: invokevirtual #1131               // Method net/minecraft/world/damagesource/DamageSource.getDirectEntity:()Lnet/minecraft/world/entity/Entity;
        34: instanceof    #705                // class net/minecraft/world/entity/projectile/arrow/AbstractArrow
        37: ifeq          50
        40: aload_0
        41: invokevirtual #1189               // Method net/neoforged/neoforge/event/entity/living/LivingDeathEvent.getEntity:()Lnet/minecraft/world/entity/LivingEntity;
        44: invokestatic  #1190               // Method kr/moonseungjun/villageguardians/VillageSkillTestSystem.isTestDummy:(Lnet/minecraft/world/entity/Entity;)Z
        47: ifeq          51
        50: return
        51: aload_1
        52: invokevirtual #1196               // Method net/minecraft/server/level/ServerPlayer.getInventory:()Lnet/minecraft/world/entity/player/Inventory;
        55: new           #642                // class net/minecraft/world/item/ItemStack
        58: dup
        59: getstatic     #1200               // Field net/minecraft/world/item/Items.ARROW:Lnet/minecraft/world/item/Item;
        62: invokespecial #1206               // Method net/minecraft/world/item/ItemStack."<init>":(Lnet/minecraft/world/level/ItemLike;)V
        65: invokevirtual #1209               // Method net/minecraft/world/entity/player/Inventory.add:(Lnet/minecraft/world/item/ItemStack;)Z
        68: pop
        69: return

  public static void handleKnockback(net.neoforged.neoforge.event.entity.living.LivingKnockBackEvent);
    Code:
         0: aload_0
         1: invokevirtual #1214               // Method net/neoforged/neoforge/event/entity/living/LivingKnockBackEvent.getEntity:()Lnet/minecraft/world/entity/LivingEntity;
         4: astore_2
         5: aload_2
         6: instanceof    #86                 // class net/minecraft/server/level/ServerPlayer
         9: ifeq          39
        12: aload_2
        13: checkcast     #86                 // class net/minecraft/server/level/ServerPlayer
        16: astore_1
        17: aload_1
        18: invokevirtual #85                 // Method net/minecraft/server/level/ServerPlayer.getUUID:()Ljava/util/UUID;
        21: invokestatic  #617                // Method kr/moonseungjun/villageguardians/VillageCouncilState.roleOf:(Ljava/util/UUID;)Ljava/util/Optional;
        24: aconst_null
        25: invokevirtual #621                // Method java/util/Optional.orElse:(Ljava/lang/Object;)Ljava/lang/Object;
        28: getstatic     #626                // Field kr/moonseungjun/villageguardians/VillageRole.WARDEN:Lkr/moonseungjun/villageguardians/VillageRole;
        31: if_acmpne     39
        34: aload_0
        35: iconst_1
        36: invokevirtual #1217               // Method net/neoforged/neoforge/event/entity/living/LivingKnockBackEvent.setCanceled:(Z)V
        39: return

  public static java.lang.String activeSkillHud(net.minecraft.server.level.ServerPlayer);
    Code:
         0: aload_0
         1: ifnonnull     8
         4: ldc_w         #1218               // String
         7: areturn
         8: aload_0
         9: invokevirtual #511                // Method net/minecraft/server/level/ServerPlayer.level:()Lnet/minecraft/server/level/ServerLevel;
        12: invokevirtual #79                 // Method net/minecraft/server/level/ServerLevel.getGameTime:()J
        15: lstore_1
        16: new           #1170               // class java/util/ArrayList
        19: dup
        20: invokespecial #1172               // Method java/util/ArrayList."<init>":()V
        23: astore_3
        24: aload_3
        25: ldc_w         #1220               // String §b신속 삼연사
        28: getstatic     #18                 // Field RAPID_UNTIL:Ljava/util/Map;
        31: aload_0
        32: invokevirtual #85                 // Method net/minecraft/server/level/ServerPlayer.getUUID:()Ljava/util/UUID;
        35: lconst_0
        36: invokestatic  #134                // Method java/lang/Long.valueOf:(J)Ljava/lang/Long;
        39: invokeinterface #524,  3          // InterfaceMethod java/util/Map.getOrDefault:(Ljava/lang/Object;Ljava/lang/Object;)Ljava/lang/Object;
        44: checkcast     #135                // class java/lang/Long
        47: invokevirtual #527                // Method java/lang/Long.longValue:()J
        50: lload_1
        51: invokestatic  #1222               // Method appendReady:(Ljava/util/List;Ljava/lang/String;JJ)V
        54: aload_3
        55: ldc_w         #1226               // String §e추적 도탄
        58: getstatic     #24                 // Field RICOCHET_UNTIL:Ljava/util/Map;
        61: aload_0
        62: invokevirtual #85                 // Method net/minecraft/server/level/ServerPlayer.getUUID:()Ljava/util/UUID;
        65: lconst_0
        66: invokestatic  #134                // Method java/lang/Long.valueOf:(J)Ljava/lang/Long;
        69: invokeinterface #524,  3          // InterfaceMethod java/util/Map.getOrDefault:(Ljava/lang/Object;Ljava/lang/Object;)Ljava/lang/Object;
        74: checkcast     #135                // class java/lang/Long
        77: invokevirtual #527                // Method java/lang/Long.longValue:()J
        80: lload_1
        81: invokestatic  #1222               // Method appendReady:(Ljava/util/List;Ljava/lang/String;JJ)V
        84: getstatic     #33                 // Field ARROW_RAIN_READY:Ljava/util/Map;
        87: aload_0
        88: invokevirtual #85                 // Method net/minecraft/server/level/ServerPlayer.getUUID:()Ljava/util/UUID;
        91: invokeinterface #567,  2          // InterfaceMethod java/util/Map.get:(Ljava/lang/Object;)Ljava/lang/Object;
        96: checkcast     #305                // class kr/moonseungjun/villageguardians/VillageRoleAbilitySystem$EmpoweredArrowState
        99: astore        4
       101: aload         4
       103: ifnull        119
       106: aload_3
       107: ldc_w         #1228               // String §9천공 화살비
       110: aload         4
       112: invokevirtual #1084               // Method kr/moonseungjun/villageguardians/VillageRoleAbilitySystem$EmpoweredArrowState.until:()J
       115: lload_1
       116: invokestatic  #1222               // Method appendReady:(Ljava/util/List;Ljava/lang/String;JJ)V
       119: getstatic     #36                 // Field MEGA_ARROW_READY:Ljava/util/Map;
       122: aload_0
       123: invokevirtual #85                 // Method net/minecraft/server/level/ServerPlayer.getUUID:()Ljava/util/UUID;
       126: invokeinterface #567,  2          // InterfaceMethod java/util/Map.get:(Ljava/lang/Object;)Ljava/lang/Object;
       131: checkcast     #305                // class kr/moonseungjun/villageguardians/VillageRoleAbilitySystem$EmpoweredArrowState
       134: astore        5
       136: aload         5
       138: ifnull        154
       141: aload_3
       142: ldc_w         #1230               // String §a성멸 대궁
       145: aload         5
       147: invokevirtual #1084               // Method kr/moonseungjun/villageguardians/VillageRoleAbilitySystem$EmpoweredArrowState.until:()J
       150: lload_1
       151: invokestatic  #1222               // Method appendReady:(Ljava/util/List;Ljava/lang/String;JJ)V
       154: aload_3
       155: ldc_w         #1232               // String §9거대 방패 태세
       158: getstatic     #39                 // Field FORTRESS_UNTIL:Ljava/util/Map;
       161: aload_0
       162: invokevirtual #85                 // Method net/minecraft/server/level/ServerPlayer.getUUID:()Ljava/util/UUID;
       165: lconst_0
       166: invokestatic  #134                // Method java/lang/Long.valueOf:(J)Ljava/lang/Long;
       169: invokeinterface #524,  3          // InterfaceMethod java/util/Map.getOrDefault:(Ljava/lang/Object;Ljava/lang/Object;)Ljava/lang/Object;
       174: checkcast     #135                // class java/lang/Long
       177: invokevirtual #527                // Method java/lang/Long.longValue:()J
       180: lload_1
       181: invokestatic  #1234               // Method appendTimed:(Ljava/util/List;Ljava/lang/String;JJ)V
       184: aload_3
       185: ldc_w         #1237               // String §3대수호 진군
       188: getstatic     #42                 // Field AEGIS_UNTIL:Ljava/util/Map;
       191: aload_0
       192: invokevirtual #85                 // Method net/minecraft/server/level/ServerPlayer.getUUID:()Ljava/util/UUID;
       195: lconst_0
       196: invokestatic  #134                // Method java/lang/Long.valueOf:(J)Ljava/lang/Long;
       199: invokeinterface #524,  3          // InterfaceMethod java/util/Map.getOrDefault:(Ljava/lang/Object;Ljava/lang/Object;)Ljava/lang/Object;
       204: checkcast     #135                // class java/lang/Long
       207: invokevirtual #527                // Method java/lang/Long.longValue:()J
       210: lload_1
       211: invokestatic  #1234               // Method appendTimed:(Ljava/util/List;Ljava/lang/String;JJ)V
       214: ldc_w         #1239               // String  §8·
       217: aload_3
       218: invokestatic  #1241               // Method java/lang/String.join:(Ljava/lang/CharSequence;Ljava/lang/Iterable;)Ljava/lang/String;
       221: areturn

  private static void appendReady(java.util.List<java.lang.String>, java.lang.String, long, long);
    Code:
         0: lload_2
         1: lload         4
         3: lcmp
         4: ifge          8
         7: return
         8: aload_0
         9: aload_1
        10: getstatic     #1247               // Field java/util/Locale.ROOT:Ljava/util/Locale;
        13: ldc_w         #1253               // String %.1f초
        16: iconst_1
        17: anewarray     #2                  // class java/lang/Object
        20: dup
        21: iconst_0
        22: lload_2
        23: lload         4
        25: lsub
        26: l2d
        27: ldc2_w        #1255               // double 20.0d
        30: ddiv
        31: invokestatic  #1257               // Method java/lang/Double.valueOf:(D)Ljava/lang/Double;
        34: aastore
        35: invokestatic  #1262               // Method java/lang/String.format:(Ljava/util/Locale;Ljava/lang/String;[Ljava/lang/Object;)Ljava/lang/String;
        38: invokedynamic #1266,  0           // InvokeDynamic #13:makeConcatWithConstants:(Ljava/lang/String;Ljava/lang/String;)Ljava/lang/String;
        43: invokeinterface #242,  2          // InterfaceMethod java/util/List.add:(Ljava/lang/Object;)Z
        48: pop
        49: return

  private static void appendTimed(java.util.List<java.lang.String>, java.lang.String, long, long);
    Code:
         0: lload_2
         1: lload         4
         3: lcmp
         4: ifge          8
         7: return
         8: aload_0
         9: aload_1
        10: getstatic     #1247               // Field java/util/Locale.ROOT:Ljava/util/Locale;
        13: ldc_w         #1253               // String %.1f초
        16: iconst_1
        17: anewarray     #2                  // class java/lang/Object
        20: dup
        21: iconst_0
        22: lload_2
        23: lload         4
        25: lsub
        26: l2d
        27: ldc2_w        #1255               // double 20.0d
        30: ddiv
        31: invokestatic  #1257               // Method java/lang/Double.valueOf:(D)Ljava/lang/Double;
        34: aastore
        35: invokestatic  #1262               // Method java/lang/String.format:(Ljava/util/Locale;Ljava/lang/String;[Ljava/lang/Object;)Ljava/lang/String;
        38: invokedynamic #1270,  0           // InvokeDynamic #14:makeConcatWithConstants:(Ljava/lang/String;Ljava/lang/String;)Ljava/lang/String;
        43: invokeinterface #242,  2          // InterfaceMethod java/util/List.add:(Ljava/lang/Object;)Z
        48: pop
        49: return

  public static boolean isRapidFire(net.minecraft.server.level.ServerPlayer);
    Code:
         0: aload_0
         1: ifnull        41
         4: getstatic     #18                 // Field RAPID_UNTIL:Ljava/util/Map;
         7: aload_0
         8: invokevirtual #85                 // Method net/minecraft/server/level/ServerPlayer.getUUID:()Ljava/util/UUID;
        11: lconst_0
        12: invokestatic  #134                // Method java/lang/Long.valueOf:(J)Ljava/lang/Long;
        15: invokeinterface #524,  3          // InterfaceMethod java/util/Map.getOrDefault:(Ljava/lang/Object;Ljava/lang/Object;)Ljava/lang/Object;
        20: checkcast     #135                // class java/lang/Long
        23: invokevirtual #527                // Method java/lang/Long.longValue:()J
        26: aload_0
        27: invokevirtual #511                // Method net/minecraft/server/level/ServerPlayer.level:()Lnet/minecraft/server/level/ServerLevel;
        30: invokevirtual #79                 // Method net/minecraft/server/level/ServerLevel.getGameTime:()J
        33: lcmp
        34: iflt          41
        37: iconst_1
        38: goto          42
        41: iconst_0
        42: ireturn

  public static boolean isFortress(net.minecraft.server.level.ServerPlayer);
    Code:
         0: aload_0
         1: ifnull        41
         4: getstatic     #39                 // Field FORTRESS_UNTIL:Ljava/util/Map;
         7: aload_0
         8: invokevirtual #85                 // Method net/minecraft/server/level/ServerPlayer.getUUID:()Ljava/util/UUID;
        11: lconst_0
        12: invokestatic  #134                // Method java/lang/Long.valueOf:(J)Ljava/lang/Long;
        15: invokeinterface #524,  3          // InterfaceMethod java/util/Map.getOrDefault:(Ljava/lang/Object;Ljava/lang/Object;)Ljava/lang/Object;
        20: checkcast     #135                // class java/lang/Long
        23: invokevirtual #527                // Method java/lang/Long.longValue:()J
        26: aload_0
        27: invokevirtual #511                // Method net/minecraft/server/level/ServerPlayer.level:()Lnet/minecraft/server/level/ServerLevel;
        30: invokevirtual #79                 // Method net/minecraft/server/level/ServerLevel.getGameTime:()J
        33: lcmp
        34: iflt          41
        37: iconst_1
        38: goto          42
        41: iconst_0
        42: ireturn

  private static void bladeWave(net.minecraft.server.level.ServerLevel, net.minecraft.server.level.ServerPlayer, float, int);
    Code:
         0: aload_1
         1: getstatic     #183                // Field net/minecraft/world/InteractionHand.MAIN_HAND:Lnet/minecraft/world/InteractionHand;
         4: iconst_1
         5: invokevirtual #189                // Method net/minecraft/server/level/ServerPlayer.swing:(Lnet/minecraft/world/InteractionHand;Z)V
         8: aload_1
         9: invokestatic  #107                // Method horizontalLook:(Lnet/minecraft/server/level/ServerPlayer;)Lnet/minecraft/world/phys/Vec3;
        12: astore        4
        14: aload_0
        15: aload_1
        16: aload         4
        18: invokestatic  #1271               // Method kr/moonseungjun/villageguardians/VillageSkillEffectSystem.bladeWave:(Lnet/minecraft/server/level/ServerLevel;Lnet/minecraft/server/level/ServerPlayer;Lnet/minecraft/world/phys/Vec3;)V
        21: aload_1
        22: invokevirtual #167                // Method net/minecraft/server/level/ServerPlayer.position:()Lnet/minecraft/world/phys/Vec3;
        25: dconst_0
        26: ldc2_w        #1274               // double 0.82d
        29: dconst_0
        30: invokevirtual #264                // Method net/minecraft/world/phys/Vec3.add:(DDD)Lnet/minecraft/world/phys/Vec3;
        33: aload         4
        35: dconst_1
        36: invokevirtual #256                // Method net/minecraft/world/phys/Vec3.scale:(D)Lnet/minecraft/world/phys/Vec3;
        39: invokevirtual #560                // Method net/minecraft/world/phys/Vec3.add:(Lnet/minecraft/world/phys/Vec3;)Lnet/minecraft/world/phys/Vec3;
        42: astore        5
        44: aload_0
        45: aload_1
        46: getstatic     #1276               // Field kr/moonseungjun/villageguardians/VillageRoleAbilitySystem$MovingKind.BLADE:Lkr/moonseungjun/villageguardians/VillageRoleAbilitySystem$MovingKind;
        49: getstatic     #1279               // Field net/minecraft/world/item/ItemStack.EMPTY:Lnet/minecraft/world/item/ItemStack;
        52: ldc2_w        #1283               // double 1.75d
        55: bipush        24
        57: ldc_w         #1285               // float 5.4f
        60: aload_1
        61: invokevirtual #85                 // Method net/minecraft/server/level/ServerPlayer.getUUID:()Ljava/util/UUID;
        64: invokestatic  #91                 // Method kr/moonseungjun/villageguardians/VillageCouncilState.levelOf:(Ljava/util/UUID;)I
        67: i2f
        68: ldc_w         #465                // float 0.3f
        71: fmul
        72: fadd
        73: fload_2
        74: fmul
        75: ldc2_w        #558                // double 1.45d
        78: iload_3
        79: aload         5
        81: aload         4
        83: invokestatic  #1286               // Method launchMovingAt:(Lnet/minecraft/server/level/ServerLevel;Lnet/minecraft/server/level/ServerPlayer;Lkr/moonseungjun/villageguardians/VillageRoleAbilitySystem$MovingKind;Lnet/minecraft/world/item/ItemStack;DIFDILnet/minecraft/world/phys/Vec3;Lnet/minecraft/world/phys/Vec3;)V
        86: aload_0
        87: aload_1
        88: invokevirtual #167                // Method net/minecraft/server/level/ServerPlayer.position:()Lnet/minecraft/world/phys/Vec3;
        91: getstatic     #171                // Field net/minecraft/sounds/SoundEvents.PLAYER_ATTACK_SWEEP:Lnet/minecraft/sounds/SoundEvent;
        94: fconst_1
        95: ldc_w         #900                // float 0.78f
        98: aload_1
        99: invokevirtual #455                // Method net/minecraft/server/level/ServerPlayer.getRandom:()Lnet/minecraft/util/RandomSource;
       102: invokeinterface #459,  1          // InterfaceMethod net/minecraft/util/RandomSource.nextFloat:()F
       107: ldc_w         #1290               // float 0.18f
       110: fmul
       111: fadd
       112: invokestatic  #179                // Method play:(Lnet/minecraft/server/level/ServerLevel;Lnet/minecraft/world/phys/Vec3;Lnet/minecraft/sounds/SoundEvent;FF)V
       115: return

  private static void groundSlam(net.minecraft.server.level.ServerLevel, net.minecraft.server.level.ServerPlayer, float, int);
    Code:
         0: aload_1
         1: getstatic     #183                // Field net/minecraft/world/InteractionHand.MAIN_HAND:Lnet/minecraft/world/InteractionHand;
         4: iconst_1
         5: invokevirtual #189                // Method net/minecraft/server/level/ServerPlayer.swing:(Lnet/minecraft/world/InteractionHand;Z)V
         8: ldc2_w        #361                // double 8.5d
        11: iload_3
        12: invokestatic  #323                // Method areaRadius:(DI)D
        15: dstore        4
        17: aload_0
        18: aload_1
        19: aload_1
        20: invokevirtual #167                // Method net/minecraft/server/level/ServerPlayer.position:()Lnet/minecraft/world/phys/Vec3;
        23: dload         4
        25: bipush        40
        27: ldc_w         #1291               // float 14.0f
        30: aload_1
        31: invokevirtual #85                 // Method net/minecraft/server/level/ServerPlayer.getUUID:()Ljava/util/UUID;
        34: invokestatic  #91                 // Method kr/moonseungjun/villageguardians/VillageCouncilState.levelOf:(Ljava/util/UUID;)I
        37: i2f
        38: ldc           #178                // float 0.72f
        40: fmul
        41: fadd
        42: fload_2
        43: fmul
        44: iconst_0
        45: ldc2_w        #262                // double 1.05d
        48: ldc2_w        #596                // double 0.38d
        51: invokestatic  #550                // Method damageRadius:(Lnet/minecraft/server/level/ServerLevel;Lnet/minecraft/server/level/ServerPlayer;Lnet/minecraft/world/phys/Vec3;DIFZDD)V
        54: aload_0
        55: aload_1
        56: dload         4
        58: iload_3
        59: invokestatic  #1292               // Method kr/moonseungjun/villageguardians/VillageSkillEffectSystem.slamImpact:(Lnet/minecraft/server/level/ServerLevel;Lnet/minecraft/server/level/ServerPlayer;DI)V
        62: aload_0
        63: aload_1
        64: invokevirtual #167                // Method net/minecraft/server/level/ServerPlayer.position:()Lnet/minecraft/world/phys/Vec3;
        67: getstatic     #1009               // Field net/minecraft/sounds/SoundEvents.GENERIC_EXPLODE:Lnet/minecraft/core/Holder$Reference;
        70: invokevirtual #376                // Method net/minecraft/core/Holder$Reference.value:()Ljava/lang/Object;
        73: checkcast     #298                // class net/minecraft/sounds/SoundEvent
        76: ldc_w         #1296               // float 1.5f
        79: ldc_w         #442                // float 0.55f
        82: invokestatic  #179                // Method play:(Lnet/minecraft/server/level/ServerLevel;Lnet/minecraft/world/phys/Vec3;Lnet/minecraft/sounds/SoundEvent;FF)V
        85: aload_0
        86: aload_1
        87: invokevirtual #167                // Method net/minecraft/server/level/ServerPlayer.position:()Lnet/minecraft/world/phys/Vec3;
        90: getstatic     #1297               // Field net/minecraft/sounds/SoundEvents.ANVIL_LAND:Lnet/minecraft/sounds/SoundEvent;
        93: ldc_w         #360                // float 1.1f
        96: ldc_w         #316                // float 0.62f
        99: invokestatic  #179                // Method play:(Lnet/minecraft/server/level/ServerLevel;Lnet/minecraft/world/phys/Vec3;Lnet/minecraft/sounds/SoundEvent;FF)V
       102: return

  private static void arrowRain(net.minecraft.server.level.ServerLevel, net.minecraft.server.level.ServerPlayer, net.minecraft.world.phys.Vec3, float, int);
    Code:
         0: ldc2_w        #361                // double 8.5d
         3: iload         4
         5: invokestatic  #323                // Method areaRadius:(DI)D
         8: dstore        5
        10: aload_0
        11: aload_1
        12: aload_2
        13: dload         5
        15: iload         4
        17: invokestatic  #1300               // Method kr/moonseungjun/villageguardians/VillageSkillEffectSystem.arrowRainImpact:(Lnet/minecraft/server/level/ServerLevel;Lnet/minecraft/server/level/ServerPlayer;Lnet/minecraft/world/phys/Vec3;DI)V
        20: ldc_w         #1304               // float 3.3f
        23: aload_1
        24: invokevirtual #85                 // Method net/minecraft/server/level/ServerPlayer.getUUID:()Ljava/util/UUID;
        27: invokestatic  #91                 // Method kr/moonseungjun/villageguardians/VillageCouncilState.levelOf:(Ljava/util/UUID;)I
        30: i2f
        31: ldc_w         #1290               // float 0.18f
        34: fmul
        35: fadd
        36: fload_3
        37: fmul
        38: fstore        7
        40: aload_0
        41: aload_1
        42: aload_2
        43: dload         5
        45: bipush        48
        47: invokestatic  #827                // Method targetsNear:(Lnet/minecraft/server/level/ServerLevel;Lnet/minecraft/server/level/ServerPlayer;Lnet/minecraft/world/phys/Vec3;DI)Ljava/util/List;
        50: invokeinterface #208,  1          // InterfaceMethod java/util/List.iterator:()Ljava/util/Iterator;
        55: astore        8
        57: aload         8
        59: invokeinterface #212,  1          // InterfaceMethod java/util/Iterator.hasNext:()Z
        64: ifeq          111
        67: aload         8
        69: invokeinterface #218,  1          // InterfaceMethod java/util/Iterator.next:()Ljava/lang/Object;
        74: checkcast     #707                // class net/minecraft/world/entity/Mob
        77: astore        9
        79: aload_0
        80: aload         9
        82: fload         7
        84: invokestatic  #859                // Method hurt:(Lnet/minecraft/server/level/ServerLevel;Lnet/minecraft/world/entity/Mob;F)V
        87: iload         4
        89: iconst_3
        90: if_icmplt     108
        93: aload         9
        95: aload         9
        97: invokevirtual #999                // Method net/minecraft/world/entity/Mob.getRemainingFireTicks:()I
       100: bipush        40
       102: invokestatic  #103                // Method java/lang/Math.max:(II)I
       105: invokevirtual #1002               // Method net/minecraft/world/entity/Mob.setRemainingFireTicks:(I)V
       108: goto          57
       111: aload_0
       112: aload_2
       113: getstatic     #1305               // Field net/minecraft/sounds/SoundEvents.ARROW_SHOOT:Lnet/minecraft/sounds/SoundEvent;
       116: ldc_w         #277                // float 0.8f
       119: ldc_w         #1308               // float 1.45f
       122: invokestatic  #179                // Method play:(Lnet/minecraft/server/level/ServerLevel;Lnet/minecraft/world/phys/Vec3;Lnet/minecraft/sounds/SoundEvent;FF)V
       125: return

  private static void launchEnergyArrow(net.minecraft.server.level.ServerLevel, net.minecraft.server.level.ServerPlayer, float, int);
    Code:
         0: aload_1
         1: invokevirtual #1309               // Method net/minecraft/server/level/ServerPlayer.stopUsingItem:()V
         4: aload_1
         5: getstatic     #183                // Field net/minecraft/world/InteractionHand.MAIN_HAND:Lnet/minecraft/world/InteractionHand;
         8: iconst_1
         9: invokevirtual #189                // Method net/minecraft/server/level/ServerPlayer.swing:(Lnet/minecraft/world/InteractionHand;Z)V
        12: aload_1
        13: invokestatic  #111                // Method lookDirection:(Lnet/minecraft/server/level/ServerPlayer;)Lnet/minecraft/world/phys/Vec3;
        16: astore        4
        18: aload_1
        19: invokevirtual #555                // Method net/minecraft/server/level/ServerPlayer.getEyePosition:()Lnet/minecraft/world/phys/Vec3;
        22: aload         4
        24: ldc2_w        #1312               // double 2.8d
        27: invokevirtual #256                // Method net/minecraft/world/phys/Vec3.scale:(D)Lnet/minecraft/world/phys/Vec3;
        30: invokevirtual #560                // Method net/minecraft/world/phys/Vec3.add:(Lnet/minecraft/world/phys/Vec3;)Lnet/minecraft/world/phys/Vec3;
        33: astore        5
        35: aload_0
        36: aload_1
        37: aload         5
        39: aload         4
        41: invokestatic  #1314               // Method kr/moonseungjun/villageguardians/VillageSkillEffectSystem.energyArrow:(Lnet/minecraft/server/level/ServerLevel;Lnet/minecraft/server/level/ServerPlayer;Lnet/minecraft/world/phys/Vec3;Lnet/minecraft/world/phys/Vec3;)V
        44: ldc_w         #1317               // float 31.0f
        47: aload_1
        48: invokevirtual #85                 // Method net/minecraft/server/level/ServerPlayer.getUUID:()Ljava/util/UUID;
        51: invokestatic  #91                 // Method kr/moonseungjun/villageguardians/VillageCouncilState.levelOf:(Ljava/util/UUID;)I
        54: i2f
        55: ldc_w         #278                // float 1.35f
        58: fmul
        59: fadd
        60: fload_2
        61: fmul
        62: fstore        6
        64: aload_0
        65: aload_1
        66: getstatic     #1318               // Field kr/moonseungjun/villageguardians/VillageRoleAbilitySystem$MovingKind.ENERGY_ARROW:Lkr/moonseungjun/villageguardians/VillageRoleAbilitySystem$MovingKind;
        69: new           #642                // class net/minecraft/world/item/ItemStack
        72: dup
        73: getstatic     #1321               // Field net/minecraft/world/item/Items.SPECTRAL_ARROW:Lnet/minecraft/world/item/Item;
        76: invokespecial #1206               // Method net/minecraft/world/item/ItemStack."<init>":(Lnet/minecraft/world/level/ItemLike;)V
        79: ldc2_w        #1324               // double 2.65d
        82: bipush        55
        84: fload         6
        86: ldc2_w        #1326               // double 5.0d
        89: iload_3
        90: aload         5
        92: aload         4
        94: invokestatic  #1286               // Method launchMovingAt:(Lnet/minecraft/server/level/ServerLevel;Lnet/minecraft/server/level/ServerPlayer;Lkr/moonseungjun/villageguardians/VillageRoleAbilitySystem$MovingKind;Lnet/minecraft/world/item/ItemStack;DIFDILnet/minecraft/world/phys/Vec3;Lnet/minecraft/world/phys/Vec3;)V
        97: aload_0
        98: aload_1
        99: invokevirtual #167                // Method net/minecraft/server/level/ServerPlayer.position:()Lnet/minecraft/world/phys/Vec3;
       102: getstatic     #1328               // Field net/minecraft/sounds/SoundEvents.ENDER_DRAGON_SHOOT:Lnet/minecraft/sounds/SoundEvent;
       105: ldc_w         #1308               // float 1.45f
       108: ldc_w         #900                // float 0.78f
       111: invokestatic  #179                // Method play:(Lnet/minecraft/server/level/ServerLevel;Lnet/minecraft/world/phys/Vec3;Lnet/minecraft/sounds/SoundEvent;FF)V
       114: return

  private static void shieldCharge(net.minecraft.server.level.ServerLevel, net.minecraft.server.level.ServerPlayer, float, int);
    Code:
         0: aload_1
         1: getstatic     #1331               // Field net/minecraft/world/InteractionHand.OFF_HAND:Lnet/minecraft/world/InteractionHand;
         4: iconst_1
         5: invokevirtual #189                // Method net/minecraft/server/level/ServerPlayer.swing:(Lnet/minecraft/world/InteractionHand;Z)V
         8: aload_0
         9: aload_1
        10: aload_1
        11: invokestatic  #107                // Method horizontalLook:(Lnet/minecraft/server/level/ServerPlayer;)Lnet/minecraft/world/phys/Vec3;
        14: invokestatic  #1334               // Method kr/moonseungjun/villageguardians/VillageSkillEffectSystem.shieldCharge:(Lnet/minecraft/server/level/ServerLevel;Lnet/minecraft/server/level/ServerPlayer;Lnet/minecraft/world/phys/Vec3;)V
        17: iconst_0
        18: istore        4
        20: iload         4
        22: iconst_5
        23: if_icmpge     140
        26: aload_1
        27: invokevirtual #167                // Method net/minecraft/server/level/ServerPlayer.position:()Lnet/minecraft/world/phys/Vec3;
        30: aload_1
        31: invokestatic  #107                // Method horizontalLook:(Lnet/minecraft/server/level/ServerPlayer;)Lnet/minecraft/world/phys/Vec3;
        34: dconst_1
        35: iload         4
        37: i2d
        38: ldc2_w        #1336               // double 1.2d
        41: dmul
        42: dadd
        43: invokevirtual #256                // Method net/minecraft/world/phys/Vec3.scale:(D)Lnet/minecraft/world/phys/Vec3;
        46: invokevirtual #560                // Method net/minecraft/world/phys/Vec3.add:(Lnet/minecraft/world/phys/Vec3;)Lnet/minecraft/world/phys/Vec3;
        49: astore        5
        51: aload_0
        52: aload_1
        53: aload         5
        55: ldc2_w        #1338               // double 2.3d
        58: bipush        12
        60: invokestatic  #827                // Method targetsNear:(Lnet/minecraft/server/level/ServerLevel;Lnet/minecraft/server/level/ServerPlayer;Lnet/minecraft/world/phys/Vec3;DI)Ljava/util/List;
        63: invokeinterface #208,  1          // InterfaceMethod java/util/List.iterator:()Ljava/util/Iterator;
        68: astore        6
        70: aload         6
        72: invokeinterface #212,  1          // InterfaceMethod java/util/Iterator.hasNext:()Z
        77: ifeq          134
        80: aload         6
        82: invokeinterface #218,  1          // InterfaceMethod java/util/Iterator.next:()Ljava/lang/Object;
        87: checkcast     #707                // class net/minecraft/world/entity/Mob
        90: astore        7
        92: aload_0
        93: aload         7
        95: ldc_w         #1340               // float 5.5f
        98: aload_1
        99: invokevirtual #85                 // Method net/minecraft/server/level/ServerPlayer.getUUID:()Ljava/util/UUID;
       102: invokestatic  #91                 // Method kr/moonseungjun/villageguardians/VillageCouncilState.levelOf:(Ljava/util/UUID;)I
       105: i2f
       106: ldc_w         #465                // float 0.3f
       109: fmul
       110: fadd
       111: fload_2
       112: fmul
       113: invokestatic  #859                // Method hurt:(Lnet/minecraft/server/level/ServerLevel;Lnet/minecraft/world/entity/Mob;F)V
       116: aload_1
       117: invokevirtual #167                // Method net/minecraft/server/level/ServerPlayer.position:()Lnet/minecraft/world/phys/Vec3;
       120: aload         7
       122: ldc2_w        #1341               // double 1.15d
       125: ldc2_w        #1343               // double 0.12d
       128: invokestatic  #1019               // Method knockFrom:(Lnet/minecraft/world/phys/Vec3;Lnet/minecraft/world/entity/Mob;DD)V
       131: goto          70
       134: iinc          4, 1
       137: goto          20
       140: aload_0
       141: aload_1
       142: invokevirtual #167                // Method net/minecraft/server/level/ServerPlayer.position:()Lnet/minecraft/world/phys/Vec3;
       145: getstatic     #438                // Field net/minecraft/sounds/SoundEvents.SHIELD_BLOCK:Lnet/minecraft/core/Holder$Reference;
       148: invokevirtual #376                // Method net/minecraft/core/Holder$Reference.value:()Ljava/lang/Object;
       151: checkcast     #298                // class net/minecraft/sounds/SoundEvent
       154: ldc_w         #392                // float 1.15f
       157: ldc_w         #1182               // float 0.82f
       160: invokestatic  #179                // Method play:(Lnet/minecraft/server/level/ServerLevel;Lnet/minecraft/world/phys/Vec3;Lnet/minecraft/sounds/SoundEvent;FF)V
       163: return

  private static void tauntShout(net.minecraft.server.level.ServerLevel, net.minecraft.server.level.ServerPlayer, float, int, int);
    Code:
         0: aload_1
         1: getstatic     #1331               // Field net/minecraft/world/InteractionHand.OFF_HAND:Lnet/minecraft/world/InteractionHand;
         4: iconst_1
         5: invokevirtual #189                // Method net/minecraft/server/level/ServerPlayer.swing:(Lnet/minecraft/world/InteractionHand;Z)V
         8: aload_0
         9: aload_1
        10: aload_1
        11: invokevirtual #167                // Method net/minecraft/server/level/ServerPlayer.position:()Lnet/minecraft/world/phys/Vec3;
        14: ldc2_w        #1255               // double 20.0d
        17: bipush        60
        19: invokestatic  #827                // Method targetsNear:(Lnet/minecraft/server/level/ServerLevel;Lnet/minecraft/server/level/ServerPlayer;Lnet/minecraft/world/phys/Vec3;DI)Ljava/util/List;
        22: invokeinterface #208,  1          // InterfaceMethod java/util/List.iterator:()Ljava/util/Iterator;
        27: astore        5
        29: aload         5
        31: invokeinterface #212,  1          // InterfaceMethod java/util/Iterator.hasNext:()Z
        36: ifeq          93
        39: aload         5
        41: invokeinterface #218,  1          // InterfaceMethod java/util/Iterator.next:()Ljava/lang/Object;
        46: checkcast     #707                // class net/minecraft/world/entity/Mob
        49: astore        6
        51: aload_0
        52: aload         6
        54: fload_2
        55: invokestatic  #859                // Method hurt:(Lnet/minecraft/server/level/ServerLevel;Lnet/minecraft/world/entity/Mob;F)V
        58: aload         6
        60: aload_1
        61: invokevirtual #1345               // Method net/minecraft/world/entity/Mob.setTarget:(Lnet/minecraft/world/entity/LivingEntity;)V
        64: aload         6
        66: new           #152                // class net/minecraft/world/effect/MobEffectInstance
        69: dup
        70: getstatic     #1349               // Field net/minecraft/world/effect/MobEffects.WEAKNESS:Lnet/minecraft/core/Holder;
        73: bipush        100
        75: iload_3
        76: invokestatic  #196                // Method java/lang/Math.min:(II)I
        79: iconst_1
        80: iconst_0
        81: iconst_0
        82: iconst_1
        83: invokespecial #160                // Method net/minecraft/world/effect/MobEffectInstance."<init>":(Lnet/minecraft/core/Holder;IIZZZ)V
        86: invokevirtual #866                // Method net/minecraft/world/entity/Mob.addEffect:(Lnet/minecraft/world/effect/MobEffectInstance;)Z
        89: pop
        90: goto          29
        93: aload_1
        94: new           #152                // class net/minecraft/world/effect/MobEffectInstance
        97: dup
        98: getstatic     #154                // Field net/minecraft/world/effect/MobEffects.RESISTANCE:Lnet/minecraft/core/Holder;
       101: bipush        100
       103: iload_3
       104: invokestatic  #196                // Method java/lang/Math.min:(II)I
       107: iconst_1
       108: iconst_0
       109: iconst_0
       110: iconst_1
       111: invokespecial #160                // Method net/minecraft/world/effect/MobEffectInstance."<init>":(Lnet/minecraft/core/Holder;IIZZZ)V
       114: invokevirtual #163                // Method net/minecraft/server/level/ServerPlayer.addEffect:(Lnet/minecraft/world/effect/MobEffectInstance;)Z
       117: pop
       118: aload_0
       119: aload_1
       120: invokevirtual #167                // Method net/minecraft/server/level/ServerPlayer.position:()Lnet/minecraft/world/phys/Vec3;
       123: getstatic     #222                // Field net/minecraft/sounds/SoundEvents.RAVAGER_ROAR:Lnet/minecraft/sounds/SoundEvent;
       126: ldc_w         #360                // float 1.1f
       129: ldc_w         #1352               // float 0.68f
       132: invokestatic  #179                // Method play:(Lnet/minecraft/server/level/ServerLevel;Lnet/minecraft/world/phys/Vec3;Lnet/minecraft/sounds/SoundEvent;FF)V
       135: return

  private static void healLowestAlly(net.minecraft.server.level.ServerPlayer, float, int, boolean);
    Code:
         0: aload_0
         1: ldc2_w        #1353               // double 24.0d
         4: invokestatic  #204                // Method allies:(Lnet/minecraft/server/level/ServerPlayer;D)Ljava/util/List;
         7: invokeinterface #1355,  1         // InterfaceMethod java/util/List.stream:()Ljava/util/stream/Stream;
        12: invokedynamic #1359,  0           // InvokeDynamic #15:applyAsDouble:()Ljava/util/function/ToDoubleFunction;
        17: invokestatic  #1158               // InterfaceMethod java/util/Comparator.comparingDouble:(Ljava/util/function/ToDoubleFunction;)Ljava/util/Comparator;
        20: invokeinterface #1362,  2         // InterfaceMethod java/util/stream/Stream.min:(Ljava/util/Comparator;)Ljava/util/Optional;
        25: aload_0
        26: invokevirtual #621                // Method java/util/Optional.orElse:(Ljava/lang/Object;)Ljava/lang/Object;
        29: checkcast     #86                 // class net/minecraft/server/level/ServerPlayer
        32: astore        4
        34: aload         4
        36: fload_1
        37: invokestatic  #907                // Method healScaled:(Lnet/minecraft/server/level/ServerPlayer;F)V
        40: iload_3
        41: ifne          49
        44: iload_2
        45: iconst_2
        46: if_icmplt     77
        49: aload         4
        51: new           #152                // class net/minecraft/world/effect/MobEffectInstance
        54: dup
        55: getstatic     #435                // Field net/minecraft/world/effect/MobEffects.ABSORPTION:Lnet/minecraft/core/Holder;
        58: bipush        120
        60: iconst_1
        61: iconst_3
        62: iload_2
        63: invokestatic  #196                // Method java/lang/Math.min:(II)I
        66: iadd
        67: iconst_0
        68: iconst_0
        69: iconst_1
        70: invokespecial #160                // Method net/minecraft/world/effect/MobEffectInstance."<init>":(Lnet/minecraft/core/Holder;IIZZZ)V
        73: invokevirtual #163                // Method net/minecraft/server/level/ServerPlayer.addEffect:(Lnet/minecraft/world/effect/MobEffectInstance;)Z
        76: pop
        77: aload         4
        79: invokevirtual #511                // Method net/minecraft/server/level/ServerPlayer.level:()Lnet/minecraft/server/level/ServerLevel;
        82: astore        6
        84: aload         6
        86: instanceof    #80                 // class net/minecraft/server/level/ServerLevel
        89: ifeq          121
        92: aload         6
        94: astore        5
        96: aload         5
        98: aload_0
        99: aload         4
       101: invokestatic  #1367               // Method kr/moonseungjun/villageguardians/VillageSkillEffectSystem.healLink:(Lnet/minecraft/server/level/ServerLevel;Lnet/minecraft/server/level/ServerPlayer;Lnet/minecraft/server/level/ServerPlayer;)V
       104: aload         5
       106: aload         4
       108: invokevirtual #167                // Method net/minecraft/server/level/ServerPlayer.position:()Lnet/minecraft/world/phys/Vec3;
       111: getstatic     #914                // Field net/minecraft/sounds/SoundEvents.AMETHYST_BLOCK_CHIME:Lnet/minecraft/sounds/SoundEvent;
       114: fconst_1
       115: ldc_w         #1371               // float 1.28f
       118: invokestatic  #179                // Method play:(Lnet/minecraft/server/level/ServerLevel;Lnet/minecraft/world/phys/Vec3;Lnet/minecraft/sounds/SoundEvent;FF)V
       121: return

  private static void cleanseAllies(net.minecraft.server.level.ServerPlayer, float, int);
    Code:
         0: aload_0
         1: ldc2_w        #1372               // double -1.0d
         4: invokestatic  #204                // Method allies:(Lnet/minecraft/server/level/ServerPlayer;D)Ljava/util/List;
         7: astore_3
         8: aload_3
         9: invokeinterface #208,  1          // InterfaceMethod java/util/List.iterator:()Ljava/util/Iterator;
        14: astore        4
        16: aload         4
        18: invokeinterface #212,  1          // InterfaceMethod java/util/Iterator.hasNext:()Z
        23: ifeq          101
        26: aload         4
        28: invokeinterface #218,  1          // InterfaceMethod java/util/Iterator.next:()Ljava/lang/Object;
        33: checkcast     #86                 // class net/minecraft/server/level/ServerPlayer
        36: astore        5
        38: aload         5
        40: getstatic     #1374               // Field net/minecraft/world/effect/MobEffects.POISON:Lnet/minecraft/core/Holder;
        43: invokevirtual #1377               // Method net/minecraft/server/level/ServerPlayer.removeEffect:(Lnet/minecraft/core/Holder;)Z
        46: pop
        47: aload         5
        49: getstatic     #1381               // Field net/minecraft/world/effect/MobEffects.WITHER:Lnet/minecraft/core/Holder;
        52: invokevirtual #1377               // Method net/minecraft/server/level/ServerPlayer.removeEffect:(Lnet/minecraft/core/Holder;)Z
        55: pop
        56: aload         5
        58: getstatic     #1349               // Field net/minecraft/world/effect/MobEffects.WEAKNESS:Lnet/minecraft/core/Holder;
        61: invokevirtual #1377               // Method net/minecraft/server/level/ServerPlayer.removeEffect:(Lnet/minecraft/core/Holder;)Z
        64: pop
        65: aload         5
        67: getstatic     #863                // Field net/minecraft/world/effect/MobEffects.SLOWNESS:Lnet/minecraft/core/Holder;
        70: invokevirtual #1377               // Method net/minecraft/server/level/ServerPlayer.removeEffect:(Lnet/minecraft/core/Holder;)Z
        73: pop
        74: aload         5
        76: getstatic     #1384               // Field net/minecraft/world/effect/MobEffects.BLINDNESS:Lnet/minecraft/core/Holder;
        79: invokevirtual #1377               // Method net/minecraft/server/level/ServerPlayer.removeEffect:(Lnet/minecraft/core/Holder;)Z
        82: pop
        83: aload         5
        85: getstatic     #1387               // Field net/minecraft/world/effect/MobEffects.HUNGER:Lnet/minecraft/core/Holder;
        88: invokevirtual #1377               // Method net/minecraft/server/level/ServerPlayer.removeEffect:(Lnet/minecraft/core/Holder;)Z
        91: pop
        92: aload         5
        94: fload_1
        95: invokestatic  #907                // Method healScaled:(Lnet/minecraft/server/level/ServerPlayer;F)V
        98: goto          16
       101: aload_0
       102: invokevirtual #511                // Method net/minecraft/server/level/ServerPlayer.level:()Lnet/minecraft/server/level/ServerLevel;
       105: astore        5
       107: aload         5
       109: instanceof    #80                 // class net/minecraft/server/level/ServerLevel
       112: ifeq          142
       115: aload         5
       117: astore        4
       119: aload         4
       121: aload_0
       122: aload_3
       123: invokestatic  #1390               // Method kr/moonseungjun/villageguardians/VillageSkillEffectSystem.cleanse:(Lnet/minecraft/server/level/ServerLevel;Lnet/minecraft/server/level/ServerPlayer;Ljava/util/List;)V
       126: aload         4
       128: aload_0
       129: invokevirtual #167                // Method net/minecraft/server/level/ServerPlayer.position:()Lnet/minecraft/world/phys/Vec3;
       132: getstatic     #411                // Field net/minecraft/sounds/SoundEvents.BEACON_ACTIVATE:Lnet/minecraft/sounds/SoundEvent;
       135: fconst_1
       136: ldc_w         #278                // float 1.35f
       139: invokestatic  #179                // Method play:(Lnet/minecraft/server/level/ServerLevel;Lnet/minecraft/world/phys/Vec3;Lnet/minecraft/sounds/SoundEvent;FF)V
       142: return

  private static void miracle(net.minecraft.server.level.ServerPlayer, float, int, int);
    Code:
         0: aload_0
         1: invokevirtual #511                // Method net/minecraft/server/level/ServerPlayer.level:()Lnet/minecraft/server/level/ServerLevel;
         4: invokevirtual #1394               // Method net/minecraft/server/level/ServerLevel.getServer:()Lnet/minecraft/server/MinecraftServer;
         7: astore        4
         9: aload         4
        11: ifnonnull     15
        14: return
        15: aload         4
        17: invokevirtual #501                // Method net/minecraft/server/MinecraftServer.getPlayerList:()Lnet/minecraft/server/players/PlayerList;
        20: invokevirtual #505                // Method net/minecraft/server/players/PlayerList.getPlayers:()Ljava/util/List;
        23: invokeinterface #1355,  1         // InterfaceMethod java/util/List.stream:()Ljava/util/stream/Stream;
        28: aload_0
        29: invokedynamic #1398,  0           // InvokeDynamic #16:test:(Lnet/minecraft/server/level/ServerPlayer;)Ljava/util/function/Predicate;
        34: invokeinterface #1401,  2         // InterfaceMethod java/util/stream/Stream.filter:(Ljava/util/function/Predicate;)Ljava/util/stream/Stream;
        39: invokeinterface #1405,  1         // InterfaceMethod java/util/stream/Stream.toList:()Ljava/util/List;
        44: astore        5
        46: aload         5
        48: invokeinterface #208,  1          // InterfaceMethod java/util/List.iterator:()Ljava/util/Iterator;
        53: astore        6
        55: aload         6
        57: invokeinterface #212,  1          // InterfaceMethod java/util/Iterator.hasNext:()Z
        62: ifeq          160
        65: aload         6
        67: invokeinterface #218,  1          // InterfaceMethod java/util/Iterator.next:()Ljava/lang/Object;
        72: checkcast     #86                 // class net/minecraft/server/level/ServerPlayer
        75: astore        7
        77: aload         7
        79: invokestatic  #514                // Method kr/moonseungjun/villageguardians/VillageRespawnSystem.isDowned:(Lnet/minecraft/server/level/ServerPlayer;)Z
        82: ifeq          94
        85: aload         7
        87: ldc_w         #1408               // String 기적의 대성역
        90: invokestatic  #1410               // Method kr/moonseungjun/villageguardians/VillageRespawnSystem.reviveNow:(Lnet/minecraft/server/level/ServerPlayer;Ljava/lang/String;)Z
        93: pop
        94: aload         7
        96: fload_1
        97: invokestatic  #907                // Method healScaled:(Lnet/minecraft/server/level/ServerPlayer;F)V
       100: aload         7
       102: iconst_2
       103: iconst_3
       104: iload_2
       105: invokestatic  #196                // Method java/lang/Math.min:(II)I
       108: iadd
       109: invokestatic  #1414               // Method lowHealthAmplifier:(Lnet/minecraft/server/level/ServerPlayer;I)I
       112: istore        8
       114: aload         7
       116: new           #152                // class net/minecraft/world/effect/MobEffectInstance
       119: dup
       120: getstatic     #435                // Field net/minecraft/world/effect/MobEffects.ABSORPTION:Lnet/minecraft/core/Holder;
       123: iload_3
       124: iload         8
       126: iconst_0
       127: iconst_0
       128: iconst_1
       129: invokespecial #160                // Method net/minecraft/world/effect/MobEffectInstance."<init>":(Lnet/minecraft/core/Holder;IIZZZ)V
       132: invokevirtual #163                // Method net/minecraft/server/level/ServerPlayer.addEffect:(Lnet/minecraft/world/effect/MobEffectInstance;)Z
       135: pop
       136: aload         7
       138: new           #152                // class net/minecraft/world/effect/MobEffectInstance
       141: dup
       142: getstatic     #911                // Field net/minecraft/world/effect/MobEffects.REGENERATION:Lnet/minecraft/core/Holder;
       145: iload_3
       146: iconst_1
       147: iconst_0
       148: iconst_0
       149: iconst_1
       150: invokespecial #160                // Method net/minecraft/world/effect/MobEffectInstance."<init>":(Lnet/minecraft/core/Holder;IIZZZ)V
       153: invokevirtual #163                // Method net/minecraft/server/level/ServerPlayer.addEffect:(Lnet/minecraft/world/effect/MobEffectInstance;)Z
       156: pop
       157: goto          55
       160: aload_0
       161: invokevirtual #511                // Method net/minecraft/server/level/ServerPlayer.level:()Lnet/minecraft/server/level/ServerLevel;
       164: astore        7
       166: aload         7
       168: instanceof    #80                 // class net/minecraft/server/level/ServerLevel
       171: ifeq          218
       174: aload         7
       176: astore        6
       178: aload         6
       180: aload_0
       181: aload         5
       183: invokestatic  #1418               // Method kr/moonseungjun/villageguardians/VillageSkillEffectSystem.miracle:(Lnet/minecraft/server/level/ServerLevel;Lnet/minecraft/server/level/ServerPlayer;Ljava/util/List;)V
       186: aload         6
       188: aload_0
       189: invokevirtual #167                // Method net/minecraft/server/level/ServerPlayer.position:()Lnet/minecraft/world/phys/Vec3;
       192: getstatic     #411                // Field net/minecraft/sounds/SoundEvents.BEACON_ACTIVATE:Lnet/minecraft/sounds/SoundEvent;
       195: ldc_w         #441                // float 1.4f
       198: ldc_w         #1182               // float 0.82f
       201: invokestatic  #179                // Method play:(Lnet/minecraft/server/level/ServerLevel;Lnet/minecraft/world/phys/Vec3;Lnet/minecraft/sounds/SoundEvent;FF)V
       204: aload         6
       206: aload_0
       207: invokevirtual #167                // Method net/minecraft/server/level/ServerPlayer.position:()Lnet/minecraft/world/phys/Vec3;
       210: getstatic     #1420               // Field net/minecraft/sounds/SoundEvents.TOTEM_USE:Lnet/minecraft/sounds/SoundEvent;
       213: fconst_1
       214: fconst_1
       215: invokestatic  #179                // Method play:(Lnet/minecraft/server/level/ServerLevel;Lnet/minecraft/world/phys/Vec3;Lnet/minecraft/sounds/SoundEvent;FF)V
       218: return

  private static void healScaled(net.minecraft.server.level.ServerPlayer, float);
    Code:
         0: fconst_1
         1: aload_0
         2: invokevirtual #1423               // Method net/minecraft/server/level/ServerPlayer.getHealth:()F
         5: fconst_1
         6: aload_0
         7: invokevirtual #1426               // Method net/minecraft/server/level/ServerPlayer.getMaxHealth:()F
        10: invokestatic  #1168               // Method java/lang/Math.max:(FF)F
        13: fdiv
        14: fsub
        15: fstore_2
        16: aload_0
        17: invokevirtual #85                 // Method net/minecraft/server/level/ServerPlayer.getUUID:()Ljava/util/UUID;
        20: invokestatic  #617                // Method kr/moonseungjun/villageguardians/VillageCouncilState.roleOf:(Ljava/util/UUID;)Ljava/util/Optional;
        23: aconst_null
        24: invokevirtual #621                // Method java/util/Optional.orElse:(Ljava/lang/Object;)Ljava/lang/Object;
        27: getstatic     #1429               // Field kr/moonseungjun/villageguardians/VillageRole.LUMINAR:Lkr/moonseungjun/villageguardians/VillageRole;
        30: if_acmpne     37
        33: fconst_1
        34: goto          38
        37: fconst_1
        38: fstore_3
        39: fload_2
        40: ldc_w         #1432               // float 0.75f
        43: fcmpl
        44: iflt          56
        47: fload_3
        48: ldc_w         #1433               // float 1.75f
        51: fmul
        52: fstore_3
        53: goto          86
        56: fload_2
        57: ldc_w         #1434               // float 0.5f
        60: fcmpl
        61: iflt          73
        64: fload_3
        65: ldc_w         #1308               // float 1.45f
        68: fmul
        69: fstore_3
        70: goto          86
        73: fload_2
        74: ldc_w         #430                // float 0.25f
        77: fcmpl
        78: iflt          86
        81: fload_3
        82: ldc           #177                // float 1.2f
        84: fmul
        85: fstore_3
        86: aload_0
        87: fload_1
        88: fload_3
        89: fmul
        90: invokevirtual #631                // Method net/minecraft/server/level/ServerPlayer.heal:(F)V
        93: return

  private static int lowHealthAmplifier(net.minecraft.server.level.ServerPlayer, int);
    Code:
         0: aload_0
         1: invokevirtual #1423               // Method net/minecraft/server/level/ServerPlayer.getHealth:()F
         4: fconst_1
         5: aload_0
         6: invokevirtual #1426               // Method net/minecraft/server/level/ServerPlayer.getMaxHealth:()F
         9: invokestatic  #1168               // Method java/lang/Math.max:(FF)F
        12: fdiv
        13: fstore_2
        14: fload_2
        15: ldc_w         #430                // float 0.25f
        18: fcmpg
        19: ifgt          26
        22: iload_1
        23: iconst_2
        24: iadd
        25: ireturn
        26: fload_2
        27: ldc_w         #1434               // float 0.5f
        30: fcmpg
        31: ifgt          38
        34: iload_1
        35: iconst_1
        36: iadd
        37: ireturn
        38: iload_1
        39: ireturn

  private static void launchFireOrb(net.minecraft.server.level.ServerLevel, net.minecraft.server.level.ServerPlayer, double, int, float, double, int, net.minecraft.world.phys.Vec3);
    Code:
         0: aload         9
         2: invokevirtual #755                // Method net/minecraft/world/phys/Vec3.normalize:()Lnet/minecraft/world/phys/Vec3;
         5: astore        10
         7: aload_1
         8: invokevirtual #555                // Method net/minecraft/server/level/ServerPlayer.getEyePosition:()Lnet/minecraft/world/phys/Vec3;
        11: aload         10
        13: ldc2_w        #1435               // double 0.8d
        16: invokevirtual #256                // Method net/minecraft/world/phys/Vec3.scale:(D)Lnet/minecraft/world/phys/Vec3;
        19: invokevirtual #560                // Method net/minecraft/world/phys/Vec3.add:(Lnet/minecraft/world/phys/Vec3;)Lnet/minecraft/world/phys/Vec3;
        22: astore        11
        24: getstatic     #1437               // Field net/minecraft/world/entity/EntityTypes.SNOWBALL:Lnet/minecraft/world/entity/EntityType;
        27: aload_0
        28: getstatic     #1443               // Field net/minecraft/world/entity/EntitySpawnReason.EVENT:Lnet/minecraft/world/entity/EntitySpawnReason;
        31: invokevirtual #1449               // Method net/minecraft/world/entity/EntityType.create:(Lnet/minecraft/world/level/Level;Lnet/minecraft/world/entity/EntitySpawnReason;)Lnet/minecraft/world/entity/Entity;
        34: checkcast     #1455               // class net/minecraft/world/entity/projectile/throwableitemprojectile/Snowball
        37: astore        12
        39: aload         12
        41: ifnonnull     45
        44: return
        45: aload         12
        47: aload_1
        48: invokevirtual #1457               // Method net/minecraft/world/entity/projectile/throwableitemprojectile/Snowball.setOwner:(Lnet/minecraft/world/entity/Entity;)V
        51: aload         12
        53: getstatic     #1279               // Field net/minecraft/world/item/ItemStack.EMPTY:Lnet/minecraft/world/item/ItemStack;
        56: invokevirtual #1461               // Method net/minecraft/world/entity/projectile/throwableitemprojectile/Snowball.setItem:(Lnet/minecraft/world/item/ItemStack;)V
        59: aload         12
        61: iconst_1
        62: invokevirtual #1465               // Method net/minecraft/world/entity/projectile/throwableitemprojectile/Snowball.setInvisible:(Z)V
        65: aload         12
        67: aload         11
        69: getfield      #879                // Field net/minecraft/world/phys/Vec3.x:D
        72: aload         11
        74: getfield      #1468               // Field net/minecraft/world/phys/Vec3.y:D
        77: aload         11
        79: getfield      #883                // Field net/minecraft/world/phys/Vec3.z:D
        82: invokevirtual #1471               // Method net/minecraft/world/entity/projectile/throwableitemprojectile/Snowball.setPos:(DDD)V
        85: aload         12
        87: iconst_1
        88: invokevirtual #1474               // Method net/minecraft/world/entity/projectile/throwableitemprojectile/Snowball.setNoGravity:(Z)V
        91: aload         12
        93: aload         10
        95: dload_2
        96: invokevirtual #256                // Method net/minecraft/world/phys/Vec3.scale:(D)Lnet/minecraft/world/phys/Vec3;
        99: invokevirtual #1475               // Method net/minecraft/world/entity/projectile/throwableitemprojectile/Snowball.setDeltaMovement:(Lnet/minecraft/world/phys/Vec3;)V
       102: aload_0
       103: aload         12
       105: invokevirtual #1476               // Method net/minecraft/server/level/ServerLevel.addFreshEntity:(Lnet/minecraft/world/entity/Entity;)Z
       108: ifne          112
       111: return
       112: aload_0
       113: aload_1
       114: aload         11
       116: aload         10
       118: iload         4
       120: dload_2
       121: d2f
       122: iload         8
       124: invokestatic  #1479               // Method kr/moonseungjun/villageguardians/VillageSkillEffectSystem.fireOrb:(Lnet/minecraft/server/level/ServerLevel;Lnet/minecraft/server/level/ServerPlayer;Lnet/minecraft/world/phys/Vec3;Lnet/minecraft/world/phys/Vec3;IFI)Lkr/moonseungjun/villageguardians/VillageSkillEffectEntity;
       127: astore        13
       129: getstatic     #64                 // Field MOVING:Ljava/util/Map;
       132: aload         12
       134: invokevirtual #1483               // Method net/minecraft/world/entity/projectile/throwableitemprojectile/Snowball.getUUID:()Ljava/util/UUID;
       137: new           #917                // class kr/moonseungjun/villageguardians/VillageRoleAbilitySystem$MovingSkill
       140: dup
       141: aload_1
       142: invokevirtual #85                 // Method net/minecraft/server/level/ServerPlayer.getUUID:()Ljava/util/UUID;
       145: getstatic     #979                // Field kr/moonseungjun/villageguardians/VillageRoleAbilitySystem$MovingKind.FIRE_ORB:Lkr/moonseungjun/villageguardians/VillageRoleAbilitySystem$MovingKind;
       148: iload         4
       150: fload         5
       152: dload         6
       154: iload         8
       156: aload         11
       158: aload         13
       160: ifnonnull     167
       163: aconst_null
       164: goto          172
       167: aload         13
       169: invokevirtual #1484               // Method kr/moonseungjun/villageguardians/VillageSkillEffectEntity.getUUID:()Ljava/util/UUID;
       172: invokespecial #1487               // Method kr/moonseungjun/villageguardians/VillageRoleAbilitySystem$MovingSkill."<init>":(Ljava/util/UUID;Lkr/moonseungjun/villageguardians/VillageRoleAbilitySystem$MovingKind;IFDILnet/minecraft/world/phys/Vec3;Ljava/util/UUID;)V
       175: invokeinterface #140,  3          // InterfaceMethod java/util/Map.put:(Ljava/lang/Object;Ljava/lang/Object;)Ljava/lang/Object;
       180: pop
       181: return

  private static void launchMoving(net.minecraft.server.level.ServerLevel, net.minecraft.server.level.ServerPlayer, kr.moonseungjun.villageguardians.VillageRoleAbilitySystem$MovingKind, net.minecraft.world.item.ItemStack, double, int, float, double, int, net.minecraft.world.phys.Vec3);
    Code:
         0: aload_0
         1: aload_1
         2: aload_2
         3: aload_3
         4: dload         4
         6: iload         6
         8: fload         7
        10: dload         8
        12: iload         10
        14: aload_1
        15: invokevirtual #555                // Method net/minecraft/server/level/ServerPlayer.getEyePosition:()Lnet/minecraft/world/phys/Vec3;
        18: aload         11
        20: ldc2_w        #1435               // double 0.8d
        23: invokevirtual #256                // Method net/minecraft/world/phys/Vec3.scale:(D)Lnet/minecraft/world/phys/Vec3;
        26: invokevirtual #560                // Method net/minecraft/world/phys/Vec3.add:(Lnet/minecraft/world/phys/Vec3;)Lnet/minecraft/world/phys/Vec3;
        29: aload         11
        31: invokestatic  #1286               // Method launchMovingAt:(Lnet/minecraft/server/level/ServerLevel;Lnet/minecraft/server/level/ServerPlayer;Lkr/moonseungjun/villageguardians/VillageRoleAbilitySystem$MovingKind;Lnet/minecraft/world/item/ItemStack;DIFDILnet/minecraft/world/phys/Vec3;Lnet/minecraft/world/phys/Vec3;)V
        34: return

  private static void launchMovingAt(net.minecraft.server.level.ServerLevel, net.minecraft.server.level.ServerPlayer, kr.moonseungjun.villageguardians.VillageRoleAbilitySystem$MovingKind, net.minecraft.world.item.ItemStack, double, int, float, double, int, net.minecraft.world.phys.Vec3, net.minecraft.world.phys.Vec3);
    Code:
         0: getstatic     #1437               // Field net/minecraft/world/entity/EntityTypes.SNOWBALL:Lnet/minecraft/world/entity/EntityType;
         3: aload_0
         4: getstatic     #1443               // Field net/minecraft/world/entity/EntitySpawnReason.EVENT:Lnet/minecraft/world/entity/EntitySpawnReason;
         7: invokevirtual #1449               // Method net/minecraft/world/entity/EntityType.create:(Lnet/minecraft/world/level/Level;Lnet/minecraft/world/entity/EntitySpawnReason;)Lnet/minecraft/world/entity/Entity;
        10: checkcast     #1455               // class net/minecraft/world/entity/projectile/throwableitemprojectile/Snowball
        13: astore        13
        15: aload         13
        17: ifnonnull     21
        20: return
        21: aload         13
        23: aload_1
        24: invokevirtual #1457               // Method net/minecraft/world/entity/projectile/throwableitemprojectile/Snowball.setOwner:(Lnet/minecraft/world/entity/Entity;)V
        27: aload         13
        29: getstatic     #1279               // Field net/minecraft/world/item/ItemStack.EMPTY:Lnet/minecraft/world/item/ItemStack;
        32: invokevirtual #1461               // Method net/minecraft/world/entity/projectile/throwableitemprojectile/Snowball.setItem:(Lnet/minecraft/world/item/ItemStack;)V
        35: aload         13
        37: iconst_1
        38: invokevirtual #1465               // Method net/minecraft/world/entity/projectile/throwableitemprojectile/Snowball.setInvisible:(Z)V
        41: aload         13
        43: aload         11
        45: getfield      #879                // Field net/minecraft/world/phys/Vec3.x:D
        48: aload         11
        50: getfield      #1468               // Field net/minecraft/world/phys/Vec3.y:D
        53: aload         11
        55: getfield      #883                // Field net/minecraft/world/phys/Vec3.z:D
        58: invokevirtual #1471               // Method net/minecraft/world/entity/projectile/throwableitemprojectile/Snowball.setPos:(DDD)V
        61: aload         13
        63: iconst_1
        64: invokevirtual #1474               // Method net/minecraft/world/entity/projectile/throwableitemprojectile/Snowball.setNoGravity:(Z)V
        67: aload         13
        69: aload         12
        71: invokevirtual #755                // Method net/minecraft/world/phys/Vec3.normalize:()Lnet/minecraft/world/phys/Vec3;
        74: dload         4
        76: invokevirtual #256                // Method net/minecraft/world/phys/Vec3.scale:(D)Lnet/minecraft/world/phys/Vec3;
        79: invokevirtual #1475               // Method net/minecraft/world/entity/projectile/throwableitemprojectile/Snowball.setDeltaMovement:(Lnet/minecraft/world/phys/Vec3;)V
        82: aload_0
        83: aload         13
        85: invokevirtual #1476               // Method net/minecraft/server/level/ServerLevel.addFreshEntity:(Lnet/minecraft/world/entity/Entity;)Z
        88: ifne          92
        91: return
        92: getstatic     #64                 // Field MOVING:Ljava/util/Map;
        95: aload         13
        97: invokevirtual #1483               // Method net/minecraft/world/entity/projectile/throwableitemprojectile/Snowball.getUUID:()Ljava/util/UUID;
       100: new           #917                // class kr/moonseungjun/villageguardians/VillageRoleAbilitySystem$MovingSkill
       103: dup
       104: aload_1
       105: invokevirtual #85                 // Method net/minecraft/server/level/ServerPlayer.getUUID:()Ljava/util/UUID;
       108: aload_2
       109: iload         6
       111: fload         7
       113: dload         8
       115: iload         10
       117: aload         11
       119: aconst_null
       120: invokespecial #1487               // Method kr/moonseungjun/villageguardians/VillageRoleAbilitySystem$MovingSkill."<init>":(Ljava/util/UUID;Lkr/moonseungjun/villageguardians/VillageRoleAbilitySystem$MovingKind;IFDILnet/minecraft/world/phys/Vec3;Ljava/util/UUID;)V
       123: invokeinterface #140,  3          // InterfaceMethod java/util/Map.put:(Ljava/lang/Object;Ljava/lang/Object;)Ljava/lang/Object;
       128: pop
       129: return

  private static void spawnSideArrow(net.minecraft.server.level.ServerLevel, net.minecraft.server.level.ServerPlayer, net.minecraft.world.entity.projectile.arrow.AbstractArrow, double);
    Code:
         0: new           #1490               // class net/minecraft/world/entity/projectile/arrow/Arrow
         3: dup
         4: aload_0
         5: aload_1
         6: new           #642                // class net/minecraft/world/item/ItemStack
         9: dup
        10: getstatic     #1200               // Field net/minecraft/world/item/Items.ARROW:Lnet/minecraft/world/item/Item;
        13: invokespecial #1206               // Method net/minecraft/world/item/ItemStack."<init>":(Lnet/minecraft/world/level/ItemLike;)V
        16: new           #642                // class net/minecraft/world/item/ItemStack
        19: dup
        20: getstatic     #1492               // Field net/minecraft/world/item/Items.BOW:Lnet/minecraft/world/item/Item;
        23: invokespecial #1206               // Method net/minecraft/world/item/ItemStack."<init>":(Lnet/minecraft/world/level/ItemLike;)V
        26: invokespecial #1495               // Method net/minecraft/world/entity/projectile/arrow/Arrow."<init>":(Lnet/minecraft/world/level/Level;Lnet/minecraft/world/entity/LivingEntity;Lnet/minecraft/world/item/ItemStack;Lnet/minecraft/world/item/ItemStack;)V
        29: astore        5
        31: aload         5
        33: aload_2
        34: invokevirtual #1498               // Method net/minecraft/world/entity/projectile/arrow/AbstractArrow.getX:()D
        37: aload_2
        38: invokevirtual #1501               // Method net/minecraft/world/entity/projectile/arrow/AbstractArrow.getY:()D
        41: aload_2
        42: invokevirtual #1504               // Method net/minecraft/world/entity/projectile/arrow/AbstractArrow.getZ:()D
        45: invokevirtual #1507               // Method net/minecraft/world/entity/projectile/arrow/Arrow.setPos:(DDD)V
        48: aload_2
        49: invokevirtual #731                // Method net/minecraft/world/entity/projectile/arrow/AbstractArrow.getDeltaMovement:()Lnet/minecraft/world/phys/Vec3;
        52: dload_3
        53: invokestatic  #1508               // Method java/lang/Math.toRadians:(D)D
        56: invokestatic  #1511               // Method rotateY:(Lnet/minecraft/world/phys/Vec3;D)Lnet/minecraft/world/phys/Vec3;
        59: astore        6
        61: aload         5
        63: aload         6
        65: invokevirtual #1515               // Method net/minecraft/world/entity/projectile/arrow/Arrow.setDeltaMovement:(Lnet/minecraft/world/phys/Vec3;)V
        68: aload         5
        70: ldc2_w        #1516               // double 2.0d
        73: invokevirtual #1518               // Method net/minecraft/world/entity/projectile/arrow/Arrow.setBaseDamage:(D)V
        76: aload         5
        78: getstatic     #1522               // Field net/minecraft/world/entity/projectile/arrow/AbstractArrow$Pickup.DISALLOWED:Lnet/minecraft/world/entity/projectile/arrow/AbstractArrow$Pickup;
        81: putfield      #1528               // Field net/minecraft/world/entity/projectile/arrow/Arrow.pickup:Lnet/minecraft/world/entity/projectile/arrow/AbstractArrow$Pickup;
        84: iconst_1
        85: putstatic     #72                 // Field spawningGeneratedArrow:Z
        88: aload_0
        89: aload         5
        91: invokevirtual #1476               // Method net/minecraft/server/level/ServerLevel.addFreshEntity:(Lnet/minecraft/world/entity/Entity;)Z
        94: pop
        95: iconst_0
        96: putstatic     #72                 // Field spawningGeneratedArrow:Z
        99: goto          111
       102: astore        7
       104: iconst_0
       105: putstatic     #72                 // Field spawningGeneratedArrow:Z
       108: aload         7
       110: athrow
       111: return
      Exception table:
         from    to  target type
            88    95   102   any
           102   104   102   any

  private static net.minecraft.world.entity.Mob lockArrowOnTarget(net.minecraft.server.level.ServerLevel, net.minecraft.server.level.ServerPlayer, net.minecraft.world.entity.projectile.arrow.AbstractArrow);
    Code:
         0: aload_0
         1: aload_1
         2: aload_2
         3: invokevirtual #721                // Method net/minecraft/world/entity/projectile/arrow/AbstractArrow.position:()Lnet/minecraft/world/phys/Vec3;
         6: ldc2_w        #1531               // double 64.0d
         9: invokestatic  #1533               // Method bestAimTarget:(Lnet/minecraft/server/level/ServerLevel;Lnet/minecraft/server/level/ServerPlayer;Lnet/minecraft/world/phys/Vec3;D)Lnet/minecraft/world/entity/Mob;
        12: astore_3
        13: aload_3
        14: ifnonnull     19
        17: aconst_null
        18: areturn
        19: aload_3
        20: invokevirtual #715                // Method net/minecraft/world/entity/Mob.position:()Lnet/minecraft/world/phys/Vec3;
        23: dconst_0
        24: aload_3
        25: invokevirtual #716                // Method net/minecraft/world/entity/Mob.getBbHeight:()F
        28: f2d
        29: ldc2_w        #719                // double 0.58d
        32: dmul
        33: dconst_0
        34: invokevirtual #264                // Method net/minecraft/world/phys/Vec3.add:(DDD)Lnet/minecraft/world/phys/Vec3;
        37: astore        4
        39: aload         4
        41: aload_2
        42: invokevirtual #721                // Method net/minecraft/world/entity/projectile/arrow/AbstractArrow.position:()Lnet/minecraft/world/phys/Vec3;
        45: invokevirtual #722                // Method net/minecraft/world/phys/Vec3.subtract:(Lnet/minecraft/world/phys/Vec3;)Lnet/minecraft/world/phys/Vec3;
        48: astore        5
        50: aload         5
        52: invokevirtual #725                // Method net/minecraft/world/phys/Vec3.lengthSqr:()D
        55: ldc2_w        #749                // double 1.0E-5d
        58: dcmpg
        59: ifge          64
        62: aconst_null
        63: areturn
        64: ldc2_w        #729                // double 2.4d
        67: aload_2
        68: invokevirtual #731                // Method net/minecraft/world/entity/projectile/arrow/AbstractArrow.getDeltaMovement:()Lnet/minecraft/world/phys/Vec3;
        71: invokevirtual #734                // Method net/minecraft/world/phys/Vec3.length:()D
        74: invokestatic  #737                // Method java/lang/Math.max:(DD)D
        77: dstore        6
        79: aload_2
        80: iconst_1
        81: invokevirtual #751                // Method net/minecraft/world/entity/projectile/arrow/AbstractArrow.setNoGravity:(Z)V
        84: aload_2
        85: aload         5
        87: invokevirtual #755                // Method net/minecraft/world/phys/Vec3.normalize:()Lnet/minecraft/world/phys/Vec3;
        90: dload         6
        92: invokevirtual #256                // Method net/minecraft/world/phys/Vec3.scale:(D)Lnet/minecraft/world/phys/Vec3;
        95: invokevirtual #758                // Method net/minecraft/world/entity/projectile/arrow/AbstractArrow.setDeltaMovement:(Lnet/minecraft/world/phys/Vec3;)V
        98: aload_2
        99: iconst_1
       100: putfield      #759                // Field net/minecraft/world/entity/projectile/arrow/AbstractArrow.hurtMarked:Z
       103: aload_3
       104: areturn

  private static void aimAssist(net.minecraft.server.level.ServerLevel, net.minecraft.server.level.ServerPlayer, net.minecraft.world.entity.projectile.arrow.AbstractArrow, double);
    Code:
         0: aload_2
         1: invokevirtual #731                // Method net/minecraft/world/entity/projectile/arrow/AbstractArrow.getDeltaMovement:()Lnet/minecraft/world/phys/Vec3;
         4: astore        5
         6: aload         5
         8: invokevirtual #734                // Method net/minecraft/world/phys/Vec3.length:()D
        11: dstore        6
        13: dload         6
        15: ldc2_w        #1537               // double 0.1d
        18: dcmpg
        19: ifge          23
        22: return
        23: aload_0
        24: aload_1
        25: aload_2
        26: invokevirtual #721                // Method net/minecraft/world/entity/projectile/arrow/AbstractArrow.position:()Lnet/minecraft/world/phys/Vec3;
        29: ldc2_w        #1539               // double 48.0d
        32: invokestatic  #1533               // Method bestAimTarget:(Lnet/minecraft/server/level/ServerLevel;Lnet/minecraft/server/level/ServerPlayer;Lnet/minecraft/world/phys/Vec3;D)Lnet/minecraft/world/entity/Mob;
        35: astore        8
        37: aload         8
        39: ifnonnull     43
        42: return
        43: aload         8
        45: invokevirtual #715                // Method net/minecraft/world/entity/Mob.position:()Lnet/minecraft/world/phys/Vec3;
        48: dconst_0
        49: aload         8
        51: invokevirtual #716                // Method net/minecraft/world/entity/Mob.getBbHeight:()F
        54: f2d
        55: ldc2_w        #719                // double 0.58d
        58: dmul
        59: dconst_0
        60: invokevirtual #264                // Method net/minecraft/world/phys/Vec3.add:(DDD)Lnet/minecraft/world/phys/Vec3;
        63: astore        9
        65: aload         9
        67: aload_2
        68: invokevirtual #721                // Method net/minecraft/world/entity/projectile/arrow/AbstractArrow.position:()Lnet/minecraft/world/phys/Vec3;
        71: invokevirtual #722                // Method net/minecraft/world/phys/Vec3.subtract:(Lnet/minecraft/world/phys/Vec3;)Lnet/minecraft/world/phys/Vec3;
        74: invokevirtual #755                // Method net/minecraft/world/phys/Vec3.normalize:()Lnet/minecraft/world/phys/Vec3;
        77: astore        10
        79: dconst_0
        80: ldc2_w        #1541               // double 0.45d
        83: dload_3
        84: invokestatic  #744                // Method java/lang/Math.min:(DD)D
        87: invokestatic  #737                // Method java/lang/Math.max:(DD)D
        90: dstore        11
        92: aload         5
        94: invokevirtual #755                // Method net/minecraft/world/phys/Vec3.normalize:()Lnet/minecraft/world/phys/Vec3;
        97: dconst_1
        98: dload         11
       100: dsub
       101: invokevirtual #256                // Method net/minecraft/world/phys/Vec3.scale:(D)Lnet/minecraft/world/phys/Vec3;
       104: aload         10
       106: dload         11
       108: invokevirtual #256                // Method net/minecraft/world/phys/Vec3.scale:(D)Lnet/minecraft/world/phys/Vec3;
       111: invokevirtual #560                // Method net/minecraft/world/phys/Vec3.add:(Lnet/minecraft/world/phys/Vec3;)Lnet/minecraft/world/phys/Vec3;
       114: invokevirtual #755                // Method net/minecraft/world/phys/Vec3.normalize:()Lnet/minecraft/world/phys/Vec3;
       117: astore        13
       119: aload_2
       120: aload         13
       122: dload         6
       124: invokevirtual #256                // Method net/minecraft/world/phys/Vec3.scale:(D)Lnet/minecraft/world/phys/Vec3;
       127: invokevirtual #758                // Method net/minecraft/world/entity/projectile/arrow/AbstractArrow.setDeltaMovement:(Lnet/minecraft/world/phys/Vec3;)V
       130: aload_2
       131: iconst_1
       132: putfield      #759                // Field net/minecraft/world/entity/projectile/arrow/AbstractArrow.hurtMarked:Z
       135: return

  private static net.minecraft.world.entity.Mob bestAimTarget(net.minecraft.server.level.ServerLevel, net.minecraft.server.level.ServerPlayer, net.minecraft.world.phys.Vec3, double);
    Code:
         0: aload_1
         1: invokestatic  #111                // Method lookDirection:(Lnet/minecraft/server/level/ServerPlayer;)Lnet/minecraft/world/phys/Vec3;
         4: astore        5
         6: aload_0
         7: aload_1
         8: aload_1
         9: invokevirtual #167                // Method net/minecraft/server/level/ServerPlayer.position:()Lnet/minecraft/world/phys/Vec3;
        12: dload_3
        13: bipush        80
        15: invokestatic  #827                // Method targetsNear:(Lnet/minecraft/server/level/ServerLevel;Lnet/minecraft/server/level/ServerPlayer;Lnet/minecraft/world/phys/Vec3;DI)Ljava/util/List;
        18: invokeinterface #1355,  1         // InterfaceMethod java/util/List.stream:()Ljava/util/stream/Stream;
        23: aload_1
        24: dup
        25: invokestatic  #1149               // Method java/util/Objects.requireNonNull:(Ljava/lang/Object;)Ljava/lang/Object;
        28: pop
        29: invokedynamic #1543,  0           // InvokeDynamic #17:test:(Lnet/minecraft/server/level/ServerPlayer;)Ljava/util/function/Predicate;
        34: invokeinterface #1401,  2         // InterfaceMethod java/util/stream/Stream.filter:(Ljava/util/function/Predicate;)Ljava/util/stream/Stream;
        39: aload_2
        40: aload         5
        42: invokedynamic #1544,  0           // InvokeDynamic #18:test:(Lnet/minecraft/world/phys/Vec3;Lnet/minecraft/world/phys/Vec3;)Ljava/util/function/Predicate;
        47: invokeinterface #1401,  2         // InterfaceMethod java/util/stream/Stream.filter:(Ljava/util/function/Predicate;)Ljava/util/stream/Stream;
        52: aload_2
        53: aload         5
        55: invokedynamic #1547,  0           // InvokeDynamic #19:applyAsDouble:(Lnet/minecraft/world/phys/Vec3;Lnet/minecraft/world/phys/Vec3;)Ljava/util/function/ToDoubleFunction;
        60: invokestatic  #1158               // InterfaceMethod java/util/Comparator.comparingDouble:(Ljava/util/function/ToDoubleFunction;)Ljava/util/Comparator;
        63: invokeinterface #1362,  2         // InterfaceMethod java/util/stream/Stream.min:(Ljava/util/Comparator;)Ljava/util/Optional;
        68: aconst_null
        69: invokevirtual #621                // Method java/util/Optional.orElse:(Ljava/lang/Object;)Ljava/lang/Object;
        72: checkcast     #707                // class net/minecraft/world/entity/Mob
        75: areturn

  private static java.util.List<net.minecraft.world.entity.Mob> targetsNear(net.minecraft.server.level.ServerLevel, net.minecraft.server.level.ServerPlayer, net.minecraft.world.phys.Vec3, double, int);
    Code:
         0: aload_1
         1: invokestatic  #1550               // Method kr/moonseungjun/villageguardians/VillageSkillTestSystem.isEnabled:(Lnet/minecraft/server/level/ServerPlayer;)Z
         4: ifeq          28
         7: aload_0
         8: aload_1
         9: ldc2_w        #1553               // double 40.0d
        12: dload_3
        13: ldc2_w        #1113               // double 8.0d
        16: dadd
        17: invokestatic  #737                // Method java/lang/Math.max:(DD)D
        20: bipush        64
        22: invokestatic  #1555               // Method kr/moonseungjun/villageguardians/VillageSkillTestSystem.targetsNear:(Lnet/minecraft/server/level/ServerLevel;Lnet/minecraft/server/level/ServerPlayer;DI)Ljava/util/List;
        25: goto          41
        28: aload_0
        29: aload_2
        30: dload_3
        31: iload         5
        33: iconst_1
        34: invokestatic  #103                // Method java/lang/Math.max:(II)I
        37: aconst_null
        38: invokestatic  #1558               // Method kr/moonseungjun/villageguardians/VillageRaidSystem.activeEnemiesNear:(Lnet/minecraft/server/level/ServerLevel;Lnet/minecraft/world/phys/Vec3;DILjava/util/UUID;)Ljava/util/List;
        41: astore        6
        43: dload_3
        44: dload_3
        45: dmul
        46: dstore        7
        48: aload         6
        50: invokeinterface #1355,  1         // InterfaceMethod java/util/List.stream:()Ljava/util/stream/Stream;
        55: invokedynamic #1564,  0           // InvokeDynamic #20:test:()Ljava/util/function/Predicate;
        60: invokeinterface #1401,  2         // InterfaceMethod java/util/stream/Stream.filter:(Ljava/util/function/Predicate;)Ljava/util/stream/Stream;
        65: aload_2
        66: dload         7
        68: invokedynamic #1567,  0           // InvokeDynamic #21:test:(Lnet/minecraft/world/phys/Vec3;D)Ljava/util/function/Predicate;
        73: invokeinterface #1401,  2         // InterfaceMethod java/util/stream/Stream.filter:(Ljava/util/function/Predicate;)Ljava/util/stream/Stream;
        78: aload_2
        79: invokedynamic #1570,  0           // InvokeDynamic #22:applyAsDouble:(Lnet/minecraft/world/phys/Vec3;)Ljava/util/function/ToDoubleFunction;
        84: invokestatic  #1158               // InterfaceMethod java/util/Comparator.comparingDouble:(Ljava/util/function/ToDoubleFunction;)Ljava/util/Comparator;
        87: invokeinterface #1573,  2         // InterfaceMethod java/util/stream/Stream.sorted:(Ljava/util/Comparator;)Ljava/util/stream/Stream;
        92: invokeinterface #1405,  1         // InterfaceMethod java/util/stream/Stream.toList:()Ljava/util/List;
        97: astore        9
        99: aload         9
       101: invokeinterface #834,  1          // InterfaceMethod java/util/List.size:()I
       106: iload         5
       108: if_icmpgt     123
       111: new           #1170               // class java/util/ArrayList
       114: dup
       115: aload         9
       117: invokespecial #1577               // Method java/util/ArrayList."<init>":(Ljava/util/Collection;)V
       120: goto          140
       123: new           #1170               // class java/util/ArrayList
       126: dup
       127: aload         9
       129: iconst_0
       130: iload         5
       132: invokeinterface #1580,  3         // InterfaceMethod java/util/List.subList:(II)Ljava/util/List;
       137: invokespecial #1577               // Method java/util/ArrayList."<init>":(Ljava/util/Collection;)V
       140: areturn

  private static void damageRadius(net.minecraft.server.level.ServerLevel, net.minecraft.server.level.ServerPlayer, net.minecraft.world.phys.Vec3, double, int, float, boolean, double, double);
    Code:
         0: aload_0
         1: aload_1
         2: aload_2
         3: dload_3
         4: iload         5
         6: invokestatic  #827                // Method targetsNear:(Lnet/minecraft/server/level/ServerLevel;Lnet/minecraft/server/level/ServerPlayer;Lnet/minecraft/world/phys/Vec3;DI)Ljava/util/List;
         9: invokeinterface #208,  1          // InterfaceMethod java/util/List.iterator:()Ljava/util/Iterator;
        14: astore        12
        16: aload         12
        18: invokeinterface #212,  1          // InterfaceMethod java/util/Iterator.hasNext:()Z
        23: ifeq          93
        26: aload         12
        28: invokeinterface #218,  1          // InterfaceMethod java/util/Iterator.next:()Ljava/lang/Object;
        33: checkcast     #707                // class net/minecraft/world/entity/Mob
        36: astore        13
        38: aload_0
        39: aload         13
        41: fload         6
        43: invokestatic  #859                // Method hurt:(Lnet/minecraft/server/level/ServerLevel;Lnet/minecraft/world/entity/Mob;F)V
        46: iload         7
        48: ifeq          66
        51: aload         13
        53: aload         13
        55: invokevirtual #999                // Method net/minecraft/world/entity/Mob.getRemainingFireTicks:()I
        58: bipush        80
        60: invokestatic  #103                // Method java/lang/Math.max:(II)I
        63: invokevirtual #1002               // Method net/minecraft/world/entity/Mob.setRemainingFireTicks:(I)V
        66: dload         8
        68: dconst_0
        69: dcmpl
        70: ifgt          80
        73: dload         10
        75: dconst_0
        76: dcmpl
        77: ifle          90
        80: aload_2
        81: aload         13
        83: dload         8
        85: dload         10
        87: invokestatic  #1019               // Method knockFrom:(Lnet/minecraft/world/phys/Vec3;Lnet/minecraft/world/entity/Mob;DD)V
        90: goto          16
        93: return

  private static void pushFront(net.minecraft.server.level.ServerLevel, net.minecraft.server.level.ServerPlayer, double, int, double, double, float);
    Code:
         0: aload_1
         1: invokestatic  #107                // Method horizontalLook:(Lnet/minecraft/server/level/ServerPlayer;)Lnet/minecraft/world/phys/Vec3;
         4: astore        10
         6: aload_0
         7: aload_1
         8: aload_1
         9: invokevirtual #167                // Method net/minecraft/server/level/ServerPlayer.position:()Lnet/minecraft/world/phys/Vec3;
        12: dload_2
        13: ldc2_w        #1516               // double 2.0d
        16: dadd
        17: iload         4
        19: invokestatic  #827                // Method targetsNear:(Lnet/minecraft/server/level/ServerLevel;Lnet/minecraft/server/level/ServerPlayer;Lnet/minecraft/world/phys/Vec3;DI)Ljava/util/List;
        22: invokeinterface #208,  1          // InterfaceMethod java/util/List.iterator:()Ljava/util/Iterator;
        27: astore        11
        29: aload         11
        31: invokeinterface #212,  1          // InterfaceMethod java/util/Iterator.hasNext:()Z
        36: ifeq          144
        39: aload         11
        41: invokeinterface #218,  1          // InterfaceMethod java/util/Iterator.next:()Ljava/lang/Object;
        46: checkcast     #707                // class net/minecraft/world/entity/Mob
        49: astore        12
        51: aload         12
        53: invokevirtual #715                // Method net/minecraft/world/entity/Mob.position:()Lnet/minecraft/world/phys/Vec3;
        56: aload_1
        57: invokevirtual #167                // Method net/minecraft/server/level/ServerPlayer.position:()Lnet/minecraft/world/phys/Vec3;
        60: invokevirtual #722                // Method net/minecraft/world/phys/Vec3.subtract:(Lnet/minecraft/world/phys/Vec3;)Lnet/minecraft/world/phys/Vec3;
        63: astore        13
        65: aload         13
        67: invokevirtual #725                // Method net/minecraft/world/phys/Vec3.lengthSqr:()D
        70: ldc2_w        #889                // double 0.01d
        73: dcmpg
        74: iflt          29
        77: aload         13
        79: invokevirtual #755                // Method net/minecraft/world/phys/Vec3.normalize:()Lnet/minecraft/world/phys/Vec3;
        82: aload         10
        84: invokevirtual #1584               // Method net/minecraft/world/phys/Vec3.dot:(Lnet/minecraft/world/phys/Vec3;)D
        87: ldc2_w        #891                // double 0.2d
        90: dcmpg
        91: ifge          97
        94: goto          29
        97: fload         9
        99: fconst_0
       100: fcmpl
       101: ifle          112
       104: aload_0
       105: aload         12
       107: fload         9
       109: invokestatic  #859                // Method hurt:(Lnet/minecraft/server/level/ServerLevel;Lnet/minecraft/world/entity/Mob;F)V
       112: aload         12
       114: aload         10
       116: getfield      #879                // Field net/minecraft/world/phys/Vec3.x:D
       119: dload         5
       121: dmul
       122: dload         7
       124: aload         10
       126: getfield      #883                // Field net/minecraft/world/phys/Vec3.z:D
       129: dload         5
       131: dmul
       132: invokevirtual #893                // Method net/minecraft/world/entity/Mob.push:(DDD)V
       135: aload         12
       137: iconst_1
       138: putfield      #896                // Field net/minecraft/world/entity/Mob.hurtMarked:Z
       141: goto          29
       144: return

  private static void knockFrom(net.minecraft.world.phys.Vec3, net.minecraft.world.entity.Mob, double, double);
    Code:
         0: aload_1
         1: invokevirtual #715                // Method net/minecraft/world/entity/Mob.position:()Lnet/minecraft/world/phys/Vec3;
         4: aload_0
         5: invokevirtual #722                // Method net/minecraft/world/phys/Vec3.subtract:(Lnet/minecraft/world/phys/Vec3;)Lnet/minecraft/world/phys/Vec3;
         8: astore        6
        10: new           #257                // class net/minecraft/world/phys/Vec3
        13: dup
        14: aload         6
        16: getfield      #879                // Field net/minecraft/world/phys/Vec3.x:D
        19: dconst_0
        20: aload         6
        22: getfield      #883                // Field net/minecraft/world/phys/Vec3.z:D
        25: invokespecial #886                // Method net/minecraft/world/phys/Vec3."<init>":(DDD)V
        28: astore        7
        30: aload         7
        32: invokevirtual #725                // Method net/minecraft/world/phys/Vec3.lengthSqr:()D
        35: ldc2_w        #1587               // double 0.001d
        38: dcmpg
        39: ifge          54
        42: new           #257                // class net/minecraft/world/phys/Vec3
        45: dup
        46: dconst_0
        47: dconst_0
        48: dconst_1
        49: invokespecial #886                // Method net/minecraft/world/phys/Vec3."<init>":(DDD)V
        52: astore        7
        54: aload         7
        56: invokevirtual #755                // Method net/minecraft/world/phys/Vec3.normalize:()Lnet/minecraft/world/phys/Vec3;
        59: dload_2
        60: invokevirtual #256                // Method net/minecraft/world/phys/Vec3.scale:(D)Lnet/minecraft/world/phys/Vec3;
        63: astore        7
        65: aload_1
        66: aload         7
        68: getfield      #879                // Field net/minecraft/world/phys/Vec3.x:D
        71: dload         4
        73: aload         7
        75: getfield      #883                // Field net/minecraft/world/phys/Vec3.z:D
        78: invokevirtual #893                // Method net/minecraft/world/entity/Mob.push:(DDD)V
        81: aload_1
        82: iconst_1
        83: putfield      #896                // Field net/minecraft/world/entity/Mob.hurtMarked:Z
        86: return

  private static void hurt(net.minecraft.server.level.ServerLevel, net.minecraft.world.entity.Mob, float);
    Code:
         0: aload_1
         1: aload_0
         2: aload_0
         3: invokevirtual #1589               // Method net/minecraft/server/level/ServerLevel.damageSources:()Lnet/minecraft/world/damagesource/DamageSources;
         6: invokevirtual #1593               // Method net/minecraft/world/damagesource/DamageSources.magic:()Lnet/minecraft/world/damagesource/DamageSource;
         9: ldc_w         #1598               // float 0.1f
        12: fload_2
        13: invokestatic  #1168               // Method java/lang/Math.max:(FF)F
        16: invokevirtual #1599               // Method net/minecraft/world/entity/Mob.hurtServer:(Lnet/minecraft/server/level/ServerLevel;Lnet/minecraft/world/damagesource/DamageSource;F)Z
        19: pop
        20: return

  private static java.util.List<net.minecraft.server.level.ServerPlayer> allies(net.minecraft.server.level.ServerPlayer, double);
    Code:
         0: aload_0
         1: invokevirtual #511                // Method net/minecraft/server/level/ServerPlayer.level:()Lnet/minecraft/server/level/ServerLevel;
         4: invokevirtual #1394               // Method net/minecraft/server/level/ServerLevel.getServer:()Lnet/minecraft/server/MinecraftServer;
         7: astore_3
         8: aload_3
         9: ifnonnull     17
        12: aload_0
        13: invokestatic  #1603               // InterfaceMethod java/util/List.of:(Ljava/lang/Object;)Ljava/util/List;
        16: areturn
        17: dload_1
        18: dconst_0
        19: dcmpg
        20: ifge          29
        23: ldc2_w        #1607               // double 1.7976931348623157E308d
        26: goto          32
        29: dload_1
        30: dload_1
        31: dmul
        32: dstore        4
        34: aload_3
        35: invokevirtual #501                // Method net/minecraft/server/MinecraftServer.getPlayerList:()Lnet/minecraft/server/players/PlayerList;
        38: invokevirtual #505                // Method net/minecraft/server/players/PlayerList.getPlayers:()Ljava/util/List;
        41: invokeinterface #1355,  1         // InterfaceMethod java/util/List.stream:()Ljava/util/stream/Stream;
        46: aload_0
        47: invokedynamic #1609,  0           // InvokeDynamic #23:test:(Lnet/minecraft/server/level/ServerPlayer;)Ljava/util/function/Predicate;
        52: invokeinterface #1401,  2         // InterfaceMethod java/util/stream/Stream.filter:(Ljava/util/function/Predicate;)Ljava/util/stream/Stream;
        57: aload_0
        58: dload         4
        60: invokedynamic #1610,  0           // InvokeDynamic #24:test:(Lnet/minecraft/server/level/ServerPlayer;D)Ljava/util/function/Predicate;
        65: invokeinterface #1401,  2         // InterfaceMethod java/util/stream/Stream.filter:(Ljava/util/function/Predicate;)Ljava/util/stream/Stream;
        70: invokeinterface #1405,  1         // InterfaceMethod java/util/stream/Stream.toList:()Ljava/util/List;
        75: areturn

  private static java.util.List<net.minecraft.server.level.ServerPlayer> alliesAt(net.minecraft.server.level.ServerPlayer, net.minecraft.world.phys.Vec3, double);
    Code:
         0: aload_0
         1: invokevirtual #511                // Method net/minecraft/server/level/ServerPlayer.level:()Lnet/minecraft/server/level/ServerLevel;
         4: invokevirtual #1394               // Method net/minecraft/server/level/ServerLevel.getServer:()Lnet/minecraft/server/MinecraftServer;
         7: astore        4
         9: aload         4
        11: ifnonnull     19
        14: aload_0
        15: invokestatic  #1603               // InterfaceMethod java/util/List.of:(Ljava/lang/Object;)Ljava/util/List;
        18: areturn
        19: dload_2
        20: dload_2
        21: dmul
        22: dstore        5
        24: aload         4
        26: invokevirtual #501                // Method net/minecraft/server/MinecraftServer.getPlayerList:()Lnet/minecraft/server/players/PlayerList;
        29: invokevirtual #505                // Method net/minecraft/server/players/PlayerList.getPlayers:()Ljava/util/List;
        32: invokeinterface #1355,  1         // InterfaceMethod java/util/List.stream:()Ljava/util/stream/Stream;
        37: aload_0
        38: invokedynamic #1613,  0           // InvokeDynamic #25:test:(Lnet/minecraft/server/level/ServerPlayer;)Ljava/util/function/Predicate;
        43: invokeinterface #1401,  2         // InterfaceMethod java/util/stream/Stream.filter:(Ljava/util/function/Predicate;)Ljava/util/stream/Stream;
        48: aload_1
        49: dload         5
        51: invokedynamic #1614,  0           // InvokeDynamic #26:test:(Lnet/minecraft/world/phys/Vec3;D)Ljava/util/function/Predicate;
        56: invokeinterface #1401,  2         // InterfaceMethod java/util/stream/Stream.filter:(Ljava/util/function/Predicate;)Ljava/util/stream/Stream;
        61: invokeinterface #1405,  1         // InterfaceMethod java/util/stream/Stream.toList:()Ljava/util/List;
        66: areturn

  private static net.minecraft.world.phys.Vec3 aimedGround(net.minecraft.server.level.ServerLevel, net.minecraft.server.level.ServerPlayer, double);
    Code:
         0: aload_0
         1: aload_1
         2: dload_2
         3: invokestatic  #1615               // Method aimPoint:(Lnet/minecraft/server/level/ServerLevel;Lnet/minecraft/server/level/ServerPlayer;D)Lnet/minecraft/world/phys/Vec3;
         6: astore        4
         8: aload         4
        10: dconst_0
        11: ldc2_w        #1145               // double 12.0d
        14: dconst_0
        15: invokevirtual #264                // Method net/minecraft/world/phys/Vec3.add:(DDD)Lnet/minecraft/world/phys/Vec3;
        18: astore        5
        20: aload         4
        22: dconst_0
        23: ldc2_w        #1618               // double -48.0d
        26: dconst_0
        27: invokevirtual #264                // Method net/minecraft/world/phys/Vec3.add:(DDD)Lnet/minecraft/world/phys/Vec3;
        30: astore        6
        32: aload_0
        33: new           #932                // class net/minecraft/world/level/ClipContext
        36: dup
        37: aload         5
        39: aload         6
        41: getstatic     #934                // Field net/minecraft/world/level/ClipContext$Block.COLLIDER:Lnet/minecraft/world/level/ClipContext$Block;
        44: getstatic     #940                // Field net/minecraft/world/level/ClipContext$Fluid.NONE:Lnet/minecraft/world/level/ClipContext$Fluid;
        47: aload_1
        48: invokespecial #946                // Method net/minecraft/world/level/ClipContext."<init>":(Lnet/minecraft/world/phys/Vec3;Lnet/minecraft/world/phys/Vec3;Lnet/minecraft/world/level/ClipContext$Block;Lnet/minecraft/world/level/ClipContext$Fluid;Lnet/minecraft/world/entity/Entity;)V
        51: invokevirtual #949                // Method net/minecraft/server/level/ServerLevel.clip:(Lnet/minecraft/world/level/ClipContext;)Lnet/minecraft/world/phys/BlockHitResult;
        54: astore        7
        56: aload         7
        58: invokevirtual #953                // Method net/minecraft/world/phys/BlockHitResult.getType:()Lnet/minecraft/world/phys/HitResult$Type;
        61: getstatic     #1620               // Field net/minecraft/world/phys/HitResult$Type.MISS:Lnet/minecraft/world/phys/HitResult$Type;
        64: if_acmpne     93
        67: new           #257                // class net/minecraft/world/phys/Vec3
        70: dup
        71: aload         4
        73: getfield      #879                // Field net/minecraft/world/phys/Vec3.x:D
        76: aload_1
        77: invokevirtual #1623               // Method net/minecraft/server/level/ServerPlayer.getY:()D
        80: ldc2_w        #1624               // double 0.02d
        83: dadd
        84: aload         4
        86: getfield      #883                // Field net/minecraft/world/phys/Vec3.z:D
        89: invokespecial #886                // Method net/minecraft/world/phys/Vec3."<init>":(DDD)V
        92: areturn
        93: aload         7
        95: invokevirtual #965                // Method net/minecraft/world/phys/BlockHitResult.getLocation:()Lnet/minecraft/world/phys/Vec3;
        98: dconst_0
        99: ldc2_w        #1624               // double 0.02d
       102: dconst_0
       103: invokevirtual #264                // Method net/minecraft/world/phys/Vec3.add:(DDD)Lnet/minecraft/world/phys/Vec3;
       106: areturn

  private static void activateArrowRain(net.minecraft.server.level.ServerLevel, net.minecraft.server.level.ServerPlayer, float, int);
    Code:
         0: aload_0
         1: invokevirtual #79                 // Method net/minecraft/server/level/ServerLevel.getGameTime:()J
         4: lstore        4
         6: ldc2_w        #361                // double 8.5d
         9: iload_3
        10: invokestatic  #323                // Method areaRadius:(DI)D
        13: dstore        6
        15: aload_0
        16: aload_1
        17: ldc2_w        #363                // double 30.0d
        20: iload_3
        21: invokestatic  #335                // Method maximumRange:(DI)D
        24: invokestatic  #338                // Method aimedGround:(Lnet/minecraft/server/level/ServerLevel;Lnet/minecraft/server/level/ServerPlayer;D)Lnet/minecraft/world/phys/Vec3;
        27: astore        8
        29: bipush        42
        31: istore        9
        33: aload_0
        34: aload_1
        35: aload         8
        37: iload         9
        39: dload         6
        41: iload_3
        42: invokestatic  #1626               // Method kr/moonseungjun/villageguardians/VillageSkillEffectSystem.arrowRainField:(Lnet/minecraft/server/level/ServerLevel;Lnet/minecraft/server/level/ServerPlayer;Lnet/minecraft/world/phys/Vec3;IDI)V
        45: iconst_0
        46: istore        10
        48: iload         10
        50: bipush        8
        52: if_icmpge     109
        55: getstatic     #54                 // Field SCHEDULED:Ljava/util/List;
        58: new           #229                // class kr/moonseungjun/villageguardians/VillageRoleAbilitySystem$ScheduledAction
        61: dup
        62: lload         4
        64: ldc2_w        #285                // long 2l
        67: ladd
        68: iload         10
        70: i2l
        71: ldc2_w        #231                // long 4l
        74: lmul
        75: ladd
        76: aload_1
        77: invokevirtual #85                 // Method net/minecraft/server/level/ServerPlayer.getUUID:()Ljava/util/UUID;
        80: getstatic     #1629               // Field kr/moonseungjun/villageguardians/VillageRoleSkillSystem$ActiveSkill.RANGER_RICOCHET:Lkr/moonseungjun/villageguardians/VillageRoleSkillSystem$ActiveSkill;
        83: getstatic     #1632               // Field kr/moonseungjun/villageguardians/VillageRoleAbilitySystem$ActionKind.ARROW_RAIN:Lkr/moonseungjun/villageguardians/VillageRoleAbilitySystem$ActionKind;
        86: fload_2
        87: fconst_1
        88: iload_3
        89: aload         8
        91: getstatic     #590                // Field net/minecraft/world/phys/Vec3.ZERO:Lnet/minecraft/world/phys/Vec3;
        94: invokespecial #239                // Method kr/moonseungjun/villageguardians/VillageRoleAbilitySystem$ScheduledAction."<init>":(JLjava/util/UUID;Lkr/moonseungjun/villageguardians/VillageRoleSkillSystem$ActiveSkill;Lkr/moonseungjun/villageguardians/VillageRoleAbilitySystem$ActionKind;FFILnet/minecraft/world/phys/Vec3;Lnet/minecraft/world/phys/Vec3;)V
        97: invokeinterface #242,  2          // InterfaceMethod java/util/List.add:(Ljava/lang/Object;)Z
       102: pop
       103: iinc          10, 1
       106: goto          48
       109: aload_0
       110: aload_1
       111: invokevirtual #167                // Method net/minecraft/server/level/ServerPlayer.position:()Lnet/minecraft/world/phys/Vec3;
       114: getstatic     #1101               // Field net/minecraft/sounds/SoundEvents.CROSSBOW_SHOOT:Lnet/minecraft/sounds/SoundEvent;
       117: fconst_1
       118: ldc_w         #1432               // float 0.75f
       121: invokestatic  #179                // Method play:(Lnet/minecraft/server/level/ServerLevel;Lnet/minecraft/world/phys/Vec3;Lnet/minecraft/sounds/SoundEvent;FF)V
       124: return

  private static void clearRangerReadies(java.util.UUID);
    Code:
         0: getstatic     #18                 // Field RAPID_UNTIL:Ljava/util/Map;
         3: aload_0
         4: invokeinterface #420,  2          // InterfaceMethod java/util/Map.remove:(Ljava/lang/Object;)Ljava/lang/Object;
         9: pop
        10: getstatic     #24                 // Field RICOCHET_UNTIL:Ljava/util/Map;
        13: aload_0
        14: invokeinterface #420,  2          // InterfaceMethod java/util/Map.remove:(Ljava/lang/Object;)Ljava/lang/Object;
        19: pop
        20: getstatic     #33                 // Field ARROW_RAIN_READY:Ljava/util/Map;
        23: aload_0
        24: invokeinterface #420,  2          // InterfaceMethod java/util/Map.remove:(Ljava/lang/Object;)Ljava/lang/Object;
        29: pop
        30: getstatic     #36                 // Field MEGA_ARROW_READY:Ljava/util/Map;
        33: aload_0
        34: invokeinterface #420,  2          // InterfaceMethod java/util/Map.remove:(Ljava/lang/Object;)Ljava/lang/Object;
        39: pop
        40: return

  private static kr.moonseungjun.villageguardians.VillageRole activeRole(net.minecraft.server.level.ServerPlayer);
    Code:
         0: aload_0
         1: invokestatic  #1550               // Method kr/moonseungjun/villageguardians/VillageSkillTestSystem.isEnabled:(Lnet/minecraft/server/level/ServerPlayer;)Z
         4: ifeq          12
         7: aload_0
         8: invokestatic  #1635               // Method kr/moonseungjun/villageguardians/VillageSkillTestSystem.selectedRole:(Lnet/minecraft/server/level/ServerPlayer;)Lkr/moonseungjun/villageguardians/VillageRole;
        11: areturn
        12: aload_0
        13: invokevirtual #85                 // Method net/minecraft/server/level/ServerPlayer.getUUID:()Ljava/util/UUID;
        16: invokestatic  #617                // Method kr/moonseungjun/villageguardians/VillageCouncilState.roleOf:(Ljava/util/UUID;)Ljava/util/Optional;
        19: aconst_null
        20: invokevirtual #621                // Method java/util/Optional.orElse:(Ljava/lang/Object;)Ljava/lang/Object;
        23: checkcast     #450                // class kr/moonseungjun/villageguardians/VillageRole
        26: areturn

  private static boolean isRangerContext(net.minecraft.server.level.ServerPlayer);
    Code:
         0: aload_0
         1: invokestatic  #1124               // Method activeRole:(Lnet/minecraft/server/level/ServerPlayer;)Lkr/moonseungjun/villageguardians/VillageRole;
         4: getstatic     #665                // Field kr/moonseungjun/villageguardians/VillageRole.RANGER:Lkr/moonseungjun/villageguardians/VillageRole;
         7: if_acmpne     14
        10: iconst_1
        11: goto          15
        14: iconst_0
        15: ireturn

  private static java.util.List<net.minecraft.world.entity.Mob> fireOrbContacts(net.minecraft.server.level.ServerLevel, net.minecraft.server.level.ServerPlayer, net.minecraft.world.phys.Vec3, int, int);
    Code:
         0: iload_3
         1: invokestatic  #1638               // Method fireOrbContactPadding:(I)D
         4: dstore        5
         6: new           #1170               // class java/util/ArrayList
         9: dup
        10: aload_0
        11: aload_1
        12: aload_2
        13: dload         5
        15: ldc2_w        #1642               // double 3.5d
        18: dadd
        19: bipush        40
        21: iload         4
        23: invokestatic  #103                // Method java/lang/Math.max:(II)I
        26: invokestatic  #827                // Method targetsNear:(Lnet/minecraft/server/level/ServerLevel;Lnet/minecraft/server/level/ServerPlayer;Lnet/minecraft/world/phys/Vec3;DI)Ljava/util/List;
        29: invokespecial #1577               // Method java/util/ArrayList."<init>":(Ljava/util/Collection;)V
        32: astore        7
        34: aload         7
        36: dload         5
        38: aload_2
        39: invokedynamic #1644,  0           // InvokeDynamic #27:test:(DLnet/minecraft/world/phys/Vec3;)Ljava/util/function/Predicate;
        44: invokeinterface #1647,  2         // InterfaceMethod java/util/List.removeIf:(Ljava/util/function/Predicate;)Z
        49: pop
        50: aload         7
        52: invokeinterface #834,  1          // InterfaceMethod java/util/List.size:()I
        57: iconst_0
        58: iload         4
        60: invokestatic  #103                // Method java/lang/Math.max:(II)I
        63: if_icmple     88
        66: new           #1170               // class java/util/ArrayList
        69: dup
        70: aload         7
        72: iconst_0
        73: iconst_0
        74: iload         4
        76: invokestatic  #103                // Method java/lang/Math.max:(II)I
        79: invokeinterface #1580,  3         // InterfaceMethod java/util/List.subList:(II)Ljava/util/List;
        84: invokespecial #1577               // Method java/util/ArrayList."<init>":(Ljava/util/Collection;)V
        87: areturn
        88: aload         7
        90: areturn

  private static double fireOrbContactPadding(int);
    Code:
         0: ldc2_w        #1648               // double 1.95d
         3: ldc2_w        #1650               // double 1.55d
         6: iconst_5
         7: iconst_0
         8: iload_0
         9: invokestatic  #103                // Method java/lang/Math.max:(II)I
        12: invokestatic  #196                // Method java/lang/Math.min:(II)I
        15: i2d
        16: ldc2_w        #427                // double 0.08d
        19: dmul
        20: dadd
        21: invokestatic  #744                // Method java/lang/Math.min:(DD)D
        24: dreturn

  private static double areaRadius(double, int);
    Code:
         0: dload_0
         1: dconst_1
         2: iconst_5
         3: iconst_0
         4: iload_2
         5: invokestatic  #103                // Method java/lang/Math.max:(II)I
         8: invokestatic  #196                // Method java/lang/Math.min:(II)I
        11: i2d
        12: ldc2_w        #427                // double 0.08d
        15: dmul
        16: dadd
        17: dmul
        18: dreturn

  private static double maximumRange(double, int);
    Code:
         0: dload_0
         1: iconst_5
         2: iconst_0
         3: iload_2
         4: invokestatic  #103                // Method java/lang/Math.max:(II)I
         7: invokestatic  #196                // Method java/lang/Math.min:(II)I
        10: i2d
        11: ldc2_w        #1652               // double 3.0d
        14: dmul
        15: dadd
        16: dreturn

  private static net.minecraft.world.phys.Vec3 aimPoint(net.minecraft.server.level.ServerLevel, net.minecraft.server.level.ServerPlayer, double);
    Code:
         0: aload_1
         1: invokevirtual #555                // Method net/minecraft/server/level/ServerPlayer.getEyePosition:()Lnet/minecraft/world/phys/Vec3;
         4: astore        4
         6: aload         4
         8: aload_1
         9: invokestatic  #111                // Method lookDirection:(Lnet/minecraft/server/level/ServerPlayer;)Lnet/minecraft/world/phys/Vec3;
        12: dload_2
        13: invokevirtual #256                // Method net/minecraft/world/phys/Vec3.scale:(D)Lnet/minecraft/world/phys/Vec3;
        16: invokevirtual #560                // Method net/minecraft/world/phys/Vec3.add:(Lnet/minecraft/world/phys/Vec3;)Lnet/minecraft/world/phys/Vec3;
        19: astore        5
        21: aload_0
        22: new           #932                // class net/minecraft/world/level/ClipContext
        25: dup
        26: aload         4
        28: aload         5
        30: getstatic     #934                // Field net/minecraft/world/level/ClipContext$Block.COLLIDER:Lnet/minecraft/world/level/ClipContext$Block;
        33: getstatic     #940                // Field net/minecraft/world/level/ClipContext$Fluid.NONE:Lnet/minecraft/world/level/ClipContext$Fluid;
        36: aload_1
        37: invokespecial #946                // Method net/minecraft/world/level/ClipContext."<init>":(Lnet/minecraft/world/phys/Vec3;Lnet/minecraft/world/phys/Vec3;Lnet/minecraft/world/level/ClipContext$Block;Lnet/minecraft/world/level/ClipContext$Fluid;Lnet/minecraft/world/entity/Entity;)V
        40: invokevirtual #949                // Method net/minecraft/server/level/ServerLevel.clip:(Lnet/minecraft/world/level/ClipContext;)Lnet/minecraft/world/phys/BlockHitResult;
        43: astore        6
        45: aload         6
        47: invokevirtual #953                // Method net/minecraft/world/phys/BlockHitResult.getType:()Lnet/minecraft/world/phys/HitResult$Type;
        50: getstatic     #1620               // Field net/minecraft/world/phys/HitResult$Type.MISS:Lnet/minecraft/world/phys/HitResult$Type;
        53: if_acmpne     61
        56: aload         5
        58: goto          66
        61: aload         6
        63: invokevirtual #965                // Method net/minecraft/world/phys/BlockHitResult.getLocation:()Lnet/minecraft/world/phys/Vec3;
        66: areturn

  private static net.minecraft.world.phys.Vec3 lookDirection(net.minecraft.server.level.ServerPlayer);
    Code:
         0: aload_0
         1: invokevirtual #1654               // Method net/minecraft/server/level/ServerPlayer.getLookAngle:()Lnet/minecraft/world/phys/Vec3;
         4: astore_1
         5: aload_1
         6: invokevirtual #725                // Method net/minecraft/world/phys/Vec3.lengthSqr:()D
         9: ldc2_w        #1587               // double 0.001d
        12: dcmpg
        13: ifge          29
        16: new           #257                // class net/minecraft/world/phys/Vec3
        19: dup
        20: dconst_0
        21: dconst_0
        22: dconst_1
        23: invokespecial #886                // Method net/minecraft/world/phys/Vec3."<init>":(DDD)V
        26: goto          33
        29: aload_1
        30: invokevirtual #755                // Method net/minecraft/world/phys/Vec3.normalize:()Lnet/minecraft/world/phys/Vec3;
        33: areturn

  private static net.minecraft.world.phys.Vec3 horizontalLook(net.minecraft.server.level.ServerPlayer);
    Code:
         0: aload_0
         1: invokevirtual #1654               // Method net/minecraft/server/level/ServerPlayer.getLookAngle:()Lnet/minecraft/world/phys/Vec3;
         4: astore_1
         5: new           #257                // class net/minecraft/world/phys/Vec3
         8: dup
         9: aload_1
        10: getfield      #879                // Field net/minecraft/world/phys/Vec3.x:D
        13: dconst_0
        14: aload_1
        15: getfield      #883                // Field net/minecraft/world/phys/Vec3.z:D
        18: invokespecial #886                // Method net/minecraft/world/phys/Vec3."<init>":(DDD)V
        21: astore_2
        22: aload_2
        23: invokevirtual #725                // Method net/minecraft/world/phys/Vec3.lengthSqr:()D
        26: ldc2_w        #1587               // double 0.001d
        29: dcmpg
        30: ifge          46
        33: new           #257                // class net/minecraft/world/phys/Vec3
        36: dup
        37: dconst_0
        38: dconst_0
        39: dconst_1
        40: invokespecial #886                // Method net/minecraft/world/phys/Vec3."<init>":(DDD)V
        43: goto          50
        46: aload_2
        47: invokevirtual #755                // Method net/minecraft/world/phys/Vec3.normalize:()Lnet/minecraft/world/phys/Vec3;
        50: areturn

  private static net.minecraft.world.phys.Vec3 rotateY(net.minecraft.world.phys.Vec3, double);
    Code:
         0: dload_1
         1: invokestatic  #1657               // Method java/lang/Math.cos:(D)D
         4: dstore_3
         5: dload_1
         6: invokestatic  #1660               // Method java/lang/Math.sin:(D)D
         9: dstore        5
        11: new           #257                // class net/minecraft/world/phys/Vec3
        14: dup
        15: aload_0
        16: getfield      #879                // Field net/minecraft/world/phys/Vec3.x:D
        19: dload_3
        20: dmul
        21: aload_0
        22: getfield      #883                // Field net/minecraft/world/phys/Vec3.z:D
        25: dload         5
        27: dmul
        28: dsub
        29: aload_0
        30: getfield      #1468               // Field net/minecraft/world/phys/Vec3.y:D
        33: aload_0
        34: getfield      #879                // Field net/minecraft/world/phys/Vec3.x:D
        37: dload         5
        39: dmul
        40: aload_0
        41: getfield      #883                // Field net/minecraft/world/phys/Vec3.z:D
        44: dload_3
        45: dmul
        46: dadd
        47: invokespecial #886                // Method net/minecraft/world/phys/Vec3."<init>":(DDD)V
        50: areturn

  private static net.minecraft.world.phys.Vec3 randomPointInCircle(net.minecraft.server.level.ServerLevel, net.minecraft.world.phys.Vec3, double);
    Code:
         0: aload_0
         1: invokevirtual #1663               // Method net/minecraft/server/level/ServerLevel.getRandom:()Lnet/minecraft/util/RandomSource;
         4: invokeinterface #844,  1          // InterfaceMethod net/minecraft/util/RandomSource.nextDouble:()D
         9: ldc2_w        #1664               // double 3.141592653589793d
        12: dmul
        13: ldc2_w        #1516               // double 2.0d
        16: dmul
        17: dstore        4
        19: aload_0
        20: invokevirtual #1663               // Method net/minecraft/server/level/ServerLevel.getRandom:()Lnet/minecraft/util/RandomSource;
        23: invokeinterface #844,  1          // InterfaceMethod net/minecraft/util/RandomSource.nextDouble:()D
        28: invokestatic  #740                // Method java/lang/Math.sqrt:(D)D
        31: dload_2
        32: dmul
        33: dstore        6
        35: aload_1
        36: dload         4
        38: invokestatic  #1657               // Method java/lang/Math.cos:(D)D
        41: dload         6
        43: dmul
        44: dconst_0
        45: dload         4
        47: invokestatic  #1660               // Method java/lang/Math.sin:(D)D
        50: dload         6
        52: dmul
        53: invokevirtual #264                // Method net/minecraft/world/phys/Vec3.add:(DDD)Lnet/minecraft/world/phys/Vec3;
        56: areturn

  private static void spawnVisualLightning(net.minecraft.server.level.ServerLevel, net.minecraft.world.phys.Vec3);
    Code:
         0: getstatic     #1666               // Field net/minecraft/world/entity/EntityTypes.LIGHTNING_BOLT:Lnet/minecraft/world/entity/EntityType;
         3: aload_0
         4: getstatic     #1443               // Field net/minecraft/world/entity/EntitySpawnReason.EVENT:Lnet/minecraft/world/entity/EntitySpawnReason;
         7: invokevirtual #1449               // Method net/minecraft/world/entity/EntityType.create:(Lnet/minecraft/world/level/Level;Lnet/minecraft/world/entity/EntitySpawnReason;)Lnet/minecraft/world/entity/Entity;
        10: checkcast     #1669               // class net/minecraft/world/entity/LightningBolt
        13: astore_2
        14: aload_2
        15: ifnonnull     19
        18: return
        19: aload_2
        20: iconst_1
        21: invokevirtual #1671               // Method net/minecraft/world/entity/LightningBolt.setVisualOnly:(Z)V
        24: aload_2
        25: aload_1
        26: getfield      #879                // Field net/minecraft/world/phys/Vec3.x:D
        29: aload_1
        30: getfield      #1468               // Field net/minecraft/world/phys/Vec3.y:D
        33: aload_1
        34: getfield      #883                // Field net/minecraft/world/phys/Vec3.z:D
        37: invokevirtual #1674               // Method net/minecraft/world/entity/LightningBolt.setPos:(DDD)V
        40: aload_0
        41: aload_2
        42: invokevirtual #1476               // Method net/minecraft/server/level/ServerLevel.addFreshEntity:(Lnet/minecraft/world/entity/Entity;)Z
        45: pop
        46: return

  private static void play(net.minecraft.server.level.ServerLevel, net.minecraft.world.phys.Vec3, net.minecraft.sounds.SoundEvent, float, float);
    Code:
         0: aload_0
         1: aconst_null
         2: aload_1
         3: invokestatic  #1675               // Method net/minecraft/core/BlockPos.containing:(Lnet/minecraft/core/Position;)Lnet/minecraft/core/BlockPos;
         6: aload_2
         7: getstatic     #1681               // Field net/minecraft/sounds/SoundSource.PLAYERS:Lnet/minecraft/sounds/SoundSource;
        10: fload_3
        11: fload         4
        13: invokevirtual #1687               // Method net/minecraft/server/level/ServerLevel.playSound:(Lnet/minecraft/world/entity/Entity;Lnet/minecraft/core/BlockPos;Lnet/minecraft/sounds/SoundEvent;Lnet/minecraft/sounds/SoundSource;FF)V
        16: return

  private static boolean lambda$fireOrbContacts$0(double, net.minecraft.world.phys.Vec3, net.minecraft.world.entity.Mob);
    Code:
         0: aload_3
         1: invokevirtual #1691               // Method net/minecraft/world/entity/Mob.getBoundingBox:()Lnet/minecraft/world/phys/AABB;
         4: dload_0
         5: invokevirtual #1695               // Method net/minecraft/world/phys/AABB.inflate:(D)Lnet/minecraft/world/phys/AABB;
         8: aload_2
         9: invokevirtual #1701               // Method net/minecraft/world/phys/AABB.contains:(Lnet/minecraft/world/phys/Vec3;)Z
        12: ifne          19
        15: iconst_1
        16: goto          20
        19: iconst_0
        20: ireturn

  private static boolean lambda$alliesAt$1(net.minecraft.world.phys.Vec3, double, net.minecraft.server.level.ServerPlayer);
    Code:
         0: aload_3
         1: invokevirtual #167                // Method net/minecraft/server/level/ServerPlayer.position:()Lnet/minecraft/world/phys/Vec3;
         4: aload_0
         5: invokevirtual #926                // Method net/minecraft/world/phys/Vec3.distanceToSqr:(Lnet/minecraft/world/phys/Vec3;)D
         8: dload_1
         9: dcmpg
        10: ifgt          17
        13: iconst_1
        14: goto          18
        17: iconst_0
        18: ireturn

  private static boolean lambda$alliesAt$0(net.minecraft.server.level.ServerPlayer, net.minecraft.server.level.ServerPlayer);
    Code:
         0: aload_1
         1: invokevirtual #511                // Method net/minecraft/server/level/ServerPlayer.level:()Lnet/minecraft/server/level/ServerLevel;
         4: aload_0
         5: invokevirtual #511                // Method net/minecraft/server/level/ServerPlayer.level:()Lnet/minecraft/server/level/ServerLevel;
         8: if_acmpne     15
        11: iconst_1
        12: goto          16
        15: iconst_0
        16: ireturn

  private static boolean lambda$allies$1(net.minecraft.server.level.ServerPlayer, double, net.minecraft.server.level.ServerPlayer);
    Code:
         0: aload_3
         1: aload_0
         2: invokevirtual #1705               // Method net/minecraft/server/level/ServerPlayer.distanceToSqr:(Lnet/minecraft/world/entity/Entity;)D
         5: dload_1
         6: dcmpg
         7: ifgt          14
        10: iconst_1
        11: goto          15
        14: iconst_0
        15: ireturn

  private static boolean lambda$allies$0(net.minecraft.server.level.ServerPlayer, net.minecraft.server.level.ServerPlayer);
    Code:
         0: aload_1
         1: invokevirtual #511                // Method net/minecraft/server/level/ServerPlayer.level:()Lnet/minecraft/server/level/ServerLevel;
         4: aload_0
         5: invokevirtual #511                // Method net/minecraft/server/level/ServerPlayer.level:()Lnet/minecraft/server/level/ServerLevel;
         8: if_acmpne     15
        11: iconst_1
        12: goto          16
        15: iconst_0
        16: ireturn

  private static double lambda$targetsNear$1(net.minecraft.world.phys.Vec3, net.minecraft.world.entity.Mob);
    Code:
         0: aload_1
         1: invokevirtual #715                // Method net/minecraft/world/entity/Mob.position:()Lnet/minecraft/world/phys/Vec3;
         4: aload_0
         5: invokevirtual #926                // Method net/minecraft/world/phys/Vec3.distanceToSqr:(Lnet/minecraft/world/phys/Vec3;)D
         8: dreturn

  private static boolean lambda$targetsNear$0(net.minecraft.world.phys.Vec3, double, net.minecraft.world.entity.Mob);
    Code:
         0: aload_3
         1: invokevirtual #715                // Method net/minecraft/world/entity/Mob.position:()Lnet/minecraft/world/phys/Vec3;
         4: aload_0
         5: invokevirtual #926                // Method net/minecraft/world/phys/Vec3.distanceToSqr:(Lnet/minecraft/world/phys/Vec3;)D
         8: dload_1
         9: dcmpg
        10: ifgt          17
        13: iconst_1
        14: goto          18
        17: iconst_0
        18: ireturn

  private static double lambda$bestAimTarget$1(net.minecraft.world.phys.Vec3, net.minecraft.world.phys.Vec3, net.minecraft.world.entity.Mob);
    Code:
         0: aload_2
         1: invokevirtual #715                // Method net/minecraft/world/entity/Mob.position:()Lnet/minecraft/world/phys/Vec3;
         4: dconst_0
         5: aload_2
         6: invokevirtual #716                // Method net/minecraft/world/entity/Mob.getBbHeight:()F
         9: f2d
        10: ldc2_w        #719                // double 0.58d
        13: dmul
        14: dconst_0
        15: invokevirtual #264                // Method net/minecraft/world/phys/Vec3.add:(DDD)Lnet/minecraft/world/phys/Vec3;
        18: astore_3
        19: aload_3
        20: aload_0
        21: invokevirtual #722                // Method net/minecraft/world/phys/Vec3.subtract:(Lnet/minecraft/world/phys/Vec3;)Lnet/minecraft/world/phys/Vec3;
        24: astore        4
        26: dconst_0
        27: aload         4
        29: aload_1
        30: invokevirtual #1584               // Method net/minecraft/world/phys/Vec3.dot:(Lnet/minecraft/world/phys/Vec3;)D
        33: invokestatic  #737                // Method java/lang/Math.max:(DD)D
        36: dstore        5
        38: aload_0
        39: aload_1
        40: dload         5
        42: invokevirtual #256                // Method net/minecraft/world/phys/Vec3.scale:(D)Lnet/minecraft/world/phys/Vec3;
        45: invokevirtual #560                // Method net/minecraft/world/phys/Vec3.add:(Lnet/minecraft/world/phys/Vec3;)Lnet/minecraft/world/phys/Vec3;
        48: astore        7
        50: aload_3
        51: aload         7
        53: invokevirtual #926                // Method net/minecraft/world/phys/Vec3.distanceToSqr:(Lnet/minecraft/world/phys/Vec3;)D
        56: dstore        8
        58: dload         8
        60: ldc2_w        #1326               // double 5.0d
        63: dmul
        64: aload         4
        66: invokevirtual #725                // Method net/minecraft/world/phys/Vec3.lengthSqr:()D
        69: ldc2_w        #1708               // double 0.012d
        72: dmul
        73: dadd
        74: dreturn

  private static boolean lambda$bestAimTarget$0(net.minecraft.world.phys.Vec3, net.minecraft.world.phys.Vec3, net.minecraft.world.entity.Mob);
    Code:
         0: aload_2
         1: invokevirtual #715                // Method net/minecraft/world/entity/Mob.position:()Lnet/minecraft/world/phys/Vec3;
         4: dconst_0
         5: aload_2
         6: invokevirtual #716                // Method net/minecraft/world/entity/Mob.getBbHeight:()F
         9: f2d
        10: ldc2_w        #719                // double 0.58d
        13: dmul
        14: dconst_0
        15: invokevirtual #264                // Method net/minecraft/world/phys/Vec3.add:(DDD)Lnet/minecraft/world/phys/Vec3;
        18: astore_3
        19: aload_3
        20: aload_0
        21: invokevirtual #722                // Method net/minecraft/world/phys/Vec3.subtract:(Lnet/minecraft/world/phys/Vec3;)Lnet/minecraft/world/phys/Vec3;
        24: aload_1
        25: invokevirtual #1584               // Method net/minecraft/world/phys/Vec3.dot:(Lnet/minecraft/world/phys/Vec3;)D
        28: ldc2_w        #891                // double 0.2d
        31: dcmpl
        32: ifle          39
        35: iconst_1
        36: goto          40
        39: iconst_0
        40: ireturn

  private static boolean lambda$miracle$0(net.minecraft.server.level.ServerPlayer, net.minecraft.server.level.ServerPlayer);
    Code:
         0: aload_1
         1: invokevirtual #511                // Method net/minecraft/server/level/ServerPlayer.level:()Lnet/minecraft/server/level/ServerLevel;
         4: aload_0
         5: invokevirtual #511                // Method net/minecraft/server/level/ServerPlayer.level:()Lnet/minecraft/server/level/ServerLevel;
         8: if_acmpne     15
        11: iconst_1
        12: goto          16
        15: iconst_0
        16: ireturn

  private static double lambda$healLowestAlly$0(net.minecraft.server.level.ServerPlayer);
    Code:
         0: aload_0
         1: invokevirtual #1423               // Method net/minecraft/server/level/ServerPlayer.getHealth:()F
         4: fconst_1
         5: aload_0
         6: invokevirtual #1426               // Method net/minecraft/server/level/ServerPlayer.getMaxHealth:()F
         9: invokestatic  #1168               // Method java/lang/Math.max:(FF)F
        12: fdiv
        13: f2d
        14: dreturn

  private static boolean lambda$cleanupExpired$10(long, java.util.Map$Entry);
    Code:
         0: aload_2
         1: invokeinterface #685,  1          // InterfaceMethod java/util/Map$Entry.getValue:()Ljava/lang/Object;
         6: checkcast     #135                // class java/lang/Long
         9: invokevirtual #527                // Method java/lang/Long.longValue:()J
        12: lload_0
        13: lcmp
        14: ifge          21
        17: iconst_1
        18: goto          22
        21: iconst_0
        22: ireturn

  private static boolean lambda$cleanupExpired$9(long, java.util.Map$Entry);
    Code:
         0: aload_2
         1: invokeinterface #685,  1          // InterfaceMethod java/util/Map$Entry.getValue:()Ljava/lang/Object;
         6: checkcast     #135                // class java/lang/Long
         9: invokevirtual #527                // Method java/lang/Long.longValue:()J
        12: lload_0
        13: lcmp
        14: ifge          21
        17: iconst_1
        18: goto          22
        21: iconst_0
        22: ireturn

  private static boolean lambda$cleanupExpired$8(long, java.util.Map$Entry);
    Code:
         0: aload_2
         1: invokeinterface #685,  1          // InterfaceMethod java/util/Map$Entry.getValue:()Ljava/lang/Object;
         6: checkcast     #135                // class java/lang/Long
         9: invokevirtual #527                // Method java/lang/Long.longValue:()J
        12: lload_0
        13: lcmp
        14: ifge          21
        17: iconst_1
        18: goto          22
        21: iconst_0
        22: ireturn

  private static boolean lambda$cleanupExpired$7(long, java.util.Map$Entry);
    Code:
         0: aload_2
         1: invokeinterface #685,  1          // InterfaceMethod java/util/Map$Entry.getValue:()Ljava/lang/Object;
         6: checkcast     #305                // class kr/moonseungjun/villageguardians/VillageRoleAbilitySystem$EmpoweredArrowState
         9: invokevirtual #1084               // Method kr/moonseungjun/villageguardians/VillageRoleAbilitySystem$EmpoweredArrowState.until:()J
        12: lload_0
        13: lcmp
        14: ifge          21
        17: iconst_1
        18: goto          22
        21: iconst_0
        22: ireturn

  private static boolean lambda$cleanupExpired$6(long, java.util.Map$Entry);
    Code:
         0: aload_2
         1: invokeinterface #685,  1          // InterfaceMethod java/util/Map$Entry.getValue:()Ljava/lang/Object;
         6: checkcast     #305                // class kr/moonseungjun/villageguardians/VillageRoleAbilitySystem$EmpoweredArrowState
         9: invokevirtual #1084               // Method kr/moonseungjun/villageguardians/VillageRoleAbilitySystem$EmpoweredArrowState.until:()J
        12: lload_0
        13: lcmp
        14: ifge          21
        17: iconst_1
        18: goto          22
        21: iconst_0
        22: ireturn

  private static boolean lambda$cleanupExpired$5(long, java.util.Map$Entry);
    Code:
         0: aload_2
         1: invokeinterface #685,  1          // InterfaceMethod java/util/Map$Entry.getValue:()Ljava/lang/Object;
         6: checkcast     #688                // class kr/moonseungjun/villageguardians/VillageRoleAbilitySystem$TrackingArrowState
         9: invokevirtual #702                // Method kr/moonseungjun/villageguardians/VillageRoleAbilitySystem$TrackingArrowState.until:()J
        12: lload_0
        13: lcmp
        14: ifge          21
        17: iconst_1
        18: goto          22
        21: iconst_0
        22: ireturn

  private static boolean lambda$cleanupExpired$4(long, java.util.Map$Entry);
    Code:
         0: aload_2
         1: invokeinterface #685,  1          // InterfaceMethod java/util/Map$Entry.getValue:()Ljava/lang/Object;
         6: checkcast     #135                // class java/lang/Long
         9: invokevirtual #527                // Method java/lang/Long.longValue:()J
        12: lload_0
        13: lcmp
        14: ifge          21
        17: iconst_1
        18: goto          22
        21: iconst_0
        22: ireturn

  private static boolean lambda$cleanupExpired$3(long, java.util.Map$Entry);
    Code:
         0: aload_2
         1: invokeinterface #685,  1          // InterfaceMethod java/util/Map$Entry.getValue:()Ljava/lang/Object;
         6: checkcast     #135                // class java/lang/Long
         9: invokevirtual #527                // Method java/lang/Long.longValue:()J
        12: lload_0
        13: lcmp
        14: ifge          21
        17: iconst_1
        18: goto          22
        21: iconst_0
        22: ireturn

  private static boolean lambda$cleanupExpired$2(long, java.util.UUID);
    Code:
         0: getstatic     #18                 // Field RAPID_UNTIL:Ljava/util/Map;
         3: aload_2
         4: lconst_0
         5: invokestatic  #134                // Method java/lang/Long.valueOf:(J)Ljava/lang/Long;
         8: invokeinterface #524,  3          // InterfaceMethod java/util/Map.getOrDefault:(Ljava/lang/Object;Ljava/lang/Object;)Ljava/lang/Object;
        13: checkcast     #135                // class java/lang/Long
        16: invokevirtual #527                // Method java/lang/Long.longValue:()J
        19: lload_0
        20: lcmp
        21: ifge          28
        24: iconst_1
        25: goto          29
        28: iconst_0
        29: ireturn

  private static boolean lambda$cleanupExpired$1(long, java.util.Map$Entry);
    Code:
         0: aload_2
         1: invokeinterface #685,  1          // InterfaceMethod java/util/Map$Entry.getValue:()Ljava/lang/Object;
         6: checkcast     #135                // class java/lang/Long
         9: invokevirtual #527                // Method java/lang/Long.longValue:()J
        12: lload_0
        13: lcmp
        14: ifge          21
        17: iconst_1
        18: goto          22
        21: iconst_0
        22: ireturn

  private static boolean lambda$cleanupExpired$0(long, java.util.Map$Entry);
    Code:
         0: aload_2
         1: invokeinterface #685,  1          // InterfaceMethod java/util/Map$Entry.getValue:()Ljava/lang/Object;
         6: checkcast     #135                // class java/lang/Long
         9: invokevirtual #527                // Method java/lang/Long.longValue:()J
        12: lload_0
        13: lcmp
        14: ifge          21
        17: iconst_1
        18: goto          22
        21: iconst_0
        22: ireturn

  static {};
    Code:
         0: new           #1710               // class java/util/HashMap
         3: dup
         4: invokespecial #1712               // Method java/util/HashMap."<init>":()V
         7: putstatic     #7                  // Field SPIN_UNTIL:Ljava/util/Map;
        10: new           #1710               // class java/util/HashMap
        13: dup
        14: invokespecial #1712               // Method java/util/HashMap."<init>":()V
        17: putstatic     #18                 // Field RAPID_UNTIL:Ljava/util/Map;
        20: new           #1710               // class java/util/HashMap
        23: dup
        24: invokespecial #1712               // Method java/util/HashMap."<init>":()V
        27: putstatic     #21                 // Field RAPID_DRAW_TICKS:Ljava/util/Map;
        30: new           #1710               // class java/util/HashMap
        33: dup
        34: invokespecial #1712               // Method java/util/HashMap."<init>":()V
        37: putstatic     #24                 // Field RICOCHET_UNTIL:Ljava/util/Map;
        40: new           #1710               // class java/util/HashMap
        43: dup
        44: invokespecial #1712               // Method java/util/HashMap."<init>":()V
        47: putstatic     #27                 // Field RICOCHET_ARROWS:Ljava/util/Map;
        50: new           #1710               // class java/util/HashMap
        53: dup
        54: invokespecial #1712               // Method java/util/HashMap."<init>":()V
        57: putstatic     #30                 // Field TRACKING_ARROWS:Ljava/util/Map;
        60: new           #1710               // class java/util/HashMap
        63: dup
        64: invokespecial #1712               // Method java/util/HashMap."<init>":()V
        67: putstatic     #33                 // Field ARROW_RAIN_READY:Ljava/util/Map;
        70: new           #1710               // class java/util/HashMap
        73: dup
        74: invokespecial #1712               // Method java/util/HashMap."<init>":()V
        77: putstatic     #36                 // Field MEGA_ARROW_READY:Ljava/util/Map;
        80: new           #1710               // class java/util/HashMap
        83: dup
        84: invokespecial #1712               // Method java/util/HashMap."<init>":()V
        87: putstatic     #39                 // Field FORTRESS_UNTIL:Ljava/util/Map;
        90: new           #1710               // class java/util/HashMap
        93: dup
        94: invokespecial #1712               // Method java/util/HashMap."<init>":()V
        97: putstatic     #42                 // Field AEGIS_UNTIL:Ljava/util/Map;
       100: new           #1710               // class java/util/HashMap
       103: dup
       104: invokespecial #1712               // Method java/util/HashMap."<init>":()V
       107: putstatic     #45                 // Field CHARGE_UNTIL:Ljava/util/Map;
       110: new           #1710               // class java/util/HashMap
       113: dup
       114: invokespecial #1712               // Method java/util/HashMap."<init>":()V
       117: putstatic     #48                 // Field LAST_AEGIS_DASH:Ljava/util/Map;
       120: new           #1710               // class java/util/HashMap
       123: dup
       124: invokespecial #1712               // Method java/util/HashMap."<init>":()V
       127: putstatic     #51                 // Field SLAMS:Ljava/util/Map;
       130: new           #1170               // class java/util/ArrayList
       133: dup
       134: invokespecial #1172               // Method java/util/ArrayList."<init>":()V
       137: putstatic     #54                 // Field SCHEDULED:Ljava/util/List;
       140: new           #1170               // class java/util/ArrayList
       143: dup
       144: invokespecial #1172               // Method java/util/ArrayList."<init>":()V
       147: putstatic     #61                 // Field AREAS:Ljava/util/List;
       150: new           #1713               // class java/util/LinkedHashMap
       153: dup
       154: invokespecial #1715               // Method java/util/LinkedHashMap."<init>":()V
       157: putstatic     #64                 // Field MOVING:Ljava/util/Map;
       160: return
}
Compiled from "VillageClientKeys.java"
public final class kr.moonseungjun.villageguardians.VillageClientKeys {
  private static final net.minecraft.client.KeyMapping$Category CATEGORY;

  private static final net.minecraft.client.KeyMapping ROLE_SKILL_ONE;

  private static final net.minecraft.client.KeyMapping ROLE_SKILL_TWO;

  private static final net.minecraft.client.KeyMapping QUICK_COMMUNICATION;

  private static final net.minecraft.client.KeyMapping STATUS;

  private static final net.minecraft.client.KeyMapping GROWTH;

  private static final net.minecraft.client.KeyMapping ROLE_PROGRESS;

  private static final java.util.Set<java.lang.Integer> VANILLA_RESERVED;

  private static boolean tickListenerRegistered;

  private static boolean bindingsChecked;

  private kr.moonseungjun.villageguardians.VillageClientKeys();
    Code:
         0: aload_0
         1: invokespecial #1                  // Method java/lang/Object."<init>":()V
         4: return

  private static net.minecraft.client.KeyMapping key(java.lang.String, int);
    Code:
         0: new           #7                  // class net/minecraft/client/KeyMapping
         3: dup
         4: aload_0
         5: invokedynamic #9,  0              // InvokeDynamic #0:makeConcatWithConstants:(Ljava/lang/String;)Ljava/lang/String;
        10: getstatic     #13                 // Field com/mojang/blaze3d/platform/InputConstants$Type.KEYSYM:Lcom/mojang/blaze3d/platform/InputConstants$Type;
        13: iload_1
        14: getstatic     #19                 // Field CATEGORY:Lnet/minecraft/client/KeyMapping$Category;
        17: invokespecial #25                 // Method net/minecraft/client/KeyMapping."<init>":(Ljava/lang/String;Lcom/mojang/blaze3d/platform/InputConstants$Type;ILnet/minecraft/client/KeyMapping$Category;)V
        20: areturn

  public static void registerKeyMappings(net.neoforged.neoforge.client.event.RegisterKeyMappingsEvent);
    Code:
         0: invokestatic  #28                 // Method mappings:()Ljava/util/List;
         3: invokeinterface #32,  1           // InterfaceMethod java/util/List.iterator:()Ljava/util/Iterator;
         8: astore_1
         9: aload_1
        10: invokeinterface #38,  1           // InterfaceMethod java/util/Iterator.hasNext:()Z
        15: ifeq          36
        18: aload_1
        19: invokeinterface #44,  1           // InterfaceMethod java/util/Iterator.next:()Ljava/lang/Object;
        24: checkcast     #7                  // class net/minecraft/client/KeyMapping
        27: astore_2
        28: aload_0
        29: aload_2
        30: invokevirtual #48                 // Method net/neoforged/neoforge/client/event/RegisterKeyMappingsEvent.register:(Lnet/minecraft/client/KeyMapping;)V
        33: goto          9
        36: getstatic     #54                 // Field tickListenerRegistered:Z
        39: ifne          59
        42: iconst_1
        43: putstatic     #54                 // Field tickListenerRegistered:Z
        46: getstatic     #58                 // Field net/neoforged/neoforge/common/NeoForge.EVENT_BUS:Lnet/neoforged/bus/api/IEventBus;
        49: invokedynamic #64,  0             // InvokeDynamic #1:accept:()Ljava/util/function/Consumer;
        54: invokeinterface #68,  2           // InterfaceMethod net/neoforged/bus/api/IEventBus.addListener:(Ljava/util/function/Consumer;)V
        59: return

  private static void onClientTick(net.neoforged.neoforge.client.event.ClientTickEvent$Post);
    Code:
         0: invokestatic  #74                 // Method net/minecraft/client/Minecraft.getInstance:()Lnet/minecraft/client/Minecraft;
         3: astore_1
         4: aload_1
         5: getfield      #80                 // Field net/minecraft/client/Minecraft.player:Lnet/minecraft/client/player/LocalPlayer;
         8: ifnull        22
        11: aload_1
        12: invokevirtual #84                 // Method net/minecraft/client/Minecraft.getConnection:()Lnet/minecraft/client/multiplayer/ClientPacketListener;
        15: ifnull        22
        18: aload_1
        19: invokestatic  #88                 // Method migrateUnsafeBindings:(Lnet/minecraft/client/Minecraft;)V
        22: aload_1
        23: getfield      #80                 // Field net/minecraft/client/Minecraft.player:Lnet/minecraft/client/player/LocalPlayer;
        26: ifnull        46
        29: aload_1
        30: invokevirtual #84                 // Method net/minecraft/client/Minecraft.getConnection:()Lnet/minecraft/client/multiplayer/ClientPacketListener;
        33: ifnull        46
        36: aload_1
        37: getfield      #92                 // Field net/minecraft/client/Minecraft.gui:Lnet/minecraft/client/gui/Gui;
        40: invokevirtual #96                 // Method net/minecraft/client/gui/Gui.screen:()Lnet/minecraft/client/gui/screens/Screen;
        43: ifnull        82
        46: invokestatic  #28                 // Method mappings:()Ljava/util/List;
        49: invokeinterface #32,  1           // InterfaceMethod java/util/List.iterator:()Ljava/util/Iterator;
        54: astore_2
        55: aload_2
        56: invokeinterface #38,  1           // InterfaceMethod java/util/Iterator.hasNext:()Z
        61: ifeq          81
        64: aload_2
        65: invokeinterface #44,  1           // InterfaceMethod java/util/Iterator.next:()Ljava/lang/Object;
        70: checkcast     #7                  // class net/minecraft/client/KeyMapping
        73: astore_3
        74: aload_3
        75: invokestatic  #102                // Method drain:(Lnet/minecraft/client/KeyMapping;)V
        78: goto          55
        81: return
        82: getstatic     #105                // Field ROLE_SKILL_ONE:Lnet/minecraft/client/KeyMapping;
        85: ldc           #109                // String use_skill:0
        87: invokestatic  #111                // Method consume:(Lnet/minecraft/client/KeyMapping;Ljava/lang/String;)V
        90: getstatic     #115                // Field ROLE_SKILL_TWO:Lnet/minecraft/client/KeyMapping;
        93: ldc           #118                // String use_skill:1
        95: invokestatic  #111                // Method consume:(Lnet/minecraft/client/KeyMapping;Ljava/lang/String;)V
        98: getstatic     #120                // Field QUICK_COMMUNICATION:Lnet/minecraft/client/KeyMapping;
       101: ldc           #123                // String open_quick_chat
       103: invokestatic  #111                // Method consume:(Lnet/minecraft/client/KeyMapping;Ljava/lang/String;)V
       106: getstatic     #125                // Field STATUS:Lnet/minecraft/client/KeyMapping;
       109: ldc           #128                // String open_status
       111: invokestatic  #111                // Method consume:(Lnet/minecraft/client/KeyMapping;Ljava/lang/String;)V
       114: getstatic     #130                // Field GROWTH:Lnet/minecraft/client/KeyMapping;
       117: ldc           #133                // String open_skill_tree
       119: invokestatic  #111                // Method consume:(Lnet/minecraft/client/KeyMapping;Ljava/lang/String;)V
       122: getstatic     #135                // Field ROLE_PROGRESS:Lnet/minecraft/client/KeyMapping;
       125: ldc           #138                // String open_role_progress_current
       127: invokestatic  #111                // Method consume:(Lnet/minecraft/client/KeyMapping;Ljava/lang/String;)V
       130: return

  public static java.lang.String skillOneKeyName();
    Code:
         0: getstatic     #105                // Field ROLE_SKILL_ONE:Lnet/minecraft/client/KeyMapping;
         3: invokestatic  #140                // Method keyName:(Lnet/minecraft/client/KeyMapping;)Ljava/lang/String;
         6: areturn

  public static java.lang.String skillTwoKeyName();
    Code:
         0: getstatic     #115                // Field ROLE_SKILL_TWO:Lnet/minecraft/client/KeyMapping;
         3: invokestatic  #140                // Method keyName:(Lnet/minecraft/client/KeyMapping;)Ljava/lang/String;
         6: areturn

  public static java.lang.String quickCommunicationKeyName();
    Code:
         0: getstatic     #120                // Field QUICK_COMMUNICATION:Lnet/minecraft/client/KeyMapping;
         3: invokestatic  #140                // Method keyName:(Lnet/minecraft/client/KeyMapping;)Ljava/lang/String;
         6: areturn

  public static java.lang.String statusKeyName();
    Code:
         0: getstatic     #125                // Field STATUS:Lnet/minecraft/client/KeyMapping;
         3: invokestatic  #140                // Method keyName:(Lnet/minecraft/client/KeyMapping;)Ljava/lang/String;
         6: areturn

  public static java.lang.String growthKeyName();
    Code:
         0: getstatic     #130                // Field GROWTH:Lnet/minecraft/client/KeyMapping;
         3: invokestatic  #140                // Method keyName:(Lnet/minecraft/client/KeyMapping;)Ljava/lang/String;
         6: areturn

  public static java.lang.String roleProgressKeyName();
    Code:
         0: getstatic     #135                // Field ROLE_PROGRESS:Lnet/minecraft/client/KeyMapping;
         3: invokestatic  #140                // Method keyName:(Lnet/minecraft/client/KeyMapping;)Ljava/lang/String;
         6: areturn

  public static java.lang.String compactSummary();
    Code:
         0: invokestatic  #144                // Method quickCommunicationKeyName:()Ljava/lang/String;
         3: invokestatic  #148                // Method skillOneKeyName:()Ljava/lang/String;
         6: invokestatic  #151                // Method skillTwoKeyName:()Ljava/lang/String;
         9: invokedynamic #154,  0            // InvokeDynamic #2:makeConcatWithConstants:(Ljava/lang/String;Ljava/lang/String;Ljava/lang/String;)Ljava/lang/String;
        14: areturn

  private static java.util.List<net.minecraft.client.KeyMapping> mappings();
    Code:
         0: getstatic     #105                // Field ROLE_SKILL_ONE:Lnet/minecraft/client/KeyMapping;
         3: getstatic     #115                // Field ROLE_SKILL_TWO:Lnet/minecraft/client/KeyMapping;
         6: getstatic     #120                // Field QUICK_COMMUNICATION:Lnet/minecraft/client/KeyMapping;
         9: getstatic     #125                // Field STATUS:Lnet/minecraft/client/KeyMapping;
        12: getstatic     #130                // Field GROWTH:Lnet/minecraft/client/KeyMapping;
        15: getstatic     #135                // Field ROLE_PROGRESS:Lnet/minecraft/client/KeyMapping;
        18: invokestatic  #157                // InterfaceMethod java/util/List.of:(Ljava/lang/Object;Ljava/lang/Object;Ljava/lang/Object;Ljava/lang/Object;Ljava/lang/Object;Ljava/lang/Object;)Ljava/util/List;
        21: areturn

  private static java.lang.String keyName(net.minecraft.client.KeyMapping);
    Code:
         0: aload_0
         1: invokevirtual #161                // Method net/minecraft/client/KeyMapping.getTranslatedKeyMessage:()Lnet/minecraft/network/chat/Component;
         4: invokeinterface #165,  1          // InterfaceMethod net/minecraft/network/chat/Component.getString:()Ljava/lang/String;
         9: areturn

  private static void migrateUnsafeBindings(net.minecraft.client.Minecraft);
    Code:
         0: getstatic     #170                // Field bindingsChecked:Z
         3: ifeq          7
         6: return
         7: iconst_1
         8: putstatic     #170                // Field bindingsChecked:Z
        11: new           #173                // class java/util/HashSet
        14: dup
        15: invokespecial #175                // Method java/util/HashSet."<init>":()V
        18: astore_1
        19: iconst_0
        20: istore_2
        21: invokestatic  #28                 // Method mappings:()Ljava/util/List;
        24: invokeinterface #32,  1           // InterfaceMethod java/util/List.iterator:()Ljava/util/Iterator;
        29: astore_3
        30: aload_3
        31: invokeinterface #38,  1           // InterfaceMethod java/util/Iterator.hasNext:()Z
        36: ifeq          100
        39: aload_3
        40: invokeinterface #44,  1           // InterfaceMethod java/util/Iterator.next:()Ljava/lang/Object;
        45: checkcast     #7                  // class net/minecraft/client/KeyMapping
        48: astore        4
        50: aload         4
        52: invokevirtual #176                // Method net/minecraft/client/KeyMapping.getKey:()Lcom/mojang/blaze3d/platform/InputConstants$Key;
        55: invokevirtual #180                // Method com/mojang/blaze3d/platform/InputConstants$Key.getValue:()I
        58: istore        5
        60: iload         5
        62: ifle          95
        65: getstatic     #186                // Field VANILLA_RESERVED:Ljava/util/Set;
        68: iload         5
        70: invokestatic  #190                // Method java/lang/Integer.valueOf:(I)Ljava/lang/Integer;
        73: invokeinterface #196,  2          // InterfaceMethod java/util/Set.contains:(Ljava/lang/Object;)Z
        78: ifne          95
        81: aload_1
        82: iload         5
        84: invokestatic  #190                // Method java/lang/Integer.valueOf:(I)Ljava/lang/Integer;
        87: invokeinterface #202,  2          // InterfaceMethod java/util/Set.add:(Ljava/lang/Object;)Z
        92: ifne          97
        95: iconst_1
        96: istore_2
        97: goto          30
       100: iload_2
       101: ifne          105
       104: return
       105: getstatic     #105                // Field ROLE_SKILL_ONE:Lnet/minecraft/client/KeyMapping;
       108: bipush        90
       110: invokestatic  #207                // Method set:(Lnet/minecraft/client/KeyMapping;I)V
       113: getstatic     #115                // Field ROLE_SKILL_TWO:Lnet/minecraft/client/KeyMapping;
       116: bipush        86
       118: invokestatic  #207                // Method set:(Lnet/minecraft/client/KeyMapping;I)V
       121: getstatic     #120                // Field QUICK_COMMUNICATION:Lnet/minecraft/client/KeyMapping;
       124: bipush        66
       126: invokestatic  #207                // Method set:(Lnet/minecraft/client/KeyMapping;I)V
       129: getstatic     #125                // Field STATUS:Lnet/minecraft/client/KeyMapping;
       132: bipush        72
       134: invokestatic  #207                // Method set:(Lnet/minecraft/client/KeyMapping;I)V
       137: getstatic     #130                // Field GROWTH:Lnet/minecraft/client/KeyMapping;
       140: bipush        74
       142: invokestatic  #207                // Method set:(Lnet/minecraft/client/KeyMapping;I)V
       145: getstatic     #135                // Field ROLE_PROGRESS:Lnet/minecraft/client/KeyMapping;
       148: bipush        75
       150: invokestatic  #207                // Method set:(Lnet/minecraft/client/KeyMapping;I)V
       153: invokestatic  #211                // Method net/minecraft/client/KeyMapping.resetMapping:()V
       156: aload_0
       157: getfield      #214                // Field net/minecraft/client/Minecraft.options:Lnet/minecraft/client/Options;
       160: invokevirtual #218                // Method net/minecraft/client/Options.save:()V
       163: return

  private static void set(net.minecraft.client.KeyMapping, int);
    Code:
         0: aload_0
         1: getstatic     #13                 // Field com/mojang/blaze3d/platform/InputConstants$Type.KEYSYM:Lcom/mojang/blaze3d/platform/InputConstants$Type;
         4: iload_1
         5: invokevirtual #223                // Method com/mojang/blaze3d/platform/InputConstants$Type.getOrCreate:(I)Lcom/mojang/blaze3d/platform/InputConstants$Key;
         8: invokevirtual #227                // Method net/minecraft/client/KeyMapping.setKey:(Lcom/mojang/blaze3d/platform/InputConstants$Key;)V
        11: return

  private static void drain(net.minecraft.client.KeyMapping);
    Code:
         0: aload_0
         1: invokevirtual #231                // Method net/minecraft/client/KeyMapping.consumeClick:()Z
         4: ifeq          10
         7: goto          0
        10: return

  private static void consume(net.minecraft.client.KeyMapping, java.lang.String);
    Code:
         0: aload_0
         1: invokevirtual #231                // Method net/minecraft/client/KeyMapping.consumeClick:()Z
         4: ifeq          25
         7: new           #234                // class kr/moonseungjun/villageguardians/VillageNetwork$VillageUiActionPayload
        10: dup
        11: aload_1
        12: invokespecial #236                // Method kr/moonseungjun/villageguardians/VillageNetwork$VillageUiActionPayload."<init>":(Ljava/lang/String;)V
        15: iconst_0
        16: anewarray     #239                // class net/minecraft/network/protocol/common/custom/CustomPacketPayload
        19: invokestatic  #241                // Method net/neoforged/neoforge/client/network/ClientPacketDistributor.sendToServer:(Lnet/minecraft/network/protocol/common/custom/CustomPacketPayload;[Lnet/minecraft/network/protocol/common/custom/CustomPacketPayload;)V
        22: goto          0
        25: return

  static {};
    Code:
         0: ldc           #249                // String villageguardians
         2: ldc           #251                // String controls
         4: invokestatic  #253                // Method net/minecraft/resources/Identifier.fromNamespaceAndPath:(Ljava/lang/String;Ljava/lang/String;)Lnet/minecraft/resources/Identifier;
         7: invokestatic  #259                // Method net/minecraft/client/KeyMapping$Category.register:(Lnet/minecraft/resources/Identifier;)Lnet/minecraft/client/KeyMapping$Category;
        10: putstatic     #19                 // Field CATEGORY:Lnet/minecraft/client/KeyMapping$Category;
        13: ldc_w         #264                // String role_skill_one
        16: bipush        90
        18: invokestatic  #266                // Method key:(Ljava/lang/String;I)Lnet/minecraft/client/KeyMapping;
        21: putstatic     #105                // Field ROLE_SKILL_ONE:Lnet/minecraft/client/KeyMapping;
        24: ldc_w         #270                // String role_skill_two
        27: bipush        86
        29: invokestatic  #266                // Method key:(Ljava/lang/String;I)Lnet/minecraft/client/KeyMapping;
        32: putstatic     #115                // Field ROLE_SKILL_TWO:Lnet/minecraft/client/KeyMapping;
        35: ldc_w         #272                // String quick_communication
        38: bipush        66
        40: invokestatic  #266                // Method key:(Ljava/lang/String;I)Lnet/minecraft/client/KeyMapping;
        43: putstatic     #120                // Field QUICK_COMMUNICATION:Lnet/minecraft/client/KeyMapping;
        46: ldc_w         #274                // String status
        49: bipush        72
        51: invokestatic  #266                // Method key:(Ljava/lang/String;I)Lnet/minecraft/client/KeyMapping;
        54: putstatic     #125                // Field STATUS:Lnet/minecraft/client/KeyMapping;
        57: ldc_w         #276                // String personal_progress
        60: bipush        74
        62: invokestatic  #266                // Method key:(Ljava/lang/String;I)Lnet/minecraft/client/KeyMapping;
        65: putstatic     #130                // Field GROWTH:Lnet/minecraft/client/KeyMapping;
        68: ldc_w         #278                // String role_progress
        71: bipush        75
        73: invokestatic  #266                // Method key:(Ljava/lang/String;I)Lnet/minecraft/client/KeyMapping;
        76: putstatic     #135                // Field ROLE_PROGRESS:Lnet/minecraft/client/KeyMapping;
        79: bipush        35
        81: anewarray     #191                // class java/lang/Integer
        84: dup
        85: iconst_0
        86: bipush        87
        88: invokestatic  #190                // Method java/lang/Integer.valueOf:(I)Ljava/lang/Integer;
        91: aastore
        92: dup
        93: iconst_1
        94: bipush        65
        96: invokestatic  #190                // Method java/lang/Integer.valueOf:(I)Ljava/lang/Integer;
        99: aastore
       100: dup
       101: iconst_2
       102: bipush        83
       104: invokestatic  #190                // Method java/lang/Integer.valueOf:(I)Ljava/lang/Integer;
       107: aastore
       108: dup
       109: iconst_3
       110: bipush        68
       112: invokestatic  #190                // Method java/lang/Integer.valueOf:(I)Ljava/lang/Integer;
       115: aastore
       116: dup
       117: iconst_4
       118: bipush        32
       120: invokestatic  #190                // Method java/lang/Integer.valueOf:(I)Ljava/lang/Integer;
       123: aastore
       124: dup
       125: iconst_5
       126: sipush        340
       129: invokestatic  #190                // Method java/lang/Integer.valueOf:(I)Ljava/lang/Integer;
       132: aastore
       133: dup
       134: bipush        6
       136: sipush        341
       139: invokestatic  #190                // Method java/lang/Integer.valueOf:(I)Ljava/lang/Integer;
       142: aastore
       143: dup
       144: bipush        7
       146: bipush        69
       148: invokestatic  #190                // Method java/lang/Integer.valueOf:(I)Ljava/lang/Integer;
       151: aastore
       152: dup
       153: bipush        8
       155: bipush        81
       157: invokestatic  #190                // Method java/lang/Integer.valueOf:(I)Ljava/lang/Integer;
       160: aastore
       161: dup
       162: bipush        9
       164: bipush        70
       166: invokestatic  #190                // Method java/lang/Integer.valueOf:(I)Ljava/lang/Integer;
       169: aastore
       170: dup
       171: bipush        10
       173: bipush        84
       175: invokestatic  #190                // Method java/lang/Integer.valueOf:(I)Ljava/lang/Integer;
       178: aastore
       179: dup
       180: bipush        11
       182: bipush        80
       184: invokestatic  #190                // Method java/lang/Integer.valueOf:(I)Ljava/lang/Integer;
       187: aastore
       188: dup
       189: bipush        12
       191: bipush        76
       193: invokestatic  #190                // Method java/lang/Integer.valueOf:(I)Ljava/lang/Integer;
       196: aastore
       197: dup
       198: bipush        13
       200: bipush        67
       202: invokestatic  #190                // Method java/lang/Integer.valueOf:(I)Ljava/lang/Integer;
       205: aastore
       206: dup
       207: bipush        14
       209: bipush        88
       211: invokestatic  #190                // Method java/lang/Integer.valueOf:(I)Ljava/lang/Integer;
       214: aastore
       215: dup
       216: bipush        15
       218: bipush        47
       220: invokestatic  #190                // Method java/lang/Integer.valueOf:(I)Ljava/lang/Integer;
       223: aastore
       224: dup
       225: bipush        16
       227: sipush        258
       230: invokestatic  #190                // Method java/lang/Integer.valueOf:(I)Ljava/lang/Integer;
       233: aastore
       234: dup
       235: bipush        17
       237: sipush        257
       240: invokestatic  #190                // Method java/lang/Integer.valueOf:(I)Ljava/lang/Integer;
       243: aastore
       244: dup
       245: bipush        18
       247: sipush        256
       250: invokestatic  #190                // Method java/lang/Integer.valueOf:(I)Ljava/lang/Integer;
       253: aastore
       254: dup
       255: bipush        19
       257: sipush        290
       260: invokestatic  #190                // Method java/lang/Integer.valueOf:(I)Ljava/lang/Integer;
       263: aastore
       264: dup
       265: bipush        20
       267: sipush        291
       270: invokestatic  #190                // Method java/lang/Integer.valueOf:(I)Ljava/lang/Integer;
       273: aastore
       274: dup
       275: bipush        21
       277: sipush        292
       280: invokestatic  #190                // Method java/lang/Integer.valueOf:(I)Ljava/lang/Integer;
       283: aastore
       284: dup
       285: bipush        22
       287: sipush        293
       290: invokestatic  #190                // Method java/lang/Integer.valueOf:(I)Ljava/lang/Integer;
       293: aastore
       294: dup
       295: bipush        23
       297: sipush        294
       300: invokestatic  #190                // Method java/lang/Integer.valueOf:(I)Ljava/lang/Integer;
       303: aastore
       304: dup
       305: bipush        24
       307: sipush        300
       310: invokestatic  #190                // Method java/lang/Integer.valueOf:(I)Ljava/lang/Integer;
       313: aastore
       314: dup
       315: bipush        25
       317: bipush        48
       319: invokestatic  #190                // Method java/lang/Integer.valueOf:(I)Ljava/lang/Integer;
       322: aastore
       323: dup
       324: bipush        26
       326: bipush        49
       328: invokestatic  #190                // Method java/lang/Integer.valueOf:(I)Ljava/lang/Integer;
       331: aastore
       332: dup
       333: bipush        27
       335: bipush        50
       337: invokestatic  #190                // Method java/lang/Integer.valueOf:(I)Ljava/lang/Integer;
       340: aastore
       341: dup
       342: bipush        28
       344: bipush        51
       346: invokestatic  #190                // Method java/lang/Integer.valueOf:(I)Ljava/lang/Integer;
       349: aastore
       350: dup
       351: bipush        29
       353: bipush        52
       355: invokestatic  #190                // Method java/lang/Integer.valueOf:(I)Ljava/lang/Integer;
       358: aastore
       359: dup
       360: bipush        30
       362: bipush        53
       364: invokestatic  #190                // Method java/lang/Integer.valueOf:(I)Ljava/lang/Integer;
       367: aastore
       368: dup
       369: bipush        31
       371: bipush        54
       373: invokestatic  #190                // Method java/lang/Integer.valueOf:(I)Ljava/lang/Integer;
       376: aastore
       377: dup
       378: bipush        32
       380: bipush        55
       382: invokestatic  #190                // Method java/lang/Integer.valueOf:(I)Ljava/lang/Integer;
       385: aastore
       386: dup
       387: bipush        33
       389: bipush        56
       391: invokestatic  #190                // Method java/lang/Integer.valueOf:(I)Ljava/lang/Integer;
       394: aastore
       395: dup
       396: bipush        34
       398: bipush        57
       400: invokestatic  #190                // Method java/lang/Integer.valueOf:(I)Ljava/lang/Integer;
       403: aastore
       404: invokestatic  #280                // InterfaceMethod java/util/Set.of:([Ljava/lang/Object;)Ljava/util/Set;
       407: putstatic     #186                // Field VANILLA_RESERVED:Ljava/util/Set;
       410: return
}
Compiled from "VillageSkillTestPasswordScreen.java"
public final class kr.moonseungjun.villageguardians.VillageSkillTestPasswordScreen extends net.minecraft.client.gui.screens.Screen {
  private static final int OVERLAY;

  private static final int PANEL;

  private static final int BORDER;

  private static final int TEXT;

  private static final int MUTED;

  private static final int ACCENT;

  private static final int BUTTON;

  private final kr.moonseungjun.villageguardians.VillageNetwork$OpenVillageUiPayload payload;

  private java.lang.String input;

  private java.lang.String localMessage;

  public kr.moonseungjun.villageguardians.VillageSkillTestPasswordScreen(kr.moonseungjun.villageguardians.VillageNetwork$OpenVillageUiPayload);
    Code:
         0: aload_0
         1: aload_1
         2: invokevirtual #1                  // Method kr/moonseungjun/villageguardians/VillageNetwork$OpenVillageUiPayload.title:()Ljava/lang/String;
         5: invokestatic  #7                  // InterfaceMethod net/minecraft/network/chat/Component.literal:(Ljava/lang/String;)Lnet/minecraft/network/chat/MutableComponent;
         8: invokespecial #13                 // Method net/minecraft/client/gui/screens/Screen."<init>":(Lnet/minecraft/network/chat/Component;)V
        11: aload_0
        12: ldc           #19                 // String
        14: putfield      #21                 // Field input:Ljava/lang/String;
        17: aload_0
        18: ldc           #19                 // String
        20: putfield      #27                 // Field localMessage:Ljava/lang/String;
        23: aload_0
        24: aload_1
        25: putfield      #30                 // Field payload:Lkr/moonseungjun/villageguardians/VillageNetwork$OpenVillageUiPayload;
        28: return

  public boolean isPauseScreen();
    Code:
         0: iconst_0
         1: ireturn

  public void extractBackground(net.minecraft.client.gui.GuiGraphicsExtractor, int, int, float);
    Code:
         0: aload_1
         1: iconst_0
         2: iconst_0
         3: aload_0
         4: getfield      #34                 // Field width:I
         7: aload_0
         8: getfield      #38                 // Field height:I
        11: ldc           #41                 // int -2013265920
        13: invokevirtual #42                 // Method net/minecraft/client/gui/GuiGraphicsExtractor.fill:(IIIII)V
        16: return

  public void extractRenderState(net.minecraft.client.gui.GuiGraphicsExtractor, int, int, float);
    Code:
         0: sipush        260
         3: sipush        210
         6: aload_0
         7: getfield      #34                 // Field width:I
        10: bipush        30
        12: isub
        13: invokestatic  #48                 // Method java/lang/Math.max:(II)I
        16: invokestatic  #54                 // Method java/lang/Math.min:(II)I
        19: istore        5
        21: sipush        258
        24: sipush        224
        27: aload_0
        28: getfield      #38                 // Field height:I
        31: bipush        24
        33: isub
        34: invokestatic  #48                 // Method java/lang/Math.max:(II)I
        37: invokestatic  #54                 // Method java/lang/Math.min:(II)I
        40: istore        6
        42: aload_0
        43: getfield      #34                 // Field width:I
        46: iload         5
        48: isub
        49: iconst_2
        50: idiv
        51: istore        7
        53: aload_0
        54: getfield      #38                 // Field height:I
        57: iload         6
        59: isub
        60: iconst_2
        61: idiv
        62: istore        8
        64: aload_1
        65: iload         7
        67: iconst_2
        68: isub
        69: iload         8
        71: iconst_2
        72: isub
        73: iload         7
        75: iload         5
        77: iadd
        78: iconst_2
        79: iadd
        80: iload         8
        82: iload         6
        84: iadd
        85: iconst_2
        86: iadd
        87: ldc           #57                 // int -9479357
        89: invokevirtual #42                 // Method net/minecraft/client/gui/GuiGraphicsExtractor.fill:(IIIII)V
        92: aload_1
        93: iload         7
        95: iload         8
        97: iload         7
        99: iload         5
       101: iadd
       102: iload         8
       104: iload         6
       106: iadd
       107: ldc           #58                 // int -923177
       109: invokevirtual #42                 // Method net/minecraft/client/gui/GuiGraphicsExtractor.fill:(IIIII)V
       112: aload_1
       113: iload         7
       115: iload         8
       117: iload         7
       119: iconst_5
       120: iadd
       121: iload         8
       123: iload         6
       125: iadd
       126: ldc           #59                 // int -14254477
       128: invokevirtual #42                 // Method net/minecraft/client/gui/GuiGraphicsExtractor.fill:(IIIII)V
       131: aload_1
       132: aload_0
       133: getfield      #60                 // Field font:Lnet/minecraft/client/gui/Font;
       136: aload_0
       137: getfield      #30                 // Field payload:Lkr/moonseungjun/villageguardians/VillageNetwork$OpenVillageUiPayload;
       140: invokevirtual #1                  // Method kr/moonseungjun/villageguardians/VillageNetwork$OpenVillageUiPayload.title:()Ljava/lang/String;
       143: aload_0
       144: getfield      #34                 // Field width:I
       147: iconst_2
       148: idiv
       149: iload         8
       151: bipush        13
       153: iadd
       154: ldc           #64                 // int -14607852
       156: invokevirtual #65                 // Method net/minecraft/client/gui/GuiGraphicsExtractor.centeredText:(Lnet/minecraft/client/gui/Font;Ljava/lang/String;III)V
       159: aload_0
       160: getfield      #27                 // Field localMessage:Ljava/lang/String;
       163: invokevirtual #69                 // Method java/lang/String.isBlank:()Z
       166: ifeq          179
       169: aload_0
       170: getfield      #30                 // Field payload:Lkr/moonseungjun/villageguardians/VillageNetwork$OpenVillageUiPayload;
       173: invokevirtual #75                 // Method kr/moonseungjun/villageguardians/VillageNetwork$OpenVillageUiPayload.body:()Ljava/lang/String;
       176: goto          183
       179: aload_0
       180: getfield      #27                 // Field localMessage:Ljava/lang/String;
       183: astore        9
       185: aload_1
       186: aload_0
       187: getfield      #60                 // Field font:Lnet/minecraft/client/gui/Font;
       190: aload_0
       191: aload         9
       193: iload         5
       195: bipush        28
       197: isub
       198: invokevirtual #78                 // Method fit:(Ljava/lang/String;I)Ljava/lang/String;
       201: aload_0
       202: getfield      #34                 // Field width:I
       205: iconst_2
       206: idiv
       207: iload         8
       209: bipush        34
       211: iadd
       212: ldc           #82                 // int -10332083
       214: invokevirtual #65                 // Method net/minecraft/client/gui/GuiGraphicsExtractor.centeredText:(Lnet/minecraft/client/gui/Font;Ljava/lang/String;III)V
       217: bipush        8
       219: istore        10
       221: bipush        34
       223: istore        11
       225: iload         11
       227: iconst_4
       228: imul
       229: iload         10
       231: iconst_3
       232: imul
       233: iadd
       234: istore        12
       236: aload_0
       237: getfield      #34                 // Field width:I
       240: iconst_2
       241: idiv
       242: iload         12
       244: iconst_2
       245: idiv
       246: isub
       247: istore        13
       249: iconst_0
       250: istore        14
       252: iload         14
       254: iconst_4
       255: if_icmpge     372
       258: iload         13
       260: iload         14
       262: iload         11
       264: iload         10
       266: iadd
       267: imul
       268: iadd
       269: istore        15
       271: aload_1
       272: iload         15
       274: iconst_1
       275: isub
       276: iload         8
       278: bipush        54
       280: iadd
       281: iload         15
       283: iload         11
       285: iadd
       286: iconst_1
       287: iadd
       288: iload         8
       290: bipush        84
       292: iadd
       293: ldc           #57                 // int -9479357
       295: invokevirtual #42                 // Method net/minecraft/client/gui/GuiGraphicsExtractor.fill:(IIIII)V
       298: aload_1
       299: iload         15
       301: iload         8
       303: bipush        55
       305: iadd
       306: iload         15
       308: iload         11
       310: iadd
       311: iload         8
       313: bipush        83
       315: iadd
       316: ldc           #83                 // int -462108
       318: invokevirtual #42                 // Method net/minecraft/client/gui/GuiGraphicsExtractor.fill:(IIIII)V
       321: iload         14
       323: aload_0
       324: getfield      #21                 // Field input:Ljava/lang/String;
       327: invokevirtual #84                 // Method java/lang/String.length:()I
       330: if_icmpge     338
       333: ldc           #88                 // String ●
       335: goto          340
       338: ldc           #19                 // String
       340: astore        16
       342: aload_1
       343: aload_0
       344: getfield      #60                 // Field font:Lnet/minecraft/client/gui/Font;
       347: aload         16
       349: iload         15
       351: iload         11
       353: iconst_2
       354: idiv
       355: iadd
       356: iload         8
       358: bipush        65
       360: iadd
       361: ldc           #64                 // int -14607852
       363: invokevirtual #65                 // Method net/minecraft/client/gui/GuiGraphicsExtractor.centeredText:(Lnet/minecraft/client/gui/Font;Ljava/lang/String;III)V
       366: iinc          14, 1
       369: goto          252
       372: iconst_0
       373: istore        14
       375: iload         14
       377: bipush        12
       379: if_icmpge     569
       382: aload_0
       383: iload         14
       385: iload         8
       387: invokevirtual #90                 // Method bounds:(II)Lkr/moonseungjun/villageguardians/VillageSkillTestPasswordScreen$Bounds;
       390: astore        15
       392: iload_2
       393: i2d
       394: iload_3
       395: i2d
       396: aload         15
       398: invokevirtual #94                 // Method kr/moonseungjun/villageguardians/VillageSkillTestPasswordScreen$Bounds.x:()I
       401: aload         15
       403: invokevirtual #99                 // Method kr/moonseungjun/villageguardians/VillageSkillTestPasswordScreen$Bounds.y:()I
       406: aload         15
       408: invokevirtual #102                // Method kr/moonseungjun/villageguardians/VillageSkillTestPasswordScreen$Bounds.w:()I
       411: aload         15
       413: invokevirtual #105                // Method kr/moonseungjun/villageguardians/VillageSkillTestPasswordScreen$Bounds.h:()I
       416: invokestatic  #108                // Method inside:(DDIIII)Z
       419: istore        16
       421: aload_1
       422: aload         15
       424: invokevirtual #94                 // Method kr/moonseungjun/villageguardians/VillageSkillTestPasswordScreen$Bounds.x:()I
       427: iconst_1
       428: isub
       429: aload         15
       431: invokevirtual #99                 // Method kr/moonseungjun/villageguardians/VillageSkillTestPasswordScreen$Bounds.y:()I
       434: iconst_1
       435: isub
       436: aload         15
       438: invokevirtual #94                 // Method kr/moonseungjun/villageguardians/VillageSkillTestPasswordScreen$Bounds.x:()I
       441: aload         15
       443: invokevirtual #102                // Method kr/moonseungjun/villageguardians/VillageSkillTestPasswordScreen$Bounds.w:()I
       446: iadd
       447: iconst_1
       448: iadd
       449: aload         15
       451: invokevirtual #99                 // Method kr/moonseungjun/villageguardians/VillageSkillTestPasswordScreen$Bounds.y:()I
       454: aload         15
       456: invokevirtual #105                // Method kr/moonseungjun/villageguardians/VillageSkillTestPasswordScreen$Bounds.h:()I
       459: iadd
       460: iconst_1
       461: iadd
       462: iload         16
       464: ifeq          472
       467: ldc           #59                 // int -14254477
       469: goto          474
       472: ldc           #57                 // int -9479357
       474: invokevirtual #42                 // Method net/minecraft/client/gui/GuiGraphicsExtractor.fill:(IIIII)V
       477: aload_1
       478: aload         15
       480: invokevirtual #94                 // Method kr/moonseungjun/villageguardians/VillageSkillTestPasswordScreen$Bounds.x:()I
       483: aload         15
       485: invokevirtual #99                 // Method kr/moonseungjun/villageguardians/VillageSkillTestPasswordScreen$Bounds.y:()I
       488: aload         15
       490: invokevirtual #94                 // Method kr/moonseungjun/villageguardians/VillageSkillTestPasswordScreen$Bounds.x:()I
       493: aload         15
       495: invokevirtual #102                // Method kr/moonseungjun/villageguardians/VillageSkillTestPasswordScreen$Bounds.w:()I
       498: iadd
       499: aload         15
       501: invokevirtual #99                 // Method kr/moonseungjun/villageguardians/VillageSkillTestPasswordScreen$Bounds.y:()I
       504: aload         15
       506: invokevirtual #105                // Method kr/moonseungjun/villageguardians/VillageSkillTestPasswordScreen$Bounds.h:()I
       509: iadd
       510: iload         16
       512: ifeq          521
       515: sipush        -5963
       518: goto          523
       521: ldc           #112                // int -1980017
       523: invokevirtual #42                 // Method net/minecraft/client/gui/GuiGraphicsExtractor.fill:(IIIII)V
       526: aload_1
       527: aload_0
       528: getfield      #60                 // Field font:Lnet/minecraft/client/gui/Font;
       531: aload_0
       532: iload         14
       534: invokevirtual #113                // Method label:(I)Ljava/lang/String;
       537: aload         15
       539: invokevirtual #94                 // Method kr/moonseungjun/villageguardians/VillageSkillTestPasswordScreen$Bounds.x:()I
       542: aload         15
       544: invokevirtual #102                // Method kr/moonseungjun/villageguardians/VillageSkillTestPasswordScreen$Bounds.w:()I
       547: iconst_2
       548: idiv
       549: iadd
       550: aload         15
       552: invokevirtual #99                 // Method kr/moonseungjun/villageguardians/VillageSkillTestPasswordScreen$Bounds.y:()I
       555: bipush        6
       557: iadd
       558: ldc           #64                 // int -14607852
       560: invokevirtual #65                 // Method net/minecraft/client/gui/GuiGraphicsExtractor.centeredText:(Lnet/minecraft/client/gui/Font;Ljava/lang/String;III)V
       563: iinc          14, 1
       566: goto          375
       569: aload_0
       570: aload_1
       571: iload_2
       572: iload_3
       573: fload         4
       575: invokespecial #117                // Method net/minecraft/client/gui/screens/Screen.extractRenderState:(Lnet/minecraft/client/gui/GuiGraphicsExtractor;IIF)V
       578: return

  public boolean mouseClicked(net.minecraft.client.input.MouseButtonEvent, boolean);
    Code:
         0: aload_1
         1: invokevirtual #121                // Method net/minecraft/client/input/MouseButtonEvent.button:()I
         4: ifeq          14
         7: aload_0
         8: aload_1
         9: iload_2
        10: invokespecial #126                // Method net/minecraft/client/gui/screens/Screen.mouseClicked:(Lnet/minecraft/client/input/MouseButtonEvent;Z)Z
        13: ireturn
        14: sipush        258
        17: sipush        224
        20: aload_0
        21: getfield      #38                 // Field height:I
        24: bipush        24
        26: isub
        27: invokestatic  #48                 // Method java/lang/Math.max:(II)I
        30: invokestatic  #54                 // Method java/lang/Math.min:(II)I
        33: istore_3
        34: aload_0
        35: getfield      #38                 // Field height:I
        38: iload_3
        39: isub
        40: iconst_2
        41: idiv
        42: istore        4
        44: iconst_0
        45: istore        5
        47: iload         5
        49: bipush        12
        51: if_icmpge     164
        54: aload_0
        55: iload         5
        57: iload         4
        59: invokevirtual #90                 // Method bounds:(II)Lkr/moonseungjun/villageguardians/VillageSkillTestPasswordScreen$Bounds;
        62: astore        6
        64: aload_1
        65: invokevirtual #130                // Method net/minecraft/client/input/MouseButtonEvent.x:()D
        68: aload_1
        69: invokevirtual #133                // Method net/minecraft/client/input/MouseButtonEvent.y:()D
        72: aload         6
        74: invokevirtual #94                 // Method kr/moonseungjun/villageguardians/VillageSkillTestPasswordScreen$Bounds.x:()I
        77: aload         6
        79: invokevirtual #99                 // Method kr/moonseungjun/villageguardians/VillageSkillTestPasswordScreen$Bounds.y:()I
        82: aload         6
        84: invokevirtual #102                // Method kr/moonseungjun/villageguardians/VillageSkillTestPasswordScreen$Bounds.w:()I
        87: aload         6
        89: invokevirtual #105                // Method kr/moonseungjun/villageguardians/VillageSkillTestPasswordScreen$Bounds.h:()I
        92: invokestatic  #108                // Method inside:(DDIIII)Z
        95: ifne          101
        98: goto          158
       101: iload         5
       103: bipush        8
       105: if_icmpgt     122
       108: aload_0
       109: iload         5
       111: iconst_1
       112: iadd
       113: invokestatic  #135                // Method java/lang/Integer.toString:(I)Ljava/lang/String;
       116: invokevirtual #140                // Method append:(Ljava/lang/String;)V
       119: goto          156
       122: iload         5
       124: bipush        9
       126: if_icmpne     136
       129: aload_0
       130: invokevirtual #144                // Method backspace:()V
       133: goto          156
       136: iload         5
       138: bipush        10
       140: if_icmpne     152
       143: aload_0
       144: ldc           #148                // String 0
       146: invokevirtual #140                // Method append:(Ljava/lang/String;)V
       149: goto          156
       152: aload_0
       153: invokevirtual #150                // Method submit:()V
       156: iconst_1
       157: ireturn
       158: iinc          5, 1
       161: goto          47
       164: aload_0
       165: aload_1
       166: iload_2
       167: invokespecial #126                // Method net/minecraft/client/gui/screens/Screen.mouseClicked:(Lnet/minecraft/client/input/MouseButtonEvent;Z)Z
       170: ireturn

  private void append(java.lang.String);
    Code:
         0: aload_0
         1: getfield      #21                 // Field input:Ljava/lang/String;
         4: invokevirtual #84                 // Method java/lang/String.length:()I
         7: iconst_4
         8: if_icmpge     25
        11: aload_0
        12: dup
        13: getfield      #21                 // Field input:Ljava/lang/String;
        16: aload_1
        17: invokedynamic #153,  0            // InvokeDynamic #0:makeConcatWithConstants:(Ljava/lang/String;Ljava/lang/String;)Ljava/lang/String;
        22: putfield      #21                 // Field input:Ljava/lang/String;
        25: aload_0
        26: ldc           #19                 // String
        28: putfield      #27                 // Field localMessage:Ljava/lang/String;
        31: return

  private void backspace();
    Code:
         0: aload_0
         1: getfield      #21                 // Field input:Ljava/lang/String;
         4: invokevirtual #157                // Method java/lang/String.isEmpty:()Z
         7: ifne          31
        10: aload_0
        11: aload_0
        12: getfield      #21                 // Field input:Ljava/lang/String;
        15: iconst_0
        16: aload_0
        17: getfield      #21                 // Field input:Ljava/lang/String;
        20: invokevirtual #84                 // Method java/lang/String.length:()I
        23: iconst_1
        24: isub
        25: invokevirtual #160                // Method java/lang/String.substring:(II)Ljava/lang/String;
        28: putfield      #21                 // Field input:Ljava/lang/String;
        31: aload_0
        32: ldc           #19                 // String
        34: putfield      #27                 // Field localMessage:Ljava/lang/String;
        37: return

  private void submit();
    Code:
         0: aload_0
         1: getfield      #21                 // Field input:Ljava/lang/String;
         4: invokevirtual #84                 // Method java/lang/String.length:()I
         7: iconst_4
         8: if_icmpeq     18
        11: aload_0
        12: ldc           #164                // String 네 자리 접근 코드를 모두 입력하세요.
        14: putfield      #27                 // Field localMessage:Ljava/lang/String;
        17: return
        18: new           #166                // class kr/moonseungjun/villageguardians/VillageNetwork$VillageUiActionPayload
        21: dup
        22: aload_0
        23: getfield      #21                 // Field input:Ljava/lang/String;
        26: invokedynamic #168,  0            // InvokeDynamic #1:makeConcatWithConstants:(Ljava/lang/String;)Ljava/lang/String;
        31: invokespecial #171                // Method kr/moonseungjun/villageguardians/VillageNetwork$VillageUiActionPayload."<init>":(Ljava/lang/String;)V
        34: iconst_0
        35: anewarray     #173                // class net/minecraft/network/protocol/common/custom/CustomPacketPayload
        38: invokestatic  #175                // Method net/neoforged/neoforge/client/network/ClientPacketDistributor.sendToServer:(Lnet/minecraft/network/protocol/common/custom/CustomPacketPayload;[Lnet/minecraft/network/protocol/common/custom/CustomPacketPayload;)V
        41: aload_0
        42: invokevirtual #181                // Method onClose:()V
        45: return

  private kr.moonseungjun.villageguardians.VillageSkillTestPasswordScreen$Bounds bounds(int, int);
    Code:
         0: bipush        54
         2: istore_3
         3: bipush        24
         5: istore        4
         7: bipush        7
         9: istore        5
        11: iload_3
        12: iconst_3
        13: imul
        14: iload         5
        16: iconst_2
        17: imul
        18: iadd
        19: istore        6
        21: aload_0
        22: getfield      #34                 // Field width:I
        25: iconst_2
        26: idiv
        27: iload         6
        29: iconst_2
        30: idiv
        31: isub
        32: istore        7
        34: iload_1
        35: iconst_3
        36: idiv
        37: istore        8
        39: iload_1
        40: iconst_3
        41: irem
        42: istore        9
        44: new           #95                 // class kr/moonseungjun/villageguardians/VillageSkillTestPasswordScreen$Bounds
        47: dup
        48: iload         7
        50: iload         9
        52: iload_3
        53: iload         5
        55: iadd
        56: imul
        57: iadd
        58: iload_2
        59: bipush        101
        61: iadd
        62: iload         8
        64: bipush        31
        66: imul
        67: iadd
        68: iload_3
        69: iload         4
        71: invokespecial #184                // Method kr/moonseungjun/villageguardians/VillageSkillTestPasswordScreen$Bounds."<init>":(IIII)V
        74: areturn

  private java.lang.String label(int);
    Code:
         0: iload_1
         1: bipush        8
         3: if_icmpgt     13
         6: iload_1
         7: iconst_1
         8: iadd
         9: invokestatic  #135                // Method java/lang/Integer.toString:(I)Ljava/lang/String;
        12: areturn
        13: iload_1
        14: bipush        9
        16: if_icmpne     22
        19: ldc           #187                // String 지우기
        21: areturn
        22: iload_1
        23: bipush        10
        25: if_icmpne     31
        28: ldc           #148                // String 0
        30: areturn
        31: ldc           #189                // String 입장
        33: areturn

  private java.lang.String fit(java.lang.String, int);
    Code:
         0: aload_1
         1: ifnonnull     9
         4: ldc           #19                 // String
         6: goto          17
         9: aload_1
        10: bipush        10
        12: bipush        32
        14: invokevirtual #191                // Method java/lang/String.replace:(CC)Ljava/lang/String;
        17: astore_3
        18: aload_0
        19: getfield      #60                 // Field font:Lnet/minecraft/client/gui/Font;
        22: aload_3
        23: invokevirtual #195                // Method net/minecraft/client/gui/Font.width:(Ljava/lang/String;)I
        26: iload_2
        27: if_icmpgt     32
        30: aload_3
        31: areturn
        32: aload_3
        33: invokevirtual #84                 // Method java/lang/String.length:()I
        36: istore        4
        38: iload         4
        40: ifle          72
        43: aload_0
        44: getfield      #60                 // Field font:Lnet/minecraft/client/gui/Font;
        47: aload_3
        48: iconst_0
        49: iload         4
        51: invokevirtual #160                // Method java/lang/String.substring:(II)Ljava/lang/String;
        54: invokedynamic #200,  0            // InvokeDynamic #2:makeConcatWithConstants:(Ljava/lang/String;)Ljava/lang/String;
        59: invokevirtual #195                // Method net/minecraft/client/gui/Font.width:(Ljava/lang/String;)I
        62: iload_2
        63: if_icmple     72
        66: iinc          4, -1
        69: goto          38
        72: aload_3
        73: iconst_0
        74: iload         4
        76: invokevirtual #160                // Method java/lang/String.substring:(II)Ljava/lang/String;
        79: invokedynamic #200,  0            // InvokeDynamic #2:makeConcatWithConstants:(Ljava/lang/String;)Ljava/lang/String;
        84: areturn

  private static boolean inside(double, double, int, int, int, int);
    Code:
         0: dload_0
         1: iload         4
         3: i2d
         4: dcmpl
         5: iflt          42
         8: dload_0
         9: iload         4
        11: iload         6
        13: iadd
        14: i2d
        15: dcmpg
        16: ifge          42
        19: dload_2
        20: iload         5
        22: i2d
        23: dcmpl
        24: iflt          42
        27: dload_2
        28: iload         5
        30: iload         7
        32: iadd
        33: i2d
        34: dcmpg
        35: ifge          42
        38: iconst_1
        39: goto          43
        42: iconst_0
        43: ireturn

  public void onClose();
    Code:
         0: aload_0
         1: getfield      #201                // Field minecraft:Lnet/minecraft/client/Minecraft;
         4: ifnull        18
         7: aload_0
         8: getfield      #201                // Field minecraft:Lnet/minecraft/client/Minecraft;
        11: getfield      #205                // Field net/minecraft/client/Minecraft.gui:Lnet/minecraft/client/gui/Gui;
        14: aconst_null
        15: invokevirtual #211                // Method net/minecraft/client/gui/Gui.setScreen:(Lnet/minecraft/client/gui/screens/Screen;)V
        18: return
}
Compiled from "VillageUiController.java"
public final class kr.moonseungjun.villageguardians.VillageUiController {
  private static final java.lang.String SEP;

  private kr.moonseungjun.villageguardians.VillageUiController();
    Code:
         0: aload_0
         1: invokespecial #1                  // Method java/lang/Object."<init>":()V
         4: return

  public static void openDashboard(net.minecraft.server.level.ServerPlayer);
    Code:
         0: aload_0
         1: ldc           #7                  // String 마을 회관 지휘대 근처에서만 시설을 관리할 수 있습니다.
         3: invokestatic  #9                  // Method requireTownHall:(Lnet/minecraft/server/level/ServerPlayer;Ljava/lang/String;)Z
         6: ifne          10
         9: return
        10: aload_0
        11: invokevirtual #15                 // Method net/minecraft/server/level/ServerPlayer.level:()Lnet/minecraft/server/level/ServerLevel;
        14: invokevirtual #21                 // Method net/minecraft/server/level/ServerLevel.getServer:()Lnet/minecraft/server/MinecraftServer;
        17: astore_1
        18: aload_1
        19: ifnonnull     23
        22: return
        23: new           #27                 // class java/util/ArrayList
        26: dup
        27: invokespecial #29                 // Method java/util/ArrayList."<init>":()V
        30: astore_2
        31: new           #27                 // class java/util/ArrayList
        34: dup
        35: invokespecial #29                 // Method java/util/ArrayList."<init>":()V
        38: astore_3
        39: aload_0
        40: invokevirtual #30                 // Method net/minecraft/server/level/ServerPlayer.getUUID:()Ljava/util/UUID;
        43: invokestatic  #34                 // Method kr/moonseungjun/villageguardians/VillageCouncilState.roleOf:(Ljava/util/UUID;)Ljava/util/Optional;
        46: aconst_null
        47: invokevirtual #40                 // Method java/util/Optional.orElse:(Ljava/lang/Object;)Ljava/lang/Object;
        50: checkcast     #46                 // class kr/moonseungjun/villageguardians/VillageRole
        53: astore        4
        55: invokestatic  #48                 // Method kr/moonseungjun/villageguardians/VillageRole.values:()[Lkr/moonseungjun/villageguardians/VillageRole;
        58: astore        5
        60: aload         5
        62: arraylength
        63: istore        6
        65: iconst_0
        66: istore        7
        68: iload         7
        70: iload         6
        72: if_icmpge     214
        75: aload         5
        77: iload         7
        79: aaload
        80: astore        8
        82: aload_2
        83: aload         8
        85: invokevirtual #52                 // Method kr/moonseungjun/villageguardians/VillageRole.id:()Ljava/lang/String;
        88: invokedynamic #56,  0             // InvokeDynamic #0:makeConcatWithConstants:(Ljava/lang/String;)Ljava/lang/String;
        93: invokeinterface #60,  2           // InterfaceMethod java/util/List.add:(Ljava/lang/Object;)Z
        98: pop
        99: aload_3
       100: ldc           #66                 // String |
       102: bipush        9
       104: anewarray     #68                 // class java/lang/CharSequence
       107: dup
       108: iconst_0
       109: ldc           #70                 // String role
       111: aastore
       112: dup
       113: iconst_1
       114: aload         8
       116: invokevirtual #52                 // Method kr/moonseungjun/villageguardians/VillageRole.id:()Ljava/lang/String;
       119: aastore
       120: dup
       121: iconst_2
       122: aload         8
       124: invokevirtual #72                 // Method kr/moonseungjun/villageguardians/VillageRole.displayName:()Ljava/lang/String;
       127: aastore
       128: dup
       129: iconst_3
       130: aload         8
       132: invokevirtual #75                 // Method kr/moonseungjun/villageguardians/VillageRole.overview:()Ljava/lang/String;
       135: aastore
       136: dup
       137: iconst_4
       138: aload         8
       140: invokevirtual #78                 // Method kr/moonseungjun/villageguardians/VillageRole.passive:()Ljava/lang/String;
       143: aastore
       144: dup
       145: iconst_5
       146: aload         8
       148: invokevirtual #81                 // Method kr/moonseungjun/villageguardians/VillageRole.active:()Ljava/lang/String;
       151: aastore
       152: dup
       153: bipush        6
       155: aload         8
       157: invokevirtual #84                 // Method kr/moonseungjun/villageguardians/VillageRole.recommended:()Ljava/lang/String;
       160: aastore
       161: dup
       162: bipush        7
       164: aload         4
       166: aload         8
       168: if_acmpne     176
       171: ldc           #87                 // String current
       173: goto          178
       176: ldc           #89                 // String available
       178: aastore
       179: dup
       180: bipush        8
       182: aload         4
       184: aload         8
       186: if_acmpne     196
       189: aload_0
       190: invokestatic  #91                 // Method kr/moonseungjun/villageguardians/VillageRoleSkillSystem.loadoutSummary:(Lnet/minecraft/server/level/ServerPlayer;)Ljava/lang/String;
       193: goto          198
       196: ldc           #97                 // String
       198: aastore
       199: invokestatic  #99                 // Method java/lang/String.join:(Ljava/lang/CharSequence;[Ljava/lang/CharSequence;)Ljava/lang/String;
       202: invokeinterface #60,  2           // InterfaceMethod java/util/List.add:(Ljava/lang/Object;)Z
       207: pop
       208: iinc          7, 1
       211: goto          68
       214: invokestatic  #105                // Method kr/moonseungjun/villageguardians/VillageProgressionSystem$Building.values:()[Lkr/moonseungjun/villageguardians/VillageProgressionSystem$Building;
       217: astore        5
       219: aload         5
       221: arraylength
       222: istore        6
       224: iconst_0
       225: istore        7
       227: iload         7
       229: iload         6
       231: if_icmpge     496
       234: aload         5
       236: iload         7
       238: aaload
       239: astore        8
       241: aload         8
       243: invokestatic  #110                // Method kr/moonseungjun/villageguardians/VillageProgressionSystem.level:(Lkr/moonseungjun/villageguardians/VillageProgressionSystem$Building;)I
       246: istore        9
       248: aload         8
       250: invokestatic  #115                // Method kr/moonseungjun/villageguardians/VillageProgressionSystem.durability:(Lkr/moonseungjun/villageguardians/VillageProgressionSystem$Building;)I
       253: istore        10
       255: aload         8
       257: invokestatic  #118                // Method kr/moonseungjun/villageguardians/VillageProgressionSystem.maxDurability:(Lkr/moonseungjun/villageguardians/VillageProgressionSystem$Building;)I
       260: istore        11
       262: iconst_0
       263: iload         11
       265: iload         10
       267: isub
       268: invokestatic  #121                // Method java/lang/Math.max:(II)I
       271: istore        12
       273: iload         12
       275: ifgt          282
       278: iconst_0
       279: goto          295
       282: bipush        20
       284: iload         12
       286: bipush        7
       288: iadd
       289: bipush        8
       291: idiv
       292: invokestatic  #121                // Method java/lang/Math.max:(II)I
       295: istore        13
       297: aload         8
       299: getstatic     #127                // Field kr/moonseungjun/villageguardians/VillageProgressionSystem$Building.TOWN_HALL:Lkr/moonseungjun/villageguardians/VillageProgressionSystem$Building;
       302: if_acmpeq     315
       305: iload         9
       307: iconst_5
       308: if_icmpge     315
       311: iconst_1
       312: goto          316
       315: iconst_0
       316: istore        14
       318: iload         14
       320: ifeq          331
       323: iload         9
       325: invokestatic  #131                // Method kr/moonseungjun/villageguardians/VillageProgressionSystem.upgradeCost:(I)I
       328: goto          332
       331: iconst_0
       332: istore        15
       334: iload         14
       336: ifeq          352
       339: aload         8
       341: iload         9
       343: iconst_1
       344: iadd
       345: aload_1
       346: invokestatic  #135                // Method managementEffect:(Lkr/moonseungjun/villageguardians/VillageProgressionSystem$Building;ILnet/minecraft/server/MinecraftServer;)Ljava/lang/String;
       349: goto          354
       352: ldc           #97                 // String
       354: astore        16
       356: aload         8
       358: getstatic     #127                // Field kr/moonseungjun/villageguardians/VillageProgressionSystem$Building.TOWN_HALL:Lkr/moonseungjun/villageguardians/VillageProgressionSystem$Building;
       361: if_acmpne     369
       364: ldc           #139                // String 행정·보급
       366: goto          376
       369: iload         9
       371: invokedynamic #141,  0            // InvokeDynamic #1:makeConcatWithConstants:(I)Ljava/lang/String;
       376: astore        17
       378: aload_2
       379: aload         8
       381: invokevirtual #144                // Method kr/moonseungjun/villageguardians/VillageProgressionSystem$Building.id:()Ljava/lang/String;
       384: invokedynamic #145,  0            // InvokeDynamic #2:makeConcatWithConstants:(Ljava/lang/String;)Ljava/lang/String;
       389: invokeinterface #60,  2           // InterfaceMethod java/util/List.add:(Ljava/lang/Object;)Z
       394: pop
       395: aload_3
       396: ldc           #66                 // String |
       398: bipush        10
       400: anewarray     #68                 // class java/lang/CharSequence
       403: dup
       404: iconst_0
       405: ldc           #146                // String facility
       407: aastore
       408: dup
       409: iconst_1
       410: aload         8
       412: invokevirtual #144                // Method kr/moonseungjun/villageguardians/VillageProgressionSystem$Building.id:()Ljava/lang/String;
       415: aastore
       416: dup
       417: iconst_2
       418: aload         8
       420: invokevirtual #148                // Method kr/moonseungjun/villageguardians/VillageProgressionSystem$Building.displayName:()Ljava/lang/String;
       423: aastore
       424: dup
       425: iconst_3
       426: aload         17
       428: aastore
       429: dup
       430: iconst_4
       431: iload         10
       433: invokestatic  #149                // Method java/lang/Integer.toString:(I)Ljava/lang/String;
       436: aastore
       437: dup
       438: iconst_5
       439: iload         11
       441: invokestatic  #149                // Method java/lang/Integer.toString:(I)Ljava/lang/String;
       444: aastore
       445: dup
       446: bipush        6
       448: aload         8
       450: iload         9
       452: aload_1
       453: invokestatic  #135                // Method managementEffect:(Lkr/moonseungjun/villageguardians/VillageProgressionSystem$Building;ILnet/minecraft/server/MinecraftServer;)Ljava/lang/String;
       456: aastore
       457: dup
       458: bipush        7
       460: aload         16
       462: aastore
       463: dup
       464: bipush        8
       466: iload         15
       468: invokestatic  #149                // Method java/lang/Integer.toString:(I)Ljava/lang/String;
       471: aastore
       472: dup
       473: bipush        9
       475: iload         13
       477: invokestatic  #149                // Method java/lang/Integer.toString:(I)Ljava/lang/String;
       480: aastore
       481: invokestatic  #99                 // Method java/lang/String.join:(Ljava/lang/CharSequence;[Ljava/lang/CharSequence;)Ljava/lang/String;
       484: invokeinterface #60,  2           // InterfaceMethod java/util/List.add:(Ljava/lang/Object;)Z
       489: pop
       490: iinc          7, 1
       493: goto          227
       496: invokestatic  #154                // Method kr/moonseungjun/villageguardians/VillageCouncilState.currentDay:()I
       499: invokestatic  #158                // Method kr/moonseungjun/villageguardians/VillageCouncilState.currentPhase:()Lkr/moonseungjun/villageguardians/VillageTimePhase;
       502: invokevirtual #162                // Method kr/moonseungjun/villageguardians/VillageTimePhase.koreanName:()Ljava/lang/String;
       505: invokestatic  #167                // Method kr/moonseungjun/villageguardians/VillageProgressionSystem.supplies:()I
       508: invokestatic  #170                // Method kr/moonseungjun/villageguardians/VillageRaidSystem.status:()Ljava/lang/String;
       511: invokedynamic #175,  0            // InvokeDynamic #3:makeConcatWithConstants:(ILjava/lang/String;ILjava/lang/String;)Ljava/lang/String;
       516: astore        5
       518: aload_0
       519: ldc           #178                // String town_hall
       521: ldc           #180                // String 마을 회관
       523: aload         5
       525: aload_2
       526: aload_3
       527: invokestatic  #182                // Method send:(Lnet/minecraft/server/level/ServerPlayer;Ljava/lang/String;Ljava/lang/String;Ljava/lang/String;Ljava/util/List;Ljava/util/List;)V
       530: return

  public static void openCaller(net.minecraft.server.level.ServerPlayer);
    Code:
         0: aload_0
         1: invokestatic  #186                // Method kr/moonseungjun/villageguardians/VillageUiService.openQuickChat:(Lnet/minecraft/server/level/ServerPlayer;)V
         4: return

  public static void openStatus(net.minecraft.server.level.ServerPlayer);
    Code:
         0: aload_0
         1: invokevirtual #30                 // Method net/minecraft/server/level/ServerPlayer.getUUID:()Ljava/util/UUID;
         4: invokestatic  #34                 // Method kr/moonseungjun/villageguardians/VillageCouncilState.roleOf:(Ljava/util/UUID;)Ljava/util/Optional;
         7: aconst_null
         8: invokevirtual #40                 // Method java/util/Optional.orElse:(Ljava/lang/Object;)Ljava/lang/Object;
        11: checkcast     #46                 // class kr/moonseungjun/villageguardians/VillageRole
        14: astore_1
        15: aload_0
        16: invokevirtual #30                 // Method net/minecraft/server/level/ServerPlayer.getUUID:()Ljava/util/UUID;
        19: invokestatic  #192                // Method kr/moonseungjun/villageguardians/VillageCouncilState.progressOf:(Ljava/util/UUID;)Lkr/moonseungjun/villageguardians/RpgProgress;
        22: astore_2
        23: aload_2
        24: invokevirtual #196                // Method kr/moonseungjun/villageguardians/RpgProgress.level:()I
        27: aload_2
        28: invokevirtual #200                // Method kr/moonseungjun/villageguardians/RpgProgress.experience:()I
        31: aload_2
        32: invokevirtual #203                // Method kr/moonseungjun/villageguardians/RpgProgress.experienceToNextLevel:()I
        35: aload_0
        36: invokestatic  #206                // Method kr/moonseungjun/villageguardians/VillageEquipmentRaritySystem.bestEquippedEnhancement:(Lnet/minecraft/server/level/ServerPlayer;)I
        39: aload_0
        40: invokestatic  #212                // Method kr/moonseungjun/villageguardians/VillageProgressionSystem.skillRank:(Lnet/minecraft/server/level/ServerPlayer;)I
        43: aload_1
        44: ifnonnull     52
        47: ldc           #215                // String 미배치
        49: goto          56
        52: aload_1
        53: invokevirtual #72                 // Method kr/moonseungjun/villageguardians/VillageRole.displayName:()Ljava/lang/String;
        56: aload_1
        57: ifnonnull     65
        60: ldc           #97                 // String
        62: goto          74
        65: aload_0
        66: invokestatic  #91                 // Method kr/moonseungjun/villageguardians/VillageRoleSkillSystem.loadoutSummary:(Lnet/minecraft/server/level/ServerPlayer;)Ljava/lang/String;
        69: invokedynamic #217,  0            // InvokeDynamic #4:makeConcatWithConstants:(Ljava/lang/String;)Ljava/lang/String;
        74: aload_0
        75: invokestatic  #218                // Method kr/moonseungjun/villageguardians/VillageProgressionSystem.coins:(Lnet/minecraft/server/level/ServerPlayer;)I
        78: invokestatic  #167                // Method kr/moonseungjun/villageguardians/VillageProgressionSystem.supplies:()I
        81: invokestatic  #154                // Method kr/moonseungjun/villageguardians/VillageCouncilState.currentDay:()I
        84: invokestatic  #158                // Method kr/moonseungjun/villageguardians/VillageCouncilState.currentPhase:()Lkr/moonseungjun/villageguardians/VillageTimePhase;
        87: invokevirtual #162                // Method kr/moonseungjun/villageguardians/VillageTimePhase.koreanName:()Ljava/lang/String;
        90: invokestatic  #170                // Method kr/moonseungjun/villageguardians/VillageRaidSystem.status:()Ljava/lang/String;
        93: invokedynamic #221,  0            // InvokeDynamic #5:makeConcatWithConstants:(IIIIILjava/lang/String;Ljava/lang/String;IIILjava/lang/String;Ljava/lang/String;)Ljava/lang/String;
        98: astore_3
        99: aload_0
       100: ldc           #224                // String status
       102: ldc           #225                // String 수호자 상태
       104: aload_3
       105: invokestatic  #227                // InterfaceMethod java/util/List.of:()Ljava/util/List;
       108: invokestatic  #227                // InterfaceMethod java/util/List.of:()Ljava/util/List;
       111: invokestatic  #182                // Method send:(Lnet/minecraft/server/level/ServerPlayer;Ljava/lang/String;Ljava/lang/String;Ljava/lang/String;Ljava/util/List;Ljava/util/List;)V
       114: return

  public static void openPersonalProgress(net.minecraft.server.level.ServerPlayer);
    Code:
         0: aload_0
         1: invokestatic  #231                // Method openSkillTree:(Lnet/minecraft/server/level/ServerPlayer;)V
         4: return

  public static void openSkillTree(net.minecraft.server.level.ServerPlayer);
    Code:
         0: new           #27                 // class java/util/ArrayList
         3: dup
         4: invokespecial #29                 // Method java/util/ArrayList."<init>":()V
         7: astore_1
         8: new           #27                 // class java/util/ArrayList
        11: dup
        12: invokespecial #29                 // Method java/util/ArrayList."<init>":()V
        15: astore_2
        16: invokestatic  #234                // Method kr/moonseungjun/villageguardians/VillageSkillTreeSystem.nodes:()Ljava/util/List;
        19: invokeinterface #239,  1          // InterfaceMethod java/util/List.iterator:()Ljava/util/Iterator;
        24: astore_3
        25: aload_3
        26: invokeinterface #243,  1          // InterfaceMethod java/util/Iterator.hasNext:()Z
        31: ifeq          98
        34: aload_3
        35: invokeinterface #249,  1          // InterfaceMethod java/util/Iterator.next:()Ljava/lang/Object;
        40: checkcast     #253                // class kr/moonseungjun/villageguardians/VillageSkillTreeSystem$Node
        43: astore        4
        45: aload_1
        46: aload         4
        48: invokevirtual #255                // Method kr/moonseungjun/villageguardians/VillageSkillTreeSystem$Node.id:()Ljava/lang/String;
        51: invokedynamic #256,  0            // InvokeDynamic #6:makeConcatWithConstants:(Ljava/lang/String;)Ljava/lang/String;
        56: invokeinterface #60,  2           // InterfaceMethod java/util/List.add:(Ljava/lang/Object;)Z
        61: pop
        62: aload_2
        63: aload         4
        65: invokevirtual #257                // Method kr/moonseungjun/villageguardians/VillageSkillTreeSystem$Node.title:()Ljava/lang/String;
        68: aload         4
        70: invokevirtual #260                // Method kr/moonseungjun/villageguardians/VillageSkillTreeSystem$Node.description:()Ljava/lang/String;
        73: aload_0
        74: aload         4
        76: invokestatic  #263                // Method kr/moonseungjun/villageguardians/VillageSkillTreeSystem.nodeStatus:(Lnet/minecraft/server/level/ServerPlayer;Lkr/moonseungjun/villageguardians/VillageSkillTreeSystem$Node;)Ljava/lang/String;
        79: aload         4
        81: invokevirtual #267                // Method kr/moonseungjun/villageguardians/VillageSkillTreeSystem$Node.pointCost:()I
        84: invokedynamic #270,  0            // InvokeDynamic #7:makeConcatWithConstants:(Ljava/lang/String;Ljava/lang/String;Ljava/lang/String;I)Ljava/lang/String;
        89: invokeinterface #60,  2           // InterfaceMethod java/util/List.add:(Ljava/lang/Object;)Z
        94: pop
        95: goto          25
        98: aload_0
        99: invokestatic  #273                // Method kr/moonseungjun/villageguardians/VillageSkillTreeSystem.availablePoints:(Lnet/minecraft/server/level/ServerPlayer;)I
       102: aload_0
       103: invokestatic  #276                // Method kr/moonseungjun/villageguardians/VillageSkillTreeSystem.earnedPoints:(Lnet/minecraft/server/level/ServerPlayer;)I
       106: invokedynamic #279,  0            // InvokeDynamic #8:makeConcatWithConstants:(II)Ljava/lang/String;
       111: astore_3
       112: aload_0
       113: ldc_w         #282                // String skill_tree
       116: ldc_w         #284                // String 성장
       119: aload_3
       120: aload_1
       121: aload_2
       122: invokestatic  #182                // Method send:(Lnet/minecraft/server/level/ServerPlayer;Ljava/lang/String;Ljava/lang/String;Ljava/lang/String;Ljava/util/List;Ljava/util/List;)V
       125: return

  public static void openRoleProgress(net.minecraft.server.level.ServerPlayer);
    Code:
         0: aload_0
         1: invokevirtual #30                 // Method net/minecraft/server/level/ServerPlayer.getUUID:()Ljava/util/UUID;
         4: invokestatic  #34                 // Method kr/moonseungjun/villageguardians/VillageCouncilState.roleOf:(Ljava/util/UUID;)Ljava/util/Optional;
         7: aload_0
         8: invokedynamic #286,  0            // InvokeDynamic #9:accept:(Lnet/minecraft/server/level/ServerPlayer;)Ljava/util/function/Consumer;
        13: aload_0
        14: invokedynamic #290,  0            // InvokeDynamic #10:run:(Lnet/minecraft/server/level/ServerPlayer;)Ljava/lang/Runnable;
        19: invokevirtual #294                // Method java/util/Optional.ifPresentOrElse:(Ljava/util/function/Consumer;Ljava/lang/Runnable;)V
        22: return

  public static void openRoleProgress(net.minecraft.server.level.ServerPlayer, kr.moonseungjun.villageguardians.VillageRole);
    Code:
         0: aload_0
         1: invokevirtual #30                 // Method net/minecraft/server/level/ServerPlayer.getUUID:()Ljava/util/UUID;
         4: invokestatic  #34                 // Method kr/moonseungjun/villageguardians/VillageCouncilState.roleOf:(Ljava/util/UUID;)Ljava/util/Optional;
         7: aconst_null
         8: invokevirtual #40                 // Method java/util/Optional.orElse:(Ljava/lang/Object;)Ljava/lang/Object;
        11: checkcast     #46                 // class kr/moonseungjun/villageguardians/VillageRole
        14: astore_2
        15: aload_2
        16: aload_1
        17: if_acmpeq     31
        20: aload_0
        21: ldc_w         #298                // String §c현재 직업의 성장 화면만 열 수 있습니다.
        24: invokestatic  #300                // InterfaceMethod net/minecraft/network/chat/Component.literal:(Ljava/lang/String;)Lnet/minecraft/network/chat/MutableComponent;
        27: invokevirtual #306                // Method net/minecraft/server/level/ServerPlayer.sendSystemMessage:(Lnet/minecraft/network/chat/Component;)V
        30: return
        31: new           #27                 // class java/util/ArrayList
        34: dup
        35: invokespecial #29                 // Method java/util/ArrayList."<init>":()V
        38: astore_3
        39: new           #27                 // class java/util/ArrayList
        42: dup
        43: invokespecial #29                 // Method java/util/ArrayList."<init>":()V
        46: astore        4
        48: invokestatic  #310                // Method kr/moonseungjun/villageguardians/VillageRoleSkillSystem.nodes:()Ljava/util/List;
        51: invokeinterface #239,  1          // InterfaceMethod java/util/List.iterator:()Ljava/util/Iterator;
        56: astore        5
        58: aload         5
        60: invokeinterface #243,  1          // InterfaceMethod java/util/Iterator.hasNext:()Z
        65: ifeq          214
        68: aload         5
        70: invokeinterface #249,  1          // InterfaceMethod java/util/Iterator.next:()Ljava/lang/Object;
        75: checkcast     #311                // class kr/moonseungjun/villageguardians/VillageRoleSkillSystem$RoleNode
        78: astore        6
        80: aload_3
        81: aload_1
        82: invokevirtual #52                 // Method kr/moonseungjun/villageguardians/VillageRole.id:()Ljava/lang/String;
        85: aload         6
        87: invokevirtual #313                // Method kr/moonseungjun/villageguardians/VillageRoleSkillSystem$RoleNode.id:()Ljava/lang/String;
        90: invokedynamic #314,  0            // InvokeDynamic #11:makeConcatWithConstants:(Ljava/lang/String;Ljava/lang/String;)Ljava/lang/String;
        95: invokeinterface #60,  2           // InterfaceMethod java/util/List.add:(Ljava/lang/Object;)Z
       100: pop
       101: aload         4
       103: ldc           #66                 // String |
       105: bipush        9
       107: anewarray     #68                 // class java/lang/CharSequence
       110: dup
       111: iconst_0
       112: ldc_w         #317                // String node
       115: aastore
       116: dup
       117: iconst_1
       118: aload         6
       120: invokevirtual #313                // Method kr/moonseungjun/villageguardians/VillageRoleSkillSystem$RoleNode.id:()Ljava/lang/String;
       123: aastore
       124: dup
       125: iconst_2
       126: aload         6
       128: invokevirtual #319                // Method kr/moonseungjun/villageguardians/VillageRoleSkillSystem$RoleNode.branch:()Lkr/moonseungjun/villageguardians/VillageRoleSkillSystem$RoleBranch;
       131: invokevirtual #323                // Method kr/moonseungjun/villageguardians/VillageRoleSkillSystem$RoleBranch.name:()Ljava/lang/String;
       134: invokevirtual #328                // Method java/lang/String.toLowerCase:()Ljava/lang/String;
       137: aastore
       138: dup
       139: iconst_3
       140: aload         6
       142: invokevirtual #331                // Method kr/moonseungjun/villageguardians/VillageRoleSkillSystem$RoleNode.tier:()I
       145: invokestatic  #149                // Method java/lang/Integer.toString:(I)Ljava/lang/String;
       148: aastore
       149: dup
       150: iconst_4
       151: aload         6
       153: aload_1
       154: invokevirtual #334                // Method kr/moonseungjun/villageguardians/VillageRoleSkillSystem$RoleNode.title:(Lkr/moonseungjun/villageguardians/VillageRole;)Ljava/lang/String;
       157: aastore
       158: dup
       159: iconst_5
       160: aload         6
       162: aload_1
       163: invokevirtual #337                // Method kr/moonseungjun/villageguardians/VillageRoleSkillSystem$RoleNode.description:(Lkr/moonseungjun/villageguardians/VillageRole;)Ljava/lang/String;
       166: aastore
       167: dup
       168: bipush        6
       170: aload         6
       172: invokevirtual #339                // Method kr/moonseungjun/villageguardians/VillageRoleSkillSystem$RoleNode.requiredLevel:()I
       175: invokestatic  #149                // Method java/lang/Integer.toString:(I)Ljava/lang/String;
       178: aastore
       179: dup
       180: bipush        7
       182: aload         6
       184: invokevirtual #342                // Method kr/moonseungjun/villageguardians/VillageRoleSkillSystem$RoleNode.coinCost:()I
       187: invokestatic  #149                // Method java/lang/Integer.toString:(I)Ljava/lang/String;
       190: aastore
       191: dup
       192: bipush        8
       194: aload_0
       195: aload_1
       196: aload         6
       198: invokestatic  #345                // Method kr/moonseungjun/villageguardians/VillageRoleSkillSystem.nodeStatus:(Lnet/minecraft/server/level/ServerPlayer;Lkr/moonseungjun/villageguardians/VillageRole;Lkr/moonseungjun/villageguardians/VillageRoleSkillSystem$RoleNode;)Ljava/lang/String;
       201: aastore
       202: invokestatic  #99                 // Method java/lang/String.join:(Ljava/lang/CharSequence;[Ljava/lang/CharSequence;)Ljava/lang/String;
       205: invokeinterface #60,  2           // InterfaceMethod java/util/List.add:(Ljava/lang/Object;)Z
       210: pop
       211: goto          58
       214: aload_1
       215: invokestatic  #348                // Method kr/moonseungjun/villageguardians/VillageRoleSkillSystem.skillsFor:(Lkr/moonseungjun/villageguardians/VillageRole;)Ljava/util/List;
       218: invokeinterface #239,  1          // InterfaceMethod java/util/List.iterator:()Ljava/util/Iterator;
       223: astore        5
       225: aload         5
       227: invokeinterface #243,  1          // InterfaceMethod java/util/Iterator.hasNext:()Z
       232: ifeq          364
       235: aload         5
       237: invokeinterface #249,  1          // InterfaceMethod java/util/Iterator.next:()Ljava/lang/Object;
       242: checkcast     #352                // class kr/moonseungjun/villageguardians/VillageRoleSkillSystem$ActiveSkill
       245: astore        6
       247: aload_0
       248: aload         6
       250: invokestatic  #354                // Method kr/moonseungjun/villageguardians/VillageRoleSkillSystem.equippedSlot:(Lnet/minecraft/server/level/ServerPlayer;Lkr/moonseungjun/villageguardians/VillageRoleSkillSystem$ActiveSkill;)I
       253: istore        7
       255: aload_3
       256: aload         6
       258: invokevirtual #358                // Method kr/moonseungjun/villageguardians/VillageRoleSkillSystem$ActiveSkill.id:()Ljava/lang/String;
       261: invokedynamic #359,  0            // InvokeDynamic #12:makeConcatWithConstants:(Ljava/lang/String;)Ljava/lang/String;
       266: invokeinterface #60,  2           // InterfaceMethod java/util/List.add:(Ljava/lang/Object;)Z
       271: pop
       272: aload         4
       274: ldc           #66                 // String |
       276: bipush        8
       278: anewarray     #68                 // class java/lang/CharSequence
       281: dup
       282: iconst_0
       283: ldc_w         #360                // String skill
       286: aastore
       287: dup
       288: iconst_1
       289: aload         6
       291: invokevirtual #358                // Method kr/moonseungjun/villageguardians/VillageRoleSkillSystem$ActiveSkill.id:()Ljava/lang/String;
       294: aastore
       295: dup
       296: iconst_2
       297: aload         6
       299: invokevirtual #362                // Method kr/moonseungjun/villageguardians/VillageRoleSkillSystem$ActiveSkill.displayName:()Ljava/lang/String;
       302: aastore
       303: dup
       304: iconst_3
       305: aload         6
       307: invokevirtual #363                // Method kr/moonseungjun/villageguardians/VillageRoleSkillSystem$ActiveSkill.description:()Ljava/lang/String;
       310: aastore
       311: dup
       312: iconst_4
       313: aload         6
       315: invokevirtual #364                // Method kr/moonseungjun/villageguardians/VillageRoleSkillSystem$ActiveSkill.requiredLevel:()I
       318: invokestatic  #149                // Method java/lang/Integer.toString:(I)Ljava/lang/String;
       321: aastore
       322: dup
       323: iconst_5
       324: aload         6
       326: invokevirtual #365                // Method kr/moonseungjun/villageguardians/VillageRoleSkillSystem$ActiveSkill.coinCost:()I
       329: invokestatic  #149                // Method java/lang/Integer.toString:(I)Ljava/lang/String;
       332: aastore
       333: dup
       334: bipush        6
       336: aload_0
       337: aload         6
       339: invokestatic  #366                // Method kr/moonseungjun/villageguardians/VillageRoleSkillSystem.skillStatus:(Lnet/minecraft/server/level/ServerPlayer;Lkr/moonseungjun/villageguardians/VillageRoleSkillSystem$ActiveSkill;)Ljava/lang/String;
       342: aastore
       343: dup
       344: bipush        7
       346: iload         7
       348: invokestatic  #149                // Method java/lang/Integer.toString:(I)Ljava/lang/String;
       351: aastore
       352: invokestatic  #99                 // Method java/lang/String.join:(Ljava/lang/CharSequence;[Ljava/lang/CharSequence;)Ljava/lang/String;
       355: invokeinterface #60,  2           // InterfaceMethod java/util/List.add:(Ljava/lang/Object;)Z
       360: pop
       361: goto          225
       364: aload_0
       365: invokevirtual #30                 // Method net/minecraft/server/level/ServerPlayer.getUUID:()Ljava/util/UUID;
       368: invokestatic  #370                // Method kr/moonseungjun/villageguardians/VillageCouncilState.levelOf:(Ljava/util/UUID;)I
       371: aload_0
       372: invokestatic  #218                // Method kr/moonseungjun/villageguardians/VillageProgressionSystem.coins:(Lnet/minecraft/server/level/ServerPlayer;)I
       375: aload_0
       376: invokestatic  #91                 // Method kr/moonseungjun/villageguardians/VillageRoleSkillSystem.loadoutSummary:(Lnet/minecraft/server/level/ServerPlayer;)Ljava/lang/String;
       379: invokedynamic #374,  0            // InvokeDynamic #13:makeConcatWithConstants:(IILjava/lang/String;)Ljava/lang/String;
       384: astore        5
       386: aload_0
       387: ldc_w         #377                // String role_progress
       390: aload_1
       391: invokevirtual #72                 // Method kr/moonseungjun/villageguardians/VillageRole.displayName:()Ljava/lang/String;
       394: invokedynamic #379,  0            // InvokeDynamic #14:makeConcatWithConstants:(Ljava/lang/String;)Ljava/lang/String;
       399: aload_1
       400: invokevirtual #52                 // Method kr/moonseungjun/villageguardians/VillageRole.id:()Ljava/lang/String;
       403: aload_1
       404: invokevirtual #72                 // Method kr/moonseungjun/villageguardians/VillageRole.displayName:()Ljava/lang/String;
       407: aload         5
       409: invokedynamic #380,  0            // InvokeDynamic #15:makeConcatWithConstants:(Ljava/lang/String;Ljava/lang/String;Ljava/lang/String;)Ljava/lang/String;
       414: aload_3
       415: aload         4
       417: invokestatic  #182                // Method send:(Lnet/minecraft/server/level/ServerPlayer;Ljava/lang/String;Ljava/lang/String;Ljava/lang/String;Ljava/util/List;Ljava/util/List;)V
       420: return

  public static void openRoleSkillResearch(net.minecraft.server.level.ServerPlayer);
    Code:
         0: aload_0
         1: invokevirtual #30                 // Method net/minecraft/server/level/ServerPlayer.getUUID:()Ljava/util/UUID;
         4: invokestatic  #34                 // Method kr/moonseungjun/villageguardians/VillageCouncilState.roleOf:(Ljava/util/UUID;)Ljava/util/Optional;
         7: aconst_null
         8: invokevirtual #40                 // Method java/util/Optional.orElse:(Ljava/lang/Object;)Ljava/lang/Object;
        11: checkcast     #46                 // class kr/moonseungjun/villageguardians/VillageRole
        14: astore_1
        15: aload_1
        16: ifnonnull     30
        19: aload_0
        20: ldc_w         #383                // String §c마을 회관에서 직업을 먼저 배치하세요.
        23: invokestatic  #300                // InterfaceMethod net/minecraft/network/chat/Component.literal:(Ljava/lang/String;)Lnet/minecraft/network/chat/MutableComponent;
        26: invokevirtual #306                // Method net/minecraft/server/level/ServerPlayer.sendSystemMessage:(Lnet/minecraft/network/chat/Component;)V
        29: return
        30: aload_0
        31: invokestatic  #385                // Method kr/moonseungjun/villageguardians/VillageLocationRules.isNearSkillHall:(Lnet/minecraft/server/level/ServerPlayer;)Z
        34: ifne          48
        37: aload_0
        38: ldc_w         #391                // String §c직업 기술 습득은 기술 연구소 연구대 근처에서만 가능합니다.
        41: invokestatic  #300                // InterfaceMethod net/minecraft/network/chat/Component.literal:(Ljava/lang/String;)Lnet/minecraft/network/chat/MutableComponent;
        44: invokevirtual #306                // Method net/minecraft/server/level/ServerPlayer.sendSystemMessage:(Lnet/minecraft/network/chat/Component;)V
        47: return
        48: new           #27                 // class java/util/ArrayList
        51: dup
        52: invokespecial #29                 // Method java/util/ArrayList."<init>":()V
        55: astore_2
        56: new           #27                 // class java/util/ArrayList
        59: dup
        60: invokespecial #29                 // Method java/util/ArrayList."<init>":()V
        63: astore_3
        64: aload_1
        65: invokestatic  #348                // Method kr/moonseungjun/villageguardians/VillageRoleSkillSystem.skillsFor:(Lkr/moonseungjun/villageguardians/VillageRole;)Ljava/util/List;
        68: invokeinterface #239,  1          // InterfaceMethod java/util/List.iterator:()Ljava/util/Iterator;
        73: astore        4
        75: aload         4
        77: invokeinterface #243,  1          // InterfaceMethod java/util/Iterator.hasNext:()Z
        82: ifeq          213
        85: aload         4
        87: invokeinterface #249,  1          // InterfaceMethod java/util/Iterator.next:()Ljava/lang/Object;
        92: checkcast     #352                // class kr/moonseungjun/villageguardians/VillageRoleSkillSystem$ActiveSkill
        95: astore        5
        97: aload_0
        98: aload         5
       100: invokestatic  #354                // Method kr/moonseungjun/villageguardians/VillageRoleSkillSystem.equippedSlot:(Lnet/minecraft/server/level/ServerPlayer;Lkr/moonseungjun/villageguardians/VillageRoleSkillSystem$ActiveSkill;)I
       103: istore        6
       105: aload_2
       106: aload         5
       108: invokevirtual #358                // Method kr/moonseungjun/villageguardians/VillageRoleSkillSystem$ActiveSkill.id:()Ljava/lang/String;
       111: invokedynamic #393,  0            // InvokeDynamic #16:makeConcatWithConstants:(Ljava/lang/String;)Ljava/lang/String;
       116: invokeinterface #60,  2           // InterfaceMethod java/util/List.add:(Ljava/lang/Object;)Z
       121: pop
       122: aload_3
       123: ldc           #66                 // String |
       125: bipush        8
       127: anewarray     #68                 // class java/lang/CharSequence
       130: dup
       131: iconst_0
       132: ldc_w         #360                // String skill
       135: aastore
       136: dup
       137: iconst_1
       138: aload         5
       140: invokevirtual #358                // Method kr/moonseungjun/villageguardians/VillageRoleSkillSystem$ActiveSkill.id:()Ljava/lang/String;
       143: aastore
       144: dup
       145: iconst_2
       146: aload         5
       148: invokevirtual #362                // Method kr/moonseungjun/villageguardians/VillageRoleSkillSystem$ActiveSkill.displayName:()Ljava/lang/String;
       151: aastore
       152: dup
       153: iconst_3
       154: aload         5
       156: invokevirtual #363                // Method kr/moonseungjun/villageguardians/VillageRoleSkillSystem$ActiveSkill.description:()Ljava/lang/String;
       159: aastore
       160: dup
       161: iconst_4
       162: aload         5
       164: invokevirtual #364                // Method kr/moonseungjun/villageguardians/VillageRoleSkillSystem$ActiveSkill.requiredLevel:()I
       167: invokestatic  #149                // Method java/lang/Integer.toString:(I)Ljava/lang/String;
       170: aastore
       171: dup
       172: iconst_5
       173: aload         5
       175: invokevirtual #365                // Method kr/moonseungjun/villageguardians/VillageRoleSkillSystem$ActiveSkill.coinCost:()I
       178: invokestatic  #149                // Method java/lang/Integer.toString:(I)Ljava/lang/String;
       181: aastore
       182: dup
       183: bipush        6
       185: aload_0
       186: aload         5
       188: invokestatic  #366                // Method kr/moonseungjun/villageguardians/VillageRoleSkillSystem.skillStatus:(Lnet/minecraft/server/level/ServerPlayer;Lkr/moonseungjun/villageguardians/VillageRoleSkillSystem$ActiveSkill;)Ljava/lang/String;
       191: aastore
       192: dup
       193: bipush        7
       195: iload         6
       197: invokestatic  #149                // Method java/lang/Integer.toString:(I)Ljava/lang/String;
       200: aastore
       201: invokestatic  #99                 // Method java/lang/String.join:(Ljava/lang/CharSequence;[Ljava/lang/CharSequence;)Ljava/lang/String;
       204: invokeinterface #60,  2           // InterfaceMethod java/util/List.add:(Ljava/lang/Object;)Z
       209: pop
       210: goto          75
       213: aload_0
       214: invokevirtual #30                 // Method net/minecraft/server/level/ServerPlayer.getUUID:()Ljava/util/UUID;
       217: invokestatic  #370                // Method kr/moonseungjun/villageguardians/VillageCouncilState.levelOf:(Ljava/util/UUID;)I
       220: aload_0
       221: invokestatic  #218                // Method kr/moonseungjun/villageguardians/VillageProgressionSystem.coins:(Lnet/minecraft/server/level/ServerPlayer;)I
       224: invokedynamic #394,  0            // InvokeDynamic #17:makeConcatWithConstants:(II)Ljava/lang/String;
       229: astore        4
       231: aload_0
       232: ldc_w         #395                // String role_skills
       235: ldc_w         #397                // String 직업 기술 연구
       238: aload_1
       239: invokevirtual #52                 // Method kr/moonseungjun/villageguardians/VillageRole.id:()Ljava/lang/String;
       242: aload_1
       243: invokevirtual #72                 // Method kr/moonseungjun/villageguardians/VillageRole.displayName:()Ljava/lang/String;
       246: aload         4
       248: invokedynamic #380,  0            // InvokeDynamic #15:makeConcatWithConstants:(Ljava/lang/String;Ljava/lang/String;Ljava/lang/String;)Ljava/lang/String;
       253: aload_2
       254: aload_3
       255: invokestatic  #182                // Method send:(Lnet/minecraft/server/level/ServerPlayer;Ljava/lang/String;Ljava/lang/String;Ljava/lang/String;Ljava/util/List;Ljava/util/List;)V
       258: return

  public static void openWaveIntel(net.minecraft.server.level.ServerPlayer);
    Code:
         0: new           #27                 // class java/util/ArrayList
         3: dup
         4: invokespecial #29                 // Method java/util/ArrayList."<init>":()V
         7: astore_1
         8: new           #27                 // class java/util/ArrayList
        11: dup
        12: invokespecial #29                 // Method java/util/ArrayList."<init>":()V
        15: astore_2
        16: invokestatic  #158                // Method kr/moonseungjun/villageguardians/VillageCouncilState.currentPhase:()Lkr/moonseungjun/villageguardians/VillageTimePhase;
        19: getstatic     #399                // Field kr/moonseungjun/villageguardians/VillageTimePhase.DAY:Lkr/moonseungjun/villageguardians/VillageTimePhase;
        22: if_acmpne     97
        25: aload_0
        26: invokestatic  #403                // Method kr/moonseungjun/villageguardians/VillageWaveIntelSystem.previews:(Lnet/minecraft/server/level/ServerPlayer;)Ljava/util/List;
        29: invokeinterface #239,  1          // InterfaceMethod java/util/List.iterator:()Ljava/util/Iterator;
        34: astore_3
        35: aload_3
        36: invokeinterface #243,  1          // InterfaceMethod java/util/Iterator.hasNext:()Z
        41: ifeq          97
        44: aload_3
        45: invokeinterface #249,  1          // InterfaceMethod java/util/Iterator.next:()Ljava/lang/Object;
        50: checkcast     #409                // class kr/moonseungjun/villageguardians/VillageWaveIntelSystem$WavePreview
        53: astore        4
        55: aload_1
        56: aload         4
        58: invokevirtual #411                // Method kr/moonseungjun/villageguardians/VillageWaveIntelSystem$WavePreview.wave:()I
        61: invokedynamic #414,  0            // InvokeDynamic #18:makeConcatWithConstants:(I)Ljava/lang/String;
        66: invokeinterface #60,  2           // InterfaceMethod java/util/List.add:(Ljava/lang/Object;)Z
        71: pop
        72: aload_2
        73: aload         4
        75: invokevirtual #415                // Method kr/moonseungjun/villageguardians/VillageWaveIntelSystem$WavePreview.title:()Ljava/lang/String;
        78: aload         4
        80: invokevirtual #416                // Method kr/moonseungjun/villageguardians/VillageWaveIntelSystem$WavePreview.detail:()Ljava/lang/String;
        83: invokedynamic #419,  0            // InvokeDynamic #19:makeConcatWithConstants:(Ljava/lang/String;Ljava/lang/String;)Ljava/lang/String;
        88: invokeinterface #60,  2           // InterfaceMethod java/util/List.add:(Ljava/lang/Object;)Z
        93: pop
        94: goto          35
        97: aload_0
        98: ldc_w         #420                // String wave_intel
       101: ldc_w         #422                // String 다음 밤 적 정찰
       104: aload_0
       105: invokestatic  #424                // Method kr/moonseungjun/villageguardians/VillageWaveIntelSystem.report:(Lnet/minecraft/server/level/ServerPlayer;)Ljava/lang/String;
       108: aload_1
       109: aload_2
       110: invokestatic  #182                // Method send:(Lnet/minecraft/server/level/ServerPlayer;Ljava/lang/String;Ljava/lang/String;Ljava/lang/String;Ljava/util/List;Ljava/util/List;)V
       113: return

  public static void openEquipmentShop(net.minecraft.server.level.ServerPlayer);
    Code:
         0: new           #27                 // class java/util/ArrayList
         3: dup
         4: invokespecial #29                 // Method java/util/ArrayList."<init>":()V
         7: astore_1
         8: new           #27                 // class java/util/ArrayList
        11: dup
        12: invokespecial #29                 // Method java/util/ArrayList."<init>":()V
        15: astore_2
        16: invokestatic  #154                // Method kr/moonseungjun/villageguardians/VillageCouncilState.currentDay:()I
        19: istore_3
        20: iload_3
        21: invokestatic  #427                // Method kr/moonseungjun/villageguardians/VillageEquipmentShop.currentOffers:(I)Ljava/util/List;
        24: invokeinterface #239,  1          // InterfaceMethod java/util/List.iterator:()Ljava/util/Iterator;
        29: astore        4
        31: aload         4
        33: invokeinterface #243,  1          // InterfaceMethod java/util/Iterator.hasNext:()Z
        38: ifeq          207
        41: aload         4
        43: invokeinterface #249,  1          // InterfaceMethod java/util/Iterator.next:()Ljava/lang/Object;
        48: checkcast     #433                // class kr/moonseungjun/villageguardians/VillageEquipmentShop$Offer
        51: astore        5
        53: aload_0
        54: aload         5
        56: invokestatic  #435                // Method kr/moonseungjun/villageguardians/VillageEquipmentShop.status:(Lnet/minecraft/server/level/ServerPlayer;Lkr/moonseungjun/villageguardians/VillageEquipmentShop$Offer;)Ljava/lang/String;
        59: astore        6
        61: ldc           #89                 // String available
        63: aload         6
        65: invokevirtual #438                // Method java/lang/String.equals:(Ljava/lang/Object;)Z
        68: istore        7
        70: aload_1
        71: aload         5
        73: invokevirtual #441                // Method kr/moonseungjun/villageguardians/VillageEquipmentShop$Offer.id:()Ljava/lang/String;
        76: invokedynamic #442,  0            // InvokeDynamic #20:makeConcatWithConstants:(Ljava/lang/String;)Ljava/lang/String;
        81: invokeinterface #60,  2           // InterfaceMethod java/util/List.add:(Ljava/lang/Object;)Z
        86: pop
        87: aload_2
        88: ldc           #66                 // String |
        90: bipush        7
        92: anewarray     #68                 // class java/lang/CharSequence
        95: dup
        96: iconst_0
        97: ldc_w         #443                // String shop
       100: aastore
       101: dup
       102: iconst_1
       103: aload         5
       105: invokevirtual #445                // Method kr/moonseungjun/villageguardians/VillageEquipmentShop$Offer.category:()Lkr/moonseungjun/villageguardians/VillageEquipmentShop$Category;
       108: invokevirtual #449                // Method kr/moonseungjun/villageguardians/VillageEquipmentShop$Category.name:()Ljava/lang/String;
       111: invokevirtual #328                // Method java/lang/String.toLowerCase:()Ljava/lang/String;
       114: aastore
       115: dup
       116: iconst_2
       117: aload         5
       119: invokevirtual #452                // Method kr/moonseungjun/villageguardians/VillageEquipmentShop$Offer.rarity:()Lkr/moonseungjun/villageguardians/VillageEquipmentRaritySystem$Rarity;
       122: invokevirtual #456                // Method kr/moonseungjun/villageguardians/VillageEquipmentRaritySystem$Rarity.displayName:()Ljava/lang/String;
       125: aload         5
       127: invokevirtual #459                // Method kr/moonseungjun/villageguardians/VillageEquipmentShop$Offer.displayName:()Ljava/lang/String;
       130: invokedynamic #460,  0            // InvokeDynamic #21:makeConcatWithConstants:(Ljava/lang/String;Ljava/lang/String;)Ljava/lang/String;
       135: aastore
       136: dup
       137: iconst_3
       138: aload         5
       140: invokevirtual #461                // Method kr/moonseungjun/villageguardians/VillageEquipmentShop$Offer.cost:()I
       143: invokedynamic #464,  0            // InvokeDynamic #22:makeConcatWithConstants:(I)Ljava/lang/String;
       148: aastore
       149: dup
       150: iconst_4
       151: aload         5
       153: invokevirtual #465                // Method kr/moonseungjun/villageguardians/VillageEquipmentShop$Offer.effect:()Ljava/lang/String;
       156: invokedynamic #468,  0            // InvokeDynamic #23:makeConcatWithConstants:(Ljava/lang/String;)Ljava/lang/String;
       161: aastore
       162: dup
       163: iconst_5
       164: iload         7
       166: ifeq          175
       169: ldc_w         #469                // String 구매 가능
       172: goto          177
       175: aload         6
       177: aastore
       178: dup
       179: bipush        6
       181: iload         7
       183: ifeq          191
       186: ldc           #89                 // String available
       188: goto          194
       191: ldc_w         #471                // String locked
       194: aastore
       195: invokestatic  #99                 // Method java/lang/String.join:(Ljava/lang/CharSequence;[Ljava/lang/CharSequence;)Ljava/lang/String;
       198: invokeinterface #60,  2           // InterfaceMethod java/util/List.add:(Ljava/lang/Object;)Z
       203: pop
       204: goto          31
       207: bipush        16
       209: invokestatic  #473                // Method kr/moonseungjun/villageguardians/VillageProgressionSystem.storehouseLevel:()I
       212: iconst_4
       213: imul
       214: iadd
       215: istore        4
       217: iconst_5
       218: invokestatic  #473                // Method kr/moonseungjun/villageguardians/VillageProgressionSystem.storehouseLevel:()I
       221: iconst_2
       222: imul
       223: iadd
       224: istore        5
       226: aload_1
       227: aload_2
       228: ldc_w         #476                // String buy_arrows
       231: ldc_w         #478                // String other
       234: iload         4
       236: invokedynamic #480,  0            // InvokeDynamic #24:makeConcatWithConstants:(I)Ljava/lang/String;
       241: ldc_w         #481                // String 주화 14
       244: ldc_w         #483                // String 원거리 전투 보급
       247: ldc_w         #469                // String 구매 가능
       250: iconst_1
       251: invokestatic  #485                // Method addShop:(Ljava/util/List;Ljava/util/List;Ljava/lang/String;Ljava/lang/String;Ljava/lang/String;Ljava/lang/String;Ljava/lang/String;Ljava/lang/String;Z)V
       254: aload_1
       255: aload_2
       256: ldc_w         #489                // String buy_food
       259: ldc_w         #478                // String other
       262: iload         5
       264: invokedynamic #491,  0            // InvokeDynamic #25:makeConcatWithConstants:(I)Ljava/lang/String;
       269: ldc_w         #492                // String 주화 18
       272: ldc_w         #494                // String 허기 회복용 익힌 소고기
       275: ldc_w         #469                // String 구매 가능
       278: iconst_1
       279: invokestatic  #485                // Method addShop:(Ljava/util/List;Ljava/util/List;Ljava/lang/String;Ljava/lang/String;Ljava/lang/String;Ljava/lang/String;Ljava/lang/String;Ljava/lang/String;Z)V
       282: aload_1
       283: ldc_w         #496                // String open_item_sell
       286: invokeinterface #60,  2           // InterfaceMethod java/util/List.add:(Ljava/lang/Object;)Z
       291: pop
       292: aload_2
       293: ldc_w         #498                // String shop_utility|보유품 선택 판매
       296: invokeinterface #60,  2           // InterfaceMethod java/util/List.add:(Ljava/lang/Object;)Z
       301: pop
       302: aload_1
       303: ldc_w         #500                // String sell_loot
       306: invokeinterface #60,  2           // InterfaceMethod java/util/List.add:(Ljava/lang/Object;)Z
       311: pop
       312: aload_2
       313: ldc_w         #502                // String shop_utility|판매용 잡템 일괄 정산
       316: invokeinterface #60,  2           // InterfaceMethod java/util/List.add:(Ljava/lang/Object;)Z
       321: pop
       322: aload_0
       323: ldc_w         #504                // String equipment_shop
       326: ldc_w         #506                // String 상점
       329: iload_3
       330: aload_0
       331: invokestatic  #218                // Method kr/moonseungjun/villageguardians/VillageProgressionSystem.coins:(Lnet/minecraft/server/level/ServerPlayer;)I
       334: invokedynamic #508,  0            // InvokeDynamic #26:makeConcatWithConstants:(II)Ljava/lang/String;
       339: aload_1
       340: aload_2
       341: invokestatic  #182                // Method send:(Lnet/minecraft/server/level/ServerPlayer;Ljava/lang/String;Ljava/lang/String;Ljava/lang/String;Ljava/util/List;Ljava/util/List;)V
       344: return

  public static void openBuilding(net.minecraft.server.level.ServerPlayer, kr.moonseungjun.villageguardians.VillageProgressionSystem$Building);
    Code:
         0: aload_1
         1: ifnonnull     5
         4: return
         5: aload_1
         6: getstatic     #127                // Field kr/moonseungjun/villageguardians/VillageProgressionSystem$Building.TOWN_HALL:Lkr/moonseungjun/villageguardians/VillageProgressionSystem$Building;
         9: if_acmpne     17
        12: aload_0
        13: invokestatic  #509                // Method openDashboard:(Lnet/minecraft/server/level/ServerPlayer;)V
        16: return
        17: aload_1
        18: getstatic     #512                // Field kr/moonseungjun/villageguardians/VillageProgressionSystem$Building.STOREHOUSE:Lkr/moonseungjun/villageguardians/VillageProgressionSystem$Building;
        21: if_acmpne     29
        24: aload_0
        25: invokestatic  #515                // Method openEquipmentShop:(Lnet/minecraft/server/level/ServerPlayer;)V
        28: return
        29: aload_1
        30: invokestatic  #518                // Method kr/moonseungjun/villageguardians/VillageProgressionSystem.isOperational:(Lkr/moonseungjun/villageguardians/VillageProgressionSystem$Building;)Z
        33: istore_2
        34: aload_1
        35: invokevirtual #148                // Method kr/moonseungjun/villageguardians/VillageProgressionSystem$Building.displayName:()Ljava/lang/String;
        38: aload_1
        39: invokestatic  #110                // Method kr/moonseungjun/villageguardians/VillageProgressionSystem.level:(Lkr/moonseungjun/villageguardians/VillageProgressionSystem$Building;)I
        42: aload_1
        43: invokestatic  #522                // Method kr/moonseungjun/villageguardians/VillageProgressionSystem.durabilityText:(Lkr/moonseungjun/villageguardians/VillageProgressionSystem$Building;)Ljava/lang/String;
        46: iload_2
        47: ifeq          58
        50: aload_0
        51: aload_1
        52: invokestatic  #526                // Method localDescription:(Lnet/minecraft/server/level/ServerPlayer;Lkr/moonseungjun/villageguardians/VillageProgressionSystem$Building;)Ljava/lang/String;
        55: goto          61
        58: ldc_w         #530                // String 시설이 파괴됐습니다. 마을 회관의 시설 수리 탭에서 복구하세요.
        61: invokedynamic #532,  0            // InvokeDynamic #27:makeConcatWithConstants:(Ljava/lang/String;ILjava/lang/String;Ljava/lang/String;)Ljava/lang/String;
        66: astore_3
        67: new           #27                 // class java/util/ArrayList
        70: dup
        71: invokespecial #29                 // Method java/util/ArrayList."<init>":()V
        74: astore        4
        76: new           #27                 // class java/util/ArrayList
        79: dup
        80: invokespecial #29                 // Method java/util/ArrayList."<init>":()V
        83: astore        5
        85: iload_2
        86: ifeq          98
        89: aload_0
        90: aload_1
        91: aload         4
        93: aload         5
        95: invokestatic  #535                // Method fillLocalActions:(Lnet/minecraft/server/level/ServerPlayer;Lkr/moonseungjun/villageguardians/VillageProgressionSystem$Building;Ljava/util/List;Ljava/util/List;)V
        98: aload_0
        99: ldc_w         #539                // String building
       102: aload_1
       103: invokevirtual #148                // Method kr/moonseungjun/villageguardians/VillageProgressionSystem$Building.displayName:()Ljava/lang/String;
       106: aload_3
       107: aload         4
       109: aload         5
       111: invokestatic  #182                // Method send:(Lnet/minecraft/server/level/ServerPlayer;Ljava/lang/String;Ljava/lang/String;Ljava/lang/String;Ljava/util/List;Ljava/util/List;)V
       114: return

  public static void openForgeEnhancement(net.minecraft.server.level.ServerPlayer);
    Code:
         0: aload_0
         1: getstatic     #541                // Field kr/moonseungjun/villageguardians/VillageProgressionSystem$Building.SMITHY:Lkr/moonseungjun/villageguardians/VillageProgressionSystem$Building;
         4: invokestatic  #544                // Method kr/moonseungjun/villageguardians/VillageLocationRules.isNear:(Lnet/minecraft/server/level/ServerPlayer;Lkr/moonseungjun/villageguardians/VillageProgressionSystem$Building;)Z
         7: ifne          24
        10: aload_0
        11: ldc_w         #548                // String 장비 강화
        14: ldc_w         #550                // String 장비 강화는 대장간 단말기 근처에서만 가능합니다.
        17: ldc_w         #552                // String open_forge_enhancement
        20: invokestatic  #554                // Method openResult:(Lnet/minecraft/server/level/ServerPlayer;Ljava/lang/String;Ljava/lang/String;Ljava/lang/String;)V
        23: return
        24: new           #27                 // class java/util/ArrayList
        27: dup
        28: invokespecial #29                 // Method java/util/ArrayList."<init>":()V
        31: astore_1
        32: new           #27                 // class java/util/ArrayList
        35: dup
        36: invokespecial #29                 // Method java/util/ArrayList."<init>":()V
        39: astore_2
        40: aload_0
        41: invokestatic  #558                // Method kr/moonseungjun/villageguardians/VillageEquipmentRaritySystem.enhancementCandidates:(Lnet/minecraft/server/level/ServerPlayer;)Ljava/util/List;
        44: invokeinterface #239,  1          // InterfaceMethod java/util/List.iterator:()Ljava/util/Iterator;
        49: astore_3
        50: aload_3
        51: invokeinterface #243,  1          // InterfaceMethod java/util/Iterator.hasNext:()Z
        56: ifeq          165
        59: aload_3
        60: invokeinterface #249,  1          // InterfaceMethod java/util/Iterator.next:()Ljava/lang/Object;
        65: checkcast     #561                // class kr/moonseungjun/villageguardians/VillageEquipmentRaritySystem$EnhancementCandidate
        68: astore        4
        70: aload_1
        71: aload         4
        73: invokevirtual #563                // Method kr/moonseungjun/villageguardians/VillageEquipmentRaritySystem$EnhancementCandidate.slot:()I
        76: invokedynamic #566,  0            // InvokeDynamic #28:makeConcatWithConstants:(I)Ljava/lang/String;
        81: invokeinterface #60,  2           // InterfaceMethod java/util/List.add:(Ljava/lang/Object;)Z
        86: pop
        87: aload         4
        89: invokevirtual #567                // Method kr/moonseungjun/villageguardians/VillageEquipmentRaritySystem$EnhancementCandidate.current:()I
        92: aload         4
        94: invokevirtual #569                // Method kr/moonseungjun/villageguardians/VillageEquipmentRaritySystem$EnhancementCandidate.maximum:()I
        97: if_icmplt     106
       100: ldc_w         #572                // String 현재 대장간 최대 강화
       103: goto          116
       106: aload         4
       108: invokevirtual #574                // Method kr/moonseungjun/villageguardians/VillageEquipmentRaritySystem$EnhancementCandidate.cost:()I
       111: invokedynamic #575,  0            // InvokeDynamic #29:makeConcatWithConstants:(I)Ljava/lang/String;
       116: astore        5
       118: aload_2
       119: aload         4
       121: invokevirtual #576                // Method kr/moonseungjun/villageguardians/VillageEquipmentRaritySystem$EnhancementCandidate.name:()Ljava/lang/String;
       124: aload         4
       126: invokevirtual #577                // Method kr/moonseungjun/villageguardians/VillageEquipmentRaritySystem$EnhancementCandidate.rarity:()Ljava/lang/String;
       129: aload         4
       131: invokevirtual #567                // Method kr/moonseungjun/villageguardians/VillageEquipmentRaritySystem$EnhancementCandidate.current:()I
       134: aload         4
       136: invokevirtual #569                // Method kr/moonseungjun/villageguardians/VillageEquipmentRaritySystem$EnhancementCandidate.maximum:()I
       139: aload         5
       141: aload         4
       143: invokevirtual #579                // Method kr/moonseungjun/villageguardians/VillageEquipmentRaritySystem$EnhancementCandidate.currentEffect:()Ljava/lang/String;
       146: aload         4
       148: invokevirtual #582                // Method kr/moonseungjun/villageguardians/VillageEquipmentRaritySystem$EnhancementCandidate.nextEffect:()Ljava/lang/String;
       151: invokedynamic #585,  0            // InvokeDynamic #30:makeConcatWithConstants:(Ljava/lang/String;Ljava/lang/String;IILjava/lang/String;Ljava/lang/String;Ljava/lang/String;)Ljava/lang/String;
       156: invokeinterface #60,  2           // InterfaceMethod java/util/List.add:(Ljava/lang/Object;)Z
       161: pop
       162: goto          50
       165: aload_0
       166: ldc_w         #539                // String building
       169: ldc_w         #548                // String 장비 강화
       172: ldc_w         #588                // String 강화할 장비를 직접 선택합니다. 대장간 레벨이 오르면 가능한 최대 강화 단계가 증가합니다.
       175: aload_1
       176: aload_2
       177: invokestatic  #182                // Method send:(Lnet/minecraft/server/level/ServerPlayer;Ljava/lang/String;Ljava/lang/String;Ljava/lang/String;Ljava/util/List;Ljava/util/List;)V
       180: return

  public static void openItemSell(net.minecraft.server.level.ServerPlayer);
    Code:
         0: aload_0
         1: getstatic     #512                // Field kr/moonseungjun/villageguardians/VillageProgressionSystem$Building.STOREHOUSE:Lkr/moonseungjun/villageguardians/VillageProgressionSystem$Building;
         4: invokestatic  #544                // Method kr/moonseungjun/villageguardians/VillageLocationRules.isNear:(Lnet/minecraft/server/level/ServerPlayer;Lkr/moonseungjun/villageguardians/VillageProgressionSystem$Building;)Z
         7: ifne          24
        10: aload_0
        11: ldc_w         #590                // String 보유품 판매
        14: ldc_w         #592                // String 보유품 판매는 상점 단말기 근처에서만 가능합니다.
        17: ldc_w         #594                // String open_equipment_shop
        20: invokestatic  #554                // Method openResult:(Lnet/minecraft/server/level/ServerPlayer;Ljava/lang/String;Ljava/lang/String;Ljava/lang/String;)V
        23: return
        24: new           #27                 // class java/util/ArrayList
        27: dup
        28: invokespecial #29                 // Method java/util/ArrayList."<init>":()V
        31: astore_1
        32: new           #27                 // class java/util/ArrayList
        35: dup
        36: invokespecial #29                 // Method java/util/ArrayList."<init>":()V
        39: astore_2
        40: aload_0
        41: invokestatic  #596                // Method kr/moonseungjun/villageguardians/VillageTradingSystem.sellCandidates:(Lnet/minecraft/server/level/ServerPlayer;)Ljava/util/List;
        44: invokeinterface #239,  1          // InterfaceMethod java/util/List.iterator:()Ljava/util/Iterator;
        49: astore_3
        50: aload_3
        51: invokeinterface #243,  1          // InterfaceMethod java/util/Iterator.hasNext:()Z
        56: ifeq          122
        59: aload_3
        60: invokeinterface #249,  1          // InterfaceMethod java/util/Iterator.next:()Ljava/lang/Object;
        65: checkcast     #601                // class kr/moonseungjun/villageguardians/VillageTradingSystem$SellCandidate
        68: astore        4
        70: aload_1
        71: aload         4
        73: invokevirtual #603                // Method kr/moonseungjun/villageguardians/VillageTradingSystem$SellCandidate.slot:()I
        76: invokedynamic #604,  0            // InvokeDynamic #31:makeConcatWithConstants:(I)Ljava/lang/String;
        81: invokeinterface #60,  2           // InterfaceMethod java/util/List.add:(Ljava/lang/Object;)Z
        86: pop
        87: aload_2
        88: aload         4
        90: invokevirtual #605                // Method kr/moonseungjun/villageguardians/VillageTradingSystem$SellCandidate.name:()Ljava/lang/String;
        93: aload         4
        95: invokevirtual #606                // Method kr/moonseungjun/villageguardians/VillageTradingSystem$SellCandidate.count:()I
        98: aload         4
       100: invokevirtual #609                // Method kr/moonseungjun/villageguardians/VillageTradingSystem$SellCandidate.totalValue:()I
       103: aload         4
       105: invokevirtual #612                // Method kr/moonseungjun/villageguardians/VillageTradingSystem$SellCandidate.unitValue:()I
       108: invokedynamic #615,  0            // InvokeDynamic #32:makeConcatWithConstants:(Ljava/lang/String;III)Ljava/lang/String;
       113: invokeinterface #60,  2           // InterfaceMethod java/util/List.add:(Ljava/lang/Object;)Z
       118: pop
       119: goto          50
       122: aload_0
       123: ldc_w         #539                // String building
       126: ldc_w         #590                // String 보유품 판매
       129: ldc_w         #618                // String 판매할 아이템을 하나씩 선택합니다. 장비·소모품·판매용 잡템은 판매할 수 있습니다.
       132: aload_1
       133: aload_2
       134: invokestatic  #182                // Method send:(Lnet/minecraft/server/level/ServerPlayer;Ljava/lang/String;Ljava/lang/String;Ljava/lang/String;Ljava/util/List;Ljava/util/List;)V
       137: return

  public static void openFusion(net.minecraft.server.level.ServerPlayer);
    Code:
         0: aload_0
         1: getstatic     #541                // Field kr/moonseungjun/villageguardians/VillageProgressionSystem$Building.SMITHY:Lkr/moonseungjun/villageguardians/VillageProgressionSystem$Building;
         4: invokestatic  #544                // Method kr/moonseungjun/villageguardians/VillageLocationRules.isNear:(Lnet/minecraft/server/level/ServerPlayer;Lkr/moonseungjun/villageguardians/VillageProgressionSystem$Building;)Z
         7: ifne          21
        10: aload_0
        11: ldc_w         #620                // String §c장비 합성은 대장간 단말기 근처에서만 가능합니다.
        14: invokestatic  #300                // InterfaceMethod net/minecraft/network/chat/Component.literal:(Ljava/lang/String;)Lnet/minecraft/network/chat/MutableComponent;
        17: invokevirtual #306                // Method net/minecraft/server/level/ServerPlayer.sendSystemMessage:(Lnet/minecraft/network/chat/Component;)V
        20: return
        21: new           #27                 // class java/util/ArrayList
        24: dup
        25: invokespecial #29                 // Method java/util/ArrayList."<init>":()V
        28: astore_1
        29: new           #27                 // class java/util/ArrayList
        32: dup
        33: invokespecial #29                 // Method java/util/ArrayList."<init>":()V
        36: astore_2
        37: aload_0
        38: invokestatic  #622                // Method kr/moonseungjun/villageguardians/VillageEquipmentRaritySystem.fusionCandidates:(Lnet/minecraft/server/level/ServerPlayer;)Ljava/util/List;
        41: invokeinterface #239,  1          // InterfaceMethod java/util/List.iterator:()Ljava/util/Iterator;
        46: astore_3
        47: aload_3
        48: invokeinterface #243,  1          // InterfaceMethod java/util/Iterator.hasNext:()Z
        53: ifeq          153
        56: aload_3
        57: invokeinterface #249,  1          // InterfaceMethod java/util/Iterator.next:()Ljava/lang/Object;
        62: checkcast     #625                // class kr/moonseungjun/villageguardians/VillageEquipmentRaritySystem$FusionCandidate
        65: astore        4
        67: aload_1
        68: aload         4
        70: invokevirtual #627                // Method kr/moonseungjun/villageguardians/VillageEquipmentRaritySystem$FusionCandidate.slot:()I
        73: invokedynamic #628,  0            // InvokeDynamic #33:makeConcatWithConstants:(I)Ljava/lang/String;
        78: invokeinterface #60,  2           // InterfaceMethod java/util/List.add:(Ljava/lang/Object;)Z
        83: pop
        84: aload_2
        85: ldc           #66                 // String |
        87: bipush        6
        89: anewarray     #68                 // class java/lang/CharSequence
        92: dup
        93: iconst_0
        94: ldc_w         #629                // String fusion
        97: aastore
        98: dup
        99: iconst_1
       100: aload         4
       102: invokevirtual #627                // Method kr/moonseungjun/villageguardians/VillageEquipmentRaritySystem$FusionCandidate.slot:()I
       105: invokestatic  #149                // Method java/lang/Integer.toString:(I)Ljava/lang/String;
       108: aastore
       109: dup
       110: iconst_2
       111: aload         4
       113: invokevirtual #631                // Method kr/moonseungjun/villageguardians/VillageEquipmentRaritySystem$FusionCandidate.group:()Ljava/lang/String;
       116: aastore
       117: dup
       118: iconst_3
       119: aload         4
       121: invokevirtual #634                // Method kr/moonseungjun/villageguardians/VillageEquipmentRaritySystem$FusionCandidate.name:()Ljava/lang/String;
       124: aastore
       125: dup
       126: iconst_4
       127: aload         4
       129: invokevirtual #635                // Method kr/moonseungjun/villageguardians/VillageEquipmentRaritySystem$FusionCandidate.rarity:()Ljava/lang/String;
       132: aastore
       133: dup
       134: iconst_5
       135: aload         4
       137: invokevirtual #636                // Method kr/moonseungjun/villageguardians/VillageEquipmentRaritySystem$FusionCandidate.itemId:()Ljava/lang/String;
       140: aastore
       141: invokestatic  #99                 // Method java/lang/String.join:(Ljava/lang/CharSequence;[Ljava/lang/CharSequence;)Ljava/lang/String;
       144: invokeinterface #60,  2           // InterfaceMethod java/util/List.add:(Ljava/lang/Object;)Z
       149: pop
       150: goto          47
       153: aload_0
       154: ldc_w         #639                // String equipment_fusion
       157: ldc_w         #641                // String 장비 합성
       160: ldc_w         #643                // String 같은 종류·같은 등급 장비 세 개를 선택해 다음 등급 하나로 합성합니다.
       163: aload_1
       164: aload_2
       165: invokestatic  #182                // Method send:(Lnet/minecraft/server/level/ServerPlayer;Ljava/lang/String;Ljava/lang/String;Ljava/lang/String;Ljava/util/List;Ljava/util/List;)V
       168: return

  public static void openSkillTest(net.minecraft.server.level.ServerPlayer);
    Code:
         0: aload_0
         1: invokestatic  #645                // Method kr/moonseungjun/villageguardians/VillageSkillTestSystem.isEnabled:(Lnet/minecraft/server/level/ServerPlayer;)Z
         4: ifeq          15
         7: aload_0
         8: ldc_w         #650                // String 외부 시험장 활성화
        11: invokestatic  #652                // Method sendSkillTestSkillManager:(Lnet/minecraft/server/level/ServerPlayer;Ljava/lang/String;)V
        14: return
        15: aload_0
        16: invokestatic  #385                // Method kr/moonseungjun/villageguardians/VillageLocationRules.isNearSkillHall:(Lnet/minecraft/server/level/ServerPlayer;)Z
        19: ifne          36
        22: aload_0
        23: ldc_w         #656                // String 기술 시험
        26: ldc_w         #658                // String 기술 시험 시작은 기술 연구소 연구대 근처에서만 가능합니다.
        29: ldc_w         #660                // String open_role_skill_research
        32: invokestatic  #554                // Method openResult:(Lnet/minecraft/server/level/ServerPlayer;Ljava/lang/String;Ljava/lang/String;Ljava/lang/String;)V
        35: return
        36: aload_0
        37: ldc_w         #662                // String 기술 시험관 접근 코드를 입력하세요.
        40: invokestatic  #664                // Method openSkillTestPassword:(Lnet/minecraft/server/level/ServerPlayer;Ljava/lang/String;)V
        43: return

  private static void openSkillTestPassword(net.minecraft.server.level.ServerPlayer, java.lang.String);
    Code:
         0: aload_0
         1: ldc_w         #667                // String skill_test_password
         4: ldc_w         #669                // String 기술 시험관 인증
         7: aload_1
         8: invokestatic  #227                // InterfaceMethod java/util/List.of:()Ljava/util/List;
        11: invokestatic  #227                // InterfaceMethod java/util/List.of:()Ljava/util/List;
        14: invokestatic  #182                // Method send:(Lnet/minecraft/server/level/ServerPlayer;Ljava/lang/String;Ljava/lang/String;Ljava/lang/String;Ljava/util/List;Ljava/util/List;)V
        17: return

  public static void openSkillTestRoleManager(net.minecraft.server.level.ServerPlayer);
    Code:
         0: aload_0
         1: invokestatic  #671                // Method prepareSkillTest:(Lnet/minecraft/server/level/ServerPlayer;)Ljava/lang/String;
         4: astore_1
         5: aload_1
         6: ifnull        14
         9: aload_0
        10: aload_1
        11: invokestatic  #674                // Method sendSkillTestRoleManager:(Lnet/minecraft/server/level/ServerPlayer;Ljava/lang/String;)V
        14: return

  public static void openSkillTestSkillManager(net.minecraft.server.level.ServerPlayer);
    Code:
         0: aload_0
         1: invokestatic  #671                // Method prepareSkillTest:(Lnet/minecraft/server/level/ServerPlayer;)Ljava/lang/String;
         4: astore_1
         5: aload_1
         6: ifnull        14
         9: aload_0
        10: aload_1
        11: invokestatic  #652                // Method sendSkillTestSkillManager:(Lnet/minecraft/server/level/ServerPlayer;Ljava/lang/String;)V
        14: return

  private static java.lang.String prepareSkillTest(net.minecraft.server.level.ServerPlayer);
    Code:
         0: aload_0
         1: invokestatic  #645                // Method kr/moonseungjun/villageguardians/VillageSkillTestSystem.isEnabled:(Lnet/minecraft/server/level/ServerPlayer;)Z
         4: ifne          39
         7: aload_0
         8: invokestatic  #385                // Method kr/moonseungjun/villageguardians/VillageLocationRules.isNearSkillHall:(Lnet/minecraft/server/level/ServerPlayer;)Z
        11: ifne          30
        14: aload_0
        15: ldc_w         #656                // String 기술 시험
        18: ldc_w         #658                // String 기술 시험 시작은 기술 연구소 연구대 근처에서만 가능합니다.
        21: ldc_w         #660                // String open_role_skill_research
        24: invokestatic  #554                // Method openResult:(Lnet/minecraft/server/level/ServerPlayer;Ljava/lang/String;Ljava/lang/String;Ljava/lang/String;)V
        27: goto          37
        30: aload_0
        31: ldc_w         #677                // String 인증 후 시험장 관리 기능을 사용할 수 있습니다.
        34: invokestatic  #664                // Method openSkillTestPassword:(Lnet/minecraft/server/level/ServerPlayer;Ljava/lang/String;)V
        37: aconst_null
        38: areturn
        39: ldc_w         #650                // String 외부 시험장 활성화
        42: areturn

  private static void sendSkillTestRoleManager(net.minecraft.server.level.ServerPlayer, java.lang.String);
    Code:
         0: aload_0
         1: invokestatic  #679                // Method kr/moonseungjun/villageguardians/VillageSkillTestSystem.selectedRole:(Lnet/minecraft/server/level/ServerPlayer;)Lkr/moonseungjun/villageguardians/VillageRole;
         4: astore_2
         5: new           #27                 // class java/util/ArrayList
         8: dup
         9: invokespecial #29                 // Method java/util/ArrayList."<init>":()V
        12: astore_3
        13: new           #27                 // class java/util/ArrayList
        16: dup
        17: invokespecial #29                 // Method java/util/ArrayList."<init>":()V
        20: astore        4
        22: invokestatic  #48                 // Method kr/moonseungjun/villageguardians/VillageRole.values:()[Lkr/moonseungjun/villageguardians/VillageRole;
        25: astore        5
        27: aload         5
        29: arraylength
        30: istore        6
        32: iconst_0
        33: istore        7
        35: iload         7
        37: iload         6
        39: if_icmpge     109
        42: aload         5
        44: iload         7
        46: aaload
        47: astore        8
        49: aload_3
        50: aload         8
        52: invokevirtual #52                 // Method kr/moonseungjun/villageguardians/VillageRole.id:()Ljava/lang/String;
        55: invokedynamic #683,  0            // InvokeDynamic #34:makeConcatWithConstants:(Ljava/lang/String;)Ljava/lang/String;
        60: invokeinterface #60,  2           // InterfaceMethod java/util/List.add:(Ljava/lang/Object;)Z
        65: pop
        66: aload         4
        68: aload         8
        70: aload_2
        71: if_acmpne     80
        74: ldc_w         #684                // String 선택됨 ·
        77: goto          82
        80: ldc           #97                 // String
        82: aload         8
        84: invokevirtual #72                 // Method kr/moonseungjun/villageguardians/VillageRole.displayName:()Ljava/lang/String;
        87: aload         8
        89: invokevirtual #75                 // Method kr/moonseungjun/villageguardians/VillageRole.overview:()Ljava/lang/String;
        92: invokedynamic #686,  0            // InvokeDynamic #35:makeConcatWithConstants:(Ljava/lang/String;Ljava/lang/String;Ljava/lang/String;)Ljava/lang/String;
        97: invokeinterface #60,  2           // InterfaceMethod java/util/List.add:(Ljava/lang/Object;)Z
       102: pop
       103: iinc          7, 1
       106: goto          35
       109: aload_3
       110: aload         4
       112: iconst_4
       113: anewarray     #100                // class java/lang/String
       116: dup
       117: iconst_0
       118: ldc_w         #687                // String open_skill_test_skills
       121: aastore
       122: dup
       123: iconst_1
       124: ldc_w         #689                // String 스킬 관리함 열기|현재 시험 직업의 Z/V 기술 장착 화면
       127: aastore
       128: dup
       129: iconst_2
       130: ldc_w         #691                // String test_exit
       133: aastore
       134: dup
       135: iconst_3
       136: ldc_w         #693                // String 시험 종료·복귀|시험 데이터를 정리하고 원래 위치로 복귀
       139: aastore
       140: invokestatic  #695                // Method add:(Ljava/util/List;Ljava/util/List;[Ljava/lang/String;)V
       143: aload_1
       144: aload_2
       145: invokevirtual #72                 // Method kr/moonseungjun/villageguardians/VillageRole.displayName:()Ljava/lang/String;
       148: invokedynamic #698,  0            // InvokeDynamic #36:makeConcatWithConstants:(Ljava/lang/String;Ljava/lang/String;)Ljava/lang/String;
       153: astore        5
       155: aload_0
       156: ldc_w         #699                // String skill_test_role
       159: ldc_w         #701                // String 시험 직업 관리함
       162: aload         5
       164: aload_3
       165: aload         4
       167: invokestatic  #182                // Method send:(Lnet/minecraft/server/level/ServerPlayer;Ljava/lang/String;Ljava/lang/String;Ljava/lang/String;Ljava/util/List;Ljava/util/List;)V
       170: return

  private static void sendSkillTestSkillManager(net.minecraft.server.level.ServerPlayer, java.lang.String);
    Code:
         0: aload_0
         1: invokestatic  #679                // Method kr/moonseungjun/villageguardians/VillageSkillTestSystem.selectedRole:(Lnet/minecraft/server/level/ServerPlayer;)Lkr/moonseungjun/villageguardians/VillageRole;
         4: astore_2
         5: new           #27                 // class java/util/ArrayList
         8: dup
         9: invokespecial #29                 // Method java/util/ArrayList."<init>":()V
        12: astore_3
        13: new           #27                 // class java/util/ArrayList
        16: dup
        17: invokespecial #29                 // Method java/util/ArrayList."<init>":()V
        20: astore        4
        22: aload_2
        23: invokestatic  #348                // Method kr/moonseungjun/villageguardians/VillageRoleSkillSystem.skillsFor:(Lkr/moonseungjun/villageguardians/VillageRole;)Ljava/util/List;
        26: invokeinterface #239,  1          // InterfaceMethod java/util/List.iterator:()Ljava/util/Iterator;
        31: astore        5
        33: aload         5
        35: invokeinterface #243,  1          // InterfaceMethod java/util/Iterator.hasNext:()Z
        40: ifeq          138
        43: aload         5
        45: invokeinterface #249,  1          // InterfaceMethod java/util/Iterator.next:()Ljava/lang/Object;
        50: checkcast     #352                // class kr/moonseungjun/villageguardians/VillageRoleSkillSystem$ActiveSkill
        53: astore        6
        55: aload_3
        56: aload         6
        58: invokevirtual #358                // Method kr/moonseungjun/villageguardians/VillageRoleSkillSystem$ActiveSkill.id:()Ljava/lang/String;
        61: invokedynamic #703,  0            // InvokeDynamic #37:makeConcatWithConstants:(Ljava/lang/String;)Ljava/lang/String;
        66: invokeinterface #60,  2           // InterfaceMethod java/util/List.add:(Ljava/lang/Object;)Z
        71: pop
        72: aload         4
        74: aload         6
        76: invokevirtual #362                // Method kr/moonseungjun/villageguardians/VillageRoleSkillSystem$ActiveSkill.displayName:()Ljava/lang/String;
        79: aload         6
        81: invokevirtual #363                // Method kr/moonseungjun/villageguardians/VillageRoleSkillSystem$ActiveSkill.description:()Ljava/lang/String;
        84: invokedynamic #704,  0            // InvokeDynamic #38:makeConcatWithConstants:(Ljava/lang/String;Ljava/lang/String;)Ljava/lang/String;
        89: invokeinterface #60,  2           // InterfaceMethod java/util/List.add:(Ljava/lang/Object;)Z
        94: pop
        95: aload_3
        96: aload         6
        98: invokevirtual #358                // Method kr/moonseungjun/villageguardians/VillageRoleSkillSystem$ActiveSkill.id:()Ljava/lang/String;
       101: invokedynamic #705,  0            // InvokeDynamic #39:makeConcatWithConstants:(Ljava/lang/String;)Ljava/lang/String;
       106: invokeinterface #60,  2           // InterfaceMethod java/util/List.add:(Ljava/lang/Object;)Z
       111: pop
       112: aload         4
       114: aload         6
       116: invokevirtual #362                // Method kr/moonseungjun/villageguardians/VillageRoleSkillSystem$ActiveSkill.displayName:()Ljava/lang/String;
       119: aload         6
       121: invokevirtual #363                // Method kr/moonseungjun/villageguardians/VillageRoleSkillSystem$ActiveSkill.description:()Ljava/lang/String;
       124: invokedynamic #706,  0            // InvokeDynamic #40:makeConcatWithConstants:(Ljava/lang/String;Ljava/lang/String;)Ljava/lang/String;
       129: invokeinterface #60,  2           // InterfaceMethod java/util/List.add:(Ljava/lang/Object;)Z
       134: pop
       135: goto          33
       138: aload_3
       139: aload         4
       141: bipush        8
       143: anewarray     #100                // class java/lang/String
       146: dup
       147: iconst_0
       148: ldc_w         #707                // String open_skill_test_roles
       151: aastore
       152: dup
       153: iconst_1
       154: ldc_w         #709                // String 직업 관리함 열기|시험할 직업을 변경
       157: aastore
       158: dup
       159: iconst_2
       160: ldc_w         #711                // String test_spawn
       163: aastore
       164: dup
       165: iconst_3
       166: ldc_w         #713                // String 시험 표적 재배치|체력·밀림 저항이 다른 표적 6개 생성
       169: aastore
       170: dup
       171: iconst_4
       172: ldc_w         #715                // String test_clear
       175: aastore
       176: dup
       177: iconst_5
       178: ldc_w         #717                // String 시험 표적 정리|현재 내가 만든 시험 표적 제거
       181: aastore
       182: dup
       183: bipush        6
       185: ldc_w         #691                // String test_exit
       188: aastore
       189: dup
       190: bipush        7
       192: ldc_w         #719                // String 시험 종료·복귀|표적과 임시 장착을 정리하고 원래 위치로 복귀
       195: aastore
       196: invokestatic  #695                // Method add:(Ljava/util/List;Ljava/util/List;[Ljava/lang/String;)V
       199: aload_1
       200: aload_2
       201: invokevirtual #72                 // Method kr/moonseungjun/villageguardians/VillageRole.displayName:()Ljava/lang/String;
       204: aload_0
       205: invokestatic  #721                // Method kr/moonseungjun/villageguardians/VillageSkillTestSystem.loadoutSummary:(Lnet/minecraft/server/level/ServerPlayer;)Ljava/lang/String;
       208: invokedynamic #722,  0            // InvokeDynamic #41:makeConcatWithConstants:(Ljava/lang/String;Ljava/lang/String;Ljava/lang/String;)Ljava/lang/String;
       213: astore        5
       215: aload_0
       216: ldc_w         #723                // String skill_test_skill
       219: ldc_w         #725                // String 시험 스킬 관리함
       222: aload         5
       224: aload_3
       225: aload         4
       227: invokestatic  #182                // Method send:(Lnet/minecraft/server/level/ServerPlayer;Ljava/lang/String;Ljava/lang/String;Ljava/lang/String;Ljava/util/List;Ljava/util/List;)V
       230: return

  public static void openResult(net.minecraft.server.level.ServerPlayer, java.lang.String, java.lang.String, java.lang.String);
    Code:
         0: aload_0
         1: ldc_w         #727                // String result
         4: aload_1
         5: aload_2
         6: aload_3
         7: ifnull        17
        10: aload_3
        11: invokevirtual #729                // Method java/lang/String.isBlank:()Z
        14: ifeq          23
        17: invokestatic  #227                // InterfaceMethod java/util/List.of:()Ljava/util/List;
        20: goto          27
        23: aload_3
        24: invokestatic  #732                // InterfaceMethod java/util/List.of:(Ljava/lang/Object;)Ljava/util/List;
        27: aload_3
        28: ifnull        38
        31: aload_3
        32: invokevirtual #729                // Method java/lang/String.isBlank:()Z
        35: ifeq          44
        38: invokestatic  #227                // InterfaceMethod java/util/List.of:()Ljava/util/List;
        41: goto          50
        44: ldc_w         #735                // String 확인
        47: invokestatic  #732                // InterfaceMethod java/util/List.of:(Ljava/lang/Object;)Ljava/util/List;
        50: invokestatic  #182                // Method send:(Lnet/minecraft/server/level/ServerPlayer;Ljava/lang/String;Ljava/lang/String;Ljava/lang/String;Ljava/util/List;Ljava/util/List;)V
        53: return

  public static void openMercenaryCommand(net.minecraft.server.level.ServerPlayer);
    Code:
         0: getstatic     #737                // Field kr/moonseungjun/villageguardians/VillageProgressionSystem$Building.BARRACKS:Lkr/moonseungjun/villageguardians/VillageProgressionSystem$Building;
         3: invokestatic  #518                // Method kr/moonseungjun/villageguardians/VillageProgressionSystem.isOperational:(Lkr/moonseungjun/villageguardians/VillageProgressionSystem$Building;)Z
         6: ifne          20
         9: aload_0
        10: ldc_w         #740                // String §c병영이 파괴되어 용병을 고용할 수 없습니다.
        13: invokestatic  #300                // InterfaceMethod net/minecraft/network/chat/Component.literal:(Ljava/lang/String;)Lnet/minecraft/network/chat/MutableComponent;
        16: invokevirtual #306                // Method net/minecraft/server/level/ServerPlayer.sendSystemMessage:(Lnet/minecraft/network/chat/Component;)V
        19: return
        20: new           #27                 // class java/util/ArrayList
        23: dup
        24: invokespecial #29                 // Method java/util/ArrayList."<init>":()V
        27: astore_1
        28: new           #27                 // class java/util/ArrayList
        31: dup
        32: invokespecial #29                 // Method java/util/ArrayList."<init>":()V
        35: astore_2
        36: invokestatic  #742                // Method kr/moonseungjun/villageguardians/VillageMercenarySystem$MercenaryClass.values:()[Lkr/moonseungjun/villageguardians/VillageMercenarySystem$MercenaryClass;
        39: astore_3
        40: aload_3
        41: arraylength
        42: istore        4
        44: iconst_0
        45: istore        5
        47: iload         5
        49: iload         4
        51: if_icmpge     110
        54: aload_3
        55: iload         5
        57: aaload
        58: astore        6
        60: aload_1
        61: aload         6
        63: invokevirtual #747                // Method kr/moonseungjun/villageguardians/VillageMercenarySystem$MercenaryClass.id:()Ljava/lang/String;
        66: invokedynamic #748,  0            // InvokeDynamic #42:makeConcatWithConstants:(Ljava/lang/String;)Ljava/lang/String;
        71: invokeinterface #60,  2           // InterfaceMethod java/util/List.add:(Ljava/lang/Object;)Z
        76: pop
        77: aload_2
        78: aload         6
        80: invokevirtual #749                // Method kr/moonseungjun/villageguardians/VillageMercenarySystem$MercenaryClass.displayName:()Ljava/lang/String;
        83: aload         6
        85: invokestatic  #750                // Method kr/moonseungjun/villageguardians/VillageMercenarySystem.hireCost:(Lkr/moonseungjun/villageguardians/VillageMercenarySystem$MercenaryClass;)I
        88: aload         6
        90: invokevirtual #756                // Method kr/moonseungjun/villageguardians/VillageMercenarySystem$MercenaryClass.description:()Ljava/lang/String;
        93: invokedynamic #757,  0            // InvokeDynamic #43:makeConcatWithConstants:(Ljava/lang/String;ILjava/lang/String;)Ljava/lang/String;
        98: invokeinterface #60,  2           // InterfaceMethod java/util/List.add:(Ljava/lang/Object;)Z
       103: pop
       104: iinc          5, 1
       107: goto          47
       110: aload_0
       111: ldc_w         #539                // String building
       114: ldc_w         #760                // String 용병 지휘
       117: aload_0
       118: invokevirtual #15                 // Method net/minecraft/server/level/ServerPlayer.level:()Lnet/minecraft/server/level/ServerLevel;
       121: invokevirtual #21                 // Method net/minecraft/server/level/ServerLevel.getServer:()Lnet/minecraft/server/MinecraftServer;
       124: invokestatic  #762                // Method kr/moonseungjun/villageguardians/VillageMercenarySystem.status:(Lnet/minecraft/server/MinecraftServer;)Ljava/lang/String;
       127: aload_1
       128: aload_2
       129: invokestatic  #182                // Method send:(Lnet/minecraft/server/level/ServerPlayer;Ljava/lang/String;Ljava/lang/String;Ljava/lang/String;Ljava/util/List;Ljava/util/List;)V
       132: return

  public static void openDefenseResearch(net.minecraft.server.level.ServerPlayer);
    Code:
         0: aload_0
         1: invokestatic  #385                // Method kr/moonseungjun/villageguardians/VillageLocationRules.isNearSkillHall:(Lnet/minecraft/server/level/ServerPlayer;)Z
         4: ifne          18
         7: aload_0
         8: ldc_w         #765                // String §c방어 연구는 기술 연구소 연구대 근처에서만 가능합니다.
        11: invokestatic  #300                // InterfaceMethod net/minecraft/network/chat/Component.literal:(Ljava/lang/String;)Lnet/minecraft/network/chat/MutableComponent;
        14: invokevirtual #306                // Method net/minecraft/server/level/ServerPlayer.sendSystemMessage:(Lnet/minecraft/network/chat/Component;)V
        17: return
        18: new           #27                 // class java/util/ArrayList
        21: dup
        22: invokespecial #29                 // Method java/util/ArrayList."<init>":()V
        25: astore_1
        26: new           #27                 // class java/util/ArrayList
        29: dup
        30: invokespecial #29                 // Method java/util/ArrayList."<init>":()V
        33: astore_2
        34: invokestatic  #767                // Method kr/moonseungjun/villageguardians/VillageDefenseResearchSystem$Branch.values:()[Lkr/moonseungjun/villageguardians/VillageDefenseResearchSystem$Branch;
        37: astore_3
        38: aload_3
        39: arraylength
        40: istore        4
        42: iconst_0
        43: istore        5
        45: iload         5
        47: iload         4
        49: if_icmpge     158
        52: aload_3
        53: iload         5
        55: aaload
        56: astore        6
        58: aload         6
        60: invokestatic  #772                // Method kr/moonseungjun/villageguardians/VillageDefenseResearchSystem.level:(Lkr/moonseungjun/villageguardians/VillageDefenseResearchSystem$Branch;)I
        63: istore        7
        65: aload         6
        67: invokestatic  #777                // Method kr/moonseungjun/villageguardians/VillageDefenseResearchSystem.upgradeCost:(Lkr/moonseungjun/villageguardians/VillageDefenseResearchSystem$Branch;)I
        70: istore        8
        72: aload_1
        73: aload         6
        75: invokevirtual #779                // Method kr/moonseungjun/villageguardians/VillageDefenseResearchSystem$Branch.id:()Ljava/lang/String;
        78: invokedynamic #780,  0            // InvokeDynamic #44:makeConcatWithConstants:(Ljava/lang/String;)Ljava/lang/String;
        83: invokeinterface #60,  2           // InterfaceMethod java/util/List.add:(Ljava/lang/Object;)Z
        88: pop
        89: iload         7
        91: aload         6
        93: iload         7
        95: invokevirtual #781                // Method kr/moonseungjun/villageguardians/VillageDefenseResearchSystem$Branch.description:(I)Ljava/lang/String;
        98: iload         7
       100: iconst_5
       101: if_icmplt     110
       104: ldc_w         #783                // String \n최고 단계
       107: goto          126
       110: aload         6
       112: iload         7
       114: iconst_1
       115: iadd
       116: invokevirtual #781                // Method kr/moonseungjun/villageguardians/VillageDefenseResearchSystem$Branch.description:(I)Ljava/lang/String;
       119: iload         8
       121: invokedynamic #785,  0            // InvokeDynamic #45:makeConcatWithConstants:(Ljava/lang/String;I)Ljava/lang/String;
       126: invokedynamic #788,  0            // InvokeDynamic #46:makeConcatWithConstants:(ILjava/lang/String;Ljava/lang/String;)Ljava/lang/String;
       131: astore        9
       133: aload_2
       134: aload         6
       136: invokevirtual #791                // Method kr/moonseungjun/villageguardians/VillageDefenseResearchSystem$Branch.displayName:()Ljava/lang/String;
       139: aload         9
       141: invokedynamic #419,  0            // InvokeDynamic #19:makeConcatWithConstants:(Ljava/lang/String;Ljava/lang/String;)Ljava/lang/String;
       146: invokeinterface #60,  2           // InterfaceMethod java/util/List.add:(Ljava/lang/Object;)Z
       151: pop
       152: iinc          5, 1
       155: goto          45
       158: aload_0
       159: ldc_w         #539                // String building
       162: ldc_w         #792                // String 마을 방어 연구
       165: ldc_w         #794                // String 용병·포탑·전리품 운용을 연구합니다.
       168: aload_1
       169: aload_2
       170: invokestatic  #182                // Method send:(Lnet/minecraft/server/level/ServerPlayer;Ljava/lang/String;Ljava/lang/String;Ljava/lang/String;Ljava/util/List;Ljava/util/List;)V
       173: return

  public static boolean handleAction(net.minecraft.server.level.ServerPlayer, java.lang.String);
    Code:
         0: aload_1
         1: ifnull        21
         4: aload_1
         5: invokevirtual #729                // Method java/lang/String.isBlank:()Z
         8: ifne          21
        11: aload_1
        12: ldc_w         #796                // String facility_info
        15: invokevirtual #438                // Method java/lang/String.equals:(Ljava/lang/Object;)Z
        18: ifeq          23
        21: iconst_1
        22: ireturn
        23: aload_0
        24: invokevirtual #15                 // Method net/minecraft/server/level/ServerPlayer.level:()Lnet/minecraft/server/level/ServerLevel;
        27: invokevirtual #21                 // Method net/minecraft/server/level/ServerLevel.getServer:()Lnet/minecraft/server/MinecraftServer;
        30: astore_2
        31: aload_2
        32: ifnonnull     37
        35: iconst_1
        36: ireturn
        37: aload_1
        38: ldc_w         #798                // String use_skill:
        41: invokevirtual #800                // Method java/lang/String.startsWith:(Ljava/lang/String;)Z
        44: ifeq          83
        47: aload_1
        48: bipush        10
        50: invokevirtual #804                // Method java/lang/String.substring:(I)Ljava/lang/String;
        53: invokestatic  #807                // Method java/lang/Integer.parseInt:(Ljava/lang/String;)I
        56: istore_3
        57: goto          64
        60: astore        4
        62: iconst_0
        63: istore_3
        64: aload_0
        65: aload_0
        66: iload_3
        67: invokestatic  #813                // Method kr/moonseungjun/villageguardians/VillageRpgSystem.useRoleSkill:(Lnet/minecraft/server/level/ServerPlayer;I)Ljava/lang/String;
        70: invokedynamic #819,  0            // InvokeDynamic #47:makeConcatWithConstants:(Ljava/lang/String;)Ljava/lang/String;
        75: invokestatic  #300                // InterfaceMethod net/minecraft/network/chat/Component.literal:(Ljava/lang/String;)Lnet/minecraft/network/chat/MutableComponent;
        78: invokevirtual #306                // Method net/minecraft/server/level/ServerPlayer.sendSystemMessage:(Lnet/minecraft/network/chat/Component;)V
        81: iconst_1
        82: ireturn
        83: aload_1
        84: ldc_w         #820                // String repair:
        87: invokevirtual #800                // Method java/lang/String.startsWith:(Ljava/lang/String;)Z
        90: ifne          103
        93: aload_1
        94: ldc_w         #822                // String upgrade:
        97: invokevirtual #800                // Method java/lang/String.startsWith:(Ljava/lang/String;)Z
       100: ifeq          211
       103: aload_1
       104: ldc_w         #820                // String repair:
       107: invokevirtual #800                // Method java/lang/String.startsWith:(Ljava/lang/String;)Z
       110: istore_3
       111: aload_1
       112: iload_3
       113: ifeq          121
       116: bipush        7
       118: goto          123
       121: bipush        8
       123: invokevirtual #804                // Method java/lang/String.substring:(I)Ljava/lang/String;
       126: invokestatic  #824                // Method kr/moonseungjun/villageguardians/VillageProgressionSystem$Building.fromId:(Ljava/lang/String;)Lkr/moonseungjun/villageguardians/VillageProgressionSystem$Building;
       129: astore        4
       131: aload         4
       133: ifnonnull     138
       136: iconst_1
       137: ireturn
       138: aload_0
       139: invokestatic  #828                // Method kr/moonseungjun/villageguardians/VillageLocationRules.isNearTownHall:(Lnet/minecraft/server/level/ServerPlayer;)Z
       142: ifne          166
       145: aload_0
       146: aload         4
       148: invokestatic  #544                // Method kr/moonseungjun/villageguardians/VillageLocationRules.isNear:(Lnet/minecraft/server/level/ServerPlayer;Lkr/moonseungjun/villageguardians/VillageProgressionSystem$Building;)Z
       151: ifne          166
       154: aload_0
       155: ldc_w         #831                // String §c시설 수리와 강화는 해당 시설 단말기 또는 마을 회관에서만 가능합니다.
       158: invokestatic  #300                // InterfaceMethod net/minecraft/network/chat/Component.literal:(Ljava/lang/String;)Lnet/minecraft/network/chat/MutableComponent;
       161: invokevirtual #306                // Method net/minecraft/server/level/ServerPlayer.sendSystemMessage:(Lnet/minecraft/network/chat/Component;)V
       164: iconst_1
       165: ireturn
       166: iload_3
       167: ifeq          179
       170: aload_0
       171: aload         4
       173: invokestatic  #833                // Method kr/moonseungjun/villageguardians/VillageProgressionSystem.repair:(Lnet/minecraft/server/level/ServerPlayer;Lkr/moonseungjun/villageguardians/VillageProgressionSystem$Building;)Ljava/lang/String;
       176: goto          185
       179: aload_0
       180: aload         4
       182: invokestatic  #836                // Method kr/moonseungjun/villageguardians/VillageProgressionSystem.upgrade:(Lnet/minecraft/server/level/ServerPlayer;Lkr/moonseungjun/villageguardians/VillageProgressionSystem$Building;)Ljava/lang/String;
       185: astore        5
       187: aload_0
       188: iload_3
       189: ifeq          198
       192: ldc_w         #839                // String 시설 수리 결과
       195: goto          201
       198: ldc_w         #841                // String 시설 강화 결과
       201: aload         5
       203: ldc_w         #843                // String open_dashboard
       206: invokestatic  #554                // Method openResult:(Lnet/minecraft/server/level/ServerPlayer;Ljava/lang/String;Ljava/lang/String;Ljava/lang/String;)V
       209: iconst_1
       210: ireturn
       211: aload_1
       212: ldc_w         #845                // String manage:
       215: invokevirtual #800                // Method java/lang/String.startsWith:(Ljava/lang/String;)Z
       218: ifne          231
       221: aload_1
       222: ldc_w         #847                // String facility:
       225: invokevirtual #800                // Method java/lang/String.startsWith:(Ljava/lang/String;)Z
       228: ifeq          237
       231: aload_0
       232: invokestatic  #509                // Method openDashboard:(Lnet/minecraft/server/level/ServerPlayer;)V
       235: iconst_1
       236: ireturn
       237: aload_1
       238: ldc_w         #849                // String select_role:
       241: invokevirtual #800                // Method java/lang/String.startsWith:(Ljava/lang/String;)Z
       244: ifeq          285
       247: aload_0
       248: ldc_w         #851                // String 직업 배치는 마을 회관에서만 가능합니다.
       251: invokestatic  #9                  // Method requireTownHall:(Lnet/minecraft/server/level/ServerPlayer;Ljava/lang/String;)Z
       254: ifne          259
       257: iconst_1
       258: ireturn
       259: aload_1
       260: bipush        12
       262: invokevirtual #804                // Method java/lang/String.substring:(I)Ljava/lang/String;
       265: invokestatic  #853                // Method kr/moonseungjun/villageguardians/VillageRole.parse:(Ljava/lang/String;)Ljava/util/Optional;
       268: aload_0
       269: invokedynamic #857,  0            // InvokeDynamic #48:accept:(Lnet/minecraft/server/level/ServerPlayer;)Ljava/util/function/Consumer;
       274: aload_0
       275: invokedynamic #858,  0            // InvokeDynamic #49:run:(Lnet/minecraft/server/level/ServerPlayer;)Ljava/lang/Runnable;
       280: invokevirtual #294                // Method java/util/Optional.ifPresentOrElse:(Ljava/util/function/Consumer;Ljava/lang/Runnable;)V
       283: iconst_1
       284: ireturn
       285: aload_1
       286: ldc_w         #859                // String skill_node:
       289: invokevirtual #800                // Method java/lang/String.startsWith:(Ljava/lang/String;)Z
       292: ifeq          342
       295: aload_0
       296: invokestatic  #385                // Method kr/moonseungjun/villageguardians/VillageLocationRules.isNearSkillHall:(Lnet/minecraft/server/level/ServerPlayer;)Z
       299: ifne          314
       302: aload_0
       303: ldc_w         #861                // String §c전술 발전은 기술 연구소에서만 가능합니다.
       306: invokestatic  #300                // InterfaceMethod net/minecraft/network/chat/Component.literal:(Ljava/lang/String;)Lnet/minecraft/network/chat/MutableComponent;
       309: invokevirtual #306                // Method net/minecraft/server/level/ServerPlayer.sendSystemMessage:(Lnet/minecraft/network/chat/Component;)V
       312: iconst_1
       313: ireturn
       314: aload_0
       315: aload_0
       316: aload_1
       317: bipush        11
       319: invokevirtual #804                // Method java/lang/String.substring:(I)Ljava/lang/String;
       322: invokestatic  #863                // Method kr/moonseungjun/villageguardians/VillageSkillTreeSystem.purchase:(Lnet/minecraft/server/level/ServerPlayer;Ljava/lang/String;)Ljava/lang/String;
       325: invokedynamic #819,  0            // InvokeDynamic #47:makeConcatWithConstants:(Ljava/lang/String;)Ljava/lang/String;
       330: invokestatic  #300                // InterfaceMethod net/minecraft/network/chat/Component.literal:(Ljava/lang/String;)Lnet/minecraft/network/chat/MutableComponent;
       333: invokevirtual #306                // Method net/minecraft/server/level/ServerPlayer.sendSystemMessage:(Lnet/minecraft/network/chat/Component;)V
       336: aload_0
       337: invokestatic  #231                // Method openSkillTree:(Lnet/minecraft/server/level/ServerPlayer;)V
       340: iconst_1
       341: ireturn
       342: aload_1
       343: ldc_w         #867                // String role_node:
       346: invokevirtual #800                // Method java/lang/String.startsWith:(Ljava/lang/String;)Z
       349: ifeq          404
       352: aload_0
       353: invokestatic  #385                // Method kr/moonseungjun/villageguardians/VillageLocationRules.isNearSkillHall:(Lnet/minecraft/server/level/ServerPlayer;)Z
       356: ifne          371
       359: aload_0
       360: ldc_w         #869                // String §c직업 성장은 기술 연구소에서만 가능합니다.
       363: invokestatic  #300                // InterfaceMethod net/minecraft/network/chat/Component.literal:(Ljava/lang/String;)Lnet/minecraft/network/chat/MutableComponent;
       366: invokevirtual #306                // Method net/minecraft/server/level/ServerPlayer.sendSystemMessage:(Lnet/minecraft/network/chat/Component;)V
       369: iconst_1
       370: ireturn
       371: aload_1
       372: ldc_w         #871                // String :
       375: iconst_3
       376: invokevirtual #873                // Method java/lang/String.split:(Ljava/lang/String;I)[Ljava/lang/String;
       379: astore_3
       380: aload_3
       381: arraylength
       382: iconst_3
       383: if_icmpne     402
       386: aload_3
       387: iconst_1
       388: aaload
       389: invokestatic  #853                // Method kr/moonseungjun/villageguardians/VillageRole.parse:(Ljava/lang/String;)Ljava/util/Optional;
       392: aload_0
       393: aload_3
       394: invokedynamic #877,  0            // InvokeDynamic #50:accept:(Lnet/minecraft/server/level/ServerPlayer;[Ljava/lang/String;)Ljava/util/function/Consumer;
       399: invokevirtual #880                // Method java/util/Optional.ifPresent:(Ljava/util/function/Consumer;)V
       402: iconst_1
       403: ireturn
       404: aload_1
       405: ldc_w         #884                // String gear:
       408: invokevirtual #800                // Method java/lang/String.startsWith:(Ljava/lang/String;)Z
       411: ifeq          457
       414: aload_0
       415: getstatic     #512                // Field kr/moonseungjun/villageguardians/VillageProgressionSystem$Building.STOREHOUSE:Lkr/moonseungjun/villageguardians/VillageProgressionSystem$Building;
       418: invokestatic  #544                // Method kr/moonseungjun/villageguardians/VillageLocationRules.isNear:(Lnet/minecraft/server/level/ServerPlayer;Lkr/moonseungjun/villageguardians/VillageProgressionSystem$Building;)Z
       421: ifne          436
       424: aload_0
       425: ldc_w         #886                // String §c장비 구매는 창고 단말기 근처에서만 가능합니다.
       428: invokestatic  #300                // InterfaceMethod net/minecraft/network/chat/Component.literal:(Ljava/lang/String;)Lnet/minecraft/network/chat/MutableComponent;
       431: invokevirtual #306                // Method net/minecraft/server/level/ServerPlayer.sendSystemMessage:(Lnet/minecraft/network/chat/Component;)V
       434: iconst_1
       435: ireturn
       436: aload_0
       437: ldc_w         #888                // String 장비 구매 결과
       440: aload_0
       441: aload_1
       442: iconst_5
       443: invokevirtual #804                // Method java/lang/String.substring:(I)Ljava/lang/String;
       446: invokestatic  #890                // Method kr/moonseungjun/villageguardians/VillageEquipmentShop.purchase:(Lnet/minecraft/server/level/ServerPlayer;Ljava/lang/String;)Ljava/lang/String;
       449: ldc_w         #594                // String open_equipment_shop
       452: invokestatic  #554                // Method openResult:(Lnet/minecraft/server/level/ServerPlayer;Ljava/lang/String;Ljava/lang/String;Ljava/lang/String;)V
       455: iconst_1
       456: ireturn
       457: aload_1
       458: ldc_w         #891                // String fusion_combine:
       461: invokevirtual #800                // Method java/lang/String.startsWith:(Ljava/lang/String;)Z
       464: ifeq          562
       467: aload_0
       468: getstatic     #541                // Field kr/moonseungjun/villageguardians/VillageProgressionSystem$Building.SMITHY:Lkr/moonseungjun/villageguardians/VillageProgressionSystem$Building;
       471: invokestatic  #544                // Method kr/moonseungjun/villageguardians/VillageLocationRules.isNear:(Lnet/minecraft/server/level/ServerPlayer;Lkr/moonseungjun/villageguardians/VillageProgressionSystem$Building;)Z
       474: ifne          489
       477: aload_0
       478: ldc_w         #620                // String §c장비 합성은 대장간 단말기 근처에서만 가능합니다.
       481: invokestatic  #300                // InterfaceMethod net/minecraft/network/chat/Component.literal:(Ljava/lang/String;)Lnet/minecraft/network/chat/MutableComponent;
       484: invokevirtual #306                // Method net/minecraft/server/level/ServerPlayer.sendSystemMessage:(Lnet/minecraft/network/chat/Component;)V
       487: iconst_1
       488: ireturn
       489: aload_1
       490: bipush        15
       492: invokevirtual #804                // Method java/lang/String.substring:(I)Ljava/lang/String;
       495: ldc_w         #893                // String ,
       498: iconst_m1
       499: invokevirtual #873                // Method java/lang/String.split:(Ljava/lang/String;I)[Ljava/lang/String;
       502: astore_3
       503: aload_3
       504: arraylength
       505: iconst_3
       506: if_icmpne     560
       509: aload_0
       510: aload_3
       511: iconst_0
       512: aaload
       513: invokestatic  #807                // Method java/lang/Integer.parseInt:(Ljava/lang/String;)I
       516: aload_3
       517: iconst_1
       518: aaload
       519: invokestatic  #807                // Method java/lang/Integer.parseInt:(Ljava/lang/String;)I
       522: aload_3
       523: iconst_2
       524: aaload
       525: invokestatic  #807                // Method java/lang/Integer.parseInt:(Ljava/lang/String;)I
       528: invokestatic  #895                // Method kr/moonseungjun/villageguardians/VillageEquipmentRaritySystem.combineSelected:(Lnet/minecraft/server/level/ServerPlayer;III)Ljava/lang/String;
       531: astore        4
       533: aload_0
       534: ldc_w         #899                // String 장비 합성 결과
       537: aload         4
       539: ldc_w         #901                // String open_fusion
       542: invokestatic  #554                // Method openResult:(Lnet/minecraft/server/level/ServerPlayer;Ljava/lang/String;Ljava/lang/String;Ljava/lang/String;)V
       545: goto          560
       548: astore        4
       550: aload_0
       551: ldc_w         #903                // String §c합성할 장비 선택값이 올바르지 않습니다.
       554: invokestatic  #300                // InterfaceMethod net/minecraft/network/chat/Component.literal:(Ljava/lang/String;)Lnet/minecraft/network/chat/MutableComponent;
       557: invokevirtual #306                // Method net/minecraft/server/level/ServerPlayer.sendSystemMessage:(Lnet/minecraft/network/chat/Component;)V
       560: iconst_1
       561: ireturn
       562: aload_1
       563: ldc_w         #905                // String forge_enhance:
       566: invokevirtual #800                // Method java/lang/String.startsWith:(Ljava/lang/String;)Z
       569: ifeq          641
       572: aload_0
       573: getstatic     #541                // Field kr/moonseungjun/villageguardians/VillageProgressionSystem$Building.SMITHY:Lkr/moonseungjun/villageguardians/VillageProgressionSystem$Building;
       576: invokestatic  #544                // Method kr/moonseungjun/villageguardians/VillageLocationRules.isNear:(Lnet/minecraft/server/level/ServerPlayer;Lkr/moonseungjun/villageguardians/VillageProgressionSystem$Building;)Z
       579: ifne          597
       582: aload_0
       583: ldc_w         #907                // String 장비 강화 결과
       586: ldc_w         #550                // String 장비 강화는 대장간 단말기 근처에서만 가능합니다.
       589: ldc_w         #552                // String open_forge_enhancement
       592: invokestatic  #554                // Method openResult:(Lnet/minecraft/server/level/ServerPlayer;Ljava/lang/String;Ljava/lang/String;Ljava/lang/String;)V
       595: iconst_1
       596: ireturn
       597: aload_1
       598: bipush        14
       600: invokevirtual #804                // Method java/lang/String.substring:(I)Ljava/lang/String;
       603: invokestatic  #807                // Method java/lang/Integer.parseInt:(Ljava/lang/String;)I
       606: istore_3
       607: aload_0
       608: ldc_w         #907                // String 장비 강화 결과
       611: aload_0
       612: iload_3
       613: invokestatic  #909                // Method kr/moonseungjun/villageguardians/VillageEquipmentRaritySystem.enhanceSelected:(Lnet/minecraft/server/level/ServerPlayer;I)Ljava/lang/String;
       616: ldc_w         #552                // String open_forge_enhancement
       619: invokestatic  #554                // Method openResult:(Lnet/minecraft/server/level/ServerPlayer;Ljava/lang/String;Ljava/lang/String;Ljava/lang/String;)V
       622: goto          639
       625: astore_3
       626: aload_0
       627: ldc_w         #907                // String 장비 강화 결과
       630: ldc_w         #912                // String 강화할 장비 선택값이 올바르지 않습니다.
       633: ldc_w         #552                // String open_forge_enhancement
       636: invokestatic  #554                // Method openResult:(Lnet/minecraft/server/level/ServerPlayer;Ljava/lang/String;Ljava/lang/String;Ljava/lang/String;)V
       639: iconst_1
       640: ireturn
       641: aload_1
       642: ldc_w         #914                // String sell_item:
       645: invokevirtual #800                // Method java/lang/String.startsWith:(Ljava/lang/String;)Z
       648: ifeq          695
       651: aload_1
       652: bipush        10
       654: invokevirtual #804                // Method java/lang/String.substring:(I)Ljava/lang/String;
       657: invokestatic  #807                // Method java/lang/Integer.parseInt:(Ljava/lang/String;)I
       660: istore_3
       661: aload_0
       662: ldc_w         #916                // String 보유품 판매 결과
       665: aload_0
       666: iload_3
       667: invokestatic  #918                // Method kr/moonseungjun/villageguardians/VillageTradingSystem.sellSelected:(Lnet/minecraft/server/level/ServerPlayer;I)Ljava/lang/String;
       670: ldc_w         #496                // String open_item_sell
       673: invokestatic  #554                // Method openResult:(Lnet/minecraft/server/level/ServerPlayer;Ljava/lang/String;Ljava/lang/String;Ljava/lang/String;)V
       676: goto          693
       679: astore_3
       680: aload_0
       681: ldc_w         #916                // String 보유품 판매 결과
       684: ldc_w         #921                // String 판매할 아이템 선택값이 올바르지 않습니다.
       687: ldc_w         #496                // String open_item_sell
       690: invokestatic  #554                // Method openResult:(Lnet/minecraft/server/level/ServerPlayer;Ljava/lang/String;Ljava/lang/String;Ljava/lang/String;)V
       693: iconst_1
       694: ireturn
       695: aload_1
       696: ldc_w         #923                // String research_skill_unlock:
       699: invokevirtual #800                // Method java/lang/String.startsWith:(Ljava/lang/String;)Z
       702: ifeq          752
       705: aload_0
       706: invokestatic  #385                // Method kr/moonseungjun/villageguardians/VillageLocationRules.isNearSkillHall:(Lnet/minecraft/server/level/ServerPlayer;)Z
       709: ifne          724
       712: aload_0
       713: ldc_w         #925                // String §c직업 기술 습득은 기술 연구소에서만 가능합니다.
       716: invokestatic  #300                // InterfaceMethod net/minecraft/network/chat/Component.literal:(Ljava/lang/String;)Lnet/minecraft/network/chat/MutableComponent;
       719: invokevirtual #306                // Method net/minecraft/server/level/ServerPlayer.sendSystemMessage:(Lnet/minecraft/network/chat/Component;)V
       722: iconst_1
       723: ireturn
       724: aload_0
       725: aload_0
       726: aload_1
       727: bipush        22
       729: invokevirtual #804                // Method java/lang/String.substring:(I)Ljava/lang/String;
       732: invokestatic  #927                // Method kr/moonseungjun/villageguardians/VillageRoleSkillSystem.unlockSkill:(Lnet/minecraft/server/level/ServerPlayer;Ljava/lang/String;)Ljava/lang/String;
       735: invokedynamic #819,  0            // InvokeDynamic #47:makeConcatWithConstants:(Ljava/lang/String;)Ljava/lang/String;
       740: invokestatic  #300                // InterfaceMethod net/minecraft/network/chat/Component.literal:(Ljava/lang/String;)Lnet/minecraft/network/chat/MutableComponent;
       743: invokevirtual #306                // Method net/minecraft/server/level/ServerPlayer.sendSystemMessage:(Lnet/minecraft/network/chat/Component;)V
       746: aload_0
       747: invokestatic  #930                // Method openRoleSkillResearch:(Lnet/minecraft/server/level/ServerPlayer;)V
       750: iconst_1
       751: ireturn
       752: aload_1
       753: ldc_w         #933                // String research_skill_equip:
       756: invokevirtual #800                // Method java/lang/String.startsWith:(Ljava/lang/String;)Z
       759: ifeq          820
       762: aload_1
       763: ldc_w         #871                // String :
       766: iconst_3
       767: invokevirtual #873                // Method java/lang/String.split:(Ljava/lang/String;I)[Ljava/lang/String;
       770: astore_3
       771: aload_3
       772: arraylength
       773: iconst_3
       774: if_icmpne     818
       777: aload_3
       778: iconst_2
       779: aaload
       780: invokestatic  #807                // Method java/lang/Integer.parseInt:(Ljava/lang/String;)I
       783: istore        4
       785: goto          793
       788: astore        5
       790: iconst_0
       791: istore        4
       793: aload_0
       794: aload_0
       795: aload_3
       796: iconst_1
       797: aaload
       798: iload         4
       800: invokestatic  #935                // Method kr/moonseungjun/villageguardians/VillageRoleSkillSystem.equipSkill:(Lnet/minecraft/server/level/ServerPlayer;Ljava/lang/String;I)Ljava/lang/String;
       803: invokedynamic #819,  0            // InvokeDynamic #47:makeConcatWithConstants:(Ljava/lang/String;)Ljava/lang/String;
       808: invokestatic  #300                // InterfaceMethod net/minecraft/network/chat/Component.literal:(Ljava/lang/String;)Lnet/minecraft/network/chat/MutableComponent;
       811: invokevirtual #306                // Method net/minecraft/server/level/ServerPlayer.sendSystemMessage:(Lnet/minecraft/network/chat/Component;)V
       814: aload_0
       815: invokestatic  #930                // Method openRoleSkillResearch:(Lnet/minecraft/server/level/ServerPlayer;)V
       818: iconst_1
       819: ireturn
       820: aload_1
       821: ldc_w         #939                // String hire_mercenary:
       824: invokevirtual #800                // Method java/lang/String.startsWith:(Ljava/lang/String;)Z
       827: ifeq          879
       830: aload_0
       831: getstatic     #737                // Field kr/moonseungjun/villageguardians/VillageProgressionSystem$Building.BARRACKS:Lkr/moonseungjun/villageguardians/VillageProgressionSystem$Building;
       834: invokestatic  #544                // Method kr/moonseungjun/villageguardians/VillageLocationRules.isNear:(Lnet/minecraft/server/level/ServerPlayer;Lkr/moonseungjun/villageguardians/VillageProgressionSystem$Building;)Z
       837: ifne          852
       840: aload_0
       841: ldc_w         #941                // String §c용병 고용은 병영 단말기 근처에서만 가능합니다.
       844: invokestatic  #300                // InterfaceMethod net/minecraft/network/chat/Component.literal:(Ljava/lang/String;)Lnet/minecraft/network/chat/MutableComponent;
       847: invokevirtual #306                // Method net/minecraft/server/level/ServerPlayer.sendSystemMessage:(Lnet/minecraft/network/chat/Component;)V
       850: iconst_1
       851: ireturn
       852: aload_1
       853: bipush        16
       855: invokevirtual #804                // Method java/lang/String.substring:(I)Ljava/lang/String;
       858: invokestatic  #943                // Method kr/moonseungjun/villageguardians/VillageMercenarySystem$MercenaryClass.fromId:(Ljava/lang/String;)Lkr/moonseungjun/villageguardians/VillageMercenarySystem$MercenaryClass;
       861: astore_3
       862: aload_0
       863: ldc_w         #946                // String 용병 고용 결과
       866: aload_0
       867: aload_3
       868: invokestatic  #948                // Method kr/moonseungjun/villageguardians/VillageMercenarySystem.hire:(Lnet/minecraft/server/level/ServerPlayer;Lkr/moonseungjun/villageguardians/VillageMercenarySystem$MercenaryClass;)Ljava/lang/String;
       871: ldc_w         #952                // String open_mercenary_command
       874: invokestatic  #554                // Method openResult:(Lnet/minecraft/server/level/ServerPlayer;Ljava/lang/String;Ljava/lang/String;Ljava/lang/String;)V
       877: iconst_1
       878: ireturn
       879: aload_1
       880: ldc_w         #954                // String defense_research:
       883: invokevirtual #800                // Method java/lang/String.startsWith:(Ljava/lang/String;)Z
       886: ifeq          936
       889: aload_0
       890: invokestatic  #385                // Method kr/moonseungjun/villageguardians/VillageLocationRules.isNearSkillHall:(Lnet/minecraft/server/level/ServerPlayer;)Z
       893: ifne          909
       896: aload_0
       897: ldc_w         #956                // String §c방어 연구는 기술 연구소에서만 가능합니다.
       900: invokestatic  #300                // InterfaceMethod net/minecraft/network/chat/Component.literal:(Ljava/lang/String;)Lnet/minecraft/network/chat/MutableComponent;
       903: invokevirtual #306                // Method net/minecraft/server/level/ServerPlayer.sendSystemMessage:(Lnet/minecraft/network/chat/Component;)V
       906: goto          934
       909: aload_1
       910: bipush        17
       912: invokevirtual #804                // Method java/lang/String.substring:(I)Ljava/lang/String;
       915: invokestatic  #958                // Method kr/moonseungjun/villageguardians/VillageDefenseResearchSystem$Branch.fromId:(Ljava/lang/String;)Lkr/moonseungjun/villageguardians/VillageDefenseResearchSystem$Branch;
       918: astore_3
       919: aload_0
       920: ldc_w         #961                // String 방어 연구 결과
       923: aload_0
       924: aload_3
       925: invokestatic  #963                // Method kr/moonseungjun/villageguardians/VillageDefenseResearchSystem.upgrade:(Lnet/minecraft/server/level/ServerPlayer;Lkr/moonseungjun/villageguardians/VillageDefenseResearchSystem$Branch;)Ljava/lang/String;
       928: ldc_w         #966                // String open_defense_research
       931: invokestatic  #554                // Method openResult:(Lnet/minecraft/server/level/ServerPlayer;Ljava/lang/String;Ljava/lang/String;Ljava/lang/String;)V
       934: iconst_1
       935: ireturn
       936: aload_1
       937: ldc_w         #968                // String skill_test_password:
       940: invokevirtual #800                // Method java/lang/String.startsWith:(Ljava/lang/String;)Z
       943: ifeq          1037
       946: aload_1
       947: ldc_w         #968                // String skill_test_password:
       950: invokevirtual #970                // Method java/lang/String.length:()I
       953: invokevirtual #804                // Method java/lang/String.substring:(I)Ljava/lang/String;
       956: invokevirtual #973                // Method java/lang/String.trim:()Ljava/lang/String;
       959: astore_3
       960: ldc_w         #976                // String 1557
       963: aload_3
       964: invokevirtual #438                // Method java/lang/String.equals:(Ljava/lang/Object;)Z
       967: ifne          979
       970: aload_0
       971: ldc_w         #978                // String 접근 코드가 올바르지 않습니다. 다시 입력하세요.
       974: invokestatic  #664                // Method openSkillTestPassword:(Lnet/minecraft/server/level/ServerPlayer;Ljava/lang/String;)V
       977: iconst_1
       978: ireturn
       979: aload_0
       980: invokestatic  #385                // Method kr/moonseungjun/villageguardians/VillageLocationRules.isNearSkillHall:(Lnet/minecraft/server/level/ServerPlayer;)Z
       983: ifne          1001
       986: aload_0
       987: ldc_w         #656                // String 기술 시험
       990: ldc_w         #980                // String 기술 연구소 연구대 근처에서만 인증할 수 있습니다.
       993: ldc_w         #660                // String open_role_skill_research
       996: invokestatic  #554                // Method openResult:(Lnet/minecraft/server/level/ServerPlayer;Ljava/lang/String;Ljava/lang/String;Ljava/lang/String;)V
       999: iconst_1
      1000: ireturn
      1001: aload_0
      1002: invokestatic  #982                // Method kr/moonseungjun/villageguardians/VillageSkillTestSystem.enable:(Lnet/minecraft/server/level/ServerPlayer;)Ljava/lang/String;
      1005: astore        4
      1007: aload_0
      1008: invokestatic  #645                // Method kr/moonseungjun/villageguardians/VillageSkillTestSystem.isEnabled:(Lnet/minecraft/server/level/ServerPlayer;)Z
      1011: ifne          1029
      1014: aload_0
      1015: ldc_w         #656                // String 기술 시험
      1018: aload         4
      1020: ldc_w         #660                // String open_role_skill_research
      1023: invokestatic  #554                // Method openResult:(Lnet/minecraft/server/level/ServerPlayer;Ljava/lang/String;Ljava/lang/String;Ljava/lang/String;)V
      1026: goto          1035
      1029: aload_0
      1030: aload         4
      1032: invokestatic  #674                // Method sendSkillTestRoleManager:(Lnet/minecraft/server/level/ServerPlayer;Ljava/lang/String;)V
      1035: iconst_1
      1036: ireturn
      1037: aload_1
      1038: ldc_w         #985                // String test_role:
      1041: invokevirtual #800                // Method java/lang/String.startsWith:(Ljava/lang/String;)Z
      1044: ifeq          1075
      1047: aload_0
      1048: aload_0
      1049: aload_1
      1050: bipush        10
      1052: invokevirtual #804                // Method java/lang/String.substring:(I)Ljava/lang/String;
      1055: invokestatic  #987                // Method kr/moonseungjun/villageguardians/VillageSkillTestSystem.selectRole:(Lnet/minecraft/server/level/ServerPlayer;Ljava/lang/String;)Ljava/lang/String;
      1058: invokedynamic #819,  0            // InvokeDynamic #47:makeConcatWithConstants:(Ljava/lang/String;)Ljava/lang/String;
      1063: invokestatic  #300                // InterfaceMethod net/minecraft/network/chat/Component.literal:(Ljava/lang/String;)Lnet/minecraft/network/chat/MutableComponent;
      1066: invokevirtual #306                // Method net/minecraft/server/level/ServerPlayer.sendSystemMessage:(Lnet/minecraft/network/chat/Component;)V
      1069: aload_0
      1070: invokestatic  #990                // Method openSkillTestRoleManager:(Lnet/minecraft/server/level/ServerPlayer;)V
      1073: iconst_1
      1074: ireturn
      1075: aload_1
      1076: ldc_w         #993                // String test_equip:
      1079: invokevirtual #800                // Method java/lang/String.startsWith:(Ljava/lang/String;)Z
      1082: ifeq          1142
      1085: aload_1
      1086: ldc_w         #871                // String :
      1089: iconst_3
      1090: invokevirtual #873                // Method java/lang/String.split:(Ljava/lang/String;I)[Ljava/lang/String;
      1093: astore_3
      1094: iconst_0
      1095: istore        4
      1097: aload_3
      1098: arraylength
      1099: iconst_3
      1100: if_icmpne     1140
      1103: aload_3
      1104: iconst_2
      1105: aaload
      1106: invokestatic  #807                // Method java/lang/Integer.parseInt:(Ljava/lang/String;)I
      1109: istore        4
      1111: goto          1119
      1114: astore        5
      1116: iconst_0
      1117: istore        4
      1119: aload_0
      1120: aload_0
      1121: aload_3
      1122: iconst_1
      1123: aaload
      1124: iload         4
      1126: invokestatic  #995                // Method kr/moonseungjun/villageguardians/VillageSkillTestSystem.equip:(Lnet/minecraft/server/level/ServerPlayer;Ljava/lang/String;I)Ljava/lang/String;
      1129: invokedynamic #819,  0            // InvokeDynamic #47:makeConcatWithConstants:(Ljava/lang/String;)Ljava/lang/String;
      1134: invokestatic  #300                // InterfaceMethod net/minecraft/network/chat/Component.literal:(Ljava/lang/String;)Lnet/minecraft/network/chat/MutableComponent;
      1137: invokevirtual #306                // Method net/minecraft/server/level/ServerPlayer.sendSystemMessage:(Lnet/minecraft/network/chat/Component;)V
      1140: iconst_1
      1141: ireturn
      1142: aload_1
      1143: ldc_w         #998                // String relic_select:
      1146: invokevirtual #800                // Method java/lang/String.startsWith:(Ljava/lang/String;)Z
      1149: ifeq          1176
      1152: aload_0
      1153: aload_0
      1154: aload_1
      1155: bipush        13
      1157: invokevirtual #804                // Method java/lang/String.substring:(I)Ljava/lang/String;
      1160: invokestatic  #1000               // Method kr/moonseungjun/villageguardians/VillageRelicSystem.select:(Lnet/minecraft/server/level/ServerPlayer;Ljava/lang/String;)Ljava/lang/String;
      1163: invokedynamic #1005,  0           // InvokeDynamic #51:makeConcatWithConstants:(Ljava/lang/String;)Ljava/lang/String;
      1168: invokestatic  #300                // InterfaceMethod net/minecraft/network/chat/Component.literal:(Ljava/lang/String;)Lnet/minecraft/network/chat/MutableComponent;
      1171: invokevirtual #306                // Method net/minecraft/server/level/ServerPlayer.sendSystemMessage:(Lnet/minecraft/network/chat/Component;)V
      1174: iconst_1
      1175: ireturn
      1176: aload_1
      1177: astore_3
      1178: iconst_m1
      1179: istore        4
      1181: aload_3
      1182: invokevirtual #1006               // Method java/lang/String.hashCode:()I
      1185: lookupswitch  { // 28
             -2110601713: 1669
             -1797670619: 1601
             -1622779668: 1720
             -1519488139: 1873
             -1397103205: 1805
             -1371256477: 1839
             -1285234099: 1652
             -1264306465: 1420
             -1180550997: 1771
             -1125790946: 1468
             -1030643300: 1618
              -984520073: 1856
              -807322923: 1686
              -807310879: 1516
              -416220263: 1584
              -234424485: 1452
              -211323580: 1788
               -45490297: 1484
               220113279: 1567
               333576667: 1533
               685184979: 1436
               969922663: 1822
              1255188119: 1500
              1937329481: 1635
              2025060563: 1703
              2055415904: 1754
              2061635901: 1550
              2070308238: 1737
                 default: 1887
            }
      1420: aload_3
      1421: ldc_w         #843                // String open_dashboard
      1424: invokevirtual #438                // Method java/lang/String.equals:(Ljava/lang/Object;)Z
      1427: ifeq          1887
      1430: iconst_0
      1431: istore        4
      1433: goto          1887
      1436: aload_3
      1437: ldc_w         #1009               // String open_mayor
      1440: invokevirtual #438                // Method java/lang/String.equals:(Ljava/lang/Object;)Z
      1443: ifeq          1887
      1446: iconst_1
      1447: istore        4
      1449: goto          1887
      1452: aload_3
      1453: ldc_w         #1011               // String open_manual
      1456: invokevirtual #438                // Method java/lang/String.equals:(Ljava/lang/Object;)Z
      1459: ifeq          1887
      1462: iconst_2
      1463: istore        4
      1465: goto          1887
      1468: aload_3
      1469: ldc_w         #1013               // String open_caller_menu
      1472: invokevirtual #438                // Method java/lang/String.equals:(Ljava/lang/Object;)Z
      1475: ifeq          1887
      1478: iconst_3
      1479: istore        4
      1481: goto          1887
      1484: aload_3
      1485: ldc_w         #1015               // String open_status
      1488: invokevirtual #438                // Method java/lang/String.equals:(Ljava/lang/Object;)Z
      1491: ifeq          1887
      1494: iconst_4
      1495: istore        4
      1497: goto          1887
      1500: aload_3
      1501: ldc_w         #1017               // String open_personal_progress
      1504: invokevirtual #438                // Method java/lang/String.equals:(Ljava/lang/Object;)Z
      1507: ifeq          1887
      1510: iconst_5
      1511: istore        4
      1513: goto          1887
      1516: aload_3
      1517: ldc_w         #1019               // String open_skill_tree
      1520: invokevirtual #438                // Method java/lang/String.equals:(Ljava/lang/Object;)Z
      1523: ifeq          1887
      1526: bipush        6
      1528: istore        4
      1530: goto          1887
      1533: aload_3
      1534: ldc_w         #1021               // String open_role_progress_current
      1537: invokevirtual #438                // Method java/lang/String.equals:(Ljava/lang/Object;)Z
      1540: ifeq          1887
      1543: bipush        7
      1545: istore        4
      1547: goto          1887
      1550: aload_3
      1551: ldc_w         #660                // String open_role_skill_research
      1554: invokevirtual #438                // Method java/lang/String.equals:(Ljava/lang/Object;)Z
      1557: ifeq          1887
      1560: bipush        8
      1562: istore        4
      1564: goto          1887
      1567: aload_3
      1568: ldc_w         #552                // String open_forge_enhancement
      1571: invokevirtual #438                // Method java/lang/String.equals:(Ljava/lang/Object;)Z
      1574: ifeq          1887
      1577: bipush        9
      1579: istore        4
      1581: goto          1887
      1584: aload_3
      1585: ldc_w         #901                // String open_fusion
      1588: invokevirtual #438                // Method java/lang/String.equals:(Ljava/lang/Object;)Z
      1591: ifeq          1887
      1594: bipush        10
      1596: istore        4
      1598: goto          1887
      1601: aload_3
      1602: ldc_w         #1023               // String open_wave_intel
      1605: invokevirtual #438                // Method java/lang/String.equals:(Ljava/lang/Object;)Z
      1608: ifeq          1887
      1611: bipush        11
      1613: istore        4
      1615: goto          1887
      1618: aload_3
      1619: ldc_w         #594                // String open_equipment_shop
      1622: invokevirtual #438                // Method java/lang/String.equals:(Ljava/lang/Object;)Z
      1625: ifeq          1887
      1628: bipush        12
      1630: istore        4
      1632: goto          1887
      1635: aload_3
      1636: ldc_w         #496                // String open_item_sell
      1639: invokevirtual #438                // Method java/lang/String.equals:(Ljava/lang/Object;)Z
      1642: ifeq          1887
      1645: bipush        13
      1647: istore        4
      1649: goto          1887
      1652: aload_3
      1653: ldc_w         #952                // String open_mercenary_command
      1656: invokevirtual #438                // Method java/lang/String.equals:(Ljava/lang/Object;)Z
      1659: ifeq          1887
      1662: bipush        14
      1664: istore        4
      1666: goto          1887
      1669: aload_3
      1670: ldc_w         #966                // String open_defense_research
      1673: invokevirtual #438                // Method java/lang/String.equals:(Ljava/lang/Object;)Z
      1676: ifeq          1887
      1679: bipush        15
      1681: istore        4
      1683: goto          1887
      1686: aload_3
      1687: ldc_w         #1025               // String open_skill_test
      1690: invokevirtual #438                // Method java/lang/String.equals:(Ljava/lang/Object;)Z
      1693: ifeq          1887
      1696: bipush        16
      1698: istore        4
      1700: goto          1887
      1703: aload_3
      1704: ldc_w         #707                // String open_skill_test_roles
      1707: invokevirtual #438                // Method java/lang/String.equals:(Ljava/lang/Object;)Z
      1710: ifeq          1887
      1713: bipush        17
      1715: istore        4
      1717: goto          1887
      1720: aload_3
      1721: ldc_w         #687                // String open_skill_test_skills
      1724: invokevirtual #438                // Method java/lang/String.equals:(Ljava/lang/Object;)Z
      1727: ifeq          1887
      1730: bipush        18
      1732: istore        4
      1734: goto          1887
      1737: aload_3
      1738: ldc_w         #711                // String test_spawn
      1741: invokevirtual #438                // Method java/lang/String.equals:(Ljava/lang/Object;)Z
      1744: ifeq          1887
      1747: bipush        19
      1749: istore        4
      1751: goto          1887
      1754: aload_3
      1755: ldc_w         #715                // String test_clear
      1758: invokevirtual #438                // Method java/lang/String.equals:(Ljava/lang/Object;)Z
      1761: ifeq          1887
      1764: bipush        20
      1766: istore        4
      1768: goto          1887
      1771: aload_3
      1772: ldc_w         #691                // String test_exit
      1775: invokevirtual #438                // Method java/lang/String.equals:(Ljava/lang/Object;)Z
      1778: ifeq          1887
      1781: bipush        21
      1783: istore        4
      1785: goto          1887
      1788: aload_3
      1789: ldc_w         #1027               // String forge_upgrade
      1792: invokevirtual #438                // Method java/lang/String.equals:(Ljava/lang/Object;)Z
      1795: ifeq          1887
      1798: bipush        22
      1800: istore        4
      1802: goto          1887
      1805: aload_3
      1806: ldc_w         #1029               // String smithy_forge_upgrade
      1809: invokevirtual #438                // Method java/lang/String.equals:(Ljava/lang/Object;)Z
      1812: ifeq          1887
      1815: bipush        23
      1817: istore        4
      1819: goto          1887
      1822: aload_3
      1823: ldc_w         #1031               // String forge_combine
      1826: invokevirtual #438                // Method java/lang/String.equals:(Ljava/lang/Object;)Z
      1829: ifeq          1887
      1832: bipush        24
      1834: istore        4
      1836: goto          1887
      1839: aload_3
      1840: ldc_w         #476                // String buy_arrows
      1843: invokevirtual #438                // Method java/lang/String.equals:(Ljava/lang/Object;)Z
      1846: ifeq          1887
      1849: bipush        25
      1851: istore        4
      1853: goto          1887
      1856: aload_3
      1857: ldc_w         #489                // String buy_food
      1860: invokevirtual #438                // Method java/lang/String.equals:(Ljava/lang/Object;)Z
      1863: ifeq          1887
      1866: bipush        26
      1868: istore        4
      1870: goto          1887
      1873: aload_3
      1874: ldc_w         #500                // String sell_loot
      1877: invokevirtual #438                // Method java/lang/String.equals:(Ljava/lang/Object;)Z
      1880: ifeq          1887
      1883: bipush        27
      1885: istore        4
      1887: iload         4
      1889: tableswitch   { // 0 to 27
                       0: 2016
                       1: 2016
                       2: 2023
                       3: 2023
                       4: 2030
                       5: 2037
                       6: 2044
                       7: 2051
                       8: 2072
                       9: 2079
                      10: 2086
                      11: 2093
                      12: 2100
                      13: 2107
                      14: 2114
                      15: 2121
                      16: 2128
                      17: 2135
                      18: 2142
                      19: 2149
                      20: 2172
                      21: 2195
                      22: 2231
                      23: 2231
                      24: 2238
                      25: 2245
                      26: 2285
                      27: 2325
                 default: 2365
            }
      2016: aload_0
      2017: invokestatic  #509                // Method openDashboard:(Lnet/minecraft/server/level/ServerPlayer;)V
      2020: goto          2367
      2023: aload_0
      2024: invokestatic  #1033               // Method openCaller:(Lnet/minecraft/server/level/ServerPlayer;)V
      2027: goto          2367
      2030: aload_0
      2031: invokestatic  #1036               // Method openStatus:(Lnet/minecraft/server/level/ServerPlayer;)V
      2034: goto          2367
      2037: aload_0
      2038: invokestatic  #1039               // Method openPersonalProgress:(Lnet/minecraft/server/level/ServerPlayer;)V
      2041: goto          2367
      2044: aload_0
      2045: invokestatic  #231                // Method openSkillTree:(Lnet/minecraft/server/level/ServerPlayer;)V
      2048: goto          2367
      2051: aload_0
      2052: invokestatic  #645                // Method kr/moonseungjun/villageguardians/VillageSkillTestSystem.isEnabled:(Lnet/minecraft/server/level/ServerPlayer;)Z
      2055: ifeq          2065
      2058: aload_0
      2059: invokestatic  #1042               // Method openSkillTestSkillManager:(Lnet/minecraft/server/level/ServerPlayer;)V
      2062: goto          2367
      2065: aload_0
      2066: invokestatic  #1045               // Method openRoleProgress:(Lnet/minecraft/server/level/ServerPlayer;)V
      2069: goto          2367
      2072: aload_0
      2073: invokestatic  #930                // Method openRoleSkillResearch:(Lnet/minecraft/server/level/ServerPlayer;)V
      2076: goto          2367
      2079: aload_0
      2080: invokestatic  #1048               // Method openForgeEnhancement:(Lnet/minecraft/server/level/ServerPlayer;)V
      2083: goto          2367
      2086: aload_0
      2087: invokestatic  #1051               // Method openFusion:(Lnet/minecraft/server/level/ServerPlayer;)V
      2090: goto          2367
      2093: aload_0
      2094: invokestatic  #1054               // Method openWaveIntel:(Lnet/minecraft/server/level/ServerPlayer;)V
      2097: goto          2367
      2100: aload_0
      2101: invokestatic  #515                // Method openEquipmentShop:(Lnet/minecraft/server/level/ServerPlayer;)V
      2104: goto          2367
      2107: aload_0
      2108: invokestatic  #1057               // Method openItemSell:(Lnet/minecraft/server/level/ServerPlayer;)V
      2111: goto          2367
      2114: aload_0
      2115: invokestatic  #1060               // Method openMercenaryCommand:(Lnet/minecraft/server/level/ServerPlayer;)V
      2118: goto          2367
      2121: aload_0
      2122: invokestatic  #1063               // Method openDefenseResearch:(Lnet/minecraft/server/level/ServerPlayer;)V
      2125: goto          2367
      2128: aload_0
      2129: invokestatic  #1066               // Method openSkillTest:(Lnet/minecraft/server/level/ServerPlayer;)V
      2132: goto          2367
      2135: aload_0
      2136: invokestatic  #990                // Method openSkillTestRoleManager:(Lnet/minecraft/server/level/ServerPlayer;)V
      2139: goto          2367
      2142: aload_0
      2143: invokestatic  #1042               // Method openSkillTestSkillManager:(Lnet/minecraft/server/level/ServerPlayer;)V
      2146: goto          2367
      2149: aload_0
      2150: aload_0
      2151: invokestatic  #1069               // Method kr/moonseungjun/villageguardians/VillageSkillTestSystem.spawnTargets:(Lnet/minecraft/server/level/ServerPlayer;)Ljava/lang/String;
      2154: invokedynamic #819,  0            // InvokeDynamic #47:makeConcatWithConstants:(Ljava/lang/String;)Ljava/lang/String;
      2159: invokestatic  #300                // InterfaceMethod net/minecraft/network/chat/Component.literal:(Ljava/lang/String;)Lnet/minecraft/network/chat/MutableComponent;
      2162: invokevirtual #306                // Method net/minecraft/server/level/ServerPlayer.sendSystemMessage:(Lnet/minecraft/network/chat/Component;)V
      2165: aload_0
      2166: invokestatic  #1042               // Method openSkillTestSkillManager:(Lnet/minecraft/server/level/ServerPlayer;)V
      2169: goto          2367
      2172: aload_0
      2173: aload_0
      2174: invokestatic  #1072               // Method kr/moonseungjun/villageguardians/VillageSkillTestSystem.clearTargets:(Lnet/minecraft/server/level/ServerPlayer;)Ljava/lang/String;
      2177: invokedynamic #819,  0            // InvokeDynamic #47:makeConcatWithConstants:(Ljava/lang/String;)Ljava/lang/String;
      2182: invokestatic  #300                // InterfaceMethod net/minecraft/network/chat/Component.literal:(Ljava/lang/String;)Lnet/minecraft/network/chat/MutableComponent;
      2185: invokevirtual #306                // Method net/minecraft/server/level/ServerPlayer.sendSystemMessage:(Lnet/minecraft/network/chat/Component;)V
      2188: aload_0
      2189: invokestatic  #1042               // Method openSkillTestSkillManager:(Lnet/minecraft/server/level/ServerPlayer;)V
      2192: goto          2367
      2195: aload_0
      2196: ldc_w         #656                // String 기술 시험
      2199: aload_0
      2200: invokestatic  #1075               // Method kr/moonseungjun/villageguardians/VillageSkillTestSystem.disable:(Lnet/minecraft/server/level/ServerPlayer;)Ljava/lang/String;
      2203: aload_0
      2204: invokevirtual #30                 // Method net/minecraft/server/level/ServerPlayer.getUUID:()Ljava/util/UUID;
      2207: invokestatic  #34                 // Method kr/moonseungjun/villageguardians/VillageCouncilState.roleOf:(Ljava/util/UUID;)Ljava/util/Optional;
      2210: invokevirtual #1078               // Method java/util/Optional.isPresent:()Z
      2213: ifeq          2222
      2216: ldc_w         #660                // String open_role_skill_research
      2219: goto          2225
      2222: ldc_w         #843                // String open_dashboard
      2225: invokestatic  #554                // Method openResult:(Lnet/minecraft/server/level/ServerPlayer;Ljava/lang/String;Ljava/lang/String;Ljava/lang/String;)V
      2228: goto          2367
      2231: aload_0
      2232: invokestatic  #1048               // Method openForgeEnhancement:(Lnet/minecraft/server/level/ServerPlayer;)V
      2235: goto          2367
      2238: aload_0
      2239: invokestatic  #1051               // Method openFusion:(Lnet/minecraft/server/level/ServerPlayer;)V
      2242: goto          2367
      2245: aload_0
      2246: getstatic     #512                // Field kr/moonseungjun/villageguardians/VillageProgressionSystem$Building.STOREHOUSE:Lkr/moonseungjun/villageguardians/VillageProgressionSystem$Building;
      2249: invokestatic  #544                // Method kr/moonseungjun/villageguardians/VillageLocationRules.isNear:(Lnet/minecraft/server/level/ServerPlayer;Lkr/moonseungjun/villageguardians/VillageProgressionSystem$Building;)Z
      2252: ifne          2268
      2255: aload_0
      2256: ldc_w         #1081               // String §c화살 구매는 창고 단말기 근처에서만 가능합니다.
      2259: invokestatic  #300                // InterfaceMethod net/minecraft/network/chat/Component.literal:(Ljava/lang/String;)Lnet/minecraft/network/chat/MutableComponent;
      2262: invokevirtual #306                // Method net/minecraft/server/level/ServerPlayer.sendSystemMessage:(Lnet/minecraft/network/chat/Component;)V
      2265: goto          2367
      2268: aload_0
      2269: ldc_w         #1083               // String 화살 구매 결과
      2272: aload_0
      2273: invokestatic  #1085               // Method kr/moonseungjun/villageguardians/VillageProgressionSystem.buyArrows:(Lnet/minecraft/server/level/ServerPlayer;)Ljava/lang/String;
      2276: ldc_w         #594                // String open_equipment_shop
      2279: invokestatic  #554                // Method openResult:(Lnet/minecraft/server/level/ServerPlayer;Ljava/lang/String;Ljava/lang/String;Ljava/lang/String;)V
      2282: goto          2367
      2285: aload_0
      2286: getstatic     #512                // Field kr/moonseungjun/villageguardians/VillageProgressionSystem$Building.STOREHOUSE:Lkr/moonseungjun/villageguardians/VillageProgressionSystem$Building;
      2289: invokestatic  #544                // Method kr/moonseungjun/villageguardians/VillageLocationRules.isNear:(Lnet/minecraft/server/level/ServerPlayer;Lkr/moonseungjun/villageguardians/VillageProgressionSystem$Building;)Z
      2292: ifne          2308
      2295: aload_0
      2296: ldc_w         #1088               // String §c식량 구매는 창고 단말기 근처에서만 가능합니다.
      2299: invokestatic  #300                // InterfaceMethod net/minecraft/network/chat/Component.literal:(Ljava/lang/String;)Lnet/minecraft/network/chat/MutableComponent;
      2302: invokevirtual #306                // Method net/minecraft/server/level/ServerPlayer.sendSystemMessage:(Lnet/minecraft/network/chat/Component;)V
      2305: goto          2367
      2308: aload_0
      2309: ldc_w         #1090               // String 식량 구매 결과
      2312: aload_0
      2313: invokestatic  #1092               // Method kr/moonseungjun/villageguardians/VillageProgressionSystem.buyFood:(Lnet/minecraft/server/level/ServerPlayer;)Ljava/lang/String;
      2316: ldc_w         #594                // String open_equipment_shop
      2319: invokestatic  #554                // Method openResult:(Lnet/minecraft/server/level/ServerPlayer;Ljava/lang/String;Ljava/lang/String;Ljava/lang/String;)V
      2322: goto          2367
      2325: aload_0
      2326: getstatic     #512                // Field kr/moonseungjun/villageguardians/VillageProgressionSystem$Building.STOREHOUSE:Lkr/moonseungjun/villageguardians/VillageProgressionSystem$Building;
      2329: invokestatic  #544                // Method kr/moonseungjun/villageguardians/VillageLocationRules.isNear:(Lnet/minecraft/server/level/ServerPlayer;Lkr/moonseungjun/villageguardians/VillageProgressionSystem$Building;)Z
      2332: ifne          2348
      2335: aload_0
      2336: ldc_w         #1095               // String §c전리품 판매는 창고 단말기 근처에서만 가능합니다.
      2339: invokestatic  #300                // InterfaceMethod net/minecraft/network/chat/Component.literal:(Ljava/lang/String;)Lnet/minecraft/network/chat/MutableComponent;
      2342: invokevirtual #306                // Method net/minecraft/server/level/ServerPlayer.sendSystemMessage:(Lnet/minecraft/network/chat/Component;)V
      2345: goto          2367
      2348: aload_0
      2349: ldc_w         #1097               // String 잡템 정산 결과
      2352: aload_0
      2353: invokestatic  #1099               // Method kr/moonseungjun/villageguardians/VillageTradingSystem.sellMonsterDrops:(Lnet/minecraft/server/level/ServerPlayer;)Ljava/lang/String;
      2356: ldc_w         #594                // String open_equipment_shop
      2359: invokestatic  #554                // Method openResult:(Lnet/minecraft/server/level/ServerPlayer;Ljava/lang/String;Ljava/lang/String;Ljava/lang/String;)V
      2362: goto          2367
      2365: iconst_0
      2366: ireturn
      2367: iconst_1
      2368: ireturn
      Exception table:
         from    to  target type
            47    57    60   Class java/lang/NumberFormatException
           509   545   548   Class java/lang/NumberFormatException
           597   622   625   Class java/lang/NumberFormatException
           651   676   679   Class java/lang/NumberFormatException
           777   785   788   Class java/lang/NumberFormatException
          1103  1111  1114   Class java/lang/NumberFormatException

  private static void fillLocalActions(net.minecraft.server.level.ServerPlayer, kr.moonseungjun.villageguardians.VillageProgressionSystem$Building, java.util.List<java.lang.String>, java.util.List<java.lang.String>);
    Code:
         0: getstatic     #1102               // Field kr/moonseungjun/villageguardians/VillageUiController$1.$SwitchMap$kr$moonseungjun$villageguardians$VillageProgressionSystem$Building:[I
         3: aload_1
         4: invokevirtual #1108               // Method kr/moonseungjun/villageguardians/VillageProgressionSystem$Building.ordinal:()I
         7: iaload
         8: tableswitch   { // 1 to 7
                       1: 52
                       2: 76
                       3: 112
                       4: 161
                       5: 164
                       6: 200
                       7: 200
                 default: 200
            }
        52: aload_2
        53: aload_3
        54: iconst_2
        55: anewarray     #100                // class java/lang/String
        58: dup
        59: iconst_0
        60: ldc_w         #1023               // String open_wave_intel
        63: aastore
        64: dup
        65: iconst_1
        66: ldc_w         #1111               // String 다음 웨이브 정찰|예상 병과·특성·보스 확인
        69: aastore
        70: invokestatic  #695                // Method add:(Ljava/util/List;Ljava/util/List;[Ljava/lang/String;)V
        73: goto          200
        76: aload_2
        77: aload_3
        78: iconst_4
        79: anewarray     #100                // class java/lang/String
        82: dup
        83: iconst_0
        84: ldc_w         #552                // String open_forge_enhancement
        87: aastore
        88: dup
        89: iconst_1
        90: ldc_w         #1113               // String 장비 선택 강화|보유한 등급 장비를 골라 개별 강화
        93: aastore
        94: dup
        95: iconst_2
        96: ldc_w         #901                // String open_fusion
        99: aastore
       100: dup
       101: iconst_3
       102: ldc_w         #1115               // String 장비 3개 합성|같은 종류·같은 등급·같은 강화 단계 세 개를 상위 등급으로 합성
       105: aastore
       106: invokestatic  #695                // Method add:(Ljava/util/List;Ljava/util/List;[Ljava/lang/String;)V
       109: goto          200
       112: aload_2
       113: aload_3
       114: bipush        6
       116: anewarray     #100                // class java/lang/String
       119: dup
       120: iconst_0
       121: ldc_w         #660                // String open_role_skill_research
       124: aastore
       125: dup
       126: iconst_1
       127: ldc_w         #1117               // String 직업 기술 연구|현재 직업의 기술 습득과 Z/V 장착만 관리
       130: aastore
       131: dup
       132: iconst_2
       133: ldc_w         #966                // String open_defense_research
       136: aastore
       137: dup
       138: iconst_3
       139: ldc_w         #1119               // String 마을 방어 연구|용병·포탑·전리품 연구 트리
       142: aastore
       143: dup
       144: iconst_4
       145: ldc_w         #1025               // String open_skill_test
       148: aastore
       149: dup
       150: iconst_5
       151: ldc_w         #1121               // String 외부 기술 시험장|야외 시험장으로 이동해 Z/V에 기술을 임시 장착하고 실제 모션 시험
       154: aastore
       155: invokestatic  #695                // Method add:(Ljava/util/List;Ljava/util/List;[Ljava/lang/String;)V
       158: goto          200
       161: goto          200
       164: aload_2
       165: aload_3
       166: iconst_4
       167: anewarray     #100                // class java/lang/String
       170: dup
       171: iconst_0
       172: ldc_w         #1023               // String open_wave_intel
       175: aastore
       176: dup
       177: iconst_1
       178: ldc_w         #1123               // String 다음 밤 적 정찰|웨이브별 병과·수량·특성·보스 편성 확인
       181: aastore
       182: dup
       183: iconst_2
       184: ldc_w         #952                // String open_mercenary_command
       187: aastore
       188: dup
       189: iconst_3
       190: ldc_w         #1125               // String 용병 고용·성장|병과를 선택해 지속 용병 배치
       193: aastore
       194: invokestatic  #695                // Method add:(Ljava/util/List;Ljava/util/List;[Ljava/lang/String;)V
       197: goto          200
       200: return

  private static java.lang.String localDescription(net.minecraft.server.level.ServerPlayer, kr.moonseungjun.villageguardians.VillageProgressionSystem$Building);
    Code:
         0: getstatic     #1102               // Field kr/moonseungjun/villageguardians/VillageUiController$1.$SwitchMap$kr$moonseungjun$villageguardians$VillageProgressionSystem$Building:[I
         3: aload_1
         4: invokevirtual #1108               // Method kr/moonseungjun/villageguardians/VillageProgressionSystem$Building.ordinal:()I
         7: iaload
         8: tableswitch   { // 1 to 7
                       1: 62
                       2: 68
                       3: 74
                       4: 80
                       5: 86
                       6: 100
                       7: 106
                 default: 52
            }
        52: new           #1127               // class java/lang/MatchException
        55: dup
        56: aconst_null
        57: aconst_null
        58: invokespecial #1129               // Method java/lang/MatchException."<init>":(Ljava/lang/String;Ljava/lang/Throwable;)V
        61: athrow
        62: ldc_w         #1132               // String 현장에서는 정찰만 확인합니다. 수리·강화·포탑 건설은 회관에서 진행합니다.
        65: goto          109
        68: ldc_w         #1134               // String 등급 장비를 하나씩 선택해 강화하고, 같은 종류·등급·강화 단계 장비 세 개를 합성합니다.
        71: goto          109
        74: ldc_w         #1136               // String 직업 기술과 용병·포탑 방어 연구를 담당합니다.
        77: goto          109
        80: ldc_w         #1138               // String 낮 동안 마을 안 플레이어의 체력을 항상 완전히 회복하고, 레벨별 전투 버프를 제공합니다.
        83: goto          109
        86: invokestatic  #1140               // Method kr/moonseungjun/villageguardians/VillageProgressionSystem.experienceMultiplierPercent:()I
        89: bipush        100
        91: isub
        92: invokedynamic #1143,  0           // InvokeDynamic #52:makeConcatWithConstants:(I)Ljava/lang/String;
        97: goto          109
       100: ldc_w         #1144               // String 장비·식량·화살 구매와 전리품 판매를 담당합니다.
       103: goto          109
       106: ldc_w         #1146               // String 직업 배치와 모든 시설 수리·강화·건설을 담당합니다.
       109: areturn

  private static java.lang.String managementEffect(kr.moonseungjun.villageguardians.VillageProgressionSystem$Building, int, net.minecraft.server.MinecraftServer);
    Code:
         0: iconst_0
         1: iconst_5
         2: iload_1
         3: invokestatic  #1148               // Method java/lang/Math.min:(II)I
         6: invokestatic  #121                // Method java/lang/Math.max:(II)I
         9: istore_3
        10: getstatic     #1102               // Field kr/moonseungjun/villageguardians/VillageUiController$1.$SwitchMap$kr$moonseungjun$villageguardians$VillageProgressionSystem$Building:[I
        13: aload_0
        14: invokevirtual #1108               // Method kr/moonseungjun/villageguardians/VillageProgressionSystem$Building.ordinal:()I
        17: iaload
        18: tableswitch   { // 1 to 7
                       1: 76
                       2: 94
                       3: 113
                       4: 129
                       5: 226
                       6: 210
                       7: 70
                 default: 60
            }
        60: new           #1127               // class java/lang/MatchException
        63: dup
        64: aconst_null
        65: aconst_null
        66: invokespecial #1129               // Method java/lang/MatchException."<init>":(Ljava/lang/String;Ljava/lang/Throwable;)V
        69: athrow
        70: ldc_w         #1151               // String 직업 배치·시설 수리·강화·공동 보급 조달
        73: goto          249
        76: sipush        1200
        79: iload_3
        80: sipush        350
        83: imul
        84: iadd
        85: iload_3
        86: invokedynamic #1153,  0           // InvokeDynamic #53:makeConcatWithConstants:(II)Ljava/lang/String;
        91: goto          249
        94: sipush        560
        97: iload_3
        98: bipush        120
       100: imul
       101: iadd
       102: iload_3
       103: iconst_4
       104: imul
       105: invokedynamic #1154,  0           // InvokeDynamic #54:makeConcatWithConstants:(II)Ljava/lang/String;
       110: goto          249
       113: sipush        520
       116: iload_3
       117: bipush        110
       119: imul
       120: iadd
       121: invokedynamic #1155,  0           // InvokeDynamic #55:makeConcatWithConstants:(I)Ljava/lang/String;
       126: goto          249
       129: sipush        520
       132: iload_3
       133: bipush        110
       135: imul
       136: iadd
       137: iload_3
       138: iconst_1
       139: if_icmplt     148
       142: ldc_w         #1156               // String  · 피해 저항
       145: goto          150
       148: ldc           #97                 // String
       150: iload_3
       151: iconst_2
       152: if_icmplt     161
       155: ldc_w         #1158               // String  · 이동 속도
       158: goto          163
       161: ldc           #97                 // String
       163: iload_3
       164: iconst_3
       165: if_icmplt     174
       168: ldc_w         #1160               // String  · 공격력
       171: goto          176
       174: ldc           #97                 // String
       176: iload_3
       177: iconst_4
       178: if_icmplt     187
       181: ldc_w         #1162               // String  · 재생
       184: goto          189
       187: ldc           #97                 // String
       189: iload_3
       190: iconst_5
       191: if_icmplt     200
       194: ldc_w         #1164               // String  · 보호막
       197: goto          202
       200: ldc           #97                 // String
       202: invokedynamic #1166,  0           // InvokeDynamic #56:makeConcatWithConstants:(ILjava/lang/String;Ljava/lang/String;Ljava/lang/String;Ljava/lang/String;Ljava/lang/String;)Ljava/lang/String;
       207: goto          249
       210: sipush        560
       213: iload_3
       214: bipush        120
       216: imul
       217: iadd
       218: invokedynamic #1169,  0           // InvokeDynamic #57:makeConcatWithConstants:(I)Ljava/lang/String;
       223: goto          249
       226: sipush        620
       229: iload_3
       230: sipush        130
       233: imul
       234: iadd
       235: iload_3
       236: bipush        10
       238: imul
       239: iconst_1
       240: iload_3
       241: iconst_2
       242: idiv
       243: iadd
       244: invokedynamic #1170,  0           // InvokeDynamic #58:makeConcatWithConstants:(III)Ljava/lang/String;
       249: areturn

  private static boolean requireTownHall(net.minecraft.server.level.ServerPlayer, java.lang.String);
    Code:
         0: aload_0
         1: invokestatic  #828                // Method kr/moonseungjun/villageguardians/VillageLocationRules.isNearTownHall:(Lnet/minecraft/server/level/ServerPlayer;)Z
         4: ifeq          9
         7: iconst_1
         8: ireturn
         9: aload_0
        10: aload_1
        11: invokedynamic #1173,  0           // InvokeDynamic #59:makeConcatWithConstants:(Ljava/lang/String;)Ljava/lang/String;
        16: invokestatic  #300                // InterfaceMethod net/minecraft/network/chat/Component.literal:(Ljava/lang/String;)Lnet/minecraft/network/chat/MutableComponent;
        19: invokevirtual #306                // Method net/minecraft/server/level/ServerPlayer.sendSystemMessage:(Lnet/minecraft/network/chat/Component;)V
        22: iconst_0
        23: ireturn

  private static void addShop(java.util.List<java.lang.String>, java.util.List<java.lang.String>, java.lang.String, java.lang.String, java.lang.String, java.lang.String, java.lang.String, java.lang.String, boolean);
    Code:
         0: aload_0
         1: aload_2
         2: invokeinterface #60,  2           // InterfaceMethod java/util/List.add:(Ljava/lang/Object;)Z
         7: pop
         8: aload_1
         9: ldc           #66                 // String |
        11: bipush        7
        13: anewarray     #68                 // class java/lang/CharSequence
        16: dup
        17: iconst_0
        18: ldc_w         #443                // String shop
        21: aastore
        22: dup
        23: iconst_1
        24: aload_3
        25: aastore
        26: dup
        27: iconst_2
        28: aload         4
        30: aastore
        31: dup
        32: iconst_3
        33: aload         5
        35: aastore
        36: dup
        37: iconst_4
        38: aload         6
        40: aastore
        41: dup
        42: iconst_5
        43: aload         7
        45: aastore
        46: dup
        47: bipush        6
        49: iload         8
        51: ifeq          59
        54: ldc           #89                 // String available
        56: goto          62
        59: ldc_w         #471                // String locked
        62: aastore
        63: invokestatic  #99                 // Method java/lang/String.join:(Ljava/lang/CharSequence;[Ljava/lang/CharSequence;)Ljava/lang/String;
        66: invokeinterface #60,  2           // InterfaceMethod java/util/List.add:(Ljava/lang/Object;)Z
        71: pop
        72: return

  private static void add(java.util.List<java.lang.String>, java.util.List<java.lang.String>, java.lang.String...);
    Code:
         0: iconst_0
         1: istore_3
         2: iload_3
         3: iconst_1
         4: iadd
         5: aload_2
         6: arraylength
         7: if_icmpge     38
        10: aload_0
        11: aload_2
        12: iload_3
        13: aaload
        14: invokeinterface #60,  2           // InterfaceMethod java/util/List.add:(Ljava/lang/Object;)Z
        19: pop
        20: aload_1
        21: aload_2
        22: iload_3
        23: iconst_1
        24: iadd
        25: aaload
        26: invokeinterface #60,  2           // InterfaceMethod java/util/List.add:(Ljava/lang/Object;)Z
        31: pop
        32: iinc          3, 2
        35: goto          2
        38: return

  private static void send(net.minecraft.server.level.ServerPlayer, java.lang.String, java.lang.String, java.lang.String, java.util.List<java.lang.String>, java.util.List<java.lang.String>);
    Code:
         0: new           #27                 // class java/util/ArrayList
         3: dup
         4: aload         4
         6: invokespecial #1174               // Method java/util/ArrayList."<init>":(Ljava/util/Collection;)V
         9: astore        6
        11: new           #27                 // class java/util/ArrayList
        14: dup
        15: aload         5
        17: invokespecial #1174               // Method java/util/ArrayList."<init>":(Ljava/util/Collection;)V
        20: astore        7
        22: aload_1
        23: invokestatic  #1177               // Method usesFacilityInformation:(Ljava/lang/String;)Z
        26: ifeq          71
        29: aload_3
        30: invokevirtual #729                // Method java/lang/String.isBlank:()Z
        33: ifne          71
        36: aload         6
        38: ldc_w         #796                // String facility_info
        41: invokeinterface #1180,  2         // InterfaceMethod java/util/List.contains:(Ljava/lang/Object;)Z
        46: ifne          71
        49: aload         6
        51: iconst_0
        52: ldc_w         #796                // String facility_info
        55: invokeinterface #1183,  3         // InterfaceMethod java/util/List.add:(ILjava/lang/Object;)V
        60: aload         7
        62: iconst_0
        63: ldc_w         #1186               // String 시설 정보|현재 단계·내구도·고유 효과 확인
        66: invokeinterface #1183,  3         // InterfaceMethod java/util/List.add:(ILjava/lang/Object;)V
        71: aload_0
        72: new           #1188               // class kr/moonseungjun/villageguardians/VillageNetwork$OpenVillageUiPayload
        75: dup
        76: aload_1
        77: aload_2
        78: aload_3
        79: ldc_w         #1190               // String \u001f
        82: aload         6
        84: invokestatic  #1192               // Method java/lang/String.join:(Ljava/lang/CharSequence;Ljava/lang/Iterable;)Ljava/lang/String;
        87: ldc_w         #1190               // String \u001f
        90: aload         7
        92: invokestatic  #1192               // Method java/lang/String.join:(Ljava/lang/CharSequence;Ljava/lang/Iterable;)Ljava/lang/String;
        95: invokespecial #1195               // Method kr/moonseungjun/villageguardians/VillageNetwork$OpenVillageUiPayload."<init>":(Ljava/lang/String;Ljava/lang/String;Ljava/lang/String;Ljava/lang/String;Ljava/lang/String;)V
        98: invokestatic  #1198               // Method kr/moonseungjun/villageguardians/VillageNetwork.open:(Lnet/minecraft/server/level/ServerPlayer;Lkr/moonseungjun/villageguardians/VillageNetwork$OpenVillageUiPayload;)V
       101: return

  private static boolean usesFacilityInformation(java.lang.String);
    Code:
         0: aload_0
         1: ldc_w         #539                // String building
         4: invokevirtual #438                // Method java/lang/String.equals:(Ljava/lang/Object;)Z
         7: ifne          90
        10: aload_0
        11: ldc_w         #1204               // String management
        14: invokevirtual #438                // Method java/lang/String.equals:(Ljava/lang/Object;)Z
        17: ifne          90
        20: aload_0
        21: ldc_w         #1206               // String funding
        24: invokevirtual #438                // Method java/lang/String.equals:(Ljava/lang/Object;)Z
        27: ifne          90
        30: aload_0
        31: ldc_w         #1208               // String tower_control
        34: invokevirtual #438                // Method java/lang/String.equals:(Ljava/lang/Object;)Z
        37: ifne          90
        40: aload_0
        41: ldc_w         #1210               // String tower_detail
        44: invokevirtual #438                // Method java/lang/String.equals:(Ljava/lang/Object;)Z
        47: ifne          90
        50: aload_0
        51: ldc_w         #1212               // String caller
        54: invokevirtual #438                // Method java/lang/String.equals:(Ljava/lang/Object;)Z
        57: ifne          90
        60: aload_0
        61: ldc_w         #1214               // String relic_choice
        64: invokevirtual #438                // Method java/lang/String.equals:(Ljava/lang/Object;)Z
        67: ifne          90
        70: aload_0
        71: ldc_w         #420                // String wave_intel
        74: invokevirtual #438                // Method java/lang/String.equals:(Ljava/lang/Object;)Z
        77: ifne          90
        80: aload_0
        81: ldc_w         #1216               // String skill_test
        84: invokevirtual #438                // Method java/lang/String.equals:(Ljava/lang/Object;)Z
        87: ifeq          94
        90: iconst_1
        91: goto          95
        94: iconst_0
        95: ireturn

  private static void lambda$handleAction$2(net.minecraft.server.level.ServerPlayer, java.lang.String[], kr.moonseungjun.villageguardians.VillageRole);
    Code:
         0: aload_0
         1: aload_0
         2: aload_2
         3: aload_1
         4: iconst_2
         5: aaload
         6: invokestatic  #1218               // Method kr/moonseungjun/villageguardians/VillageRoleSkillSystem.purchaseNode:(Lnet/minecraft/server/level/ServerPlayer;Lkr/moonseungjun/villageguardians/VillageRole;Ljava/lang/String;)Ljava/lang/String;
         9: invokedynamic #819,  0            // InvokeDynamic #47:makeConcatWithConstants:(Ljava/lang/String;)Ljava/lang/String;
        14: invokestatic  #300                // InterfaceMethod net/minecraft/network/chat/Component.literal:(Ljava/lang/String;)Lnet/minecraft/network/chat/MutableComponent;
        17: invokevirtual #306                // Method net/minecraft/server/level/ServerPlayer.sendSystemMessage:(Lnet/minecraft/network/chat/Component;)V
        20: aload_0
        21: aload_2
        22: invokestatic  #1222               // Method openRoleProgress:(Lnet/minecraft/server/level/ServerPlayer;Lkr/moonseungjun/villageguardians/VillageRole;)V
        25: return

  private static void lambda$handleAction$1(net.minecraft.server.level.ServerPlayer);
    Code:
         0: aload_0
         1: ldc_w         #1225               // String §c알 수 없는 직업입니다.
         4: invokestatic  #300                // InterfaceMethod net/minecraft/network/chat/Component.literal:(Ljava/lang/String;)Lnet/minecraft/network/chat/MutableComponent;
         7: invokevirtual #306                // Method net/minecraft/server/level/ServerPlayer.sendSystemMessage:(Lnet/minecraft/network/chat/Component;)V
        10: return

  private static void lambda$handleAction$0(net.minecraft.server.level.ServerPlayer, kr.moonseungjun.villageguardians.VillageRole);
    Code:
         0: aload_0
         1: aload_0
         2: aload_1
         3: invokestatic  #1227               // Method kr/moonseungjun/villageguardians/VillageCouncilState.chooseRole:(Lnet/minecraft/server/level/ServerPlayer;Lkr/moonseungjun/villageguardians/VillageRole;)Ljava/lang/String;
         6: invokedynamic #819,  0            // InvokeDynamic #47:makeConcatWithConstants:(Ljava/lang/String;)Ljava/lang/String;
        11: invokestatic  #300                // InterfaceMethod net/minecraft/network/chat/Component.literal:(Ljava/lang/String;)Lnet/minecraft/network/chat/MutableComponent;
        14: invokevirtual #306                // Method net/minecraft/server/level/ServerPlayer.sendSystemMessage:(Lnet/minecraft/network/chat/Component;)V
        17: aload_0
        18: invokestatic  #509                // Method openDashboard:(Lnet/minecraft/server/level/ServerPlayer;)V
        21: return

  private static void lambda$openRoleProgress$1(net.minecraft.server.level.ServerPlayer);
    Code:
         0: aload_0
         1: ldc_w         #383                // String §c마을 회관에서 직업을 먼저 배치하세요.
         4: invokestatic  #300                // InterfaceMethod net/minecraft/network/chat/Component.literal:(Ljava/lang/String;)Lnet/minecraft/network/chat/MutableComponent;
         7: invokevirtual #306                // Method net/minecraft/server/level/ServerPlayer.sendSystemMessage:(Lnet/minecraft/network/chat/Component;)V
        10: return

  private static void lambda$openRoleProgress$0(net.minecraft.server.level.ServerPlayer, kr.moonseungjun.villageguardians.VillageRole);
    Code:
         0: aload_0
         1: aload_1
         2: invokestatic  #1222               // Method openRoleProgress:(Lnet/minecraft/server/level/ServerPlayer;Lkr/moonseungjun/villageguardians/VillageRole;)V
         5: return
}
