Compiled from "VillageClientKeys.java"
public final class kr.moonseungjun.villageguardians.VillageClientKeys {
  private static final net.minecraft.client.KeyMapping$Category CATEGORY;

  private static final net.minecraft.client.KeyMapping ROLE_SKILL_ONE;

  private static final net.minecraft.client.KeyMapping ROLE_SKILL_TWO;

  private static final net.minecraft.client.KeyMapping QUICK_COMMUNICATION;

  private static final net.minecraft.client.KeyMapping STATUS;

  private static final net.minecraft.client.KeyMapping GROWTH;

  private static final net.minecraft.client.KeyMapping ROLE_PROGRESS;

  private static final java.util.Set<java.lang.Integer> VANILLA_RESERVED;

  private static boolean tickListenerRegistered;

  private static boolean bindingsChecked;

  private static boolean skillTwoPending;

  private static boolean skillTwoToolbarChord;

  private kr.moonseungjun.villageguardians.VillageClientKeys();
    Code:
         0: aload_0
         1: invokespecial #1                  // Method java/lang/Object."<init>":()V
         4: return

  private static net.minecraft.client.KeyMapping key(java.lang.String, int);
    Code:
         0: new           #7                  // class net/minecraft/client/KeyMapping
         3: dup
         4: aload_0
         5: invokedynamic #9,  0              // InvokeDynamic #0:makeConcatWithConstants:(Ljava/lang/String;)Ljava/lang/String;
        10: getstatic     #13                 // Field com/mojang/blaze3d/platform/InputConstants$Type.KEYSYM:Lcom/mojang/blaze3d/platform/InputConstants$Type;
        13: iload_1
        14: getstatic     #19                 // Field CATEGORY:Lnet/minecraft/client/KeyMapping$Category;
        17: invokespecial #25                 // Method net/minecraft/client/KeyMapping."<init>":(Ljava/lang/String;Lcom/mojang/blaze3d/platform/InputConstants$Type;ILnet/minecraft/client/KeyMapping$Category;)V
        20: areturn

  public static void registerKeyMappings(net.neoforged.neoforge.client.event.RegisterKeyMappingsEvent);
    Code:
         0: invokestatic  #28                 // Method mappings:()Ljava/util/List;
         3: invokeinterface #32,  1           // InterfaceMethod java/util/List.iterator:()Ljava/util/Iterator;
         8: astore_1
         9: aload_1
        10: invokeinterface #38,  1           // InterfaceMethod java/util/Iterator.hasNext:()Z
        15: ifeq          36
        18: aload_1
        19: invokeinterface #44,  1           // InterfaceMethod java/util/Iterator.next:()Ljava/lang/Object;
        24: checkcast     #7                  // class net/minecraft/client/KeyMapping
        27: astore_2
        28: aload_0
        29: aload_2
        30: invokevirtual #48                 // Method net/neoforged/neoforge/client/event/RegisterKeyMappingsEvent.register:(Lnet/minecraft/client/KeyMapping;)V
        33: goto          9
        36: getstatic     #54                 // Field tickListenerRegistered:Z
        39: ifne          59
        42: iconst_1
        43: putstatic     #54                 // Field tickListenerRegistered:Z
        46: getstatic     #58                 // Field net/neoforged/neoforge/common/NeoForge.EVENT_BUS:Lnet/neoforged/bus/api/IEventBus;
        49: invokedynamic #64,  0             // InvokeDynamic #1:accept:()Ljava/util/function/Consumer;
        54: invokeinterface #68,  2           // InterfaceMethod net/neoforged/bus/api/IEventBus.addListener:(Ljava/util/function/Consumer;)V
        59: return

  private static void onClientTick(net.neoforged.neoforge.client.event.ClientTickEvent$Post);
    Code:
         0: invokestatic  #74                 // Method net/minecraft/client/Minecraft.getInstance:()Lnet/minecraft/client/Minecraft;
         3: astore_1
         4: aload_1
         5: getfield      #80                 // Field net/minecraft/client/Minecraft.player:Lnet/minecraft/client/player/LocalPlayer;
         8: ifnull        22
        11: aload_1
        12: invokevirtual #84                 // Method net/minecraft/client/Minecraft.getConnection:()Lnet/minecraft/client/multiplayer/ClientPacketListener;
        15: ifnull        22
        18: aload_1
        19: invokestatic  #88                 // Method migrateBindings:(Lnet/minecraft/client/Minecraft;)V
        22: aload_1
        23: getfield      #80                 // Field net/minecraft/client/Minecraft.player:Lnet/minecraft/client/player/LocalPlayer;
        26: ifnull        46
        29: aload_1
        30: invokevirtual #84                 // Method net/minecraft/client/Minecraft.getConnection:()Lnet/minecraft/client/multiplayer/ClientPacketListener;
        33: ifnull        46
        36: aload_1
        37: getfield      #92                 // Field net/minecraft/client/Minecraft.gui:Lnet/minecraft/client/gui/Gui;
        40: invokevirtual #96                 // Method net/minecraft/client/gui/Gui.screen:()Lnet/minecraft/client/gui/screens/Screen;
        43: ifnull        90
        46: invokestatic  #28                 // Method mappings:()Ljava/util/List;
        49: invokeinterface #32,  1           // InterfaceMethod java/util/List.iterator:()Ljava/util/Iterator;
        54: astore_2
        55: aload_2
        56: invokeinterface #38,  1           // InterfaceMethod java/util/Iterator.hasNext:()Z
        61: ifeq          81
        64: aload_2
        65: invokeinterface #44,  1           // InterfaceMethod java/util/Iterator.next:()Ljava/lang/Object;
        70: checkcast     #7                  // class net/minecraft/client/KeyMapping
        73: astore_3
        74: aload_3
        75: invokestatic  #102                // Method drain:(Lnet/minecraft/client/KeyMapping;)V
        78: goto          55
        81: iconst_0
        82: putstatic     #105                // Field skillTwoPending:Z
        85: iconst_0
        86: putstatic     #108                // Field skillTwoToolbarChord:Z
        89: return
        90: getstatic     #111                // Field ROLE_SKILL_ONE:Lnet/minecraft/client/KeyMapping;
        93: ldc           #115                // String use_skill:0
        95: invokestatic  #117                // Method consume:(Lnet/minecraft/client/KeyMapping;Ljava/lang/String;)V
        98: aload_1
        99: invokestatic  #121                // Method consumeSkillTwo:(Lnet/minecraft/client/Minecraft;)V
       102: getstatic     #124                // Field QUICK_COMMUNICATION:Lnet/minecraft/client/KeyMapping;
       105: ldc           #127                // String open_quick_chat
       107: invokestatic  #117                // Method consume:(Lnet/minecraft/client/KeyMapping;Ljava/lang/String;)V
       110: getstatic     #129                // Field STATUS:Lnet/minecraft/client/KeyMapping;
       113: ldc           #132                // String open_status
       115: invokestatic  #117                // Method consume:(Lnet/minecraft/client/KeyMapping;Ljava/lang/String;)V
       118: getstatic     #134                // Field GROWTH:Lnet/minecraft/client/KeyMapping;
       121: ldc           #137                // String open_skill_tree
       123: invokestatic  #117                // Method consume:(Lnet/minecraft/client/KeyMapping;Ljava/lang/String;)V
       126: getstatic     #139                // Field ROLE_PROGRESS:Lnet/minecraft/client/KeyMapping;
       129: ldc           #142                // String open_role_progress_current
       131: invokestatic  #117                // Method consume:(Lnet/minecraft/client/KeyMapping;Ljava/lang/String;)V
       134: return

  public static java.lang.String skillOneKeyName();
    Code:
         0: getstatic     #111                // Field ROLE_SKILL_ONE:Lnet/minecraft/client/KeyMapping;
         3: invokestatic  #144                // Method keyName:(Lnet/minecraft/client/KeyMapping;)Ljava/lang/String;
         6: areturn

  public static java.lang.String skillTwoKeyName();
    Code:
         0: getstatic     #148                // Field ROLE_SKILL_TWO:Lnet/minecraft/client/KeyMapping;
         3: invokestatic  #144                // Method keyName:(Lnet/minecraft/client/KeyMapping;)Ljava/lang/String;
         6: areturn

  public static java.lang.String quickCommunicationKeyName();
    Code:
         0: getstatic     #124                // Field QUICK_COMMUNICATION:Lnet/minecraft/client/KeyMapping;
         3: invokestatic  #144                // Method keyName:(Lnet/minecraft/client/KeyMapping;)Ljava/lang/String;
         6: areturn

  public static java.lang.String statusKeyName();
    Code:
         0: getstatic     #129                // Field STATUS:Lnet/minecraft/client/KeyMapping;
         3: invokestatic  #144                // Method keyName:(Lnet/minecraft/client/KeyMapping;)Ljava/lang/String;
         6: areturn

  public static java.lang.String growthKeyName();
    Code:
         0: getstatic     #134                // Field GROWTH:Lnet/minecraft/client/KeyMapping;
         3: invokestatic  #144                // Method keyName:(Lnet/minecraft/client/KeyMapping;)Ljava/lang/String;
         6: areturn

  public static java.lang.String roleProgressKeyName();
    Code:
         0: getstatic     #139                // Field ROLE_PROGRESS:Lnet/minecraft/client/KeyMapping;
         3: invokestatic  #144                // Method keyName:(Lnet/minecraft/client/KeyMapping;)Ljava/lang/String;
         6: areturn

  public static java.lang.String compactSummary();
    Code:
         0: invokestatic  #151                // Method quickCommunicationKeyName:()Ljava/lang/String;
         3: invokestatic  #155                // Method skillOneKeyName:()Ljava/lang/String;
         6: invokestatic  #158                // Method skillTwoKeyName:()Ljava/lang/String;
         9: invokedynamic #161,  0            // InvokeDynamic #2:makeConcatWithConstants:(Ljava/lang/String;Ljava/lang/String;Ljava/lang/String;)Ljava/lang/String;
        14: areturn

  public static java.lang.String resolveTokens(java.lang.String);
    Code:
         0: aload_0
         1: ifnull        11
         4: aload_0
         5: invokevirtual #164                // Method java/lang/String.isEmpty:()Z
         8: ifeq          22
        11: aload_0
        12: ifnonnull     20
        15: ldc           #169                // String
        17: goto          21
        20: aload_0
        21: areturn
        22: aload_0
        23: ldc           #171                // String {SKILL1}
        25: invokestatic  #155                // Method skillOneKeyName:()Ljava/lang/String;
        28: invokevirtual #173                // Method java/lang/String.replace:(Ljava/lang/CharSequence;Ljava/lang/CharSequence;)Ljava/lang/String;
        31: ldc           #177                // String {SKILL2}
        33: invokestatic  #158                // Method skillTwoKeyName:()Ljava/lang/String;
        36: invokevirtual #173                // Method java/lang/String.replace:(Ljava/lang/CharSequence;Ljava/lang/CharSequence;)Ljava/lang/String;
        39: ldc           #179                // String {QUICK}
        41: invokestatic  #151                // Method quickCommunicationKeyName:()Ljava/lang/String;
        44: invokevirtual #173                // Method java/lang/String.replace:(Ljava/lang/CharSequence;Ljava/lang/CharSequence;)Ljava/lang/String;
        47: ldc           #181                // String {STATUS}
        49: invokestatic  #183                // Method statusKeyName:()Ljava/lang/String;
        52: invokevirtual #173                // Method java/lang/String.replace:(Ljava/lang/CharSequence;Ljava/lang/CharSequence;)Ljava/lang/String;
        55: ldc           #186                // String {GROWTH}
        57: invokestatic  #188                // Method growthKeyName:()Ljava/lang/String;
        60: invokevirtual #173                // Method java/lang/String.replace:(Ljava/lang/CharSequence;Ljava/lang/CharSequence;)Ljava/lang/String;
        63: ldc           #191                // String {ROLE}
        65: invokestatic  #193                // Method roleProgressKeyName:()Ljava/lang/String;
        68: invokevirtual #173                // Method java/lang/String.replace:(Ljava/lang/CharSequence;Ljava/lang/CharSequence;)Ljava/lang/String;
        71: areturn

  private static java.util.List<net.minecraft.client.KeyMapping> mappings();
    Code:
         0: getstatic     #111                // Field ROLE_SKILL_ONE:Lnet/minecraft/client/KeyMapping;
         3: getstatic     #148                // Field ROLE_SKILL_TWO:Lnet/minecraft/client/KeyMapping;
         6: getstatic     #124                // Field QUICK_COMMUNICATION:Lnet/minecraft/client/KeyMapping;
         9: getstatic     #129                // Field STATUS:Lnet/minecraft/client/KeyMapping;
        12: getstatic     #134                // Field GROWTH:Lnet/minecraft/client/KeyMapping;
        15: getstatic     #139                // Field ROLE_PROGRESS:Lnet/minecraft/client/KeyMapping;
        18: invokestatic  #196                // InterfaceMethod java/util/List.of:(Ljava/lang/Object;Ljava/lang/Object;Ljava/lang/Object;Ljava/lang/Object;Ljava/lang/Object;Ljava/lang/Object;)Ljava/util/List;
        21: areturn

  private static java.lang.String keyName(net.minecraft.client.KeyMapping);
    Code:
         0: aload_0
         1: invokevirtual #200                // Method net/minecraft/client/KeyMapping.getTranslatedKeyMessage:()Lnet/minecraft/network/chat/Component;
         4: invokeinterface #204,  1          // InterfaceMethod net/minecraft/network/chat/Component.getString:()Ljava/lang/String;
         9: areturn

  private static void migrateBindings(net.minecraft.client.Minecraft);
    Code:
         0: getstatic     #209                // Field bindingsChecked:Z
         3: ifeq          7
         6: return
         7: iconst_1
         8: putstatic     #209                // Field bindingsChecked:Z
        11: getstatic     #111                // Field ROLE_SKILL_ONE:Lnet/minecraft/client/KeyMapping;
        14: invokestatic  #212                // Method keyValue:(Lnet/minecraft/client/KeyMapping;)I
        17: bipush        90
        19: if_icmpne     81
        22: getstatic     #148                // Field ROLE_SKILL_TWO:Lnet/minecraft/client/KeyMapping;
        25: invokestatic  #212                // Method keyValue:(Lnet/minecraft/client/KeyMapping;)I
        28: bipush        86
        30: if_icmpne     81
        33: getstatic     #124                // Field QUICK_COMMUNICATION:Lnet/minecraft/client/KeyMapping;
        36: invokestatic  #212                // Method keyValue:(Lnet/minecraft/client/KeyMapping;)I
        39: bipush        66
        41: if_icmpne     81
        44: getstatic     #129                // Field STATUS:Lnet/minecraft/client/KeyMapping;
        47: invokestatic  #212                // Method keyValue:(Lnet/minecraft/client/KeyMapping;)I
        50: bipush        72
        52: if_icmpne     81
        55: getstatic     #134                // Field GROWTH:Lnet/minecraft/client/KeyMapping;
        58: invokestatic  #212                // Method keyValue:(Lnet/minecraft/client/KeyMapping;)I
        61: bipush        74
        63: if_icmpne     81
        66: getstatic     #139                // Field ROLE_PROGRESS:Lnet/minecraft/client/KeyMapping;
        69: invokestatic  #212                // Method keyValue:(Lnet/minecraft/client/KeyMapping;)I
        72: bipush        75
        74: if_icmpne     81
        77: iconst_1
        78: goto          82
        81: iconst_0
        82: istore_1
        83: new           #218                // class java/util/HashSet
        86: dup
        87: invokespecial #220                // Method java/util/HashSet."<init>":()V
        90: astore_2
        91: iconst_0
        92: istore_3
        93: invokestatic  #28                 // Method mappings:()Ljava/util/List;
        96: invokeinterface #32,  1           // InterfaceMethod java/util/List.iterator:()Ljava/util/Iterator;
       101: astore        4
       103: aload         4
       105: invokeinterface #38,  1           // InterfaceMethod java/util/Iterator.hasNext:()Z
       110: ifeq          172
       113: aload         4
       115: invokeinterface #44,  1           // InterfaceMethod java/util/Iterator.next:()Ljava/lang/Object;
       120: checkcast     #7                  // class net/minecraft/client/KeyMapping
       123: astore        5
       125: aload         5
       127: invokestatic  #212                // Method keyValue:(Lnet/minecraft/client/KeyMapping;)I
       130: istore        6
       132: iload         6
       134: ifle          167
       137: getstatic     #221                // Field VANILLA_RESERVED:Ljava/util/Set;
       140: iload         6
       142: invokestatic  #225                // Method java/lang/Integer.valueOf:(I)Ljava/lang/Integer;
       145: invokeinterface #231,  2          // InterfaceMethod java/util/Set.contains:(Ljava/lang/Object;)Z
       150: ifne          167
       153: aload_2
       154: iload         6
       156: invokestatic  #225                // Method java/lang/Integer.valueOf:(I)Ljava/lang/Integer;
       159: invokeinterface #237,  2          // InterfaceMethod java/util/Set.add:(Ljava/lang/Object;)Z
       164: ifne          169
       167: iconst_1
       168: istore_3
       169: goto          103
       172: iload_1
       173: ifne          181
       176: iload_3
       177: ifne          181
       180: return
       181: getstatic     #111                // Field ROLE_SKILL_ONE:Lnet/minecraft/client/KeyMapping;
       184: bipush        90
       186: invokestatic  #240                // Method set:(Lnet/minecraft/client/KeyMapping;I)V
       189: getstatic     #148                // Field ROLE_SKILL_TWO:Lnet/minecraft/client/KeyMapping;
       192: bipush        88
       194: invokestatic  #240                // Method set:(Lnet/minecraft/client/KeyMapping;I)V
       197: getstatic     #124                // Field QUICK_COMMUNICATION:Lnet/minecraft/client/KeyMapping;
       200: bipush        86
       202: invokestatic  #240                // Method set:(Lnet/minecraft/client/KeyMapping;I)V
       205: getstatic     #129                // Field STATUS:Lnet/minecraft/client/KeyMapping;
       208: bipush        72
       210: invokestatic  #240                // Method set:(Lnet/minecraft/client/KeyMapping;I)V
       213: getstatic     #134                // Field GROWTH:Lnet/minecraft/client/KeyMapping;
       216: bipush        74
       218: invokestatic  #240                // Method set:(Lnet/minecraft/client/KeyMapping;I)V
       221: getstatic     #139                // Field ROLE_PROGRESS:Lnet/minecraft/client/KeyMapping;
       224: bipush        75
       226: invokestatic  #240                // Method set:(Lnet/minecraft/client/KeyMapping;I)V
       229: invokestatic  #244                // Method net/minecraft/client/KeyMapping.resetMapping:()V
       232: aload_0
       233: getfield      #247                // Field net/minecraft/client/Minecraft.options:Lnet/minecraft/client/Options;
       236: invokevirtual #251                // Method net/minecraft/client/Options.save:()V
       239: return

  private static int keyValue(net.minecraft.client.KeyMapping);
    Code:
         0: aload_0
         1: invokevirtual #256                // Method net/minecraft/client/KeyMapping.getKey:()Lcom/mojang/blaze3d/platform/InputConstants$Key;
         4: invokevirtual #260                // Method com/mojang/blaze3d/platform/InputConstants$Key.getValue:()I
         7: ireturn

  private static void set(net.minecraft.client.KeyMapping, int);
    Code:
         0: aload_0
         1: getstatic     #13                 // Field com/mojang/blaze3d/platform/InputConstants$Type.KEYSYM:Lcom/mojang/blaze3d/platform/InputConstants$Type;
         4: iload_1
         5: invokevirtual #266                // Method com/mojang/blaze3d/platform/InputConstants$Type.getOrCreate:(I)Lcom/mojang/blaze3d/platform/InputConstants$Key;
         8: invokevirtual #270                // Method net/minecraft/client/KeyMapping.setKey:(Lcom/mojang/blaze3d/platform/InputConstants$Key;)V
        11: return

  private static void consumeSkillTwo(net.minecraft.client.Minecraft);
    Code:
         0: getstatic     #148                // Field ROLE_SKILL_TWO:Lnet/minecraft/client/KeyMapping;
         3: invokevirtual #274                // Method net/minecraft/client/KeyMapping.consumeClick:()Z
         6: ifeq          20
         9: iconst_1
        10: putstatic     #105                // Field skillTwoPending:Z
        13: iconst_0
        14: putstatic     #108                // Field skillTwoToolbarChord:Z
        17: goto          0
        20: getstatic     #105                // Field skillTwoPending:Z
        23: ifne          27
        26: return
        27: aload_0
        28: getfield      #247                // Field net/minecraft/client/Minecraft.options:Lnet/minecraft/client/Options;
        31: getfield      #277                // Field net/minecraft/client/Options.keyHotbarSlots:[Lnet/minecraft/client/KeyMapping;
        34: astore_1
        35: aload_1
        36: arraylength
        37: istore_2
        38: iconst_0
        39: istore_3
        40: iload_3
        41: iload_2
        42: if_icmpge     71
        45: aload_1
        46: iload_3
        47: aaload
        48: astore        4
        50: aload         4
        52: invokevirtual #281                // Method net/minecraft/client/KeyMapping.isDown:()Z
        55: ifeq          65
        58: iconst_1
        59: putstatic     #108                // Field skillTwoToolbarChord:Z
        62: goto          71
        65: iinc          3, 1
        68: goto          40
        71: getstatic     #148                // Field ROLE_SKILL_TWO:Lnet/minecraft/client/KeyMapping;
        74: invokevirtual #281                // Method net/minecraft/client/KeyMapping.isDown:()Z
        77: ifeq          81
        80: return
        81: getstatic     #108                // Field skillTwoToolbarChord:Z
        84: ifne          104
        87: new           #284                // class kr/moonseungjun/villageguardians/VillageNetwork$VillageUiActionPayload
        90: dup
        91: ldc_w         #286                // String use_skill:1
        94: invokespecial #288                // Method kr/moonseungjun/villageguardians/VillageNetwork$VillageUiActionPayload."<init>":(Ljava/lang/String;)V
        97: iconst_0
        98: anewarray     #291                // class net/minecraft/network/protocol/common/custom/CustomPacketPayload
       101: invokestatic  #293                // Method net/neoforged/neoforge/client/network/ClientPacketDistributor.sendToServer:(Lnet/minecraft/network/protocol/common/custom/CustomPacketPayload;[Lnet/minecraft/network/protocol/common/custom/CustomPacketPayload;)V
       104: iconst_0
       105: putstatic     #105                // Field skillTwoPending:Z
       108: iconst_0
       109: putstatic     #108                // Field skillTwoToolbarChord:Z
       112: return

  private static void drain(net.minecraft.client.KeyMapping);
    Code:
         0: aload_0
         1: invokevirtual #274                // Method net/minecraft/client/KeyMapping.consumeClick:()Z
         4: ifeq          10
         7: goto          0
        10: return

  private static void consume(net.minecraft.client.KeyMapping, java.lang.String);
    Code:
         0: aload_0
         1: invokevirtual #274                // Method net/minecraft/client/KeyMapping.consumeClick:()Z
         4: ifeq          25
         7: new           #284                // class kr/moonseungjun/villageguardians/VillageNetwork$VillageUiActionPayload
        10: dup
        11: aload_1
        12: invokespecial #288                // Method kr/moonseungjun/villageguardians/VillageNetwork$VillageUiActionPayload."<init>":(Ljava/lang/String;)V
        15: iconst_0
        16: anewarray     #291                // class net/minecraft/network/protocol/common/custom/CustomPacketPayload
        19: invokestatic  #293                // Method net/neoforged/neoforge/client/network/ClientPacketDistributor.sendToServer:(Lnet/minecraft/network/protocol/common/custom/CustomPacketPayload;[Lnet/minecraft/network/protocol/common/custom/CustomPacketPayload;)V
        22: goto          0
        25: return

  static {};
    Code:
         0: ldc_w         #301                // String villageguardians
         3: ldc_w         #303                // String controls
         6: invokestatic  #305                // Method net/minecraft/resources/Identifier.fromNamespaceAndPath:(Ljava/lang/String;Ljava/lang/String;)Lnet/minecraft/resources/Identifier;
         9: invokestatic  #311                // Method net/minecraft/client/KeyMapping$Category.register:(Lnet/minecraft/resources/Identifier;)Lnet/minecraft/client/KeyMapping$Category;
        12: putstatic     #19                 // Field CATEGORY:Lnet/minecraft/client/KeyMapping$Category;
        15: ldc_w         #316                // String role_skill_one
        18: bipush        90
        20: invokestatic  #318                // Method key:(Ljava/lang/String;I)Lnet/minecraft/client/KeyMapping;
        23: putstatic     #111                // Field ROLE_SKILL_ONE:Lnet/minecraft/client/KeyMapping;
        26: ldc_w         #322                // String role_skill_two
        29: bipush        88
        31: invokestatic  #318                // Method key:(Ljava/lang/String;I)Lnet/minecraft/client/KeyMapping;
        34: putstatic     #148                // Field ROLE_SKILL_TWO:Lnet/minecraft/client/KeyMapping;
        37: ldc_w         #324                // String quick_communication
        40: bipush        86
        42: invokestatic  #318                // Method key:(Ljava/lang/String;I)Lnet/minecraft/client/KeyMapping;
        45: putstatic     #124                // Field QUICK_COMMUNICATION:Lnet/minecraft/client/KeyMapping;
        48: ldc_w         #326                // String status
        51: bipush        72
        53: invokestatic  #318                // Method key:(Ljava/lang/String;I)Lnet/minecraft/client/KeyMapping;
        56: putstatic     #129                // Field STATUS:Lnet/minecraft/client/KeyMapping;
        59: ldc_w         #328                // String personal_progress
        62: bipush        74
        64: invokestatic  #318                // Method key:(Ljava/lang/String;I)Lnet/minecraft/client/KeyMapping;
        67: putstatic     #134                // Field GROWTH:Lnet/minecraft/client/KeyMapping;
        70: ldc_w         #330                // String role_progress
        73: bipush        75
        75: invokestatic  #318                // Method key:(Ljava/lang/String;I)Lnet/minecraft/client/KeyMapping;
        78: putstatic     #139                // Field ROLE_PROGRESS:Lnet/minecraft/client/KeyMapping;
        81: bipush        34
        83: anewarray     #226                // class java/lang/Integer
        86: dup
        87: iconst_0
        88: bipush        87
        90: invokestatic  #225                // Method java/lang/Integer.valueOf:(I)Ljava/lang/Integer;
        93: aastore
        94: dup
        95: iconst_1
        96: bipush        65
        98: invokestatic  #225                // Method java/lang/Integer.valueOf:(I)Ljava/lang/Integer;
       101: aastore
       102: dup
       103: iconst_2
       104: bipush        83
       106: invokestatic  #225                // Method java/lang/Integer.valueOf:(I)Ljava/lang/Integer;
       109: aastore
       110: dup
       111: iconst_3
       112: bipush        68
       114: invokestatic  #225                // Method java/lang/Integer.valueOf:(I)Ljava/lang/Integer;
       117: aastore
       118: dup
       119: iconst_4
       120: bipush        32
       122: invokestatic  #225                // Method java/lang/Integer.valueOf:(I)Ljava/lang/Integer;
       125: aastore
       126: dup
       127: iconst_5
       128: sipush        340
       131: invokestatic  #225                // Method java/lang/Integer.valueOf:(I)Ljava/lang/Integer;
       134: aastore
       135: dup
       136: bipush        6
       138: sipush        341
       141: invokestatic  #225                // Method java/lang/Integer.valueOf:(I)Ljava/lang/Integer;
       144: aastore
       145: dup
       146: bipush        7
       148: bipush        69
       150: invokestatic  #225                // Method java/lang/Integer.valueOf:(I)Ljava/lang/Integer;
       153: aastore
       154: dup
       155: bipush        8
       157: bipush        81
       159: invokestatic  #225                // Method java/lang/Integer.valueOf:(I)Ljava/lang/Integer;
       162: aastore
       163: dup
       164: bipush        9
       166: bipush        70
       168: invokestatic  #225                // Method java/lang/Integer.valueOf:(I)Ljava/lang/Integer;
       171: aastore
       172: dup
       173: bipush        10
       175: bipush        84
       177: invokestatic  #225                // Method java/lang/Integer.valueOf:(I)Ljava/lang/Integer;
       180: aastore
       181: dup
       182: bipush        11
       184: bipush        80
       186: invokestatic  #225                // Method java/lang/Integer.valueOf:(I)Ljava/lang/Integer;
       189: aastore
       190: dup
       191: bipush        12
       193: bipush        76
       195: invokestatic  #225                // Method java/lang/Integer.valueOf:(I)Ljava/lang/Integer;
       198: aastore
       199: dup
       200: bipush        13
       202: bipush        67
       204: invokestatic  #225                // Method java/lang/Integer.valueOf:(I)Ljava/lang/Integer;
       207: aastore
       208: dup
       209: bipush        14
       211: bipush        47
       213: invokestatic  #225                // Method java/lang/Integer.valueOf:(I)Ljava/lang/Integer;
       216: aastore
       217: dup
       218: bipush        15
       220: sipush        258
       223: invokestatic  #225                // Method java/lang/Integer.valueOf:(I)Ljava/lang/Integer;
       226: aastore
       227: dup
       228: bipush        16
       230: sipush        257
       233: invokestatic  #225                // Method java/lang/Integer.valueOf:(I)Ljava/lang/Integer;
       236: aastore
       237: dup
       238: bipush        17
       240: sipush        256
       243: invokestatic  #225                // Method java/lang/Integer.valueOf:(I)Ljava/lang/Integer;
       246: aastore
       247: dup
       248: bipush        18
       250: sipush        290
       253: invokestatic  #225                // Method java/lang/Integer.valueOf:(I)Ljava/lang/Integer;
       256: aastore
       257: dup
       258: bipush        19
       260: sipush        291
       263: invokestatic  #225                // Method java/lang/Integer.valueOf:(I)Ljava/lang/Integer;
       266: aastore
       267: dup
       268: bipush        20
       270: sipush        292
       273: invokestatic  #225                // Method java/lang/Integer.valueOf:(I)Ljava/lang/Integer;
       276: aastore
       277: dup
       278: bipush        21
       280: sipush        293
       283: invokestatic  #225                // Method java/lang/Integer.valueOf:(I)Ljava/lang/Integer;
       286: aastore
       287: dup
       288: bipush        22
       290: sipush        294
       293: invokestatic  #225                // Method java/lang/Integer.valueOf:(I)Ljava/lang/Integer;
       296: aastore
       297: dup
       298: bipush        23
       300: sipush        300
       303: invokestatic  #225                // Method java/lang/Integer.valueOf:(I)Ljava/lang/Integer;
       306: aastore
       307: dup
       308: bipush        24
       310: bipush        48
       312: invokestatic  #225                // Method java/lang/Integer.valueOf:(I)Ljava/lang/Integer;
       315: aastore
       316: dup
       317: bipush        25
       319: bipush        49
       321: invokestatic  #225                // Method java/lang/Integer.valueOf:(I)Ljava/lang/Integer;
       324: aastore
       325: dup
       326: bipush        26
       328: bipush        50
       330: invokestatic  #225                // Method java/lang/Integer.valueOf:(I)Ljava/lang/Integer;
       333: aastore
       334: dup
       335: bipush        27
       337: bipush        51
       339: invokestatic  #225                // Method java/lang/Integer.valueOf:(I)Ljava/lang/Integer;
       342: aastore
       343: dup
       344: bipush        28
       346: bipush        52
       348: invokestatic  #225                // Method java/lang/Integer.valueOf:(I)Ljava/lang/Integer;
       351: aastore
       352: dup
       353: bipush        29
       355: bipush        53
       357: invokestatic  #225                // Method java/lang/Integer.valueOf:(I)Ljava/lang/Integer;
       360: aastore
       361: dup
       362: bipush        30
       364: bipush        54
       366: invokestatic  #225                // Method java/lang/Integer.valueOf:(I)Ljava/lang/Integer;
       369: aastore
       370: dup
       371: bipush        31
       373: bipush        55
       375: invokestatic  #225                // Method java/lang/Integer.valueOf:(I)Ljava/lang/Integer;
       378: aastore
       379: dup
       380: bipush        32
       382: bipush        56
       384: invokestatic  #225                // Method java/lang/Integer.valueOf:(I)Ljava/lang/Integer;
       387: aastore
       388: dup
       389: bipush        33
       391: bipush        57
       393: invokestatic  #225                // Method java/lang/Integer.valueOf:(I)Ljava/lang/Integer;
       396: aastore
       397: invokestatic  #332                // InterfaceMethod java/util/Set.of:([Ljava/lang/Object;)Ljava/util/Set;
       400: putstatic     #221                // Field VANILLA_RESERVED:Ljava/util/Set;
       403: return
}
Compiled from "VillageRoleSkillSystem.java"
public final class kr.moonseungjun.villageguardians.VillageRoleSkillSystem {
  private static final java.util.Map<java.lang.String, java.lang.Integer> TREE_MASKS;

  private static final java.util.Map<java.lang.String, java.lang.Integer> SKILL_MASKS;

  private static final java.util.Map<java.lang.String, java.lang.String> EQUIPPED_SKILLS;

  private static final java.util.Map<java.lang.String, java.lang.Long> READY_AT;

  private static kr.moonseungjun.villageguardians.VillageRoleProgressData savedData;

  private kr.moonseungjun.villageguardians.VillageRoleSkillSystem();
    Code:
         0: aload_0
         1: invokespecial #1                  // Method java/lang/Object."<init>":()V
         4: return

  public static synchronized void initializeServer(net.minecraft.server.MinecraftServer);
    Code:
         0: aload_0
         1: invokevirtual #7                  // Method net/minecraft/server/MinecraftServer.overworld:()Lnet/minecraft/server/level/ServerLevel;
         4: invokevirtual #13                 // Method net/minecraft/server/level/ServerLevel.getDataStorage:()Lnet/minecraft/world/level/storage/SavedDataStorage;
         7: getstatic     #19                 // Field kr/moonseungjun/villageguardians/VillageRoleProgressData.TYPE:Lnet/minecraft/world/level/saveddata/SavedDataType;
        10: invokevirtual #25                 // Method net/minecraft/world/level/storage/SavedDataStorage.computeIfAbsent:(Lnet/minecraft/world/level/saveddata/SavedDataType;)Lnet/minecraft/world/level/saveddata/SavedData;
        13: checkcast     #20                 // class kr/moonseungjun/villageguardians/VillageRoleProgressData
        16: putstatic     #31                 // Field savedData:Lkr/moonseungjun/villageguardians/VillageRoleProgressData;
        19: getstatic     #37                 // Field TREE_MASKS:Ljava/util/Map;
        22: invokeinterface #41,  1           // InterfaceMethod java/util/Map.clear:()V
        27: getstatic     #37                 // Field TREE_MASKS:Ljava/util/Map;
        30: getstatic     #31                 // Field savedData:Lkr/moonseungjun/villageguardians/VillageRoleProgressData;
        33: invokevirtual #46                 // Method kr/moonseungjun/villageguardians/VillageRoleProgressData.treeMasks:()Ljava/util/Map;
        36: invokeinterface #50,  2           // InterfaceMethod java/util/Map.putAll:(Ljava/util/Map;)V
        41: getstatic     #54                 // Field SKILL_MASKS:Ljava/util/Map;
        44: invokeinterface #41,  1           // InterfaceMethod java/util/Map.clear:()V
        49: getstatic     #54                 // Field SKILL_MASKS:Ljava/util/Map;
        52: getstatic     #31                 // Field savedData:Lkr/moonseungjun/villageguardians/VillageRoleProgressData;
        55: invokevirtual #57                 // Method kr/moonseungjun/villageguardians/VillageRoleProgressData.skillMasks:()Ljava/util/Map;
        58: invokeinterface #50,  2           // InterfaceMethod java/util/Map.putAll:(Ljava/util/Map;)V
        63: getstatic     #60                 // Field EQUIPPED_SKILLS:Ljava/util/Map;
        66: invokeinterface #41,  1           // InterfaceMethod java/util/Map.clear:()V
        71: getstatic     #60                 // Field EQUIPPED_SKILLS:Ljava/util/Map;
        74: getstatic     #31                 // Field savedData:Lkr/moonseungjun/villageguardians/VillageRoleProgressData;
        77: invokevirtual #63                 // Method kr/moonseungjun/villageguardians/VillageRoleProgressData.equippedSkills:()Ljava/util/Map;
        80: invokeinterface #50,  2           // InterfaceMethod java/util/Map.putAll:(Ljava/util/Map;)V
        85: getstatic     #66                 // Field READY_AT:Ljava/util/Map;
        88: invokeinterface #41,  1           // InterfaceMethod java/util/Map.clear:()V
        93: invokestatic  #69                 // Method sanitizeLoadouts:()V
        96: invokestatic  #72                 // Method persist:()V
        99: return

  public static synchronized void resetTransientState();
    Code:
         0: getstatic     #66                 // Field READY_AT:Ljava/util/Map;
         3: invokeinterface #41,  1           // InterfaceMethod java/util/Map.clear:()V
         8: return

  public static synchronized boolean hasNode(net.minecraft.server.level.ServerPlayer, kr.moonseungjun.villageguardians.VillageRole, kr.moonseungjun.villageguardians.VillageRoleSkillSystem$RoleNode);
    Code:
         0: getstatic     #37                 // Field TREE_MASKS:Ljava/util/Map;
         3: aload_0
         4: invokevirtual #75                 // Method net/minecraft/server/level/ServerPlayer.getUUID:()Ljava/util/UUID;
         7: aload_1
         8: invokestatic  #81                 // Method roleKey:(Ljava/util/UUID;Lkr/moonseungjun/villageguardians/VillageRole;)Ljava/lang/String;
        11: iconst_0
        12: invokestatic  #85                 // Method java/lang/Integer.valueOf:(I)Ljava/lang/Integer;
        15: invokeinterface #91,  3           // InterfaceMethod java/util/Map.getOrDefault:(Ljava/lang/Object;Ljava/lang/Object;)Ljava/lang/Object;
        20: checkcast     #86                 // class java/lang/Integer
        23: invokevirtual #95                 // Method java/lang/Integer.intValue:()I
        26: istore_3
        27: iload_3
        28: aload_2
        29: invokevirtual #99                 // Method kr/moonseungjun/villageguardians/VillageRoleSkillSystem$RoleNode.ordinal:()I
        32: invokestatic  #104                // Method bit:(I)I
        35: iand
        36: ifeq          43
        39: iconst_1
        40: goto          44
        43: iconst_0
        44: ireturn

  public static synchronized int branchRank(net.minecraft.server.level.ServerPlayer, kr.moonseungjun.villageguardians.VillageRole, kr.moonseungjun.villageguardians.VillageRoleSkillSystem$RoleBranch);
    Code:
         0: iconst_0
         1: istore_3
         2: invokestatic  #108                // Method kr/moonseungjun/villageguardians/VillageRoleSkillSystem$RoleNode.values:()[Lkr/moonseungjun/villageguardians/VillageRoleSkillSystem$RoleNode;
         5: astore        4
         7: aload         4
         9: arraylength
        10: istore        5
        12: iconst_0
        13: istore        6
        15: iload         6
        17: iload         5
        19: if_icmpge     57
        22: aload         4
        24: iload         6
        26: aaload
        27: astore        7
        29: aload         7
        31: invokevirtual #112                // Method kr/moonseungjun/villageguardians/VillageRoleSkillSystem$RoleNode.branch:()Lkr/moonseungjun/villageguardians/VillageRoleSkillSystem$RoleBranch;
        34: aload_2
        35: if_acmpne     51
        38: aload_0
        39: aload_1
        40: aload         7
        42: invokestatic  #116                // Method hasNode:(Lnet/minecraft/server/level/ServerPlayer;Lkr/moonseungjun/villageguardians/VillageRole;Lkr/moonseungjun/villageguardians/VillageRoleSkillSystem$RoleNode;)Z
        45: ifeq          51
        48: iinc          3, 1
        51: iinc          6, 1
        54: goto          15
        57: iload_3
        58: ireturn

  public static float durationMultiplier(net.minecraft.server.level.ServerPlayer, kr.moonseungjun.villageguardians.VillageRole);
    Code:
         0: aload_0
         1: aload_1
         2: getstatic     #120                // Field kr/moonseungjun/villageguardians/VillageRoleSkillSystem$RoleBranch.DURATION:Lkr/moonseungjun/villageguardians/VillageRoleSkillSystem$RoleBranch;
         5: invokestatic  #126                // Method branchRank:(Lnet/minecraft/server/level/ServerPlayer;Lkr/moonseungjun/villageguardians/VillageRole;Lkr/moonseungjun/villageguardians/VillageRoleSkillSystem$RoleBranch;)I
         8: istore_2
         9: iconst_3
        10: iload_2
        11: invokestatic  #130                // Method java/lang/Math.min:(II)I
        14: i2f
        15: ldc           #136                // float 0.16f
        17: fmul
        18: iconst_0
        19: iload_2
        20: iconst_3
        21: isub
        22: invokestatic  #137                // Method java/lang/Math.max:(II)I
        25: i2f
        26: ldc           #140                // float 0.11f
        28: fmul
        29: fadd
        30: fstore_3
        31: fconst_1
        32: fload_3
        33: fadd
        34: freturn

  public static float powerMultiplier(net.minecraft.server.level.ServerPlayer, kr.moonseungjun.villageguardians.VillageRole);
    Code:
         0: aload_0
         1: aload_1
         2: getstatic     #141                // Field kr/moonseungjun/villageguardians/VillageRoleSkillSystem$RoleBranch.POWER:Lkr/moonseungjun/villageguardians/VillageRoleSkillSystem$RoleBranch;
         5: invokestatic  #126                // Method branchRank:(Lnet/minecraft/server/level/ServerPlayer;Lkr/moonseungjun/villageguardians/VillageRole;Lkr/moonseungjun/villageguardians/VillageRoleSkillSystem$RoleBranch;)I
         8: istore_2
         9: iconst_3
        10: iload_2
        11: invokestatic  #130                // Method java/lang/Math.min:(II)I
        14: i2f
        15: ldc           #144                // float 0.14f
        17: fmul
        18: iload_2
        19: iconst_3
        20: if_icmplt     28
        23: ldc           #145                // float 0.08f
        25: goto          29
        28: fconst_0
        29: fadd
        30: iconst_0
        31: iload_2
        32: iconst_3
        33: isub
        34: invokestatic  #137                // Method java/lang/Math.max:(II)I
        37: i2f
        38: ldc           #140                // float 0.11f
        40: fmul
        41: fadd
        42: fstore_3
        43: fconst_1
        44: fload_3
        45: fadd
        46: freturn

  public static int specialRank(net.minecraft.server.level.ServerPlayer, kr.moonseungjun.villageguardians.VillageRole);
    Code:
         0: aload_0
         1: aload_1
         2: getstatic     #146                // Field kr/moonseungjun/villageguardians/VillageRoleSkillSystem$RoleBranch.SPECIAL:Lkr/moonseungjun/villageguardians/VillageRoleSkillSystem$RoleBranch;
         5: invokestatic  #126                // Method branchRank:(Lnet/minecraft/server/level/ServerPlayer;Lkr/moonseungjun/villageguardians/VillageRole;Lkr/moonseungjun/villageguardians/VillageRoleSkillSystem$RoleBranch;)I
         8: ireturn

  public static int roleTreeCooldownReductionSeconds(net.minecraft.server.level.ServerPlayer, kr.moonseungjun.villageguardians.VillageRole);
    Code:
         0: aload_0
         1: aload_1
         2: getstatic     #120                // Field kr/moonseungjun/villageguardians/VillageRoleSkillSystem$RoleBranch.DURATION:Lkr/moonseungjun/villageguardians/VillageRoleSkillSystem$RoleBranch;
         5: invokestatic  #126                // Method branchRank:(Lnet/minecraft/server/level/ServerPlayer;Lkr/moonseungjun/villageguardians/VillageRole;Lkr/moonseungjun/villageguardians/VillageRoleSkillSystem$RoleBranch;)I
         8: istore_2
         9: aload_0
        10: aload_1
        11: getstatic     #146                // Field kr/moonseungjun/villageguardians/VillageRoleSkillSystem$RoleBranch.SPECIAL:Lkr/moonseungjun/villageguardians/VillageRoleSkillSystem$RoleBranch;
        14: invokestatic  #126                // Method branchRank:(Lnet/minecraft/server/level/ServerPlayer;Lkr/moonseungjun/villageguardians/VillageRole;Lkr/moonseungjun/villageguardians/VillageRoleSkillSystem$RoleBranch;)I
        17: istore_3
        18: iconst_0
        19: iload_2
        20: iconst_3
        21: isub
        22: invokestatic  #137                // Method java/lang/Math.max:(II)I
        25: iconst_0
        26: iload_3
        27: iconst_3
        28: isub
        29: invokestatic  #137                // Method java/lang/Math.max:(II)I
        32: iadd
        33: ireturn

  public static java.util.List<kr.moonseungjun.villageguardians.VillageRoleSkillSystem$RoleNode> nodes();
    Code:
         0: invokestatic  #108                // Method kr/moonseungjun/villageguardians/VillageRoleSkillSystem$RoleNode.values:()[Lkr/moonseungjun/villageguardians/VillageRoleSkillSystem$RoleNode;
         3: invokestatic  #149                // Method java/util/Arrays.stream:([Ljava/lang/Object;)Ljava/util/stream/Stream;
         6: invokedynamic #155,  0            // InvokeDynamic #0:compare:()Ljava/util/Comparator;
        11: invokeinterface #159,  2          // InterfaceMethod java/util/stream/Stream.sorted:(Ljava/util/Comparator;)Ljava/util/stream/Stream;
        16: invokeinterface #165,  1          // InterfaceMethod java/util/stream/Stream.toList:()Ljava/util/List;
        21: areturn

  public static synchronized java.lang.String purchaseNode(net.minecraft.server.level.ServerPlayer, kr.moonseungjun.villageguardians.VillageRole, java.lang.String);
    Code:
         0: aload_0
         1: invokevirtual #75                 // Method net/minecraft/server/level/ServerPlayer.getUUID:()Ljava/util/UUID;
         4: invokestatic  #169                // Method kr/moonseungjun/villageguardians/VillageCouncilState.roleOf:(Ljava/util/UUID;)Ljava/util/Optional;
         7: aconst_null
         8: invokevirtual #175                // Method java/util/Optional.orElse:(Ljava/lang/Object;)Ljava/lang/Object;
        11: aload_1
        12: if_acmpeq     18
        15: ldc           #181                // String 현재 배치된 직업의 성장 경로만 습득할 수 있습니다.
        17: areturn
        18: aload_2
        19: invokestatic  #183                // Method kr/moonseungjun/villageguardians/VillageRoleSkillSystem$RoleNode.parse:(Ljava/lang/String;)Ljava/util/Optional;
        22: aconst_null
        23: invokevirtual #175                // Method java/util/Optional.orElse:(Ljava/lang/Object;)Ljava/lang/Object;
        26: checkcast     #100                // class kr/moonseungjun/villageguardians/VillageRoleSkillSystem$RoleNode
        29: astore_3
        30: aload_3
        31: ifnonnull     37
        34: ldc           #187                // String 알 수 없는 직업 성장 노드입니다.
        36: areturn
        37: aload_0
        38: aload_1
        39: aload_3
        40: invokestatic  #116                // Method hasNode:(Lnet/minecraft/server/level/ServerPlayer;Lkr/moonseungjun/villageguardians/VillageRole;Lkr/moonseungjun/villageguardians/VillageRoleSkillSystem$RoleNode;)Z
        43: ifeq          57
        46: aload_3
        47: aload_1
        48: invokevirtual #189                // Method kr/moonseungjun/villageguardians/VillageRoleSkillSystem$RoleNode.title:(Lkr/moonseungjun/villageguardians/VillageRole;)Ljava/lang/String;
        51: invokedynamic #193,  0            // InvokeDynamic #1:makeConcatWithConstants:(Ljava/lang/String;)Ljava/lang/String;
        56: areturn
        57: aload_3
        58: invokevirtual #197                // Method kr/moonseungjun/villageguardians/VillageRoleSkillSystem$RoleNode.prerequisite:()Lkr/moonseungjun/villageguardians/VillageRoleSkillSystem$RoleNode;
        61: ifnull        90
        64: aload_0
        65: aload_1
        66: aload_3
        67: invokevirtual #197                // Method kr/moonseungjun/villageguardians/VillageRoleSkillSystem$RoleNode.prerequisite:()Lkr/moonseungjun/villageguardians/VillageRoleSkillSystem$RoleNode;
        70: invokestatic  #116                // Method hasNode:(Lnet/minecraft/server/level/ServerPlayer;Lkr/moonseungjun/villageguardians/VillageRole;Lkr/moonseungjun/villageguardians/VillageRoleSkillSystem$RoleNode;)Z
        73: ifne          90
        76: aload_3
        77: invokevirtual #197                // Method kr/moonseungjun/villageguardians/VillageRoleSkillSystem$RoleNode.prerequisite:()Lkr/moonseungjun/villageguardians/VillageRoleSkillSystem$RoleNode;
        80: aload_1
        81: invokevirtual #189                // Method kr/moonseungjun/villageguardians/VillageRoleSkillSystem$RoleNode.title:(Lkr/moonseungjun/villageguardians/VillageRole;)Ljava/lang/String;
        84: invokedynamic #201,  0            // InvokeDynamic #2:makeConcatWithConstants:(Ljava/lang/String;)Ljava/lang/String;
        89: areturn
        90: aload_0
        91: invokevirtual #75                 // Method net/minecraft/server/level/ServerPlayer.getUUID:()Ljava/util/UUID;
        94: invokestatic  #202                // Method kr/moonseungjun/villageguardians/VillageCouncilState.levelOf:(Ljava/util/UUID;)I
        97: istore        4
        99: iload         4
       101: aload_3
       102: invokevirtual #206                // Method kr/moonseungjun/villageguardians/VillageRoleSkillSystem$RoleNode.requiredLevel:()I
       105: if_icmpge     120
       108: aload_3
       109: invokevirtual #206                // Method kr/moonseungjun/villageguardians/VillageRoleSkillSystem$RoleNode.requiredLevel:()I
       112: iload         4
       114: invokedynamic #209,  0            // InvokeDynamic #3:makeConcatWithConstants:(II)Ljava/lang/String;
       119: areturn
       120: aload_0
       121: aload_3
       122: invokevirtual #212                // Method kr/moonseungjun/villageguardians/VillageRoleSkillSystem$RoleNode.coinCost:()I
       125: invokestatic  #215                // Method kr/moonseungjun/villageguardians/VillageProgressionSystem.spendCoins:(Lnet/minecraft/server/level/ServerPlayer;I)Z
       128: ifne          145
       131: aload_3
       132: invokevirtual #212                // Method kr/moonseungjun/villageguardians/VillageRoleSkillSystem$RoleNode.coinCost:()I
       135: aload_0
       136: invokestatic  #221                // Method kr/moonseungjun/villageguardians/VillageProgressionSystem.coins:(Lnet/minecraft/server/level/ServerPlayer;)I
       139: invokedynamic #225,  0            // InvokeDynamic #4:makeConcatWithConstants:(II)Ljava/lang/String;
       144: areturn
       145: aload_0
       146: invokevirtual #75                 // Method net/minecraft/server/level/ServerPlayer.getUUID:()Ljava/util/UUID;
       149: aload_1
       150: invokestatic  #81                 // Method roleKey:(Ljava/util/UUID;Lkr/moonseungjun/villageguardians/VillageRole;)Ljava/lang/String;
       153: astore        5
       155: getstatic     #37                 // Field TREE_MASKS:Ljava/util/Map;
       158: aload         5
       160: getstatic     #37                 // Field TREE_MASKS:Ljava/util/Map;
       163: aload         5
       165: iconst_0
       166: invokestatic  #85                 // Method java/lang/Integer.valueOf:(I)Ljava/lang/Integer;
       169: invokeinterface #91,  3           // InterfaceMethod java/util/Map.getOrDefault:(Ljava/lang/Object;Ljava/lang/Object;)Ljava/lang/Object;
       174: checkcast     #86                 // class java/lang/Integer
       177: invokevirtual #95                 // Method java/lang/Integer.intValue:()I
       180: aload_3
       181: invokevirtual #99                 // Method kr/moonseungjun/villageguardians/VillageRoleSkillSystem$RoleNode.ordinal:()I
       184: invokestatic  #104                // Method bit:(I)I
       187: ior
       188: invokestatic  #85                 // Method java/lang/Integer.valueOf:(I)Ljava/lang/Integer;
       191: invokeinterface #226,  3          // InterfaceMethod java/util/Map.put:(Ljava/lang/Object;Ljava/lang/Object;)Ljava/lang/Object;
       196: pop
       197: invokestatic  #72                 // Method persist:()V
       200: aload_3
       201: aload_1
       202: invokevirtual #189                // Method kr/moonseungjun/villageguardians/VillageRoleSkillSystem$RoleNode.title:(Lkr/moonseungjun/villageguardians/VillageRole;)Ljava/lang/String;
       205: aload_0
       206: invokestatic  #221                // Method kr/moonseungjun/villageguardians/VillageProgressionSystem.coins:(Lnet/minecraft/server/level/ServerPlayer;)I
       209: invokedynamic #229,  0            // InvokeDynamic #5:makeConcatWithConstants:(Ljava/lang/String;I)Ljava/lang/String;
       214: areturn

  public static java.lang.String nodeStatus(net.minecraft.server.level.ServerPlayer, kr.moonseungjun.villageguardians.VillageRole, kr.moonseungjun.villageguardians.VillageRoleSkillSystem$RoleNode);
    Code:
         0: aload_0
         1: aload_1
         2: aload_2
         3: invokestatic  #116                // Method hasNode:(Lnet/minecraft/server/level/ServerPlayer;Lkr/moonseungjun/villageguardians/VillageRole;Lkr/moonseungjun/villageguardians/VillageRoleSkillSystem$RoleNode;)Z
         6: ifeq          12
         9: ldc           #232                // String 습득
        11: areturn
        12: aload_2
        13: invokevirtual #197                // Method kr/moonseungjun/villageguardians/VillageRoleSkillSystem$RoleNode.prerequisite:()Lkr/moonseungjun/villageguardians/VillageRoleSkillSystem$RoleNode;
        16: ifnull        34
        19: aload_0
        20: aload_1
        21: aload_2
        22: invokevirtual #197                // Method kr/moonseungjun/villageguardians/VillageRoleSkillSystem$RoleNode.prerequisite:()Lkr/moonseungjun/villageguardians/VillageRoleSkillSystem$RoleNode;
        25: invokestatic  #116                // Method hasNode:(Lnet/minecraft/server/level/ServerPlayer;Lkr/moonseungjun/villageguardians/VillageRole;Lkr/moonseungjun/villageguardians/VillageRoleSkillSystem$RoleNode;)Z
        28: ifne          34
        31: ldc           #234                // String 선행 필요
        33: areturn
        34: aload_0
        35: invokevirtual #75                 // Method net/minecraft/server/level/ServerPlayer.getUUID:()Ljava/util/UUID;
        38: invokestatic  #202                // Method kr/moonseungjun/villageguardians/VillageCouncilState.levelOf:(Ljava/util/UUID;)I
        41: istore_3
        42: iload_3
        43: aload_2
        44: invokevirtual #206                // Method kr/moonseungjun/villageguardians/VillageRoleSkillSystem$RoleNode.requiredLevel:()I
        47: if_icmpge     60
        50: aload_2
        51: invokevirtual #206                // Method kr/moonseungjun/villageguardians/VillageRoleSkillSystem$RoleNode.requiredLevel:()I
        54: invokedynamic #236,  0            // InvokeDynamic #6:makeConcatWithConstants:(I)Ljava/lang/String;
        59: areturn
        60: aload_0
        61: invokestatic  #221                // Method kr/moonseungjun/villageguardians/VillageProgressionSystem.coins:(Lnet/minecraft/server/level/ServerPlayer;)I
        64: aload_2
        65: invokevirtual #212                // Method kr/moonseungjun/villageguardians/VillageRoleSkillSystem$RoleNode.coinCost:()I
        68: if_icmpge     81
        71: aload_2
        72: invokevirtual #212                // Method kr/moonseungjun/villageguardians/VillageRoleSkillSystem$RoleNode.coinCost:()I
        75: invokedynamic #239,  0            // InvokeDynamic #7:makeConcatWithConstants:(I)Ljava/lang/String;
        80: areturn
        81: ldc           #240                // String 습득 가능
        83: areturn

  public static synchronized boolean hasSkill(net.minecraft.server.level.ServerPlayer, kr.moonseungjun.villageguardians.VillageRoleSkillSystem$ActiveSkill);
    Code:
         0: getstatic     #54                 // Field SKILL_MASKS:Ljava/util/Map;
         3: aload_0
         4: invokevirtual #75                 // Method net/minecraft/server/level/ServerPlayer.getUUID:()Ljava/util/UUID;
         7: aload_1
         8: invokevirtual #242                // Method kr/moonseungjun/villageguardians/VillageRoleSkillSystem$ActiveSkill.role:()Lkr/moonseungjun/villageguardians/VillageRole;
        11: invokestatic  #81                 // Method roleKey:(Ljava/util/UUID;Lkr/moonseungjun/villageguardians/VillageRole;)Ljava/lang/String;
        14: iconst_0
        15: invokestatic  #85                 // Method java/lang/Integer.valueOf:(I)Ljava/lang/Integer;
        18: invokeinterface #91,  3           // InterfaceMethod java/util/Map.getOrDefault:(Ljava/lang/Object;Ljava/lang/Object;)Ljava/lang/Object;
        23: checkcast     #86                 // class java/lang/Integer
        26: invokevirtual #95                 // Method java/lang/Integer.intValue:()I
        29: istore_2
        30: iload_2
        31: aload_1
        32: invokevirtual #248                // Method kr/moonseungjun/villageguardians/VillageRoleSkillSystem$ActiveSkill.roleIndex:()I
        35: invokestatic  #104                // Method bit:(I)I
        38: iand
        39: ifeq          46
        42: iconst_1
        43: goto          47
        46: iconst_0
        47: ireturn

  public static synchronized java.lang.String unlockSkill(net.minecraft.server.level.ServerPlayer, java.lang.String);
    Code:
         0: aload_1
         1: invokestatic  #251                // Method kr/moonseungjun/villageguardians/VillageRoleSkillSystem$ActiveSkill.parse:(Ljava/lang/String;)Ljava/util/Optional;
         4: aconst_null
         5: invokevirtual #175                // Method java/util/Optional.orElse:(Ljava/lang/Object;)Ljava/lang/Object;
         8: checkcast     #243                // class kr/moonseungjun/villageguardians/VillageRoleSkillSystem$ActiveSkill
        11: astore_2
        12: aload_2
        13: ifnonnull     19
        16: ldc           #252                // String 알 수 없는 직업 기술입니다.
        18: areturn
        19: aload_0
        20: invokevirtual #75                 // Method net/minecraft/server/level/ServerPlayer.getUUID:()Ljava/util/UUID;
        23: invokestatic  #169                // Method kr/moonseungjun/villageguardians/VillageCouncilState.roleOf:(Ljava/util/UUID;)Ljava/util/Optional;
        26: aconst_null
        27: invokevirtual #175                // Method java/util/Optional.orElse:(Ljava/lang/Object;)Ljava/lang/Object;
        30: checkcast     #254                // class kr/moonseungjun/villageguardians/VillageRole
        33: astore_3
        34: aload_3
        35: aload_2
        36: invokevirtual #242                // Method kr/moonseungjun/villageguardians/VillageRoleSkillSystem$ActiveSkill.role:()Lkr/moonseungjun/villageguardians/VillageRole;
        39: if_acmpeq     46
        42: ldc_w         #256                // String 현재 직업의 기술만 습득할 수 있습니다.
        45: areturn
        46: aload_0
        47: aload_2
        48: invokestatic  #258                // Method hasSkill:(Lnet/minecraft/server/level/ServerPlayer;Lkr/moonseungjun/villageguardians/VillageRoleSkillSystem$ActiveSkill;)Z
        51: ifeq          64
        54: aload_2
        55: invokevirtual #262                // Method kr/moonseungjun/villageguardians/VillageRoleSkillSystem$ActiveSkill.displayName:()Ljava/lang/String;
        58: invokedynamic #193,  0            // InvokeDynamic #1:makeConcatWithConstants:(Ljava/lang/String;)Ljava/lang/String;
        63: areturn
        64: aload_0
        65: invokevirtual #75                 // Method net/minecraft/server/level/ServerPlayer.getUUID:()Ljava/util/UUID;
        68: invokestatic  #202                // Method kr/moonseungjun/villageguardians/VillageCouncilState.levelOf:(Ljava/util/UUID;)I
        71: istore        4
        73: iload         4
        75: aload_2
        76: invokevirtual #266                // Method kr/moonseungjun/villageguardians/VillageRoleSkillSystem$ActiveSkill.requiredLevel:()I
        79: if_icmpge     94
        82: aload_2
        83: invokevirtual #266                // Method kr/moonseungjun/villageguardians/VillageRoleSkillSystem$ActiveSkill.requiredLevel:()I
        86: iload         4
        88: invokedynamic #209,  0            // InvokeDynamic #3:makeConcatWithConstants:(II)Ljava/lang/String;
        93: areturn
        94: aload_0
        95: aload_2
        96: invokevirtual #267                // Method kr/moonseungjun/villageguardians/VillageRoleSkillSystem$ActiveSkill.coinCost:()I
        99: invokestatic  #215                // Method kr/moonseungjun/villageguardians/VillageProgressionSystem.spendCoins:(Lnet/minecraft/server/level/ServerPlayer;I)Z
       102: ifne          119
       105: aload_2
       106: invokevirtual #267                // Method kr/moonseungjun/villageguardians/VillageRoleSkillSystem$ActiveSkill.coinCost:()I
       109: aload_0
       110: invokestatic  #221                // Method kr/moonseungjun/villageguardians/VillageProgressionSystem.coins:(Lnet/minecraft/server/level/ServerPlayer;)I
       113: invokedynamic #225,  0            // InvokeDynamic #4:makeConcatWithConstants:(II)Ljava/lang/String;
       118: areturn
       119: aload_0
       120: invokevirtual #75                 // Method net/minecraft/server/level/ServerPlayer.getUUID:()Ljava/util/UUID;
       123: aload_2
       124: invokevirtual #242                // Method kr/moonseungjun/villageguardians/VillageRoleSkillSystem$ActiveSkill.role:()Lkr/moonseungjun/villageguardians/VillageRole;
       127: invokestatic  #81                 // Method roleKey:(Ljava/util/UUID;Lkr/moonseungjun/villageguardians/VillageRole;)Ljava/lang/String;
       130: astore        5
       132: getstatic     #54                 // Field SKILL_MASKS:Ljava/util/Map;
       135: aload         5
       137: getstatic     #54                 // Field SKILL_MASKS:Ljava/util/Map;
       140: aload         5
       142: iconst_0
       143: invokestatic  #85                 // Method java/lang/Integer.valueOf:(I)Ljava/lang/Integer;
       146: invokeinterface #91,  3           // InterfaceMethod java/util/Map.getOrDefault:(Ljava/lang/Object;Ljava/lang/Object;)Ljava/lang/Object;
       151: checkcast     #86                 // class java/lang/Integer
       154: invokevirtual #95                 // Method java/lang/Integer.intValue:()I
       157: aload_2
       158: invokevirtual #248                // Method kr/moonseungjun/villageguardians/VillageRoleSkillSystem$ActiveSkill.roleIndex:()I
       161: invokestatic  #104                // Method bit:(I)I
       164: ior
       165: invokestatic  #85                 // Method java/lang/Integer.valueOf:(I)Ljava/lang/Integer;
       168: invokeinterface #226,  3          // InterfaceMethod java/util/Map.put:(Ljava/lang/Object;Ljava/lang/Object;)Ljava/lang/Object;
       173: pop
       174: aload_0
       175: aload_2
       176: invokestatic  #268                // Method equipIntoFirstFreeSlot:(Lnet/minecraft/server/level/ServerPlayer;Lkr/moonseungjun/villageguardians/VillageRoleSkillSystem$ActiveSkill;)V
       179: invokestatic  #72                 // Method persist:()V
       182: aload_2
       183: invokevirtual #262                // Method kr/moonseungjun/villageguardians/VillageRoleSkillSystem$ActiveSkill.displayName:()Ljava/lang/String;
       186: invokedynamic #272,  0            // InvokeDynamic #8:makeConcatWithConstants:(Ljava/lang/String;)Ljava/lang/String;
       191: areturn

  public static synchronized java.lang.String equipSkill(net.minecraft.server.level.ServerPlayer, java.lang.String, int);
    Code:
         0: aload_1
         1: invokestatic  #251                // Method kr/moonseungjun/villageguardians/VillageRoleSkillSystem$ActiveSkill.parse:(Ljava/lang/String;)Ljava/util/Optional;
         4: aconst_null
         5: invokevirtual #175                // Method java/util/Optional.orElse:(Ljava/lang/Object;)Ljava/lang/Object;
         8: checkcast     #243                // class kr/moonseungjun/villageguardians/VillageRoleSkillSystem$ActiveSkill
        11: astore_3
        12: aload_0
        13: invokevirtual #75                 // Method net/minecraft/server/level/ServerPlayer.getUUID:()Ljava/util/UUID;
        16: invokestatic  #169                // Method kr/moonseungjun/villageguardians/VillageCouncilState.roleOf:(Ljava/util/UUID;)Ljava/util/Optional;
        19: aconst_null
        20: invokevirtual #175                // Method java/util/Optional.orElse:(Ljava/lang/Object;)Ljava/lang/Object;
        23: checkcast     #254                // class kr/moonseungjun/villageguardians/VillageRole
        26: astore        4
        28: aload_3
        29: ifnull        46
        32: aload         4
        34: ifnull        46
        37: aload_3
        38: invokevirtual #242                // Method kr/moonseungjun/villageguardians/VillageRoleSkillSystem$ActiveSkill.role:()Lkr/moonseungjun/villageguardians/VillageRole;
        41: aload         4
        43: if_acmpeq     50
        46: ldc_w         #273                // String 현재 직업에 맞지 않는 기술입니다.
        49: areturn
        50: aload_0
        51: aload_3
        52: invokestatic  #258                // Method hasSkill:(Lnet/minecraft/server/level/ServerPlayer;Lkr/moonseungjun/villageguardians/VillageRoleSkillSystem$ActiveSkill;)Z
        55: ifne          62
        58: ldc_w         #275                // String 먼저 해당 기술을 습득해야 합니다.
        61: areturn
        62: iload_2
        63: iconst_1
        64: if_icmpne     71
        67: iconst_1
        68: goto          72
        71: iconst_0
        72: istore        5
        74: iload         5
        76: ifne          83
        79: iconst_1
        80: goto          84
        83: iconst_0
        84: istore        6
        86: aload_0
        87: invokevirtual #75                 // Method net/minecraft/server/level/ServerPlayer.getUUID:()Ljava/util/UUID;
        90: aload         4
        92: iload         6
        94: invokestatic  #277                // Method loadoutKey:(Ljava/util/UUID;Lkr/moonseungjun/villageguardians/VillageRole;I)Ljava/lang/String;
        97: astore        7
        99: aload_3
       100: invokevirtual #281                // Method kr/moonseungjun/villageguardians/VillageRoleSkillSystem$ActiveSkill.id:()Ljava/lang/String;
       103: getstatic     #60                 // Field EQUIPPED_SKILLS:Ljava/util/Map;
       106: aload         7
       108: invokeinterface #284,  2          // InterfaceMethod java/util/Map.get:(Ljava/lang/Object;)Ljava/lang/Object;
       113: invokevirtual #287                // Method java/lang/String.equals:(Ljava/lang/Object;)Z
       116: ifeq          130
       119: getstatic     #60                 // Field EQUIPPED_SKILLS:Ljava/util/Map;
       122: aload         7
       124: invokeinterface #293,  2          // InterfaceMethod java/util/Map.remove:(Ljava/lang/Object;)Ljava/lang/Object;
       129: pop
       130: getstatic     #60                 // Field EQUIPPED_SKILLS:Ljava/util/Map;
       133: aload_0
       134: invokevirtual #75                 // Method net/minecraft/server/level/ServerPlayer.getUUID:()Ljava/util/UUID;
       137: aload         4
       139: iload         5
       141: invokestatic  #277                // Method loadoutKey:(Ljava/util/UUID;Lkr/moonseungjun/villageguardians/VillageRole;I)Ljava/lang/String;
       144: aload_3
       145: invokevirtual #281                // Method kr/moonseungjun/villageguardians/VillageRoleSkillSystem$ActiveSkill.id:()Ljava/lang/String;
       148: invokeinterface #226,  3          // InterfaceMethod java/util/Map.put:(Ljava/lang/Object;Ljava/lang/Object;)Ljava/lang/Object;
       153: pop
       154: invokestatic  #72                 // Method persist:()V
       157: aload_3
       158: invokevirtual #262                // Method kr/moonseungjun/villageguardians/VillageRoleSkillSystem$ActiveSkill.displayName:()Ljava/lang/String;
       161: iload         5
       163: iconst_1
       164: iadd
       165: invokedynamic #296,  0            // InvokeDynamic #9:makeConcatWithConstants:(Ljava/lang/String;I)Ljava/lang/String;
       170: areturn

  public static synchronized java.util.Optional<kr.moonseungjun.villageguardians.VillageRoleSkillSystem$ActiveSkill> equippedSkill(net.minecraft.server.level.ServerPlayer, int);
    Code:
         0: aload_0
         1: invokestatic  #297                // Method kr/moonseungjun/villageguardians/VillageSkillTestSystem.isEnabled:(Lnet/minecraft/server/level/ServerPlayer;)Z
         4: ifeq          13
         7: aload_0
         8: iload_1
         9: invokestatic  #303                // Method kr/moonseungjun/villageguardians/VillageSkillTestSystem.equippedSkill:(Lnet/minecraft/server/level/ServerPlayer;I)Ljava/util/Optional;
        12: areturn
        13: aload_0
        14: invokevirtual #75                 // Method net/minecraft/server/level/ServerPlayer.getUUID:()Ljava/util/UUID;
        17: invokestatic  #169                // Method kr/moonseungjun/villageguardians/VillageCouncilState.roleOf:(Ljava/util/UUID;)Ljava/util/Optional;
        20: aconst_null
        21: invokevirtual #175                // Method java/util/Optional.orElse:(Ljava/lang/Object;)Ljava/lang/Object;
        24: checkcast     #254                // class kr/moonseungjun/villageguardians/VillageRole
        27: astore_2
        28: aload_2
        29: ifnonnull     36
        32: invokestatic  #307                // Method java/util/Optional.empty:()Ljava/util/Optional;
        35: areturn
        36: getstatic     #60                 // Field EQUIPPED_SKILLS:Ljava/util/Map;
        39: aload_0
        40: invokevirtual #75                 // Method net/minecraft/server/level/ServerPlayer.getUUID:()Ljava/util/UUID;
        43: aload_2
        44: iload_1
        45: iconst_1
        46: if_icmpne     53
        49: iconst_1
        50: goto          54
        53: iconst_0
        54: invokestatic  #277                // Method loadoutKey:(Ljava/util/UUID;Lkr/moonseungjun/villageguardians/VillageRole;I)Ljava/lang/String;
        57: invokeinterface #284,  2          // InterfaceMethod java/util/Map.get:(Ljava/lang/Object;)Ljava/lang/Object;
        62: checkcast     #288                // class java/lang/String
        65: invokestatic  #251                // Method kr/moonseungjun/villageguardians/VillageRoleSkillSystem$ActiveSkill.parse:(Ljava/lang/String;)Ljava/util/Optional;
        68: aload_2
        69: aload_0
        70: invokedynamic #311,  0            // InvokeDynamic #10:test:(Lkr/moonseungjun/villageguardians/VillageRole;Lnet/minecraft/server/level/ServerPlayer;)Ljava/util/function/Predicate;
        75: invokevirtual #315                // Method java/util/Optional.filter:(Ljava/util/function/Predicate;)Ljava/util/Optional;
        78: areturn

  public static java.lang.String loadoutSummary(net.minecraft.server.level.ServerPlayer);
    Code:
         0: aload_0
         1: iconst_0
         2: invokestatic  #319                // Method equippedSkill:(Lnet/minecraft/server/level/ServerPlayer;I)Ljava/util/Optional;
         5: invokedynamic #320,  0            // InvokeDynamic #11:apply:()Ljava/util/function/Function;
        10: invokevirtual #324                // Method java/util/Optional.map:(Ljava/util/function/Function;)Ljava/util/Optional;
        13: ldc_w         #328                // String 비어 있음
        16: invokevirtual #175                // Method java/util/Optional.orElse:(Ljava/lang/Object;)Ljava/lang/Object;
        19: checkcast     #288                // class java/lang/String
        22: astore_1
        23: aload_0
        24: iconst_1
        25: invokestatic  #319                // Method equippedSkill:(Lnet/minecraft/server/level/ServerPlayer;I)Ljava/util/Optional;
        28: invokedynamic #320,  0            // InvokeDynamic #11:apply:()Ljava/util/function/Function;
        33: invokevirtual #324                // Method java/util/Optional.map:(Ljava/util/function/Function;)Ljava/util/Optional;
        36: ldc_w         #328                // String 비어 있음
        39: invokevirtual #175                // Method java/util/Optional.orElse:(Ljava/lang/Object;)Ljava/lang/Object;
        42: checkcast     #288                // class java/lang/String
        45: astore_2
        46: aload_1
        47: aload_2
        48: invokedynamic #330,  0            // InvokeDynamic #12:makeConcatWithConstants:(Ljava/lang/String;Ljava/lang/String;)Ljava/lang/String;
        53: areturn

  public static synchronized int cooldownRemainingSeconds(net.minecraft.server.level.ServerPlayer, int);
    Code:
         0: aload_0
         1: ifnull        11
         4: aload_0
         5: invokestatic  #297                // Method kr/moonseungjun/villageguardians/VillageSkillTestSystem.isEnabled:(Lnet/minecraft/server/level/ServerPlayer;)Z
         8: ifeq          13
        11: iconst_0
        12: ireturn
        13: aload_0
        14: iload_1
        15: invokestatic  #319                // Method equippedSkill:(Lnet/minecraft/server/level/ServerPlayer;I)Ljava/util/Optional;
        18: aconst_null
        19: invokevirtual #175                // Method java/util/Optional.orElse:(Ljava/lang/Object;)Ljava/lang/Object;
        22: checkcast     #243                // class kr/moonseungjun/villageguardians/VillageRoleSkillSystem$ActiveSkill
        25: astore_2
        26: aload_2
        27: ifnonnull     32
        30: iconst_0
        31: ireturn
        32: getstatic     #66                 // Field READY_AT:Ljava/util/Map;
        35: aload_0
        36: invokevirtual #75                 // Method net/minecraft/server/level/ServerPlayer.getUUID:()Ljava/util/UUID;
        39: invokestatic  #333                // Method java/lang/String.valueOf:(Ljava/lang/Object;)Ljava/lang/String;
        42: aload_2
        43: invokevirtual #281                // Method kr/moonseungjun/villageguardians/VillageRoleSkillSystem$ActiveSkill.id:()Ljava/lang/String;
        46: invokedynamic #336,  0            // InvokeDynamic #13:makeConcatWithConstants:(Ljava/lang/String;Ljava/lang/String;)Ljava/lang/String;
        51: lconst_0
        52: invokestatic  #337                // Method java/lang/Long.valueOf:(J)Ljava/lang/Long;
        55: invokeinterface #91,  3           // InterfaceMethod java/util/Map.getOrDefault:(Ljava/lang/Object;Ljava/lang/Object;)Ljava/lang/Object;
        60: checkcast     #338                // class java/lang/Long
        63: invokevirtual #342                // Method java/lang/Long.longValue:()J
        66: invokestatic  #346                // Method java/lang/System.currentTimeMillis:()J
        69: lsub
        70: lstore_3
        71: lload_3
        72: lconst_0
        73: lcmp
        74: ifgt          81
        77: iconst_0
        78: goto          95
        81: lconst_1
        82: lload_3
        83: ldc2_w        #351                // long 999l
        86: ladd
        87: ldc2_w        #353                // long 1000l
        90: ldiv
        91: invokestatic  #355                // Method java/lang/Math.max:(JJ)J
        94: l2i
        95: ireturn

  public static synchronized float cooldownProgress(net.minecraft.server.level.ServerPlayer, int);
    Code:
         0: aload_0
         1: iload_1
         2: invokestatic  #319                // Method equippedSkill:(Lnet/minecraft/server/level/ServerPlayer;I)Ljava/util/Optional;
         5: aconst_null
         6: invokevirtual #175                // Method java/util/Optional.orElse:(Ljava/lang/Object;)Ljava/lang/Object;
         9: checkcast     #243                // class kr/moonseungjun/villageguardians/VillageRoleSkillSystem$ActiveSkill
        12: astore_2
        13: aload_2
        14: ifnull        24
        17: aload_0
        18: invokestatic  #297                // Method kr/moonseungjun/villageguardians/VillageSkillTestSystem.isEnabled:(Lnet/minecraft/server/level/ServerPlayer;)Z
        21: ifeq          26
        24: fconst_0
        25: freturn
        26: aload_0
        27: invokevirtual #75                 // Method net/minecraft/server/level/ServerPlayer.getUUID:()Ljava/util/UUID;
        30: invokestatic  #169                // Method kr/moonseungjun/villageguardians/VillageCouncilState.roleOf:(Ljava/util/UUID;)Ljava/util/Optional;
        33: aconst_null
        34: invokevirtual #175                // Method java/util/Optional.orElse:(Ljava/lang/Object;)Ljava/lang/Object;
        37: checkcast     #254                // class kr/moonseungjun/villageguardians/VillageRole
        40: astore_3
        41: aload_3
        42: ifnonnull     47
        45: fconst_0
        46: freturn
        47: aload_0
        48: aload_3
        49: aload_2
        50: invokestatic  #358                // Method effectiveCooldownSeconds:(Lnet/minecraft/server/level/ServerPlayer;Lkr/moonseungjun/villageguardians/VillageRole;Lkr/moonseungjun/villageguardians/VillageRoleSkillSystem$ActiveSkill;)I
        53: istore        4
        55: aload_0
        56: iload_1
        57: invokestatic  #362                // Method cooldownRemainingSeconds:(Lnet/minecraft/server/level/ServerPlayer;I)I
        60: istore        5
        62: iload         4
        64: ifgt          71
        67: fconst_0
        68: goto          86
        71: fconst_0
        72: fconst_1
        73: iload         5
        75: i2f
        76: iload         4
        78: i2f
        79: fdiv
        80: invokestatic  #366                // Method java/lang/Math.min:(FF)F
        83: invokestatic  #369                // Method java/lang/Math.max:(FF)F
        86: freturn

  public static java.lang.String hudSlotText(net.minecraft.server.level.ServerPlayer, int);
    Code:
         0: iload_1
         1: ifne          10
         4: ldc_w         #371                // String §b{SKILL1}
         7: goto          13
        10: ldc_w         #373                // String §d{SKILL2}
        13: astore_2
        14: aload_0
        15: iload_1
        16: invokestatic  #319                // Method equippedSkill:(Lnet/minecraft/server/level/ServerPlayer;I)Ljava/util/Optional;
        19: aconst_null
        20: invokevirtual #175                // Method java/util/Optional.orElse:(Ljava/lang/Object;)Ljava/lang/Object;
        23: checkcast     #243                // class kr/moonseungjun/villageguardians/VillageRoleSkillSystem$ActiveSkill
        26: astore_3
        27: aload_3
        28: ifnonnull     38
        31: aload_2
        32: invokedynamic #375,  0            // InvokeDynamic #14:makeConcatWithConstants:(Ljava/lang/String;)Ljava/lang/String;
        37: areturn
        38: aload_0
        39: iload_1
        40: invokestatic  #362                // Method cooldownRemainingSeconds:(Lnet/minecraft/server/level/ServerPlayer;I)I
        43: istore        4
        45: iload         4
        47: ifgt          61
        50: aload_2
        51: aload_3
        52: invokevirtual #262                // Method kr/moonseungjun/villageguardians/VillageRoleSkillSystem$ActiveSkill.displayName:()Ljava/lang/String;
        55: invokedynamic #376,  0            // InvokeDynamic #15:makeConcatWithConstants:(Ljava/lang/String;Ljava/lang/String;)Ljava/lang/String;
        60: areturn
        61: aload_0
        62: iload_1
        63: invokestatic  #377                // Method cooldownProgress:(Lnet/minecraft/server/level/ServerPlayer;I)F
        66: fstore        5
        68: iconst_0
        69: iconst_5
        70: fconst_1
        71: fload         5
        73: fsub
        74: ldc_w         #381                // float 5.0f
        77: fmul
        78: invokestatic  #382                // Method java/lang/Math.round:(F)I
        81: invokestatic  #130                // Method java/lang/Math.min:(II)I
        84: invokestatic  #137                // Method java/lang/Math.max:(II)I
        87: istore        6
        89: ldc_w         #386                // String ■
        92: iload         6
        94: invokevirtual #388                // Method java/lang/String.repeat:(I)Ljava/lang/String;
        97: ldc_w         #391                // String □
       100: iconst_5
       101: iload         6
       103: isub
       104: invokevirtual #388                // Method java/lang/String.repeat:(I)Ljava/lang/String;
       107: invokedynamic #393,  0            // InvokeDynamic #16:makeConcatWithConstants:(Ljava/lang/String;Ljava/lang/String;)Ljava/lang/String;
       112: astore        7
       114: aload_2
       115: aload_3
       116: invokevirtual #262                // Method kr/moonseungjun/villageguardians/VillageRoleSkillSystem$ActiveSkill.displayName:()Ljava/lang/String;
       119: iload         4
       121: aload         7
       123: invokedynamic #394,  0            // InvokeDynamic #17:makeConcatWithConstants:(Ljava/lang/String;Ljava/lang/String;ILjava/lang/String;)Ljava/lang/String;
       128: areturn

  public static kr.moonseungjun.villageguardians.VillageRoleSkillSystem$ScalingCoverage scalingCoverage(kr.moonseungjun.villageguardians.VillageRoleSkillSystem$ActiveSkill);
    Code:
         0: aload_0
         1: ifnonnull     18
         4: new           #397                // class kr/moonseungjun/villageguardians/VillageRoleSkillSystem$ScalingCoverage
         7: dup
         8: iconst_0
         9: iconst_0
        10: iconst_0
        11: ldc_w         #399                // String 기술 없음
        14: invokespecial #401                // Method kr/moonseungjun/villageguardians/VillageRoleSkillSystem$ScalingCoverage."<init>":(ZZZLjava/lang/String;)V
        17: areturn
        18: aload_0
        19: invokevirtual #404                // Method kr/moonseungjun/villageguardians/VillageRoleSkillSystem$ActiveSkill.ordinal:()I
        22: tableswitch   { // 0 to 19
                       0: 126
                       1: 142
                       2: 158
                       3: 174
                       4: 190
                       5: 206
                       6: 222
                       7: 238
                       8: 254
                       9: 270
                      10: 286
                      11: 302
                      12: 318
                      13: 334
                      14: 350
                      15: 366
                      16: 382
                      17: 398
                      18: 414
                      19: 430
                 default: 116
            }
       116: new           #405                // class java/lang/MatchException
       119: dup
       120: aconst_null
       121: aconst_null
       122: invokespecial #407                // Method java/lang/MatchException."<init>":(Ljava/lang/String;Ljava/lang/Throwable;)V
       125: athrow
       126: new           #397                // class kr/moonseungjun/villageguardians/VillageRoleSkillSystem$ScalingCoverage
       129: dup
       130: iconst_1
       131: iconst_1
       132: iconst_1
       133: ldc_w         #410                // String 위력=틱 피해 · 지속=회전 시간 · 특수=범위/대상/밀치기
       136: invokespecial #401                // Method kr/moonseungjun/villageguardians/VillageRoleSkillSystem$ScalingCoverage."<init>":(ZZZLjava/lang/String;)V
       139: goto          443
       142: new           #397                // class kr/moonseungjun/villageguardians/VillageRoleSkillSystem$ScalingCoverage
       145: dup
       146: iconst_1
       147: iconst_1
       148: iconst_1
       149: ldc_w         #412                // String 위력=공격 증폭 · 지속=버프 시간 · 특수=효과 단계/아군 강화
       152: invokespecial #401                // Method kr/moonseungjun/villageguardians/VillageRoleSkillSystem$ScalingCoverage."<init>":(ZZZLjava/lang/String;)V
       155: goto          443
       158: new           #397                // class kr/moonseungjun/villageguardians/VillageRoleSkillSystem$ScalingCoverage
       161: dup
       162: iconst_1
       163: iconst_1
       164: iconst_1
       165: ldc_w         #414                // String 위력=검기 피해 · 지속=검기 횟수 · 특수=검기 크기/사거리
       168: invokespecial #401                // Method kr/moonseungjun/villageguardians/VillageRoleSkillSystem$ScalingCoverage."<init>":(ZZZLjava/lang/String;)V
       171: goto          443
       174: new           #397                // class kr/moonseungjun/villageguardians/VillageRoleSkillSystem$ScalingCoverage
       177: dup
       178: iconst_1
       179: iconst_1
       180: iconst_1
       181: ldc_w         #416                // String 위력=강하 피해 · 지속=균열 약화 시간 · 특수=범위/제어
       184: invokespecial #401                // Method kr/moonseungjun/villageguardians/VillageRoleSkillSystem$ScalingCoverage."<init>":(ZZZLjava/lang/String;)V
       187: goto          443
       190: new           #397                // class kr/moonseungjun/villageguardians/VillageRoleSkillSystem$ScalingCoverage
       193: dup
       194: iconst_1
       195: iconst_1
       196: iconst_1
       197: ldc_w         #418                // String 위력=본체/추가 화살 피해 · 지속=준비 시간 · 특수=장전/추가 화살 수
       200: invokespecial #401                // Method kr/moonseungjun/villageguardians/VillageRoleSkillSystem$ScalingCoverage."<init>":(ZZZLjava/lang/String;)V
       203: goto          443
       206: new           #397                // class kr/moonseungjun/villageguardians/VillageRoleSkillSystem$ScalingCoverage
       209: dup
       210: iconst_1
       211: iconst_1
       212: iconst_1
       213: ldc_w         #420                // String 위력=추적/도탄 피해 · 지속=준비 시간 · 특수=도탄 반경/대상 수
       216: invokespecial #401                // Method kr/moonseungjun/villageguardians/VillageRoleSkillSystem$ScalingCoverage."<init>":(ZZZLjava/lang/String;)V
       219: goto          443
       222: new           #397                // class kr/moonseungjun/villageguardians/VillageRoleSkillSystem$ScalingCoverage
       225: dup
       226: iconst_1
       227: iconst_1
       228: iconst_1
       229: ldc_w         #422                // String 위력=화살비 피해 · 지속=준비/장판 시간 · 특수=범위/화상
       232: invokespecial #401                // Method kr/moonseungjun/villageguardians/VillageRoleSkillSystem$ScalingCoverage."<init>":(ZZZLjava/lang/String;)V
       235: goto          443
       238: new           #397                // class kr/moonseungjun/villageguardians/VillageRoleSkillSystem$ScalingCoverage
       241: dup
       242: iconst_1
       243: iconst_1
       244: iconst_1
       245: ldc_w         #424                // String 위력=대궁 피해 · 지속=준비 시간 · 특수=크기/관통 범위
       248: invokespecial #401                // Method kr/moonseungjun/villageguardians/VillageRoleSkillSystem$ScalingCoverage."<init>":(ZZZLjava/lang/String;)V
       251: goto          443
       254: new           #397                // class kr/moonseungjun/villageguardians/VillageRoleSkillSystem$ScalingCoverage
       257: dup
       258: iconst_1
       259: iconst_1
       260: iconst_1
       261: ldc_w         #426                // String 위력=폭발 피해 · 지속=비행 사거리 · 특수=폭발 범위/화상
       264: invokespecial #401                // Method kr/moonseungjun/villageguardians/VillageRoleSkillSystem$ScalingCoverage."<init>":(ZZZLjava/lang/String;)V
       267: goto          443
       270: new           #397                // class kr/moonseungjun/villageguardians/VillageRoleSkillSystem$ScalingCoverage
       273: dup
       274: iconst_1
       275: iconst_1
       276: iconst_1
       277: ldc_w         #428                // String 위력=지속 피해 · 지속=장판 시간 · 특수=범위/사거리
       280: invokespecial #401                // Method kr/moonseungjun/villageguardians/VillageRoleSkillSystem$ScalingCoverage."<init>":(ZZZLjava/lang/String;)V
       283: goto          443
       286: new           #397                // class kr/moonseungjun/villageguardians/VillageRoleSkillSystem$ScalingCoverage
       289: dup
       290: iconst_1
       291: iconst_1
       292: iconst_1
       293: ldc_w         #430                // String 위력=회랑 피해 · 지속=토네이도 시간 · 특수=범위/제어
       296: invokespecial #401                // Method kr/moonseungjun/villageguardians/VillageRoleSkillSystem$ScalingCoverage."<init>":(ZZZLjava/lang/String;)V
       299: goto          443
       302: new           #397                // class kr/moonseungjun/villageguardians/VillageRoleSkillSystem$ScalingCoverage
       305: dup
       306: iconst_1
       307: iconst_1
       308: iconst_1
       309: ldc_w         #432                // String 위력=낙뢰 피해 · 지속=폭격 시간 · 특수=범위/낙뢰 대상
       312: invokespecial #401                // Method kr/moonseungjun/villageguardians/VillageRoleSkillSystem$ScalingCoverage."<init>":(ZZZLjava/lang/String;)V
       315: goto          443
       318: new           #397                // class kr/moonseungjun/villageguardians/VillageRoleSkillSystem$ScalingCoverage
       321: dup
       322: iconst_1
       323: iconst_1
       324: iconst_1
       325: ldc_w         #434                // String 위력=즉시 회복 · 지속=재생/보호막 시간 · 특수=보호막 강도
       328: invokespecial #401                // Method kr/moonseungjun/villageguardians/VillageRoleSkillSystem$ScalingCoverage."<init>":(ZZZLjava/lang/String;)V
       331: goto          443
       334: new           #397                // class kr/moonseungjun/villageguardians/VillageRoleSkillSystem$ScalingCoverage
       337: dup
       338: iconst_1
       339: iconst_1
       340: iconst_1
       341: ldc_w         #436                // String 위력=회복량 · 지속=정화 후 보호 시간 · 특수=보호막/정화 범위
       344: invokespecial #401                // Method kr/moonseungjun/villageguardians/VillageRoleSkillSystem$ScalingCoverage."<init>":(ZZZLjava/lang/String;)V
       347: goto          443
       350: new           #397                // class kr/moonseungjun/villageguardians/VillageRoleSkillSystem$ScalingCoverage
       353: dup
       354: iconst_1
       355: iconst_1
       356: iconst_1
       357: ldc_w         #438                // String 위력=틱 회복 · 지속=성역 시간 · 특수=범위/보호
       360: invokespecial #401                // Method kr/moonseungjun/villageguardians/VillageRoleSkillSystem$ScalingCoverage."<init>":(ZZZLjava/lang/String;)V
       363: goto          443
       366: new           #397                // class kr/moonseungjun/villageguardians/VillageRoleSkillSystem$ScalingCoverage
       369: dup
       370: iconst_1
       371: iconst_1
       372: iconst_1
       373: ldc_w         #440                // String 위력=전체 회복 · 지속=보호막/재생 시간 · 특수=보호막 강도/부활
       376: invokespecial #401                // Method kr/moonseungjun/villageguardians/VillageRoleSkillSystem$ScalingCoverage."<init>":(ZZZLjava/lang/String;)V
       379: goto          443
       382: new           #397                // class kr/moonseungjun/villageguardians/VillageRoleSkillSystem$ScalingCoverage
       385: dup
       386: iconst_1
       387: iconst_1
       388: iconst_1
       389: ldc_w         #442                // String 위력=돌진 피해 · 지속=돌진 거리 · 특수=방패 폭/밀치기
       392: invokespecial #401                // Method kr/moonseungjun/villageguardians/VillageRoleSkillSystem$ScalingCoverage."<init>":(ZZZLjava/lang/String;)V
       395: goto          443
       398: new           #397                // class kr/moonseungjun/villageguardians/VillageRoleSkillSystem$ScalingCoverage
       401: dup
       402: iconst_1
       403: iconst_1
       404: iconst_1
       405: ldc_w         #444                // String 위력=함성 피해 · 지속=도발/약화 시간 · 특수=범위/약화 단계
       408: invokespecial #401                // Method kr/moonseungjun/villageguardians/VillageRoleSkillSystem$ScalingCoverage."<init>":(ZZZLjava/lang/String;)V
       411: goto          443
       414: new           #397                // class kr/moonseungjun/villageguardians/VillageRoleSkillSystem$ScalingCoverage
       417: dup
       418: iconst_1
       419: iconst_1
       420: iconst_1
       421: ldc_w         #446                // String 위력=보호막/접촉 피해 · 지속=태세 시간 · 특수=방패 범위/밀치기
       424: invokespecial #401                // Method kr/moonseungjun/villageguardians/VillageRoleSkillSystem$ScalingCoverage."<init>":(ZZZLjava/lang/String;)V
       427: goto          443
       430: new           #397                // class kr/moonseungjun/villageguardians/VillageRoleSkillSystem$ScalingCoverage
       433: dup
       434: iconst_1
       435: iconst_1
       436: iconst_1
       437: ldc_w         #448                // String 위력=보호막/진군 피해 · 지속=진군 시간 · 특수=방패 범위/저항
       440: invokespecial #401                // Method kr/moonseungjun/villageguardians/VillageRoleSkillSystem$ScalingCoverage."<init>":(ZZZLjava/lang/String;)V
       443: areturn

  public static boolean allSkillBranchesConnected();
    Code:
         0: invokestatic  #450                // Method kr/moonseungjun/villageguardians/VillageRoleSkillSystem$ActiveSkill.values:()[Lkr/moonseungjun/villageguardians/VillageRoleSkillSystem$ActiveSkill;
         3: invokestatic  #149                // Method java/util/Arrays.stream:([Ljava/lang/Object;)Ljava/util/stream/Stream;
         6: invokedynamic #453,  0            // InvokeDynamic #18:test:()Ljava/util/function/Predicate;
        11: invokeinterface #456,  2          // InterfaceMethod java/util/stream/Stream.allMatch:(Ljava/util/function/Predicate;)Z
        16: ireturn

  public static java.util.List<kr.moonseungjun.villageguardians.VillageRoleSkillSystem$ActiveSkill> skillsFor(kr.moonseungjun.villageguardians.VillageRole);
    Code:
         0: invokestatic  #450                // Method kr/moonseungjun/villageguardians/VillageRoleSkillSystem$ActiveSkill.values:()[Lkr/moonseungjun/villageguardians/VillageRoleSkillSystem$ActiveSkill;
         3: invokestatic  #149                // Method java/util/Arrays.stream:([Ljava/lang/Object;)Ljava/util/stream/Stream;
         6: aload_0
         7: invokedynamic #460,  0            // InvokeDynamic #19:test:(Lkr/moonseungjun/villageguardians/VillageRole;)Ljava/util/function/Predicate;
        12: invokeinterface #463,  2          // InterfaceMethod java/util/stream/Stream.filter:(Ljava/util/function/Predicate;)Ljava/util/stream/Stream;
        17: invokeinterface #165,  1          // InterfaceMethod java/util/stream/Stream.toList:()Ljava/util/List;
        22: areturn

  public static java.lang.String skillStatus(net.minecraft.server.level.ServerPlayer, kr.moonseungjun.villageguardians.VillageRoleSkillSystem$ActiveSkill);
    Code:
         0: aload_0
         1: aload_1
         2: invokestatic  #258                // Method hasSkill:(Lnet/minecraft/server/level/ServerPlayer;Lkr/moonseungjun/villageguardians/VillageRoleSkillSystem$ActiveSkill;)Z
         5: ifeq          32
         8: aload_0
         9: aload_1
        10: invokestatic  #466                // Method equippedSlot:(Lnet/minecraft/server/level/ServerPlayer;Lkr/moonseungjun/villageguardians/VillageRoleSkillSystem$ActiveSkill;)I
        13: istore_2
        14: iload_2
        15: iflt          29
        18: iload_2
        19: iconst_1
        20: iadd
        21: invokedynamic #470,  0            // InvokeDynamic #20:makeConcatWithConstants:(I)Ljava/lang/String;
        26: goto          31
        29: ldc           #232                // String 습득
        31: areturn
        32: aload_0
        33: invokevirtual #75                 // Method net/minecraft/server/level/ServerPlayer.getUUID:()Ljava/util/UUID;
        36: invokestatic  #202                // Method kr/moonseungjun/villageguardians/VillageCouncilState.levelOf:(Ljava/util/UUID;)I
        39: istore_2
        40: iload_2
        41: aload_1
        42: invokevirtual #266                // Method kr/moonseungjun/villageguardians/VillageRoleSkillSystem$ActiveSkill.requiredLevel:()I
        45: if_icmpge     58
        48: aload_1
        49: invokevirtual #266                // Method kr/moonseungjun/villageguardians/VillageRoleSkillSystem$ActiveSkill.requiredLevel:()I
        52: invokedynamic #236,  0            // InvokeDynamic #6:makeConcatWithConstants:(I)Ljava/lang/String;
        57: areturn
        58: aload_0
        59: invokestatic  #221                // Method kr/moonseungjun/villageguardians/VillageProgressionSystem.coins:(Lnet/minecraft/server/level/ServerPlayer;)I
        62: aload_1
        63: invokevirtual #267                // Method kr/moonseungjun/villageguardians/VillageRoleSkillSystem$ActiveSkill.coinCost:()I
        66: if_icmpge     79
        69: aload_1
        70: invokevirtual #267                // Method kr/moonseungjun/villageguardians/VillageRoleSkillSystem$ActiveSkill.coinCost:()I
        73: invokedynamic #239,  0            // InvokeDynamic #7:makeConcatWithConstants:(I)Ljava/lang/String;
        78: areturn
        79: ldc           #240                // String 습득 가능
        81: areturn

  public static int equippedSlot(net.minecraft.server.level.ServerPlayer, kr.moonseungjun.villageguardians.VillageRoleSkillSystem$ActiveSkill);
    Code:
         0: iconst_0
         1: istore_2
         2: iload_2
         3: iconst_2
         4: if_icmpge     28
         7: aload_0
         8: iload_2
         9: invokestatic  #319                // Method equippedSkill:(Lnet/minecraft/server/level/ServerPlayer;I)Ljava/util/Optional;
        12: aconst_null
        13: invokevirtual #175                // Method java/util/Optional.orElse:(Ljava/lang/Object;)Ljava/lang/Object;
        16: aload_1
        17: if_acmpne     22
        20: iload_2
        21: ireturn
        22: iinc          2, 1
        25: goto          2
        28: iconst_m1
        29: ireturn

  public static java.lang.String useEquippedSkill(net.minecraft.server.level.ServerPlayer, int);
    Code:
         0: aload_0
         1: invokestatic  #297                // Method kr/moonseungjun/villageguardians/VillageSkillTestSystem.isEnabled:(Lnet/minecraft/server/level/ServerPlayer;)Z
         4: istore_2
         5: iload_2
         6: ifeq          16
         9: aload_0
        10: invokestatic  #471                // Method kr/moonseungjun/villageguardians/VillageSkillTestSystem.selectedRole:(Lnet/minecraft/server/level/ServerPlayer;)Lkr/moonseungjun/villageguardians/VillageRole;
        13: goto          30
        16: aload_0
        17: invokevirtual #75                 // Method net/minecraft/server/level/ServerPlayer.getUUID:()Ljava/util/UUID;
        20: invokestatic  #169                // Method kr/moonseungjun/villageguardians/VillageCouncilState.roleOf:(Ljava/util/UUID;)Ljava/util/Optional;
        23: aconst_null
        24: invokevirtual #175                // Method java/util/Optional.orElse:(Ljava/lang/Object;)Ljava/lang/Object;
        27: checkcast     #254                // class kr/moonseungjun/villageguardians/VillageRole
        30: astore_3
        31: aload_3
        32: ifnonnull     39
        35: ldc_w         #475                // String 마을 회관에서 직업을 먼저 배치해야 합니다.
        38: areturn
        39: aload_0
        40: iload_1
        41: invokestatic  #319                // Method equippedSkill:(Lnet/minecraft/server/level/ServerPlayer;I)Ljava/util/Optional;
        44: aconst_null
        45: invokevirtual #175                // Method java/util/Optional.orElse:(Ljava/lang/Object;)Ljava/lang/Object;
        48: checkcast     #243                // class kr/moonseungjun/villageguardians/VillageRoleSkillSystem$ActiveSkill
        51: astore        4
        53: aload         4
        55: ifnonnull     82
        58: iload_2
        59: ifeq          73
        62: iload_1
        63: iconst_1
        64: iadd
        65: invokedynamic #477,  0            // InvokeDynamic #21:makeConcatWithConstants:(I)Ljava/lang/String;
        70: goto          81
        73: iload_1
        74: iconst_1
        75: iadd
        76: invokedynamic #478,  0            // InvokeDynamic #22:makeConcatWithConstants:(I)Ljava/lang/String;
        81: areturn
        82: aload_0
        83: invokevirtual #479                // Method net/minecraft/server/level/ServerPlayer.level:()Lnet/minecraft/server/level/ServerLevel;
        86: astore        6
        88: aload         6
        90: instanceof    #14                 // class net/minecraft/server/level/ServerLevel
        93: ifeq          103
        96: aload         6
        98: astore        5
       100: goto          107
       103: ldc_w         #482                // String 현재 월드에서는 기술을 사용할 수 없습니다.
       106: areturn
       107: invokestatic  #346                // Method java/lang/System.currentTimeMillis:()J
       110: lstore        6
       112: aload_0
       113: invokevirtual #75                 // Method net/minecraft/server/level/ServerPlayer.getUUID:()Ljava/util/UUID;
       116: invokestatic  #333                // Method java/lang/String.valueOf:(Ljava/lang/Object;)Ljava/lang/String;
       119: aload         4
       121: invokevirtual #281                // Method kr/moonseungjun/villageguardians/VillageRoleSkillSystem$ActiveSkill.id:()Ljava/lang/String;
       124: invokedynamic #336,  0            // InvokeDynamic #13:makeConcatWithConstants:(Ljava/lang/String;Ljava/lang/String;)Ljava/lang/String;
       129: astore        8
       131: iload_2
       132: ifne          193
       135: getstatic     #66                 // Field READY_AT:Ljava/util/Map;
       138: aload         8
       140: lconst_0
       141: invokestatic  #337                // Method java/lang/Long.valueOf:(J)Ljava/lang/Long;
       144: invokeinterface #91,  3           // InterfaceMethod java/util/Map.getOrDefault:(Ljava/lang/Object;Ljava/lang/Object;)Ljava/lang/Object;
       149: checkcast     #338                // class java/lang/Long
       152: invokevirtual #342                // Method java/lang/Long.longValue:()J
       155: lstore        9
       157: lload         9
       159: lload         6
       161: lcmp
       162: ifle          193
       165: aload         4
       167: invokevirtual #262                // Method kr/moonseungjun/villageguardians/VillageRoleSkillSystem$ActiveSkill.displayName:()Ljava/lang/String;
       170: lconst_1
       171: lload         9
       173: lload         6
       175: lsub
       176: ldc2_w        #351                // long 999l
       179: ladd
       180: ldc2_w        #353                // long 1000l
       183: ldiv
       184: invokestatic  #355                // Method java/lang/Math.max:(JJ)J
       187: invokedynamic #484,  0            // InvokeDynamic #23:makeConcatWithConstants:(Ljava/lang/String;J)Ljava/lang/String;
       192: areturn
       193: aload_0
       194: aload_3
       195: invokestatic  #487                // Method powerMultiplier:(Lnet/minecraft/server/level/ServerPlayer;Lkr/moonseungjun/villageguardians/VillageRole;)F
       198: aload_0
       199: invokestatic  #491                // Method kr/moonseungjun/villageguardians/VillageProgressionSystem.learnedSkillDamageMultiplier:(Lnet/minecraft/server/level/ServerPlayer;)F
       202: fmul
       203: aload_0
       204: invokestatic  #495                // Method kr/moonseungjun/villageguardians/VillageEquipmentShop.roleSkillMultiplier:(Lnet/minecraft/server/level/ServerPlayer;)F
       207: fmul
       208: fstore        9
       210: aload_0
       211: aload_3
       212: invokestatic  #500                // Method durationMultiplier:(Lnet/minecraft/server/level/ServerPlayer;Lkr/moonseungjun/villageguardians/VillageRole;)F
       215: fstore        10
       217: aload_0
       218: aload_3
       219: invokestatic  #503                // Method specialRank:(Lnet/minecraft/server/level/ServerPlayer;Lkr/moonseungjun/villageguardians/VillageRole;)I
       222: istore        11
       224: aload         5
       226: aload_0
       227: aload         4
       229: fload         9
       231: fload         10
       233: iload         11
       235: invokestatic  #507                // Method cast:(Lnet/minecraft/server/level/ServerLevel;Lnet/minecraft/server/level/ServerPlayer;Lkr/moonseungjun/villageguardians/VillageRoleSkillSystem$ActiveSkill;FFI)V
       238: iload_2
       239: ifeq          253
       242: aload         4
       244: invokevirtual #262                // Method kr/moonseungjun/villageguardians/VillageRoleSkillSystem$ActiveSkill.displayName:()Ljava/lang/String;
       247: invokedynamic #511,  0            // InvokeDynamic #24:makeConcatWithConstants:(Ljava/lang/String;)Ljava/lang/String;
       252: areturn
       253: aload_0
       254: aload_3
       255: aload         4
       257: invokestatic  #358                // Method effectiveCooldownSeconds:(Lnet/minecraft/server/level/ServerPlayer;Lkr/moonseungjun/villageguardians/VillageRole;Lkr/moonseungjun/villageguardians/VillageRoleSkillSystem$ActiveSkill;)I
       260: istore        12
       262: getstatic     #66                 // Field READY_AT:Ljava/util/Map;
       265: aload         8
       267: lload         6
       269: iload         12
       271: i2l
       272: ldc2_w        #353                // long 1000l
       275: lmul
       276: ladd
       277: invokestatic  #337                // Method java/lang/Long.valueOf:(J)Ljava/lang/Long;
       280: invokeinterface #226,  3          // InterfaceMethod java/util/Map.put:(Ljava/lang/Object;Ljava/lang/Object;)Ljava/lang/Object;
       285: pop
       286: aload         4
       288: invokevirtual #262                // Method kr/moonseungjun/villageguardians/VillageRoleSkillSystem$ActiveSkill.displayName:()Ljava/lang/String;
       291: iload         12
       293: invokedynamic #512,  0            // InvokeDynamic #25:makeConcatWithConstants:(Ljava/lang/String;I)Ljava/lang/String;
       298: areturn

  private static int effectiveCooldownSeconds(net.minecraft.server.level.ServerPlayer, kr.moonseungjun.villageguardians.VillageRole, kr.moonseungjun.villageguardians.VillageRoleSkillSystem$ActiveSkill);
    Code:
         0: bipush        7
         2: aload_2
         3: invokevirtual #513                // Method kr/moonseungjun/villageguardians/VillageRoleSkillSystem$ActiveSkill.baseCooldownSeconds:()I
         6: aload_0
         7: invokestatic  #516                // Method kr/moonseungjun/villageguardians/VillageProgressionSystem.skillCooldownReductionSeconds:(Lnet/minecraft/server/level/ServerPlayer;)I
        10: isub
        11: aload_0
        12: invokestatic  #519                // Method kr/moonseungjun/villageguardians/VillageSkillTreeSystem.cooldownReductionSeconds:(Lnet/minecraft/server/level/ServerPlayer;)I
        15: isub
        16: aload_0
        17: invokestatic  #524                // Method kr/moonseungjun/villageguardians/VillageSkillTreeSystem.mobilityCooldownReductionSeconds:(Lnet/minecraft/server/level/ServerPlayer;)I
        20: isub
        21: aload_0
        22: aload_1
        23: invokestatic  #527                // Method roleTreeCooldownReductionSeconds:(Lnet/minecraft/server/level/ServerPlayer;Lkr/moonseungjun/villageguardians/VillageRole;)I
        26: isub
        27: aload_0
        28: invokestatic  #530                // Method kr/moonseungjun/villageguardians/VillageEquipmentShop.cooldownReductionSeconds:(Lnet/minecraft/server/level/ServerPlayer;)I
        31: isub
        32: aload_0
        33: invokestatic  #531                // Method kr/moonseungjun/villageguardians/VillageRelicSystem.cooldownReductionSeconds:(Lnet/minecraft/server/level/ServerPlayer;)I
        36: isub
        37: invokestatic  #137                // Method java/lang/Math.max:(II)I
        40: ireturn

  public static java.lang.String useTestSkill(net.minecraft.server.level.ServerPlayer, java.lang.String);
    Code:
         0: aload_0
         1: invokestatic  #297                // Method kr/moonseungjun/villageguardians/VillageSkillTestSystem.isEnabled:(Lnet/minecraft/server/level/ServerPlayer;)Z
         4: ifne          11
         7: ldc_w         #534                // String 먼저 기술 시험 모드를 활성화해야 합니다.
        10: areturn
        11: aload_1
        12: invokestatic  #251                // Method kr/moonseungjun/villageguardians/VillageRoleSkillSystem$ActiveSkill.parse:(Ljava/lang/String;)Ljava/util/Optional;
        15: aconst_null
        16: invokevirtual #175                // Method java/util/Optional.orElse:(Ljava/lang/Object;)Ljava/lang/Object;
        19: checkcast     #243                // class kr/moonseungjun/villageguardians/VillageRoleSkillSystem$ActiveSkill
        22: astore_2
        23: aload_0
        24: invokestatic  #471                // Method kr/moonseungjun/villageguardians/VillageSkillTestSystem.selectedRole:(Lnet/minecraft/server/level/ServerPlayer;)Lkr/moonseungjun/villageguardians/VillageRole;
        27: astore_3
        28: aload_2
        29: ifnull        40
        32: aload_2
        33: invokevirtual #242                // Method kr/moonseungjun/villageguardians/VillageRoleSkillSystem$ActiveSkill.role:()Lkr/moonseungjun/villageguardians/VillageRole;
        36: aload_3
        37: if_acmpeq     44
        40: ldc_w         #536                // String 현재 시험 직업의 기술만 시험할 수 있습니다.
        43: areturn
        44: aload_0
        45: invokevirtual #479                // Method net/minecraft/server/level/ServerPlayer.level:()Lnet/minecraft/server/level/ServerLevel;
        48: astore        5
        50: aload         5
        52: instanceof    #14                 // class net/minecraft/server/level/ServerLevel
        55: ifeq          65
        58: aload         5
        60: astore        4
        62: goto          69
        65: ldc_w         #538                // String 현재 월드에서는 시험할 수 없습니다.
        68: areturn
        69: aload         4
        71: aload_0
        72: aload_2
        73: aload_0
        74: aload_3
        75: invokestatic  #487                // Method powerMultiplier:(Lnet/minecraft/server/level/ServerPlayer;Lkr/moonseungjun/villageguardians/VillageRole;)F
        78: aload_0
        79: invokestatic  #491                // Method kr/moonseungjun/villageguardians/VillageProgressionSystem.learnedSkillDamageMultiplier:(Lnet/minecraft/server/level/ServerPlayer;)F
        82: fmul
        83: aload_0
        84: aload_3
        85: invokestatic  #500                // Method durationMultiplier:(Lnet/minecraft/server/level/ServerPlayer;Lkr/moonseungjun/villageguardians/VillageRole;)F
        88: aload_0
        89: aload_3
        90: invokestatic  #503                // Method specialRank:(Lnet/minecraft/server/level/ServerPlayer;Lkr/moonseungjun/villageguardians/VillageRole;)I
        93: invokestatic  #507                // Method cast:(Lnet/minecraft/server/level/ServerLevel;Lnet/minecraft/server/level/ServerPlayer;Lkr/moonseungjun/villageguardians/VillageRoleSkillSystem$ActiveSkill;FFI)V
        96: aload_2
        97: invokevirtual #262                // Method kr/moonseungjun/villageguardians/VillageRoleSkillSystem$ActiveSkill.displayName:()Ljava/lang/String;
       100: invokedynamic #540,  0            // InvokeDynamic #26:makeConcatWithConstants:(Ljava/lang/String;)Ljava/lang/String;
       105: areturn

  public static synchronized void resetForNewGame();
    Code:
         0: getstatic     #37                 // Field TREE_MASKS:Ljava/util/Map;
         3: invokeinterface #41,  1           // InterfaceMethod java/util/Map.clear:()V
         8: getstatic     #54                 // Field SKILL_MASKS:Ljava/util/Map;
        11: invokeinterface #41,  1           // InterfaceMethod java/util/Map.clear:()V
        16: getstatic     #60                 // Field EQUIPPED_SKILLS:Ljava/util/Map;
        19: invokeinterface #41,  1           // InterfaceMethod java/util/Map.clear:()V
        24: getstatic     #66                 // Field READY_AT:Ljava/util/Map;
        27: invokeinterface #41,  1           // InterfaceMethod java/util/Map.clear:()V
        32: invokestatic  #72                 // Method persist:()V
        35: return

  private static void cast(net.minecraft.server.level.ServerLevel, net.minecraft.server.level.ServerPlayer, kr.moonseungjun.villageguardians.VillageRoleSkillSystem$ActiveSkill, float, float, int);
    Code:
         0: aload_2
         1: invokevirtual #404                // Method kr/moonseungjun/villageguardians/VillageRoleSkillSystem$ActiveSkill.ordinal:()I
         4: tableswitch   { // 0 to 19
                       0: 100
                       1: 114
                       2: 128
                       3: 142
                       4: 156
                       5: 170
                       6: 184
                       7: 198
                       8: 212
                       9: 226
                      10: 240
                      11: 254
                      12: 268
                      13: 282
                      14: 296
                      15: 310
                      16: 324
                      17: 338
                      18: 352
                      19: 366
                 default: 377
            }
       100: aload_0
       101: aload_1
       102: aload_2
       103: fload_3
       104: fload         4
       106: iload         5
       108: invokestatic  #541                // Method kr/moonseungjun/villageguardians/VillageRoleAbilitySystem.cast:(Lnet/minecraft/server/level/ServerLevel;Lnet/minecraft/server/level/ServerPlayer;Lkr/moonseungjun/villageguardians/VillageRoleSkillSystem$ActiveSkill;FFI)V
       111: goto          377
       114: aload_0
       115: aload_1
       116: aload_2
       117: fload_3
       118: fload         4
       120: iload         5
       122: invokestatic  #541                // Method kr/moonseungjun/villageguardians/VillageRoleAbilitySystem.cast:(Lnet/minecraft/server/level/ServerLevel;Lnet/minecraft/server/level/ServerPlayer;Lkr/moonseungjun/villageguardians/VillageRoleSkillSystem$ActiveSkill;FFI)V
       125: goto          377
       128: aload_0
       129: aload_1
       130: aload_2
       131: fload_3
       132: fload         4
       134: iload         5
       136: invokestatic  #541                // Method kr/moonseungjun/villageguardians/VillageRoleAbilitySystem.cast:(Lnet/minecraft/server/level/ServerLevel;Lnet/minecraft/server/level/ServerPlayer;Lkr/moonseungjun/villageguardians/VillageRoleSkillSystem$ActiveSkill;FFI)V
       139: goto          377
       142: aload_0
       143: aload_1
       144: aload_2
       145: fload_3
       146: fload         4
       148: iload         5
       150: invokestatic  #541                // Method kr/moonseungjun/villageguardians/VillageRoleAbilitySystem.cast:(Lnet/minecraft/server/level/ServerLevel;Lnet/minecraft/server/level/ServerPlayer;Lkr/moonseungjun/villageguardians/VillageRoleSkillSystem$ActiveSkill;FFI)V
       153: goto          377
       156: aload_0
       157: aload_1
       158: aload_2
       159: fload_3
       160: fload         4
       162: iload         5
       164: invokestatic  #541                // Method kr/moonseungjun/villageguardians/VillageRoleAbilitySystem.cast:(Lnet/minecraft/server/level/ServerLevel;Lnet/minecraft/server/level/ServerPlayer;Lkr/moonseungjun/villageguardians/VillageRoleSkillSystem$ActiveSkill;FFI)V
       167: goto          377
       170: aload_0
       171: aload_1
       172: aload_2
       173: fload_3
       174: fload         4
       176: iload         5
       178: invokestatic  #541                // Method kr/moonseungjun/villageguardians/VillageRoleAbilitySystem.cast:(Lnet/minecraft/server/level/ServerLevel;Lnet/minecraft/server/level/ServerPlayer;Lkr/moonseungjun/villageguardians/VillageRoleSkillSystem$ActiveSkill;FFI)V
       181: goto          377
       184: aload_0
       185: aload_1
       186: aload_2
       187: fload_3
       188: fload         4
       190: iload         5
       192: invokestatic  #541                // Method kr/moonseungjun/villageguardians/VillageRoleAbilitySystem.cast:(Lnet/minecraft/server/level/ServerLevel;Lnet/minecraft/server/level/ServerPlayer;Lkr/moonseungjun/villageguardians/VillageRoleSkillSystem$ActiveSkill;FFI)V
       195: goto          377
       198: aload_0
       199: aload_1
       200: aload_2
       201: fload_3
       202: fload         4
       204: iload         5
       206: invokestatic  #541                // Method kr/moonseungjun/villageguardians/VillageRoleAbilitySystem.cast:(Lnet/minecraft/server/level/ServerLevel;Lnet/minecraft/server/level/ServerPlayer;Lkr/moonseungjun/villageguardians/VillageRoleSkillSystem$ActiveSkill;FFI)V
       209: goto          377
       212: aload_0
       213: aload_1
       214: aload_2
       215: fload_3
       216: fload         4
       218: iload         5
       220: invokestatic  #541                // Method kr/moonseungjun/villageguardians/VillageRoleAbilitySystem.cast:(Lnet/minecraft/server/level/ServerLevel;Lnet/minecraft/server/level/ServerPlayer;Lkr/moonseungjun/villageguardians/VillageRoleSkillSystem$ActiveSkill;FFI)V
       223: goto          377
       226: aload_0
       227: aload_1
       228: aload_2
       229: fload_3
       230: fload         4
       232: iload         5
       234: invokestatic  #541                // Method kr/moonseungjun/villageguardians/VillageRoleAbilitySystem.cast:(Lnet/minecraft/server/level/ServerLevel;Lnet/minecraft/server/level/ServerPlayer;Lkr/moonseungjun/villageguardians/VillageRoleSkillSystem$ActiveSkill;FFI)V
       237: goto          377
       240: aload_0
       241: aload_1
       242: aload_2
       243: fload_3
       244: fload         4
       246: iload         5
       248: invokestatic  #541                // Method kr/moonseungjun/villageguardians/VillageRoleAbilitySystem.cast:(Lnet/minecraft/server/level/ServerLevel;Lnet/minecraft/server/level/ServerPlayer;Lkr/moonseungjun/villageguardians/VillageRoleSkillSystem$ActiveSkill;FFI)V
       251: goto          377
       254: aload_0
       255: aload_1
       256: aload_2
       257: fload_3
       258: fload         4
       260: iload         5
       262: invokestatic  #541                // Method kr/moonseungjun/villageguardians/VillageRoleAbilitySystem.cast:(Lnet/minecraft/server/level/ServerLevel;Lnet/minecraft/server/level/ServerPlayer;Lkr/moonseungjun/villageguardians/VillageRoleSkillSystem$ActiveSkill;FFI)V
       265: goto          377
       268: aload_0
       269: aload_1
       270: aload_2
       271: fload_3
       272: fload         4
       274: iload         5
       276: invokestatic  #541                // Method kr/moonseungjun/villageguardians/VillageRoleAbilitySystem.cast:(Lnet/minecraft/server/level/ServerLevel;Lnet/minecraft/server/level/ServerPlayer;Lkr/moonseungjun/villageguardians/VillageRoleSkillSystem$ActiveSkill;FFI)V
       279: goto          377
       282: aload_0
       283: aload_1
       284: aload_2
       285: fload_3
       286: fload         4
       288: iload         5
       290: invokestatic  #541                // Method kr/moonseungjun/villageguardians/VillageRoleAbilitySystem.cast:(Lnet/minecraft/server/level/ServerLevel;Lnet/minecraft/server/level/ServerPlayer;Lkr/moonseungjun/villageguardians/VillageRoleSkillSystem$ActiveSkill;FFI)V
       293: goto          377
       296: aload_0
       297: aload_1
       298: aload_2
       299: fload_3
       300: fload         4
       302: iload         5
       304: invokestatic  #541                // Method kr/moonseungjun/villageguardians/VillageRoleAbilitySystem.cast:(Lnet/minecraft/server/level/ServerLevel;Lnet/minecraft/server/level/ServerPlayer;Lkr/moonseungjun/villageguardians/VillageRoleSkillSystem$ActiveSkill;FFI)V
       307: goto          377
       310: aload_0
       311: aload_1
       312: aload_2
       313: fload_3
       314: fload         4
       316: iload         5
       318: invokestatic  #541                // Method kr/moonseungjun/villageguardians/VillageRoleAbilitySystem.cast:(Lnet/minecraft/server/level/ServerLevel;Lnet/minecraft/server/level/ServerPlayer;Lkr/moonseungjun/villageguardians/VillageRoleSkillSystem$ActiveSkill;FFI)V
       321: goto          377
       324: aload_0
       325: aload_1
       326: aload_2
       327: fload_3
       328: fload         4
       330: iload         5
       332: invokestatic  #541                // Method kr/moonseungjun/villageguardians/VillageRoleAbilitySystem.cast:(Lnet/minecraft/server/level/ServerLevel;Lnet/minecraft/server/level/ServerPlayer;Lkr/moonseungjun/villageguardians/VillageRoleSkillSystem$ActiveSkill;FFI)V
       335: goto          377
       338: aload_0
       339: aload_1
       340: aload_2
       341: fload_3
       342: fload         4
       344: iload         5
       346: invokestatic  #541                // Method kr/moonseungjun/villageguardians/VillageRoleAbilitySystem.cast:(Lnet/minecraft/server/level/ServerLevel;Lnet/minecraft/server/level/ServerPlayer;Lkr/moonseungjun/villageguardians/VillageRoleSkillSystem$ActiveSkill;FFI)V
       349: goto          377
       352: aload_0
       353: aload_1
       354: aload_2
       355: fload_3
       356: fload         4
       358: iload         5
       360: invokestatic  #541                // Method kr/moonseungjun/villageguardians/VillageRoleAbilitySystem.cast:(Lnet/minecraft/server/level/ServerLevel;Lnet/minecraft/server/level/ServerPlayer;Lkr/moonseungjun/villageguardians/VillageRoleSkillSystem$ActiveSkill;FFI)V
       363: goto          377
       366: aload_0
       367: aload_1
       368: aload_2
       369: fload_3
       370: fload         4
       372: iload         5
       374: invokestatic  #541                // Method kr/moonseungjun/villageguardians/VillageRoleAbilitySystem.cast:(Lnet/minecraft/server/level/ServerLevel;Lnet/minecraft/server/level/ServerPlayer;Lkr/moonseungjun/villageguardians/VillageRoleSkillSystem$ActiveSkill;FFI)V
       377: return

  private static java.util.List<net.minecraft.world.entity.Mob> damageArea(net.minecraft.server.level.ServerLevel, net.minecraft.server.level.ServerPlayer, double, int, float, int, boolean);
    Code:
         0: aload_1
         1: invokestatic  #297                // Method kr/moonseungjun/villageguardians/VillageSkillTestSystem.isEnabled:(Lnet/minecraft/server/level/ServerPlayer;)Z
         4: ifeq          21
         7: aload_0
         8: aload_1
         9: dload_2
        10: iload         4
        12: iload         6
        14: iadd
        15: invokestatic  #544                // Method kr/moonseungjun/villageguardians/VillageSkillTestSystem.targetsNear:(Lnet/minecraft/server/level/ServerLevel;Lnet/minecraft/server/level/ServerPlayer;DI)Ljava/util/List;
        18: goto          36
        21: aload_0
        22: aload_1
        23: invokevirtual #548                // Method net/minecraft/server/level/ServerPlayer.position:()Lnet/minecraft/world/phys/Vec3;
        26: dload_2
        27: iload         4
        29: iload         6
        31: iadd
        32: aconst_null
        33: invokestatic  #552                // Method kr/moonseungjun/villageguardians/VillageRaidSystem.activeEnemiesNear:(Lnet/minecraft/server/level/ServerLevel;Lnet/minecraft/world/phys/Vec3;DILjava/util/UUID;)Ljava/util/List;
        36: astore        8
        38: iconst_0
        39: istore        9
        41: aload         8
        43: invokeinterface #558,  1          // InterfaceMethod java/util/List.iterator:()Ljava/util/Iterator;
        48: astore        10
        50: aload         10
        52: invokeinterface #564,  1          // InterfaceMethod java/util/Iterator.hasNext:()Z
        57: ifeq          172
        60: aload         10
        62: invokeinterface #570,  1          // InterfaceMethod java/util/Iterator.next:()Ljava/lang/Object;
        67: checkcast     #574                // class net/minecraft/world/entity/Mob
        70: astore        11
        72: aload         11
        74: invokevirtual #576                // Method net/minecraft/world/entity/Mob.isAlive:()Z
        77: ifne          83
        80: goto          50
        83: fload         5
        85: fstore        12
        87: iload         6
        89: iconst_3
        90: if_icmplt     119
        93: aload         11
        95: invokevirtual #579                // Method net/minecraft/world/entity/Mob.getHealth:()F
        98: aload         11
       100: invokevirtual #583                // Method net/minecraft/world/entity/Mob.getMaxHealth:()F
       103: ldc_w         #586                // float 0.3f
       106: fmul
       107: fcmpg
       108: ifgt          119
       111: fload         12
       113: ldc_w         #587                // float 1.28f
       116: fmul
       117: fstore        12
       119: aload         11
       121: aload_0
       122: aload_0
       123: invokevirtual #588                // Method net/minecraft/server/level/ServerLevel.damageSources:()Lnet/minecraft/world/damagesource/DamageSources;
       126: invokevirtual #592                // Method net/minecraft/world/damagesource/DamageSources.magic:()Lnet/minecraft/world/damagesource/DamageSource;
       129: fload         12
       131: invokevirtual #598                // Method net/minecraft/world/entity/Mob.hurtServer:(Lnet/minecraft/server/level/ServerLevel;Lnet/minecraft/world/damagesource/DamageSource;F)Z
       134: pop
       135: iload         6
       137: iconst_2
       138: if_icmplt     166
       141: aload         11
       143: new           #602                // class net/minecraft/world/effect/MobEffectInstance
       146: dup
       147: getstatic     #604                // Field net/minecraft/world/effect/MobEffects.WEAKNESS:Lnet/minecraft/core/Holder;
       150: bipush        50
       152: iload         6
       154: bipush        20
       156: imul
       157: iadd
       158: iconst_0
       159: invokespecial #610                // Method net/minecraft/world/effect/MobEffectInstance."<init>":(Lnet/minecraft/core/Holder;II)V
       162: invokevirtual #613                // Method net/minecraft/world/entity/Mob.addEffect:(Lnet/minecraft/world/effect/MobEffectInstance;)Z
       165: pop
       166: iinc          9, 1
       169: goto          50
       172: iload         7
       174: ifeq          213
       177: iload         6
       179: iconst_1
       180: if_icmplt     213
       183: iload         9
       185: ifle          213
       188: aload_1
       189: ldc_w         #617                // float 8.0f
       192: iload         9
       194: i2f
       195: ldc_w         #618                // float 0.55f
       198: iload         6
       200: i2f
       201: ldc_w         #619                // float 0.2f
       204: fmul
       205: fadd
       206: fmul
       207: invokestatic  #366                // Method java/lang/Math.min:(FF)F
       210: invokevirtual #620                // Method net/minecraft/server/level/ServerPlayer.heal:(F)V
       213: aload         8
       215: areturn

  private static void healAllies(net.minecraft.server.level.ServerPlayer, double, float, int, int, boolean);
    Code:
         0: aload_0
         1: dload_1
         2: invokestatic  #624                // Method allies:(Lnet/minecraft/server/level/ServerPlayer;D)Ljava/util/List;
         5: invokeinterface #558,  1          // InterfaceMethod java/util/List.iterator:()Ljava/util/Iterator;
        10: astore        7
        12: aload         7
        14: invokeinterface #564,  1          // InterfaceMethod java/util/Iterator.hasNext:()Z
        19: ifeq          104
        22: aload         7
        24: invokeinterface #570,  1          // InterfaceMethod java/util/Iterator.next:()Ljava/lang/Object;
        29: checkcast     #76                 // class net/minecraft/server/level/ServerPlayer
        32: astore        8
        34: aload         8
        36: fload_3
        37: invokevirtual #620                // Method net/minecraft/server/level/ServerPlayer.heal:(F)V
        40: aload         8
        42: new           #602                // class net/minecraft/world/effect/MobEffectInstance
        45: dup
        46: getstatic     #628                // Field net/minecraft/world/effect/MobEffects.REGENERATION:Lnet/minecraft/core/Holder;
        49: iload         4
        51: iconst_2
        52: iload         5
        54: invokestatic  #130                // Method java/lang/Math.min:(II)I
        57: invokespecial #610                // Method net/minecraft/world/effect/MobEffectInstance."<init>":(Lnet/minecraft/core/Holder;II)V
        60: invokevirtual #631                // Method net/minecraft/server/level/ServerPlayer.addEffect:(Lnet/minecraft/world/effect/MobEffectInstance;)Z
        63: pop
        64: iload         6
        66: ifne          75
        69: iload         5
        71: iconst_2
        72: if_icmplt     101
        75: aload         8
        77: new           #602                // class net/minecraft/world/effect/MobEffectInstance
        80: dup
        81: getstatic     #632                // Field net/minecraft/world/effect/MobEffects.ABSORPTION:Lnet/minecraft/core/Holder;
        84: iload         4
        86: iconst_4
        87: iconst_1
        88: iload         5
        90: iadd
        91: invokestatic  #130                // Method java/lang/Math.min:(II)I
        94: invokespecial #610                // Method net/minecraft/world/effect/MobEffectInstance."<init>":(Lnet/minecraft/core/Holder;II)V
        97: invokevirtual #631                // Method net/minecraft/server/level/ServerPlayer.addEffect:(Lnet/minecraft/world/effect/MobEffectInstance;)Z
       100: pop
       101: goto          12
       104: return

  private static java.util.List<net.minecraft.server.level.ServerPlayer> allies(net.minecraft.server.level.ServerPlayer, double);
    Code:
         0: aload_0
         1: invokevirtual #479                // Method net/minecraft/server/level/ServerPlayer.level:()Lnet/minecraft/server/level/ServerLevel;
         4: invokevirtual #635                // Method net/minecraft/server/level/ServerLevel.getServer:()Lnet/minecraft/server/MinecraftServer;
         7: astore_3
         8: aload_3
         9: ifnonnull     17
        12: aload_0
        13: invokestatic  #639                // InterfaceMethod java/util/List.of:(Ljava/lang/Object;)Ljava/util/List;
        16: areturn
        17: dload_1
        18: dload_1
        19: dmul
        20: dstore        4
        22: aload_3
        23: invokevirtual #643                // Method net/minecraft/server/MinecraftServer.getPlayerList:()Lnet/minecraft/server/players/PlayerList;
        26: invokevirtual #647                // Method net/minecraft/server/players/PlayerList.getPlayers:()Ljava/util/List;
        29: invokeinterface #652,  1          // InterfaceMethod java/util/List.stream:()Ljava/util/stream/Stream;
        34: aload_0
        35: dload         4
        37: invokedynamic #655,  0            // InvokeDynamic #27:test:(Lnet/minecraft/server/level/ServerPlayer;D)Ljava/util/function/Predicate;
        42: invokeinterface #463,  2          // InterfaceMethod java/util/stream/Stream.filter:(Ljava/util/function/Predicate;)Ljava/util/stream/Stream;
        47: invokeinterface #165,  1          // InterfaceMethod java/util/stream/Stream.toList:()Ljava/util/List;
        52: areturn

  private static void equipIntoFirstFreeSlot(net.minecraft.server.level.ServerPlayer, kr.moonseungjun.villageguardians.VillageRoleSkillSystem$ActiveSkill);
    Code:
         0: iconst_0
         1: istore_2
         2: iload_2
         3: iconst_2
         4: if_icmpge     71
         7: aload_0
         8: invokevirtual #75                 // Method net/minecraft/server/level/ServerPlayer.getUUID:()Ljava/util/UUID;
        11: aload_1
        12: invokevirtual #242                // Method kr/moonseungjun/villageguardians/VillageRoleSkillSystem$ActiveSkill.role:()Lkr/moonseungjun/villageguardians/VillageRole;
        15: iload_2
        16: invokestatic  #277                // Method loadoutKey:(Ljava/util/UUID;Lkr/moonseungjun/villageguardians/VillageRole;I)Ljava/lang/String;
        19: astore_3
        20: getstatic     #60                 // Field EQUIPPED_SKILLS:Ljava/util/Map;
        23: aload_3
        24: invokeinterface #658,  2          // InterfaceMethod java/util/Map.containsKey:(Ljava/lang/Object;)Z
        29: ifeq          50
        32: getstatic     #60                 // Field EQUIPPED_SKILLS:Ljava/util/Map;
        35: aload_3
        36: invokeinterface #284,  2          // InterfaceMethod java/util/Map.get:(Ljava/lang/Object;)Ljava/lang/Object;
        41: checkcast     #288                // class java/lang/String
        44: invokevirtual #661                // Method java/lang/String.isBlank:()Z
        47: ifeq          65
        50: getstatic     #60                 // Field EQUIPPED_SKILLS:Ljava/util/Map;
        53: aload_3
        54: aload_1
        55: invokevirtual #281                // Method kr/moonseungjun/villageguardians/VillageRoleSkillSystem$ActiveSkill.id:()Ljava/lang/String;
        58: invokeinterface #226,  3          // InterfaceMethod java/util/Map.put:(Ljava/lang/Object;Ljava/lang/Object;)Ljava/lang/Object;
        63: pop
        64: return
        65: iinc          2, 1
        68: goto          2
        71: return

  private static void sanitizeLoadouts();
    Code:
         0: getstatic     #60                 // Field EQUIPPED_SKILLS:Ljava/util/Map;
         3: invokeinterface #664,  1          // InterfaceMethod java/util/Map.entrySet:()Ljava/util/Set;
         8: invokedynamic #668,  0            // InvokeDynamic #28:test:()Ljava/util/function/Predicate;
        13: invokeinterface #669,  2          // InterfaceMethod java/util/Set.removeIf:(Ljava/util/function/Predicate;)Z
        18: pop
        19: return

  private static java.lang.String roleKey(java.util.UUID, kr.moonseungjun.villageguardians.VillageRole);
    Code:
         0: aload_0
         1: invokestatic  #333                // Method java/lang/String.valueOf:(Ljava/lang/Object;)Ljava/lang/String;
         4: aload_1
         5: invokevirtual #674                // Method kr/moonseungjun/villageguardians/VillageRole.id:()Ljava/lang/String;
         8: invokedynamic #336,  0            // InvokeDynamic #13:makeConcatWithConstants:(Ljava/lang/String;Ljava/lang/String;)Ljava/lang/String;
        13: areturn

  private static java.lang.String loadoutKey(java.util.UUID, kr.moonseungjun.villageguardians.VillageRole, int);
    Code:
         0: aload_0
         1: invokestatic  #333                // Method java/lang/String.valueOf:(Ljava/lang/Object;)Ljava/lang/String;
         4: aload_1
         5: invokevirtual #674                // Method kr/moonseungjun/villageguardians/VillageRole.id:()Ljava/lang/String;
         8: iload_2
         9: iconst_1
        10: if_icmpne     17
        13: iconst_1
        14: goto          18
        17: iconst_0
        18: invokedynamic #675,  0            // InvokeDynamic #29:makeConcatWithConstants:(Ljava/lang/String;Ljava/lang/String;I)Ljava/lang/String;
        23: areturn

  private static int bit(int);
    Code:
         0: iconst_1
         1: iconst_0
         2: bipush        30
         4: iload_0
         5: invokestatic  #130                // Method java/lang/Math.min:(II)I
         8: invokestatic  #137                // Method java/lang/Math.max:(II)I
        11: ishl
        12: ireturn

  private static void persist();
    Code:
         0: getstatic     #31                 // Field savedData:Lkr/moonseungjun/villageguardians/VillageRoleProgressData;
         3: ifnull        21
         6: getstatic     #31                 // Field savedData:Lkr/moonseungjun/villageguardians/VillageRoleProgressData;
         9: getstatic     #37                 // Field TREE_MASKS:Ljava/util/Map;
        12: getstatic     #54                 // Field SKILL_MASKS:Ljava/util/Map;
        15: getstatic     #60                 // Field EQUIPPED_SKILLS:Ljava/util/Map;
        18: invokevirtual #678                // Method kr/moonseungjun/villageguardians/VillageRoleProgressData.replace:(Ljava/util/Map;Ljava/util/Map;Ljava/util/Map;)V
        21: return

  private static boolean lambda$sanitizeLoadouts$0(java.util.Map$Entry);
    Code:
         0: aload_0
         1: invokeinterface #682,  1          // InterfaceMethod java/util/Map$Entry.getValue:()Ljava/lang/Object;
         6: checkcast     #288                // class java/lang/String
         9: invokestatic  #251                // Method kr/moonseungjun/villageguardians/VillageRoleSkillSystem$ActiveSkill.parse:(Ljava/lang/String;)Ljava/util/Optional;
        12: aconst_null
        13: invokevirtual #175                // Method java/util/Optional.orElse:(Ljava/lang/Object;)Ljava/lang/Object;
        16: checkcast     #243                // class kr/moonseungjun/villageguardians/VillageRoleSkillSystem$ActiveSkill
        19: astore_1
        20: aload_1
        21: ifnonnull     26
        24: iconst_1
        25: ireturn
        26: aload_0
        27: invokeinterface #687,  1          // InterfaceMethod java/util/Map$Entry.getKey:()Ljava/lang/Object;
        32: checkcast     #288                // class java/lang/String
        35: ldc_w         #690                // String \\|
        38: iconst_m1
        39: invokevirtual #692                // Method java/lang/String.split:(Ljava/lang/String;I)[Ljava/lang/String;
        42: astore_2
        43: aload_2
        44: arraylength
        45: iconst_3
        46: if_icmpne     66
        49: aload_2
        50: iconst_1
        51: aaload
        52: invokestatic  #696                // Method kr/moonseungjun/villageguardians/VillageRole.parse:(Ljava/lang/String;)Ljava/util/Optional;
        55: aconst_null
        56: invokevirtual #175                // Method java/util/Optional.orElse:(Ljava/lang/Object;)Ljava/lang/Object;
        59: aload_1
        60: invokevirtual #242                // Method kr/moonseungjun/villageguardians/VillageRoleSkillSystem$ActiveSkill.role:()Lkr/moonseungjun/villageguardians/VillageRole;
        63: if_acmpeq     70
        66: iconst_1
        67: goto          71
        70: iconst_0
        71: ireturn

  private static boolean lambda$allies$0(net.minecraft.server.level.ServerPlayer, double, net.minecraft.server.level.ServerPlayer);
    Code:
         0: aload_3
         1: invokevirtual #479                // Method net/minecraft/server/level/ServerPlayer.level:()Lnet/minecraft/server/level/ServerLevel;
         4: aload_0
         5: invokevirtual #479                // Method net/minecraft/server/level/ServerPlayer.level:()Lnet/minecraft/server/level/ServerLevel;
         8: if_acmpne     25
        11: aload_3
        12: aload_0
        13: invokevirtual #697                // Method net/minecraft/server/level/ServerPlayer.distanceToSqr:(Lnet/minecraft/world/entity/Entity;)D
        16: dload_1
        17: dcmpg
        18: ifgt          25
        21: iconst_1
        22: goto          26
        25: iconst_0
        26: ireturn

  private static boolean lambda$skillsFor$0(kr.moonseungjun.villageguardians.VillageRole, kr.moonseungjun.villageguardians.VillageRoleSkillSystem$ActiveSkill);
    Code:
         0: aload_1
         1: invokevirtual #242                // Method kr/moonseungjun/villageguardians/VillageRoleSkillSystem$ActiveSkill.role:()Lkr/moonseungjun/villageguardians/VillageRole;
         4: aload_0
         5: if_acmpne     12
         8: iconst_1
         9: goto          13
        12: iconst_0
        13: ireturn

  private static boolean lambda$allSkillBranchesConnected$0(kr.moonseungjun.villageguardians.VillageRoleSkillSystem$ActiveSkill);
    Code:
         0: aload_0
         1: invokestatic  #701                // Method scalingCoverage:(Lkr/moonseungjun/villageguardians/VillageRoleSkillSystem$ActiveSkill;)Lkr/moonseungjun/villageguardians/VillageRoleSkillSystem$ScalingCoverage;
         4: invokevirtual #705                // Method kr/moonseungjun/villageguardians/VillageRoleSkillSystem$ScalingCoverage.complete:()Z
         7: ireturn

  private static boolean lambda$equippedSkill$0(kr.moonseungjun.villageguardians.VillageRole, net.minecraft.server.level.ServerPlayer, kr.moonseungjun.villageguardians.VillageRoleSkillSystem$ActiveSkill);
    Code:
         0: aload_2
         1: invokevirtual #242                // Method kr/moonseungjun/villageguardians/VillageRoleSkillSystem$ActiveSkill.role:()Lkr/moonseungjun/villageguardians/VillageRole;
         4: aload_0
         5: if_acmpne     20
         8: aload_1
         9: aload_2
        10: invokestatic  #258                // Method hasSkill:(Lnet/minecraft/server/level/ServerPlayer;Lkr/moonseungjun/villageguardians/VillageRoleSkillSystem$ActiveSkill;)Z
        13: ifeq          20
        16: iconst_1
        17: goto          21
        20: iconst_0
        21: ireturn

  private static int lambda$nodes$0(kr.moonseungjun.villageguardians.VillageRoleSkillSystem$RoleNode, kr.moonseungjun.villageguardians.VillageRoleSkillSystem$RoleNode);
    Code:
         0: aload_0
         1: invokevirtual #112                // Method kr/moonseungjun/villageguardians/VillageRoleSkillSystem$RoleNode.branch:()Lkr/moonseungjun/villageguardians/VillageRoleSkillSystem$RoleBranch;
         4: invokevirtual #708                // Method kr/moonseungjun/villageguardians/VillageRoleSkillSystem$RoleBranch.ordinal:()I
         7: aload_1
         8: invokevirtual #112                // Method kr/moonseungjun/villageguardians/VillageRoleSkillSystem$RoleNode.branch:()Lkr/moonseungjun/villageguardians/VillageRoleSkillSystem$RoleBranch;
        11: invokevirtual #708                // Method kr/moonseungjun/villageguardians/VillageRoleSkillSystem$RoleBranch.ordinal:()I
        14: invokestatic  #709                // Method java/lang/Integer.compare:(II)I
        17: istore_2
        18: iload_2
        19: ifeq          26
        22: iload_2
        23: goto          37
        26: aload_0
        27: invokevirtual #711                // Method kr/moonseungjun/villageguardians/VillageRoleSkillSystem$RoleNode.tier:()I
        30: aload_1
        31: invokevirtual #711                // Method kr/moonseungjun/villageguardians/VillageRoleSkillSystem$RoleNode.tier:()I
        34: invokestatic  #709                // Method java/lang/Integer.compare:(II)I
        37: ireturn

  static {};
    Code:
         0: new           #714                // class java/util/LinkedHashMap
         3: dup
         4: invokespecial #716                // Method java/util/LinkedHashMap."<init>":()V
         7: putstatic     #37                 // Field TREE_MASKS:Ljava/util/Map;
        10: new           #714                // class java/util/LinkedHashMap
        13: dup
        14: invokespecial #716                // Method java/util/LinkedHashMap."<init>":()V
        17: putstatic     #54                 // Field SKILL_MASKS:Ljava/util/Map;
        20: new           #714                // class java/util/LinkedHashMap
        23: dup
        24: invokespecial #716                // Method java/util/LinkedHashMap."<init>":()V
        27: putstatic     #60                 // Field EQUIPPED_SKILLS:Ljava/util/Map;
        30: new           #714                // class java/util/LinkedHashMap
        33: dup
        34: invokespecial #716                // Method java/util/LinkedHashMap."<init>":()V
        37: putstatic     #66                 // Field READY_AT:Ljava/util/Map;
        40: return
}
Compiled from "VillageRoleAbilitySystem.java"
public final class kr.moonseungjun.villageguardians.VillageRoleAbilitySystem {
  private static final java.util.Map<java.util.UUID, java.lang.Long> SPIN_UNTIL;

  private static final java.util.Map<java.util.UUID, kr.moonseungjun.villageguardians.VillageRoleAbilitySystem$SkillScale> SPIN_SCALE;

  private static final java.util.Map<java.util.UUID, kr.moonseungjun.villageguardians.VillageRoleAbilitySystem$TimedScale> RALLY_SCALE;

  private static final java.util.Map<java.util.UUID, java.lang.Long> RAPID_UNTIL;

  private static final java.util.Map<java.util.UUID, kr.moonseungjun.villageguardians.VillageRoleAbilitySystem$SkillScale> RAPID_SCALE;

  private static final java.util.Map<java.util.UUID, kr.moonseungjun.villageguardians.VillageRoleAbilitySystem$EmpoweredArrowState> RAPID_ARROWS;

  private static final java.util.Map<java.util.UUID, java.lang.Integer> RAPID_DRAW_TICKS;

  private static final java.util.Map<java.util.UUID, java.lang.Long> RICOCHET_UNTIL;

  private static final java.util.Map<java.util.UUID, kr.moonseungjun.villageguardians.VillageRoleAbilitySystem$SkillScale> RICOCHET_SCALE;

  private static final java.util.Map<java.util.UUID, kr.moonseungjun.villageguardians.VillageRoleAbilitySystem$EmpoweredArrowState> RICOCHET_ARROWS;

  private static final java.util.Map<java.util.UUID, kr.moonseungjun.villageguardians.VillageRoleAbilitySystem$TrackingArrowState> TRACKING_ARROWS;

  private static final java.util.Map<java.util.UUID, kr.moonseungjun.villageguardians.VillageRoleAbilitySystem$EmpoweredArrowState> ARROW_RAIN_READY;

  private static final java.util.Map<java.util.UUID, kr.moonseungjun.villageguardians.VillageRoleAbilitySystem$EmpoweredArrowState> MEGA_ARROW_READY;

  private static final java.util.Map<java.util.UUID, java.lang.Long> FORTRESS_UNTIL;

  private static final java.util.Map<java.util.UUID, kr.moonseungjun.villageguardians.VillageRoleAbilitySystem$SkillScale> FORTRESS_SCALE;

  private static final java.util.Map<java.util.UUID, java.lang.Long> AEGIS_UNTIL;

  private static final java.util.Map<java.util.UUID, kr.moonseungjun.villageguardians.VillageRoleAbilitySystem$SkillScale> AEGIS_SCALE;

  private static final java.util.Map<java.util.UUID, java.lang.Long> CHARGE_UNTIL;

  private static final java.util.Map<java.util.UUID, java.lang.Long> LAST_AEGIS_DASH;

  private static final java.util.Map<java.util.UUID, kr.moonseungjun.villageguardians.VillageRoleAbilitySystem$SlamState> SLAMS;

  private static final java.util.List<kr.moonseungjun.villageguardians.VillageRoleAbilitySystem$ScheduledAction> SCHEDULED;

  private static final java.util.List<kr.moonseungjun.villageguardians.VillageRoleAbilitySystem$AreaState> AREAS;

  private static final java.util.Map<java.util.UUID, kr.moonseungjun.villageguardians.VillageRoleAbilitySystem$MovingSkill> MOVING;

  private static boolean spawningGeneratedArrow;

  private static boolean replayingEcho;

  private kr.moonseungjun.villageguardians.VillageRoleAbilitySystem();
    Code:
         0: aload_0
         1: invokespecial #1                  // Method java/lang/Object."<init>":()V
         4: return

  public static void reset();
    Code:
         0: getstatic     #7                  // Field SPIN_UNTIL:Ljava/util/Map;
         3: invokeinterface #13,  1           // InterfaceMethod java/util/Map.clear:()V
         8: getstatic     #18                 // Field SPIN_SCALE:Ljava/util/Map;
        11: invokeinterface #13,  1           // InterfaceMethod java/util/Map.clear:()V
        16: getstatic     #21                 // Field RALLY_SCALE:Ljava/util/Map;
        19: invokeinterface #13,  1           // InterfaceMethod java/util/Map.clear:()V
        24: getstatic     #24                 // Field RAPID_UNTIL:Ljava/util/Map;
        27: invokeinterface #13,  1           // InterfaceMethod java/util/Map.clear:()V
        32: getstatic     #27                 // Field RAPID_SCALE:Ljava/util/Map;
        35: invokeinterface #13,  1           // InterfaceMethod java/util/Map.clear:()V
        40: getstatic     #30                 // Field RAPID_ARROWS:Ljava/util/Map;
        43: invokeinterface #13,  1           // InterfaceMethod java/util/Map.clear:()V
        48: getstatic     #33                 // Field RAPID_DRAW_TICKS:Ljava/util/Map;
        51: invokeinterface #13,  1           // InterfaceMethod java/util/Map.clear:()V
        56: getstatic     #36                 // Field RICOCHET_UNTIL:Ljava/util/Map;
        59: invokeinterface #13,  1           // InterfaceMethod java/util/Map.clear:()V
        64: getstatic     #39                 // Field RICOCHET_SCALE:Ljava/util/Map;
        67: invokeinterface #13,  1           // InterfaceMethod java/util/Map.clear:()V
        72: getstatic     #42                 // Field RICOCHET_ARROWS:Ljava/util/Map;
        75: invokeinterface #13,  1           // InterfaceMethod java/util/Map.clear:()V
        80: getstatic     #45                 // Field TRACKING_ARROWS:Ljava/util/Map;
        83: invokeinterface #13,  1           // InterfaceMethod java/util/Map.clear:()V
        88: getstatic     #48                 // Field ARROW_RAIN_READY:Ljava/util/Map;
        91: invokeinterface #13,  1           // InterfaceMethod java/util/Map.clear:()V
        96: getstatic     #51                 // Field MEGA_ARROW_READY:Ljava/util/Map;
        99: invokeinterface #13,  1           // InterfaceMethod java/util/Map.clear:()V
       104: getstatic     #54                 // Field FORTRESS_UNTIL:Ljava/util/Map;
       107: invokeinterface #13,  1           // InterfaceMethod java/util/Map.clear:()V
       112: getstatic     #57                 // Field FORTRESS_SCALE:Ljava/util/Map;
       115: invokeinterface #13,  1           // InterfaceMethod java/util/Map.clear:()V
       120: getstatic     #60                 // Field AEGIS_UNTIL:Ljava/util/Map;
       123: invokeinterface #13,  1           // InterfaceMethod java/util/Map.clear:()V
       128: getstatic     #63                 // Field AEGIS_SCALE:Ljava/util/Map;
       131: invokeinterface #13,  1           // InterfaceMethod java/util/Map.clear:()V
       136: getstatic     #66                 // Field CHARGE_UNTIL:Ljava/util/Map;
       139: invokeinterface #13,  1           // InterfaceMethod java/util/Map.clear:()V
       144: getstatic     #69                 // Field LAST_AEGIS_DASH:Ljava/util/Map;
       147: invokeinterface #13,  1           // InterfaceMethod java/util/Map.clear:()V
       152: getstatic     #72                 // Field SLAMS:Ljava/util/Map;
       155: invokeinterface #13,  1           // InterfaceMethod java/util/Map.clear:()V
       160: getstatic     #75                 // Field SCHEDULED:Ljava/util/List;
       163: invokeinterface #79,  1           // InterfaceMethod java/util/List.clear:()V
       168: getstatic     #82                 // Field AREAS:Ljava/util/List;
       171: invokeinterface #79,  1           // InterfaceMethod java/util/List.clear:()V
       176: getstatic     #85                 // Field MOVING:Ljava/util/Map;
       179: invokeinterface #13,  1           // InterfaceMethod java/util/Map.clear:()V
       184: invokestatic  #88                 // Method kr/moonseungjun/villageguardians/VillageSkillEffectSystem.reset:()V
       187: iconst_0
       188: putstatic     #93                 // Field spawningGeneratedArrow:Z
       191: iconst_0
       192: putstatic     #97                 // Field replayingEcho:Z
       195: return

  public static void cast(net.minecraft.server.level.ServerLevel, net.minecraft.server.level.ServerPlayer, kr.moonseungjun.villageguardians.VillageRoleSkillSystem$ActiveSkill, float, float, int);
    Code:
         0: aload_0
         1: invokevirtual #100                // Method net/minecraft/server/level/ServerLevel.getGameTime:()J
         4: lstore        6
         6: aload_1
         7: invokevirtual #106                // Method net/minecraft/server/level/ServerPlayer.getUUID:()Ljava/util/UUID;
        10: invokestatic  #112                // Method kr/moonseungjun/villageguardians/VillageCouncilState.levelOf:(Ljava/util/UUID;)I
        13: istore        8
        15: bipush        40
        17: bipush        120
        19: iload         8
        21: iconst_3
        22: imul
        23: iadd
        24: i2f
        25: fload         4
        27: fmul
        28: invokestatic  #118                // Method java/lang/Math.round:(F)I
        31: invokestatic  #124                // Method java/lang/Math.max:(II)I
        34: istore        9
        36: aload_1
        37: invokestatic  #128                // Method horizontalLook:(Lnet/minecraft/server/level/ServerPlayer;)Lnet/minecraft/world/phys/Vec3;
        40: astore        10
        42: aload_1
        43: invokestatic  #132                // Method lookDirection:(Lnet/minecraft/server/level/ServerPlayer;)Lnet/minecraft/world/phys/Vec3;
        46: astore        11
        48: aload_2
        49: getstatic     #135                // Field kr/moonseungjun/villageguardians/VillageRoleSkillSystem$ActiveSkill.ARCANIST_FIRE_ORB:Lkr/moonseungjun/villageguardians/VillageRoleSkillSystem$ActiveSkill;
        52: if_acmpne     60
        55: aload         11
        57: goto          62
        60: aload         10
        62: astore        12
        64: aload_0
        65: aload_1
        66: aload_2
        67: iload         9
        69: aload         12
        71: invokestatic  #141                // Method kr/moonseungjun/villageguardians/VillageSkillEffectSystem.startCast:(Lnet/minecraft/server/level/ServerLevel;Lnet/minecraft/server/level/ServerPlayer;Lkr/moonseungjun/villageguardians/VillageRoleSkillSystem$ActiveSkill;ILnet/minecraft/world/phys/Vec3;)V
        74: getstatic     #145                // Field kr/moonseungjun/villageguardians/VillageRoleAbilitySystem$1.$SwitchMap$kr$moonseungjun$villageguardians$VillageRoleSkillSystem$ActiveSkill:[I
        77: aload_2
        78: invokevirtual #151                // Method kr/moonseungjun/villageguardians/VillageRoleSkillSystem$ActiveSkill.ordinal:()I
        81: iaload
        82: tableswitch   { // 1 to 20
                       1: 176
                       2: 285
                       3: 516
                       4: 665
                       5: 741
                       6: 843
                       7: 940
                       8: 1024
                       9: 1101
                      10: 1151
                      11: 1254
                      12: 1363
                      13: 1467
                      14: 1492
                      15: 1516
                      16: 1609
                      17: 1639
                      18: 1717
                      19: 1742
                      20: 1902
                 default: 2060
            }
       176: bipush        48
       178: iload         9
       180: iconst_2
       181: idiv
       182: invokestatic  #124                // Method java/lang/Math.max:(II)I
       185: istore        13
       187: getstatic     #7                  // Field SPIN_UNTIL:Ljava/util/Map;
       190: aload_1
       191: invokevirtual #106                // Method net/minecraft/server/level/ServerPlayer.getUUID:()Ljava/util/UUID;
       194: lload         6
       196: iload         13
       198: i2l
       199: ladd
       200: invokestatic  #155                // Method java/lang/Long.valueOf:(J)Ljava/lang/Long;
       203: invokeinterface #161,  3          // InterfaceMethod java/util/Map.put:(Ljava/lang/Object;Ljava/lang/Object;)Ljava/lang/Object;
       208: pop
       209: getstatic     #18                 // Field SPIN_SCALE:Ljava/util/Map;
       212: aload_1
       213: invokevirtual #106                // Method net/minecraft/server/level/ServerPlayer.getUUID:()Ljava/util/UUID;
       216: new           #165                // class kr/moonseungjun/villageguardians/VillageRoleAbilitySystem$SkillScale
       219: dup
       220: fload_3
       221: fload         4
       223: iload         5
       225: invokespecial #167                // Method kr/moonseungjun/villageguardians/VillageRoleAbilitySystem$SkillScale."<init>":(FFI)V
       228: invokeinterface #161,  3          // InterfaceMethod java/util/Map.put:(Ljava/lang/Object;Ljava/lang/Object;)Ljava/lang/Object;
       233: pop
       234: aload_0
       235: aload_1
       236: ldc           #170                // String vanguard_spin
       238: iload         13
       240: bipush        8
       242: iadd
       243: invokestatic  #172                // Method kr/moonseungjun/villageguardians/VillageNetwork.sendSkillMotion:(Lnet/minecraft/server/level/ServerLevel;Lnet/minecraft/server/level/ServerPlayer;Ljava/lang/String;I)V
       246: aload_1
       247: new           #178                // class net/minecraft/world/effect/MobEffectInstance
       250: dup
       251: getstatic     #180                // Field net/minecraft/world/effect/MobEffects.RESISTANCE:Lnet/minecraft/core/Holder;
       254: iload         13
       256: iconst_0
       257: iconst_0
       258: iconst_0
       259: iconst_1
       260: invokespecial #186                // Method net/minecraft/world/effect/MobEffectInstance."<init>":(Lnet/minecraft/core/Holder;IIZZZ)V
       263: invokevirtual #189                // Method net/minecraft/server/level/ServerPlayer.addEffect:(Lnet/minecraft/world/effect/MobEffectInstance;)Z
       266: pop
       267: aload_0
       268: aload_1
       269: invokevirtual #193                // Method net/minecraft/server/level/ServerPlayer.position:()Lnet/minecraft/world/phys/Vec3;
       272: getstatic     #197                // Field net/minecraft/sounds/SoundEvents.PLAYER_ATTACK_SWEEP:Lnet/minecraft/sounds/SoundEvent;
       275: ldc           #203                // float 1.2f
       277: ldc           #204                // float 0.72f
       279: invokestatic  #205                // Method play:(Lnet/minecraft/server/level/ServerLevel;Lnet/minecraft/world/phys/Vec3;Lnet/minecraft/sounds/SoundEvent;FF)V
       282: goto          2060
       285: aload_1
       286: getstatic     #209                // Field net/minecraft/world/InteractionHand.MAIN_HAND:Lnet/minecraft/world/InteractionHand;
       289: iconst_1
       290: invokevirtual #215                // Method net/minecraft/server/level/ServerPlayer.swing:(Lnet/minecraft/world/InteractionHand;Z)V
       293: getstatic     #21                 // Field RALLY_SCALE:Ljava/util/Map;
       296: aload_1
       297: invokevirtual #106                // Method net/minecraft/server/level/ServerPlayer.getUUID:()Ljava/util/UUID;
       300: new           #219                // class kr/moonseungjun/villageguardians/VillageRoleAbilitySystem$TimedScale
       303: dup
       304: lload         6
       306: iload         9
       308: i2l
       309: ladd
       310: fload_3
       311: iload         5
       313: invokespecial #221                // Method kr/moonseungjun/villageguardians/VillageRoleAbilitySystem$TimedScale."<init>":(JFI)V
       316: invokeinterface #161,  3          // InterfaceMethod java/util/Map.put:(Ljava/lang/Object;Ljava/lang/Object;)Ljava/lang/Object;
       321: pop
       322: aload_1
       323: new           #178                // class net/minecraft/world/effect/MobEffectInstance
       326: dup
       327: getstatic     #224                // Field net/minecraft/world/effect/MobEffects.STRENGTH:Lnet/minecraft/core/Holder;
       330: iload         9
       332: iconst_1
       333: iconst_1
       334: iload         5
       336: iconst_3
       337: idiv
       338: invokestatic  #227                // Method java/lang/Math.min:(II)I
       341: iadd
       342: iconst_0
       343: iconst_0
       344: iconst_1
       345: invokespecial #186                // Method net/minecraft/world/effect/MobEffectInstance."<init>":(Lnet/minecraft/core/Holder;IIZZZ)V
       348: invokevirtual #189                // Method net/minecraft/server/level/ServerPlayer.addEffect:(Lnet/minecraft/world/effect/MobEffectInstance;)Z
       351: pop
       352: aload_1
       353: new           #178                // class net/minecraft/world/effect/MobEffectInstance
       356: dup
       357: getstatic     #230                // Field net/minecraft/world/effect/MobEffects.SPEED:Lnet/minecraft/core/Holder;
       360: iload         9
       362: iconst_1
       363: iconst_1
       364: iload         5
       366: iconst_4
       367: idiv
       368: invokestatic  #227                // Method java/lang/Math.min:(II)I
       371: iadd
       372: iconst_0
       373: iconst_0
       374: iconst_1
       375: invokespecial #186                // Method net/minecraft/world/effect/MobEffectInstance."<init>":(Lnet/minecraft/core/Holder;IIZZZ)V
       378: invokevirtual #189                // Method net/minecraft/server/level/ServerPlayer.addEffect:(Lnet/minecraft/world/effect/MobEffectInstance;)Z
       381: pop
       382: aload_1
       383: new           #178                // class net/minecraft/world/effect/MobEffectInstance
       386: dup
       387: getstatic     #180                // Field net/minecraft/world/effect/MobEffects.RESISTANCE:Lnet/minecraft/core/Holder;
       390: iload         9
       392: iconst_0
       393: iconst_0
       394: iconst_0
       395: iconst_1
       396: invokespecial #186                // Method net/minecraft/world/effect/MobEffectInstance."<init>":(Lnet/minecraft/core/Holder;IIZZZ)V
       399: invokevirtual #189                // Method net/minecraft/server/level/ServerPlayer.addEffect:(Lnet/minecraft/world/effect/MobEffectInstance;)Z
       402: pop
       403: aload_1
       404: ldc2_w        #233                // double 11.0d
       407: invokestatic  #235                // Method allies:(Lnet/minecraft/server/level/ServerPlayer;D)Ljava/util/List;
       410: invokeinterface #239,  1          // InterfaceMethod java/util/List.iterator:()Ljava/util/Iterator;
       415: astore        13
       417: aload         13
       419: invokeinterface #243,  1          // InterfaceMethod java/util/Iterator.hasNext:()Z
       424: ifeq          496
       427: aload         13
       429: invokeinterface #249,  1          // InterfaceMethod java/util/Iterator.next:()Ljava/lang/Object;
       434: checkcast     #107                // class net/minecraft/server/level/ServerPlayer
       437: astore        14
       439: aload         14
       441: new           #178                // class net/minecraft/world/effect/MobEffectInstance
       444: dup
       445: getstatic     #224                // Field net/minecraft/world/effect/MobEffects.STRENGTH:Lnet/minecraft/core/Holder;
       448: iload         9
       450: iload         5
       452: iconst_3
       453: if_icmplt     460
       456: iconst_1
       457: goto          461
       460: iconst_0
       461: iconst_0
       462: iconst_0
       463: iconst_1
       464: invokespecial #186                // Method net/minecraft/world/effect/MobEffectInstance."<init>":(Lnet/minecraft/core/Holder;IIZZZ)V
       467: invokevirtual #189                // Method net/minecraft/server/level/ServerPlayer.addEffect:(Lnet/minecraft/world/effect/MobEffectInstance;)Z
       470: pop
       471: aload         14
       473: new           #178                // class net/minecraft/world/effect/MobEffectInstance
       476: dup
       477: getstatic     #230                // Field net/minecraft/world/effect/MobEffects.SPEED:Lnet/minecraft/core/Holder;
       480: iload         9
       482: iconst_0
       483: iconst_0
       484: iconst_0
       485: iconst_1
       486: invokespecial #186                // Method net/minecraft/world/effect/MobEffectInstance."<init>":(Lnet/minecraft/core/Holder;IIZZZ)V
       489: invokevirtual #189                // Method net/minecraft/server/level/ServerPlayer.addEffect:(Lnet/minecraft/world/effect/MobEffectInstance;)Z
       492: pop
       493: goto          417
       496: aload_0
       497: aload_1
       498: invokevirtual #193                // Method net/minecraft/server/level/ServerPlayer.position:()Lnet/minecraft/world/phys/Vec3;
       501: getstatic     #253                // Field net/minecraft/sounds/SoundEvents.RAVAGER_ROAR:Lnet/minecraft/sounds/SoundEvent;
       504: ldc_w         #256                // float 0.85f
       507: ldc_w         #257                // float 1.18f
       510: invokestatic  #205                // Method play:(Lnet/minecraft/server/level/ServerLevel;Lnet/minecraft/world/phys/Vec3;Lnet/minecraft/sounds/SoundEvent;FF)V
       513: goto          2060
       516: getstatic     #66                 // Field CHARGE_UNTIL:Ljava/util/Map;
       519: aload_1
       520: invokevirtual #106                // Method net/minecraft/server/level/ServerPlayer.getUUID:()Ljava/util/UUID;
       523: lload         6
       525: ldc2_w        #258                // long 22l
       528: ladd
       529: invokestatic  #155                // Method java/lang/Long.valueOf:(J)Ljava/lang/Long;
       532: invokeinterface #161,  3          // InterfaceMethod java/util/Map.put:(Ljava/lang/Object;Ljava/lang/Object;)Ljava/lang/Object;
       537: pop
       538: aload_1
       539: new           #178                // class net/minecraft/world/effect/MobEffectInstance
       542: dup
       543: getstatic     #180                // Field net/minecraft/world/effect/MobEffects.RESISTANCE:Lnet/minecraft/core/Holder;
       546: bipush        26
       548: iconst_2
       549: iconst_0
       550: iconst_0
       551: iconst_1
       552: invokespecial #186                // Method net/minecraft/world/effect/MobEffectInstance."<init>":(Lnet/minecraft/core/Holder;IIZZZ)V
       555: invokevirtual #189                // Method net/minecraft/server/level/ServerPlayer.addEffect:(Lnet/minecraft/world/effect/MobEffectInstance;)Z
       558: pop
       559: bipush        6
       561: iconst_4
       562: iconst_0
       563: fload         4
       565: fconst_1
       566: fsub
       567: ldc_w         #260                // float 5.0f
       570: fmul
       571: invokestatic  #118                // Method java/lang/Math.round:(F)I
       574: invokestatic  #124                // Method java/lang/Math.max:(II)I
       577: invokestatic  #227                // Method java/lang/Math.min:(II)I
       580: iadd
       581: istore        13
       583: iconst_0
       584: istore        14
       586: iload         14
       588: iload         13
       590: if_icmpge     648
       593: getstatic     #75                 // Field SCHEDULED:Ljava/util/List;
       596: new           #261                // class kr/moonseungjun/villageguardians/VillageRoleAbilitySystem$ScheduledAction
       599: dup
       600: lload         6
       602: ldc2_w        #263                // long 4l
       605: ladd
       606: iload         14
       608: i2l
       609: ldc2_w        #263                // long 4l
       612: lmul
       613: ladd
       614: aload_1
       615: invokevirtual #106                // Method net/minecraft/server/level/ServerPlayer.getUUID:()Ljava/util/UUID;
       618: aload_2
       619: getstatic     #265                // Field kr/moonseungjun/villageguardians/VillageRoleAbilitySystem$ActionKind.BLADE_WAVE:Lkr/moonseungjun/villageguardians/VillageRoleAbilitySystem$ActionKind;
       622: fload_3
       623: fload         4
       625: iload         5
       627: aload_1
       628: invokevirtual #193                // Method net/minecraft/server/level/ServerPlayer.position:()Lnet/minecraft/world/phys/Vec3;
       631: aload         10
       633: invokespecial #271                // Method kr/moonseungjun/villageguardians/VillageRoleAbilitySystem$ScheduledAction."<init>":(JLjava/util/UUID;Lkr/moonseungjun/villageguardians/VillageRoleSkillSystem$ActiveSkill;Lkr/moonseungjun/villageguardians/VillageRoleAbilitySystem$ActionKind;FFILnet/minecraft/world/phys/Vec3;Lnet/minecraft/world/phys/Vec3;)V
       636: invokeinterface #274,  2          // InterfaceMethod java/util/List.add:(Ljava/lang/Object;)Z
       641: pop
       642: iinc          14, 1
       645: goto          586
       648: aload_0
       649: aload_1
       650: invokevirtual #193                // Method net/minecraft/server/level/ServerPlayer.position:()Lnet/minecraft/world/phys/Vec3;
       653: getstatic     #278                // Field net/minecraft/sounds/SoundEvents.PLAYER_ATTACK_STRONG:Lnet/minecraft/sounds/SoundEvent;
       656: fconst_1
       657: ldc           #204                // float 0.72f
       659: invokestatic  #205                // Method play:(Lnet/minecraft/server/level/ServerLevel;Lnet/minecraft/world/phys/Vec3;Lnet/minecraft/sounds/SoundEvent;FF)V
       662: goto          2060
       665: getstatic     #72                 // Field SLAMS:Ljava/util/Map;
       668: aload_1
       669: invokevirtual #106                // Method net/minecraft/server/level/ServerPlayer.getUUID:()Ljava/util/UUID;
       672: new           #281                // class kr/moonseungjun/villageguardians/VillageRoleAbilitySystem$SlamState
       675: dup
       676: lload         6
       678: fload_3
       679: fload         4
       681: iload         5
       683: aload_1
       684: invokevirtual #193                // Method net/minecraft/server/level/ServerPlayer.position:()Lnet/minecraft/world/phys/Vec3;
       687: invokespecial #283                // Method kr/moonseungjun/villageguardians/VillageRoleAbilitySystem$SlamState."<init>":(JFFILnet/minecraft/world/phys/Vec3;)V
       690: invokeinterface #161,  3          // InterfaceMethod java/util/Map.put:(Ljava/lang/Object;Ljava/lang/Object;)Ljava/lang/Object;
       695: pop
       696: aload_1
       697: aload         10
       699: ldc2_w        #286                // double 0.52d
       702: invokevirtual #288                // Method net/minecraft/world/phys/Vec3.scale:(D)Lnet/minecraft/world/phys/Vec3;
       705: dconst_0
       706: ldc2_w        #294                // double 1.05d
       709: dconst_0
       710: invokevirtual #296                // Method net/minecraft/world/phys/Vec3.add:(DDD)Lnet/minecraft/world/phys/Vec3;
       713: invokevirtual #299                // Method net/minecraft/server/level/ServerPlayer.setDeltaMovement:(Lnet/minecraft/world/phys/Vec3;)V
       716: aload_1
       717: iconst_1
       718: putfield      #303                // Field net/minecraft/server/level/ServerPlayer.hurtMarked:Z
       721: aload_0
       722: aload_1
       723: invokevirtual #193                // Method net/minecraft/server/level/ServerPlayer.position:()Lnet/minecraft/world/phys/Vec3;
       726: getstatic     #306                // Field net/minecraft/sounds/SoundEvents.ENDER_DRAGON_FLAP:Lnet/minecraft/sounds/SoundEvent;
       729: ldc_w         #309                // float 0.8f
       732: ldc_w         #310                // float 1.35f
       735: invokestatic  #205                // Method play:(Lnet/minecraft/server/level/ServerLevel;Lnet/minecraft/world/phys/Vec3;Lnet/minecraft/sounds/SoundEvent;FF)V
       738: goto          2060
       741: aload_1
       742: invokevirtual #106                // Method net/minecraft/server/level/ServerPlayer.getUUID:()Ljava/util/UUID;
       745: invokestatic  #311                // Method clearRangerReadies:(Ljava/util/UUID;)V
       748: lload         6
       750: ldc2_w        #315                // long 240l
       753: iload         9
       755: i2l
       756: ldc2_w        #317                // long 2l
       759: lmul
       760: invokestatic  #319                // Method java/lang/Math.max:(JJ)J
       763: ladd
       764: lstore        13
       766: getstatic     #24                 // Field RAPID_UNTIL:Ljava/util/Map;
       769: aload_1
       770: invokevirtual #106                // Method net/minecraft/server/level/ServerPlayer.getUUID:()Ljava/util/UUID;
       773: lload         13
       775: invokestatic  #155                // Method java/lang/Long.valueOf:(J)Ljava/lang/Long;
       778: invokeinterface #161,  3          // InterfaceMethod java/util/Map.put:(Ljava/lang/Object;Ljava/lang/Object;)Ljava/lang/Object;
       783: pop
       784: getstatic     #27                 // Field RAPID_SCALE:Ljava/util/Map;
       787: aload_1
       788: invokevirtual #106                // Method net/minecraft/server/level/ServerPlayer.getUUID:()Ljava/util/UUID;
       791: new           #165                // class kr/moonseungjun/villageguardians/VillageRoleAbilitySystem$SkillScale
       794: dup
       795: fload_3
       796: fload         4
       798: iload         5
       800: invokespecial #167                // Method kr/moonseungjun/villageguardians/VillageRoleAbilitySystem$SkillScale."<init>":(FFI)V
       803: invokeinterface #161,  3          // InterfaceMethod java/util/Map.put:(Ljava/lang/Object;Ljava/lang/Object;)Ljava/lang/Object;
       808: pop
       809: aload_1
       810: getstatic     #209                // Field net/minecraft/world/InteractionHand.MAIN_HAND:Lnet/minecraft/world/InteractionHand;
       813: iconst_1
       814: invokevirtual #215                // Method net/minecraft/server/level/ServerPlayer.swing:(Lnet/minecraft/world/InteractionHand;Z)V
       817: aload_0
       818: aload_1
       819: invokevirtual #193                // Method net/minecraft/server/level/ServerPlayer.position:()Lnet/minecraft/world/phys/Vec3;
       822: getstatic     #322                // Field net/minecraft/sounds/SoundEvents.CROSSBOW_LOADING_END:Lnet/minecraft/core/Holder;
       825: invokeinterface #325,  1          // InterfaceMethod net/minecraft/core/Holder.value:()Ljava/lang/Object;
       830: checkcast     #330                // class net/minecraft/sounds/SoundEvent
       833: fconst_1
       834: ldc_w         #310                // float 1.35f
       837: invokestatic  #205                // Method play:(Lnet/minecraft/server/level/ServerLevel;Lnet/minecraft/world/phys/Vec3;Lnet/minecraft/sounds/SoundEvent;FF)V
       840: goto          2060
       843: aload_1
       844: invokevirtual #106                // Method net/minecraft/server/level/ServerPlayer.getUUID:()Ljava/util/UUID;
       847: invokestatic  #311                // Method clearRangerReadies:(Ljava/util/UUID;)V
       850: getstatic     #36                 // Field RICOCHET_UNTIL:Ljava/util/Map;
       853: aload_1
       854: invokevirtual #106                // Method net/minecraft/server/level/ServerPlayer.getUUID:()Ljava/util/UUID;
       857: lload         6
       859: ldc2_w        #315                // long 240l
       862: iload         9
       864: i2l
       865: ldc2_w        #317                // long 2l
       868: lmul
       869: invokestatic  #319                // Method java/lang/Math.max:(JJ)J
       872: ladd
       873: invokestatic  #155                // Method java/lang/Long.valueOf:(J)Ljava/lang/Long;
       876: invokeinterface #161,  3          // InterfaceMethod java/util/Map.put:(Ljava/lang/Object;Ljava/lang/Object;)Ljava/lang/Object;
       881: pop
       882: getstatic     #39                 // Field RICOCHET_SCALE:Ljava/util/Map;
       885: aload_1
       886: invokevirtual #106                // Method net/minecraft/server/level/ServerPlayer.getUUID:()Ljava/util/UUID;
       889: new           #165                // class kr/moonseungjun/villageguardians/VillageRoleAbilitySystem$SkillScale
       892: dup
       893: fload_3
       894: fload         4
       896: iload         5
       898: invokespecial #167                // Method kr/moonseungjun/villageguardians/VillageRoleAbilitySystem$SkillScale."<init>":(FFI)V
       901: invokeinterface #161,  3          // InterfaceMethod java/util/Map.put:(Ljava/lang/Object;Ljava/lang/Object;)Ljava/lang/Object;
       906: pop
       907: aload_1
       908: getstatic     #209                // Field net/minecraft/world/InteractionHand.MAIN_HAND:Lnet/minecraft/world/InteractionHand;
       911: iconst_1
       912: invokevirtual #215                // Method net/minecraft/server/level/ServerPlayer.swing:(Lnet/minecraft/world/InteractionHand;Z)V
       915: aload_0
       916: aload_1
       917: invokevirtual #193                // Method net/minecraft/server/level/ServerPlayer.position:()Lnet/minecraft/world/phys/Vec3;
       920: getstatic     #332                // Field net/minecraft/sounds/SoundEvents.CROSSBOW_QUICK_CHARGE_3:Lnet/minecraft/core/Holder;
       923: invokeinterface #325,  1          // InterfaceMethod net/minecraft/core/Holder.value:()Ljava/lang/Object;
       928: checkcast     #330                // class net/minecraft/sounds/SoundEvent
       931: fconst_1
       932: ldc           #203                // float 1.2f
       934: invokestatic  #205                // Method play:(Lnet/minecraft/server/level/ServerLevel;Lnet/minecraft/world/phys/Vec3;Lnet/minecraft/sounds/SoundEvent;FF)V
       937: goto          2060
       940: aload_1
       941: invokevirtual #106                // Method net/minecraft/server/level/ServerPlayer.getUUID:()Ljava/util/UUID;
       944: invokestatic  #311                // Method clearRangerReadies:(Ljava/util/UUID;)V
       947: lload         6
       949: ldc2_w        #335                // long 260l
       952: iload         9
       954: i2l
       955: ldc2_w        #317                // long 2l
       958: lmul
       959: invokestatic  #319                // Method java/lang/Math.max:(JJ)J
       962: ladd
       963: lstore        13
       965: getstatic     #48                 // Field ARROW_RAIN_READY:Ljava/util/Map;
       968: aload_1
       969: invokevirtual #106                // Method net/minecraft/server/level/ServerPlayer.getUUID:()Ljava/util/UUID;
       972: new           #337                // class kr/moonseungjun/villageguardians/VillageRoleAbilitySystem$EmpoweredArrowState
       975: dup
       976: lload         13
       978: fload_3
       979: iload         5
       981: invokespecial #339                // Method kr/moonseungjun/villageguardians/VillageRoleAbilitySystem$EmpoweredArrowState."<init>":(JFI)V
       984: invokeinterface #161,  3          // InterfaceMethod java/util/Map.put:(Ljava/lang/Object;Ljava/lang/Object;)Ljava/lang/Object;
       989: pop
       990: aload_1
       991: getstatic     #209                // Field net/minecraft/world/InteractionHand.MAIN_HAND:Lnet/minecraft/world/InteractionHand;
       994: iconst_1
       995: invokevirtual #215                // Method net/minecraft/server/level/ServerPlayer.swing:(Lnet/minecraft/world/InteractionHand;Z)V
       998: aload_0
       999: aload_1
      1000: invokevirtual #193                // Method net/minecraft/server/level/ServerPlayer.position:()Lnet/minecraft/world/phys/Vec3;
      1003: getstatic     #322                // Field net/minecraft/sounds/SoundEvents.CROSSBOW_LOADING_END:Lnet/minecraft/core/Holder;
      1006: invokeinterface #325,  1          // InterfaceMethod net/minecraft/core/Holder.value:()Ljava/lang/Object;
      1011: checkcast     #330                // class net/minecraft/sounds/SoundEvent
      1014: fconst_1
      1015: ldc_w         #340                // float 0.92f
      1018: invokestatic  #205                // Method play:(Lnet/minecraft/server/level/ServerLevel;Lnet/minecraft/world/phys/Vec3;Lnet/minecraft/sounds/SoundEvent;FF)V
      1021: goto          2060
      1024: aload_1
      1025: invokevirtual #106                // Method net/minecraft/server/level/ServerPlayer.getUUID:()Ljava/util/UUID;
      1028: invokestatic  #311                // Method clearRangerReadies:(Ljava/util/UUID;)V
      1031: lload         6
      1033: ldc2_w        #341                // long 280l
      1036: iload         9
      1038: i2l
      1039: ldc2_w        #317                // long 2l
      1042: lmul
      1043: invokestatic  #319                // Method java/lang/Math.max:(JJ)J
      1046: ladd
      1047: lstore        13
      1049: getstatic     #51                 // Field MEGA_ARROW_READY:Ljava/util/Map;
      1052: aload_1
      1053: invokevirtual #106                // Method net/minecraft/server/level/ServerPlayer.getUUID:()Ljava/util/UUID;
      1056: new           #337                // class kr/moonseungjun/villageguardians/VillageRoleAbilitySystem$EmpoweredArrowState
      1059: dup
      1060: lload         13
      1062: fload_3
      1063: iload         5
      1065: invokespecial #339                // Method kr/moonseungjun/villageguardians/VillageRoleAbilitySystem$EmpoweredArrowState."<init>":(JFI)V
      1068: invokeinterface #161,  3          // InterfaceMethod java/util/Map.put:(Ljava/lang/Object;Ljava/lang/Object;)Ljava/lang/Object;
      1073: pop
      1074: aload_1
      1075: getstatic     #209                // Field net/minecraft/world/InteractionHand.MAIN_HAND:Lnet/minecraft/world/InteractionHand;
      1078: iconst_1
      1079: invokevirtual #215                // Method net/minecraft/server/level/ServerPlayer.swing:(Lnet/minecraft/world/InteractionHand;Z)V
      1082: aload_0
      1083: aload_1
      1084: invokevirtual #193                // Method net/minecraft/server/level/ServerPlayer.position:()Lnet/minecraft/world/phys/Vec3;
      1087: getstatic     #343                // Field net/minecraft/sounds/SoundEvents.BEACON_POWER_SELECT:Lnet/minecraft/sounds/SoundEvent;
      1090: ldc           #203                // float 1.2f
      1092: ldc_w         #346                // float 0.62f
      1095: invokestatic  #205                // Method play:(Lnet/minecraft/server/level/ServerLevel;Lnet/minecraft/world/phys/Vec3;Lnet/minecraft/sounds/SoundEvent;FF)V
      1098: goto          2060
      1101: aload_0
      1102: aload_1
      1103: ldc2_w        #347                // double 1.35d
      1106: bipush        80
      1108: ldc_w         #349                // float 112.0f
      1111: fload         4
      1113: fmul
      1114: invokestatic  #118                // Method java/lang/Math.round:(F)I
      1117: invokestatic  #124                // Method java/lang/Math.max:(II)I
      1120: ldc_w         #350                // float 12.0f
      1123: iload         8
      1125: i2f
      1126: ldc_w         #351                // float 0.65f
      1129: fmul
      1130: fadd
      1131: fload_3
      1132: fmul
      1133: ldc2_w        #352                // double 4.8d
      1136: iload         5
      1138: invokestatic  #354                // Method areaRadius:(DI)D
      1141: iload         5
      1143: aload         11
      1145: invokestatic  #358                // Method launchFireOrb:(Lnet/minecraft/server/level/ServerLevel;Lnet/minecraft/server/level/ServerPlayer;DIFDILnet/minecraft/world/phys/Vec3;)V
      1148: goto          2060
      1151: ldc2_w        #362                // double 7.5d
      1154: iload         5
      1156: invokestatic  #354                // Method areaRadius:(DI)D
      1159: dstore        13
      1161: aload_0
      1162: aload_1
      1163: ldc2_w        #364                // double 28.0d
      1166: iload         5
      1168: invokestatic  #366                // Method maximumRange:(DI)D
      1171: invokestatic  #369                // Method aimedGround:(Lnet/minecraft/server/level/ServerLevel;Lnet/minecraft/server/level/ServerPlayer;D)Lnet/minecraft/world/phys/Vec3;
      1174: astore        15
      1176: sipush        140
      1179: iload         9
      1181: invokestatic  #124                // Method java/lang/Math.max:(II)I
      1184: istore        16
      1186: getstatic     #82                 // Field AREAS:Ljava/util/List;
      1189: new           #373                // class kr/moonseungjun/villageguardians/VillageRoleAbilitySystem$AreaState
      1192: dup
      1193: aload_1
      1194: invokevirtual #106                // Method net/minecraft/server/level/ServerPlayer.getUUID:()Ljava/util/UUID;
      1197: getstatic     #375                // Field kr/moonseungjun/villageguardians/VillageRoleAbilitySystem$AreaKind.FROST:Lkr/moonseungjun/villageguardians/VillageRoleAbilitySystem$AreaKind;
      1200: aload         15
      1202: lload         6
      1204: iload         16
      1206: i2l
      1207: ladd
      1208: dload         13
      1210: fload_3
      1211: iload         5
      1213: iconst_0
      1214: invokespecial #381                // Method kr/moonseungjun/villageguardians/VillageRoleAbilitySystem$AreaState."<init>":(Ljava/util/UUID;Lkr/moonseungjun/villageguardians/VillageRoleAbilitySystem$AreaKind;Lnet/minecraft/world/phys/Vec3;JDFII)V
      1217: invokeinterface #274,  2          // InterfaceMethod java/util/List.add:(Ljava/lang/Object;)Z
      1222: pop
      1223: aload_0
      1224: aload_1
      1225: aload         15
      1227: iload         16
      1229: dload         13
      1231: iload         5
      1233: invokestatic  #384                // Method kr/moonseungjun/villageguardians/VillageSkillEffectSystem.frostField:(Lnet/minecraft/server/level/ServerLevel;Lnet/minecraft/server/level/ServerPlayer;Lnet/minecraft/world/phys/Vec3;IDI)V
      1236: aload_0
      1237: aload         15
      1239: getstatic     #388                // Field net/minecraft/sounds/SoundEvents.GLASS_PLACE:Lnet/minecraft/sounds/SoundEvent;
      1242: ldc_w         #391                // float 1.1f
      1245: ldc_w         #346                // float 0.62f
      1248: invokestatic  #205                // Method play:(Lnet/minecraft/server/level/ServerLevel;Lnet/minecraft/world/phys/Vec3;Lnet/minecraft/sounds/SoundEvent;FF)V
      1251: goto          2060
      1254: ldc2_w        #392                // double 8.5d
      1257: iload         5
      1259: invokestatic  #354                // Method areaRadius:(DI)D
      1262: dstore        13
      1264: aload_0
      1265: aload_1
      1266: ldc2_w        #394                // double 30.0d
      1269: iload         5
      1271: invokestatic  #366                // Method maximumRange:(DI)D
      1274: invokestatic  #369                // Method aimedGround:(Lnet/minecraft/server/level/ServerLevel;Lnet/minecraft/server/level/ServerPlayer;D)Lnet/minecraft/world/phys/Vec3;
      1277: astore        15
      1279: bipush        120
      1281: iload         9
      1283: invokestatic  #124                // Method java/lang/Math.max:(II)I
      1286: istore        16
      1288: getstatic     #82                 // Field AREAS:Ljava/util/List;
      1291: new           #373                // class kr/moonseungjun/villageguardians/VillageRoleAbilitySystem$AreaState
      1294: dup
      1295: aload_1
      1296: invokevirtual #106                // Method net/minecraft/server/level/ServerPlayer.getUUID:()Ljava/util/UUID;
      1299: getstatic     #396                // Field kr/moonseungjun/villageguardians/VillageRoleAbilitySystem$AreaKind.TORNADO:Lkr/moonseungjun/villageguardians/VillageRoleAbilitySystem$AreaKind;
      1302: aload         15
      1304: lload         6
      1306: iload         16
      1308: i2l
      1309: ladd
      1310: dload         13
      1312: fload_3
      1313: iload         5
      1315: iconst_0
      1316: invokespecial #381                // Method kr/moonseungjun/villageguardians/VillageRoleAbilitySystem$AreaState."<init>":(Ljava/util/UUID;Lkr/moonseungjun/villageguardians/VillageRoleAbilitySystem$AreaKind;Lnet/minecraft/world/phys/Vec3;JDFII)V
      1319: invokeinterface #274,  2          // InterfaceMethod java/util/List.add:(Ljava/lang/Object;)Z
      1324: pop
      1325: aload_0
      1326: aload_1
      1327: aload         15
      1329: aload         10
      1331: iload         16
      1333: dload         13
      1335: iload         5
      1337: invokestatic  #399                // Method kr/moonseungjun/villageguardians/VillageSkillEffectSystem.tornadoField:(Lnet/minecraft/server/level/ServerLevel;Lnet/minecraft/server/level/ServerPlayer;Lnet/minecraft/world/phys/Vec3;Lnet/minecraft/world/phys/Vec3;IDI)V
      1340: aload_0
      1341: aload         15
      1343: getstatic     #403                // Field net/minecraft/sounds/SoundEvents.BREEZE_WIND_CHARGE_BURST:Lnet/minecraft/core/Holder$Reference;
      1346: invokevirtual #407                // Method net/minecraft/core/Holder$Reference.value:()Ljava/lang/Object;
      1349: checkcast     #330                // class net/minecraft/sounds/SoundEvent
      1352: ldc_w         #391                // float 1.1f
      1355: ldc           #204                // float 0.72f
      1357: invokestatic  #205                // Method play:(Lnet/minecraft/server/level/ServerLevel;Lnet/minecraft/world/phys/Vec3;Lnet/minecraft/sounds/SoundEvent;FF)V
      1360: goto          2060
      1363: ldc2_w        #410                // double 18.0d
      1366: iload         5
      1368: invokestatic  #354                // Method areaRadius:(DI)D
      1371: dstore        13
      1373: aload_0
      1374: aload_1
      1375: ldc2_w        #412                // double 36.0d
      1378: iload         5
      1380: invokestatic  #366                // Method maximumRange:(DI)D
      1383: invokestatic  #369                // Method aimedGround:(Lnet/minecraft/server/level/ServerLevel;Lnet/minecraft/server/level/ServerPlayer;D)Lnet/minecraft/world/phys/Vec3;
      1386: astore        15
      1388: bipush        100
      1390: iload         9
      1392: iconst_2
      1393: idiv
      1394: invokestatic  #124                // Method java/lang/Math.max:(II)I
      1397: istore        16
      1399: getstatic     #82                 // Field AREAS:Ljava/util/List;
      1402: new           #373                // class kr/moonseungjun/villageguardians/VillageRoleAbilitySystem$AreaState
      1405: dup
      1406: aload_1
      1407: invokevirtual #106                // Method net/minecraft/server/level/ServerPlayer.getUUID:()Ljava/util/UUID;
      1410: getstatic     #414                // Field kr/moonseungjun/villageguardians/VillageRoleAbilitySystem$AreaKind.LIGHTNING:Lkr/moonseungjun/villageguardians/VillageRoleAbilitySystem$AreaKind;
      1413: aload         15
      1415: lload         6
      1417: iload         16
      1419: i2l
      1420: ladd
      1421: dload         13
      1423: fload_3
      1424: iload         5
      1426: iconst_0
      1427: invokespecial #381                // Method kr/moonseungjun/villageguardians/VillageRoleAbilitySystem$AreaState."<init>":(Ljava/util/UUID;Lkr/moonseungjun/villageguardians/VillageRoleAbilitySystem$AreaKind;Lnet/minecraft/world/phys/Vec3;JDFII)V
      1430: invokeinterface #274,  2          // InterfaceMethod java/util/List.add:(Ljava/lang/Object;)Z
      1435: pop
      1436: aload_0
      1437: aload_1
      1438: aload         15
      1440: iload         16
      1442: dload         13
      1444: iload         5
      1446: invokestatic  #417                // Method kr/moonseungjun/villageguardians/VillageSkillEffectSystem.lightningField:(Lnet/minecraft/server/level/ServerLevel;Lnet/minecraft/server/level/ServerPlayer;Lnet/minecraft/world/phys/Vec3;IDI)V
      1449: aload_0
      1450: aload         15
      1452: getstatic     #420                // Field net/minecraft/sounds/SoundEvents.LIGHTNING_BOLT_THUNDER:Lnet/minecraft/sounds/SoundEvent;
      1455: ldc_w         #256                // float 0.85f
      1458: ldc_w         #423                // float 1.15f
      1461: invokestatic  #205                // Method play:(Lnet/minecraft/server/level/ServerLevel;Lnet/minecraft/world/phys/Vec3;Lnet/minecraft/sounds/SoundEvent;FF)V
      1464: goto          2060
      1467: aload_1
      1468: ldc_w         #424                // float 10.0f
      1471: iload         8
      1473: i2f
      1474: ldc_w         #425                // float 0.7f
      1477: fmul
      1478: fadd
      1479: fload_3
      1480: fmul
      1481: iload         9
      1483: iload         5
      1485: iconst_0
      1486: invokestatic  #426                // Method healLowestAlly:(Lnet/minecraft/server/level/ServerPlayer;FIIZ)V
      1489: goto          2060
      1492: aload_1
      1493: ldc_w         #430                // float 3.0f
      1496: iload         8
      1498: i2f
      1499: ldc_w         #431                // float 0.22f
      1502: fmul
      1503: fadd
      1504: fload_3
      1505: fmul
      1506: iload         9
      1508: iload         5
      1510: invokestatic  #432                // Method cleanseAllies:(Lnet/minecraft/server/level/ServerPlayer;FII)V
      1513: goto          2060
      1516: ldc2_w        #362                // double 7.5d
      1519: iload         5
      1521: invokestatic  #354                // Method areaRadius:(DI)D
      1524: dstore        13
      1526: sipush        160
      1529: iload         9
      1531: iconst_2
      1532: imul
      1533: invokestatic  #124                // Method java/lang/Math.max:(II)I
      1536: istore        15
      1538: getstatic     #82                 // Field AREAS:Ljava/util/List;
      1541: new           #373                // class kr/moonseungjun/villageguardians/VillageRoleAbilitySystem$AreaState
      1544: dup
      1545: aload_1
      1546: invokevirtual #106                // Method net/minecraft/server/level/ServerPlayer.getUUID:()Ljava/util/UUID;
      1549: getstatic     #436                // Field kr/moonseungjun/villageguardians/VillageRoleAbilitySystem$AreaKind.HEALING:Lkr/moonseungjun/villageguardians/VillageRoleAbilitySystem$AreaKind;
      1552: aload_1
      1553: invokevirtual #193                // Method net/minecraft/server/level/ServerPlayer.position:()Lnet/minecraft/world/phys/Vec3;
      1556: lload         6
      1558: iload         15
      1560: i2l
      1561: ladd
      1562: dload         13
      1564: fload_3
      1565: iload         5
      1567: iconst_0
      1568: invokespecial #381                // Method kr/moonseungjun/villageguardians/VillageRoleAbilitySystem$AreaState."<init>":(Ljava/util/UUID;Lkr/moonseungjun/villageguardians/VillageRoleAbilitySystem$AreaKind;Lnet/minecraft/world/phys/Vec3;JDFII)V
      1571: invokeinterface #274,  2          // InterfaceMethod java/util/List.add:(Ljava/lang/Object;)Z
      1576: pop
      1577: aload_0
      1578: aload_1
      1579: aload_1
      1580: invokevirtual #193                // Method net/minecraft/server/level/ServerPlayer.position:()Lnet/minecraft/world/phys/Vec3;
      1583: iload         15
      1585: dload         13
      1587: iload         5
      1589: invokestatic  #439                // Method kr/moonseungjun/villageguardians/VillageSkillEffectSystem.healingField:(Lnet/minecraft/server/level/ServerLevel;Lnet/minecraft/server/level/ServerPlayer;Lnet/minecraft/world/phys/Vec3;IDI)V
      1592: aload_0
      1593: aload_1
      1594: invokevirtual #193                // Method net/minecraft/server/level/ServerPlayer.position:()Lnet/minecraft/world/phys/Vec3;
      1597: getstatic     #442                // Field net/minecraft/sounds/SoundEvents.BEACON_ACTIVATE:Lnet/minecraft/sounds/SoundEvent;
      1600: fconst_1
      1601: ldc           #203                // float 1.2f
      1603: invokestatic  #205                // Method play:(Lnet/minecraft/server/level/ServerLevel;Lnet/minecraft/world/phys/Vec3;Lnet/minecraft/sounds/SoundEvent;FF)V
      1606: goto          2060
      1609: aload_1
      1610: ldc_w         #445                // float 15.0f
      1613: iload         8
      1615: i2f
      1616: ldc_w         #446                // float 0.9f
      1619: fmul
      1620: fadd
      1621: fload_3
      1622: fmul
      1623: iconst_2
      1624: iload         5
      1626: invokestatic  #124                // Method java/lang/Math.max:(II)I
      1629: iload         9
      1631: iconst_2
      1632: imul
      1633: invokestatic  #447                // Method miracle:(Lnet/minecraft/server/level/ServerPlayer;FII)V
      1636: goto          2060
      1639: getstatic     #60                 // Field AEGIS_UNTIL:Ljava/util/Map;
      1642: aload_1
      1643: invokevirtual #106                // Method net/minecraft/server/level/ServerPlayer.getUUID:()Ljava/util/UUID;
      1646: invokeinterface #450,  2          // InterfaceMethod java/util/Map.remove:(Ljava/lang/Object;)Ljava/lang/Object;
      1651: pop
      1652: getstatic     #75                 // Field SCHEDULED:Ljava/util/List;
      1655: new           #261                // class kr/moonseungjun/villageguardians/VillageRoleAbilitySystem$ScheduledAction
      1658: dup
      1659: lload         6
      1661: aload_1
      1662: invokevirtual #106                // Method net/minecraft/server/level/ServerPlayer.getUUID:()Ljava/util/UUID;
      1665: aload_2
      1666: getstatic     #454                // Field kr/moonseungjun/villageguardians/VillageRoleAbilitySystem$ActionKind.SHIELD_CHARGE:Lkr/moonseungjun/villageguardians/VillageRoleAbilitySystem$ActionKind;
      1669: fload_3
      1670: fload         4
      1672: iload         5
      1674: aload_1
      1675: invokevirtual #193                // Method net/minecraft/server/level/ServerPlayer.position:()Lnet/minecraft/world/phys/Vec3;
      1678: aload         10
      1680: invokespecial #271                // Method kr/moonseungjun/villageguardians/VillageRoleAbilitySystem$ScheduledAction."<init>":(JLjava/util/UUID;Lkr/moonseungjun/villageguardians/VillageRoleSkillSystem$ActiveSkill;Lkr/moonseungjun/villageguardians/VillageRoleAbilitySystem$ActionKind;FFILnet/minecraft/world/phys/Vec3;Lnet/minecraft/world/phys/Vec3;)V
      1683: invokeinterface #274,  2          // InterfaceMethod java/util/List.add:(Ljava/lang/Object;)Z
      1688: pop
      1689: aload_1
      1690: aload         10
      1692: ldc2_w        #294                // double 1.05d
      1695: invokevirtual #288                // Method net/minecraft/world/phys/Vec3.scale:(D)Lnet/minecraft/world/phys/Vec3;
      1698: dconst_0
      1699: ldc2_w        #457                // double 0.08d
      1702: dconst_0
      1703: invokevirtual #296                // Method net/minecraft/world/phys/Vec3.add:(DDD)Lnet/minecraft/world/phys/Vec3;
      1706: invokevirtual #299                // Method net/minecraft/server/level/ServerPlayer.setDeltaMovement:(Lnet/minecraft/world/phys/Vec3;)V
      1709: aload_1
      1710: iconst_1
      1711: putfield      #303                // Field net/minecraft/server/level/ServerPlayer.hurtMarked:Z
      1714: goto          2060
      1717: aload_0
      1718: aload_1
      1719: ldc_w         #459                // float 4.0f
      1722: iload         8
      1724: i2f
      1725: ldc_w         #460                // float 0.25f
      1728: fmul
      1729: fadd
      1730: fload_3
      1731: fmul
      1732: iload         9
      1734: iload         5
      1736: invokestatic  #461                // Method tauntShout:(Lnet/minecraft/server/level/ServerLevel;Lnet/minecraft/server/level/ServerPlayer;FII)V
      1739: goto          2060
      1742: getstatic     #54                 // Field FORTRESS_UNTIL:Ljava/util/Map;
      1745: aload_1
      1746: invokevirtual #106                // Method net/minecraft/server/level/ServerPlayer.getUUID:()Ljava/util/UUID;
      1749: lload         6
      1751: bipush        120
      1753: iload         9
      1755: invokestatic  #124                // Method java/lang/Math.max:(II)I
      1758: i2l
      1759: ladd
      1760: invokestatic  #155                // Method java/lang/Long.valueOf:(J)Ljava/lang/Long;
      1763: invokeinterface #161,  3          // InterfaceMethod java/util/Map.put:(Ljava/lang/Object;Ljava/lang/Object;)Ljava/lang/Object;
      1768: pop
      1769: getstatic     #57                 // Field FORTRESS_SCALE:Ljava/util/Map;
      1772: aload_1
      1773: invokevirtual #106                // Method net/minecraft/server/level/ServerPlayer.getUUID:()Ljava/util/UUID;
      1776: new           #165                // class kr/moonseungjun/villageguardians/VillageRoleAbilitySystem$SkillScale
      1779: dup
      1780: fload_3
      1781: fload         4
      1783: iload         5
      1785: invokespecial #167                // Method kr/moonseungjun/villageguardians/VillageRoleAbilitySystem$SkillScale."<init>":(FFI)V
      1788: invokeinterface #161,  3          // InterfaceMethod java/util/Map.put:(Ljava/lang/Object;Ljava/lang/Object;)Ljava/lang/Object;
      1793: pop
      1794: iconst_5
      1795: iconst_3
      1796: iload         5
      1798: invokestatic  #227                // Method java/lang/Math.min:(II)I
      1801: iadd
      1802: iconst_3
      1803: iconst_0
      1804: fload_3
      1805: fconst_1
      1806: fsub
      1807: ldc_w         #459                // float 4.0f
      1810: fmul
      1811: invokestatic  #118                // Method java/lang/Math.round:(F)I
      1814: invokestatic  #124                // Method java/lang/Math.max:(II)I
      1817: invokestatic  #227                // Method java/lang/Math.min:(II)I
      1820: iadd
      1821: istore        13
      1823: aload_1
      1824: new           #178                // class net/minecraft/world/effect/MobEffectInstance
      1827: dup
      1828: getstatic     #465                // Field net/minecraft/world/effect/MobEffects.ABSORPTION:Lnet/minecraft/core/Holder;
      1831: bipush        120
      1833: iload         9
      1835: invokestatic  #124                // Method java/lang/Math.max:(II)I
      1838: iload         13
      1840: iconst_0
      1841: iconst_0
      1842: iconst_1
      1843: invokespecial #186                // Method net/minecraft/world/effect/MobEffectInstance."<init>":(Lnet/minecraft/core/Holder;IIZZZ)V
      1846: invokevirtual #189                // Method net/minecraft/server/level/ServerPlayer.addEffect:(Lnet/minecraft/world/effect/MobEffectInstance;)Z
      1849: pop
      1850: aload_1
      1851: new           #178                // class net/minecraft/world/effect/MobEffectInstance
      1854: dup
      1855: getstatic     #180                // Field net/minecraft/world/effect/MobEffects.RESISTANCE:Lnet/minecraft/core/Holder;
      1858: bipush        120
      1860: iload         9
      1862: invokestatic  #124                // Method java/lang/Math.max:(II)I
      1865: iconst_3
      1866: iconst_0
      1867: iconst_0
      1868: iconst_1
      1869: invokespecial #186                // Method net/minecraft/world/effect/MobEffectInstance."<init>":(Lnet/minecraft/core/Holder;IIZZZ)V
      1872: invokevirtual #189                // Method net/minecraft/server/level/ServerPlayer.addEffect:(Lnet/minecraft/world/effect/MobEffectInstance;)Z
      1875: pop
      1876: aload_0
      1877: aload_1
      1878: invokevirtual #193                // Method net/minecraft/server/level/ServerPlayer.position:()Lnet/minecraft/world/phys/Vec3;
      1881: getstatic     #468                // Field net/minecraft/sounds/SoundEvents.SHIELD_BLOCK:Lnet/minecraft/core/Holder$Reference;
      1884: invokevirtual #407                // Method net/minecraft/core/Holder$Reference.value:()Ljava/lang/Object;
      1887: checkcast     #330                // class net/minecraft/sounds/SoundEvent
      1890: ldc_w         #471                // float 1.4f
      1893: ldc_w         #472                // float 0.55f
      1896: invokestatic  #205                // Method play:(Lnet/minecraft/server/level/ServerLevel;Lnet/minecraft/world/phys/Vec3;Lnet/minecraft/sounds/SoundEvent;FF)V
      1899: goto          2060
      1902: getstatic     #60                 // Field AEGIS_UNTIL:Ljava/util/Map;
      1905: aload_1
      1906: invokevirtual #106                // Method net/minecraft/server/level/ServerPlayer.getUUID:()Ljava/util/UUID;
      1909: lload         6
      1911: ldc2_w        #473                // long 180l
      1914: iload         9
      1916: i2l
      1917: ldc2_w        #317                // long 2l
      1920: lmul
      1921: invokestatic  #319                // Method java/lang/Math.max:(JJ)J
      1924: ladd
      1925: invokestatic  #155                // Method java/lang/Long.valueOf:(J)Ljava/lang/Long;
      1928: invokeinterface #161,  3          // InterfaceMethod java/util/Map.put:(Ljava/lang/Object;Ljava/lang/Object;)Ljava/lang/Object;
      1933: pop
      1934: getstatic     #63                 // Field AEGIS_SCALE:Ljava/util/Map;
      1937: aload_1
      1938: invokevirtual #106                // Method net/minecraft/server/level/ServerPlayer.getUUID:()Ljava/util/UUID;
      1941: new           #165                // class kr/moonseungjun/villageguardians/VillageRoleAbilitySystem$SkillScale
      1944: dup
      1945: fload_3
      1946: fload         4
      1948: iload         5
      1950: invokespecial #167                // Method kr/moonseungjun/villageguardians/VillageRoleAbilitySystem$SkillScale."<init>":(FFI)V
      1953: invokeinterface #161,  3          // InterfaceMethod java/util/Map.put:(Ljava/lang/Object;Ljava/lang/Object;)Ljava/lang/Object;
      1958: pop
      1959: aload_1
      1960: new           #178                // class net/minecraft/world/effect/MobEffectInstance
      1963: dup
      1964: getstatic     #180                // Field net/minecraft/world/effect/MobEffects.RESISTANCE:Lnet/minecraft/core/Holder;
      1967: sipush        180
      1970: iload         9
      1972: iconst_2
      1973: imul
      1974: invokestatic  #124                // Method java/lang/Math.max:(II)I
      1977: iconst_1
      1978: iconst_1
      1979: iload         5
      1981: iconst_4
      1982: idiv
      1983: invokestatic  #227                // Method java/lang/Math.min:(II)I
      1986: iadd
      1987: iconst_0
      1988: iconst_0
      1989: iconst_1
      1990: invokespecial #186                // Method net/minecraft/world/effect/MobEffectInstance."<init>":(Lnet/minecraft/core/Holder;IIZZZ)V
      1993: invokevirtual #189                // Method net/minecraft/server/level/ServerPlayer.addEffect:(Lnet/minecraft/world/effect/MobEffectInstance;)Z
      1996: pop
      1997: aload_1
      1998: new           #178                // class net/minecraft/world/effect/MobEffectInstance
      2001: dup
      2002: getstatic     #465                // Field net/minecraft/world/effect/MobEffects.ABSORPTION:Lnet/minecraft/core/Holder;
      2005: sipush        180
      2008: iload         9
      2010: iconst_2
      2011: imul
      2012: invokestatic  #124                // Method java/lang/Math.max:(II)I
      2015: iconst_5
      2016: iconst_1
      2017: iconst_0
      2018: fload_3
      2019: fconst_1
      2020: fsub
      2021: ldc_w         #459                // float 4.0f
      2024: fmul
      2025: invokestatic  #118                // Method java/lang/Math.round:(F)I
      2028: invokestatic  #124                // Method java/lang/Math.max:(II)I
      2031: iadd
      2032: invokestatic  #227                // Method java/lang/Math.min:(II)I
      2035: iconst_0
      2036: iconst_0
      2037: iconst_1
      2038: invokespecial #186                // Method net/minecraft/world/effect/MobEffectInstance."<init>":(Lnet/minecraft/core/Holder;IIZZZ)V
      2041: invokevirtual #189                // Method net/minecraft/server/level/ServerPlayer.addEffect:(Lnet/minecraft/world/effect/MobEffectInstance;)Z
      2044: pop
      2045: aload_0
      2046: aload_1
      2047: invokevirtual #193                // Method net/minecraft/server/level/ServerPlayer.position:()Lnet/minecraft/world/phys/Vec3;
      2050: getstatic     #442                // Field net/minecraft/sounds/SoundEvents.BEACON_ACTIVATE:Lnet/minecraft/sounds/SoundEvent;
      2053: fconst_1
      2054: ldc_w         #425                // float 0.7f
      2057: invokestatic  #205                // Method play:(Lnet/minecraft/server/level/ServerLevel;Lnet/minecraft/world/phys/Vec3;Lnet/minecraft/sounds/SoundEvent;FF)V
      2060: aload_2
      2061: invokevirtual #475                // Method kr/moonseungjun/villageguardians/VillageRoleSkillSystem$ActiveSkill.role:()Lkr/moonseungjun/villageguardians/VillageRole;
      2064: getstatic     #479                // Field kr/moonseungjun/villageguardians/VillageRole.ARCANIST:Lkr/moonseungjun/villageguardians/VillageRole;
      2067: if_acmpne     2221
      2070: getstatic     #97                 // Field replayingEcho:Z
      2073: ifne          2221
      2076: iconst_0
      2077: istore        13
      2079: ldc_w         #485                // float 0.58f
      2082: ldc_w         #486                // float 0.3f
      2085: iload         5
      2087: i2f
      2088: ldc_w         #487                // float 0.045f
      2091: fmul
      2092: fadd
      2093: invokestatic  #488                // Method java/lang/Math.min:(FF)F
      2096: fstore        14
      2098: ldc_w         #491                // float 0.32f
      2101: ldc_w         #492                // float 0.12f
      2104: iload         5
      2106: i2f
      2107: ldc_w         #493                // float 0.025f
      2110: fmul
      2111: fadd
      2112: invokestatic  #488                // Method java/lang/Math.min:(FF)F
      2115: fstore        15
      2117: aload_1
      2118: invokevirtual #494                // Method net/minecraft/server/level/ServerPlayer.getRandom:()Lnet/minecraft/util/RandomSource;
      2121: invokeinterface #498,  1          // InterfaceMethod net/minecraft/util/RandomSource.nextFloat:()F
      2126: fload         14
      2128: fcmpg
      2129: ifge          2135
      2132: iinc          13, 1
      2135: aload_1
      2136: invokevirtual #494                // Method net/minecraft/server/level/ServerPlayer.getRandom:()Lnet/minecraft/util/RandomSource;
      2139: invokeinterface #498,  1          // InterfaceMethod net/minecraft/util/RandomSource.nextFloat:()F
      2144: fload         15
      2146: fcmpg
      2147: ifge          2153
      2150: iinc          13, 1
      2153: iconst_0
      2154: istore        16
      2156: iload         16
      2158: iload         13
      2160: if_icmpge     2221
      2163: getstatic     #75                 // Field SCHEDULED:Ljava/util/List;
      2166: new           #261                // class kr/moonseungjun/villageguardians/VillageRoleAbilitySystem$ScheduledAction
      2169: dup
      2170: lload         6
      2172: ldc2_w        #504                // long 8l
      2175: ladd
      2176: iload         16
      2178: i2l
      2179: ldc2_w        #504                // long 8l
      2182: lmul
      2183: ladd
      2184: aload_1
      2185: invokevirtual #106                // Method net/minecraft/server/level/ServerPlayer.getUUID:()Ljava/util/UUID;
      2188: aload_2
      2189: getstatic     #506                // Field kr/moonseungjun/villageguardians/VillageRoleAbilitySystem$ActionKind.ARCANE_ECHO:Lkr/moonseungjun/villageguardians/VillageRoleAbilitySystem$ActionKind;
      2192: fload_3
      2193: ldc           #204                // float 0.72f
      2195: fmul
      2196: fload         4
      2198: iload         5
      2200: aload_1
      2201: invokevirtual #193                // Method net/minecraft/server/level/ServerPlayer.position:()Lnet/minecraft/world/phys/Vec3;
      2204: aload         12
      2206: invokespecial #271                // Method kr/moonseungjun/villageguardians/VillageRoleAbilitySystem$ScheduledAction."<init>":(JLjava/util/UUID;Lkr/moonseungjun/villageguardians/VillageRoleSkillSystem$ActiveSkill;Lkr/moonseungjun/villageguardians/VillageRoleAbilitySystem$ActionKind;FFILnet/minecraft/world/phys/Vec3;Lnet/minecraft/world/phys/Vec3;)V
      2209: invokeinterface #274,  2          // InterfaceMethod java/util/List.add:(Ljava/lang/Object;)Z
      2214: pop
      2215: iinc          16, 1
      2218: goto          2156
      2221: return

  public static void tick(net.minecraft.server.MinecraftServer);
    Code:
         0: aload_0
         1: invokevirtual #509                // Method net/minecraft/server/MinecraftServer.overworld:()Lnet/minecraft/server/level/ServerLevel;
         4: invokevirtual #100                // Method net/minecraft/server/level/ServerLevel.getGameTime:()J
         7: lstore_1
         8: aload_0
         9: lload_1
        10: invokestatic  #515                // Method tickPlayers:(Lnet/minecraft/server/MinecraftServer;J)V
        13: aload_0
        14: lload_1
        15: invokestatic  #519                // Method tickTrackingArrows:(Lnet/minecraft/server/MinecraftServer;J)V
        18: aload_0
        19: lload_1
        20: invokestatic  #522                // Method tickScheduled:(Lnet/minecraft/server/MinecraftServer;J)V
        23: aload_0
        24: lload_1
        25: invokestatic  #525                // Method tickAreas:(Lnet/minecraft/server/MinecraftServer;J)V
        28: aload_0
        29: lload_1
        30: invokestatic  #528                // Method tickMoving:(Lnet/minecraft/server/MinecraftServer;J)V
        33: aload_0
        34: lload_1
        35: invokestatic  #531                // Method cleanupExpired:(Lnet/minecraft/server/MinecraftServer;J)V
        38: aload_0
        39: invokestatic  #534                // Method kr/moonseungjun/villageguardians/VillageSkillEffectSystem.tick:(Lnet/minecraft/server/MinecraftServer;)V
        42: return

  private static void tickPlayers(net.minecraft.server.MinecraftServer, long);
    Code:
         0: aload_0
         1: invokevirtual #538                // Method net/minecraft/server/MinecraftServer.getPlayerList:()Lnet/minecraft/server/players/PlayerList;
         4: invokevirtual #542                // Method net/minecraft/server/players/PlayerList.getPlayers:()Ljava/util/List;
         7: invokeinterface #239,  1          // InterfaceMethod java/util/List.iterator:()Ljava/util/Iterator;
        12: astore_3
        13: aload_3
        14: invokeinterface #243,  1          // InterfaceMethod java/util/Iterator.hasNext:()Z
        19: ifeq          864
        22: aload_3
        23: invokeinterface #249,  1          // InterfaceMethod java/util/Iterator.next:()Ljava/lang/Object;
        28: checkcast     #107                // class net/minecraft/server/level/ServerPlayer
        31: astore        4
        33: aload         4
        35: invokevirtual #548                // Method net/minecraft/server/level/ServerPlayer.level:()Lnet/minecraft/server/level/ServerLevel;
        38: astore        6
        40: aload         6
        42: instanceof    #101                // class net/minecraft/server/level/ServerLevel
        45: ifeq          13
        48: aload         6
        50: astore        5
        52: aload         4
        54: invokestatic  #551                // Method kr/moonseungjun/villageguardians/VillageRespawnSystem.isDowned:(Lnet/minecraft/server/level/ServerPlayer;)Z
        57: ifeq          63
        60: goto          13
        63: aload         4
        65: invokevirtual #106                // Method net/minecraft/server/level/ServerPlayer.getUUID:()Ljava/util/UUID;
        68: astore        6
        70: aload         4
        72: aload         6
        74: lload_1
        75: invokestatic  #557                // Method tickRapidBow:(Lnet/minecraft/server/level/ServerPlayer;Ljava/util/UUID;J)V
        78: getstatic     #7                  // Field SPIN_UNTIL:Ljava/util/Map;
        81: aload         6
        83: lconst_0
        84: invokestatic  #155                // Method java/lang/Long.valueOf:(J)Ljava/lang/Long;
        87: invokeinterface #561,  3          // InterfaceMethod java/util/Map.getOrDefault:(Ljava/lang/Object;Ljava/lang/Object;)Ljava/lang/Object;
        92: checkcast     #156                // class java/lang/Long
        95: invokevirtual #564                // Method java/lang/Long.longValue:()J
        98: lstore        7
       100: lload         7
       102: lload_1
       103: lcmp
       104: iflt          286
       107: getstatic     #18                 // Field SPIN_SCALE:Ljava/util/Map;
       110: aload         6
       112: getstatic     #567                // Field kr/moonseungjun/villageguardians/VillageRoleAbilitySystem$SkillScale.DEFAULT:Lkr/moonseungjun/villageguardians/VillageRoleAbilitySystem$SkillScale;
       115: invokeinterface #561,  3          // InterfaceMethod java/util/Map.getOrDefault:(Ljava/lang/Object;Ljava/lang/Object;)Ljava/lang/Object;
       120: checkcast     #165                // class kr/moonseungjun/villageguardians/VillageRoleAbilitySystem$SkillScale
       123: astore        9
       125: aload         4
       127: lload_1
       128: l2d
       129: ldc2_w        #571                // double 38.0d
       132: dmul
       133: ldc2_w        #573                // double 360.0d
       136: drem
       137: d2f
       138: invokevirtual #575                // Method net/minecraft/server/level/ServerPlayer.setYBodyRot:(F)V
       141: lload_1
       142: ldc2_w        #579                // long 6l
       145: lrem
       146: lconst_0
       147: lcmp
       148: ifne          175
       151: aload         5
       153: aload         4
       155: ldc           #170                // String vanguard_spin
       157: ldc2_w        #504                // long 8l
       160: lload         7
       162: lload_1
       163: lsub
       164: ldc2_w        #504                // long 8l
       167: ladd
       168: invokestatic  #319                // Method java/lang/Math.max:(JJ)J
       171: l2i
       172: invokestatic  #172                // Method kr/moonseungjun/villageguardians/VillageNetwork.sendSkillMotion:(Lnet/minecraft/server/level/ServerLevel;Lnet/minecraft/server/level/ServerPlayer;Ljava/lang/String;I)V
       175: lload_1
       176: ldc2_w        #581                // long 3l
       179: lrem
       180: lconst_0
       181: lcmp
       182: ifne          286
       185: aload         5
       187: aload         4
       189: aload         4
       191: invokevirtual #193                // Method net/minecraft/server/level/ServerPlayer.position:()Lnet/minecraft/world/phys/Vec3;
       194: ldc2_w        #583                // double 4.7d
       197: aload         9
       199: invokevirtual #585                // Method kr/moonseungjun/villageguardians/VillageRoleAbilitySystem$SkillScale.specialRank:()I
       202: invokestatic  #354                // Method areaRadius:(DI)D
       205: bipush        10
       207: aload         9
       209: invokevirtual #585                // Method kr/moonseungjun/villageguardians/VillageRoleAbilitySystem$SkillScale.specialRank:()I
       212: iconst_2
       213: imul
       214: iadd
       215: ldc_w         #588                // float 2.4f
       218: aload         6
       220: invokestatic  #112                // Method kr/moonseungjun/villageguardians/VillageCouncilState.levelOf:(Ljava/util/UUID;)I
       223: i2f
       224: ldc_w         #589                // float 0.16f
       227: fmul
       228: fadd
       229: aload         9
       231: invokevirtual #590                // Method kr/moonseungjun/villageguardians/VillageRoleAbilitySystem$SkillScale.power:()F
       234: fmul
       235: iconst_0
       236: ldc2_w        #593                // double 0.32d
       239: aload         9
       241: invokevirtual #585                // Method kr/moonseungjun/villageguardians/VillageRoleAbilitySystem$SkillScale.specialRank:()I
       244: i2d
       245: ldc2_w        #595                // double 0.03d
       248: dmul
       249: dadd
       250: ldc2_w        #597                // double 0.05d
       253: invokestatic  #599                // Method damageRadius:(Lnet/minecraft/server/level/ServerLevel;Lnet/minecraft/server/level/ServerPlayer;Lnet/minecraft/world/phys/Vec3;DIFZDD)V
       256: aload         5
       258: aload         4
       260: invokevirtual #193                // Method net/minecraft/server/level/ServerPlayer.position:()Lnet/minecraft/world/phys/Vec3;
       263: getstatic     #197                // Field net/minecraft/sounds/SoundEvents.PLAYER_ATTACK_SWEEP:Lnet/minecraft/sounds/SoundEvent;
       266: ldc_w         #425                // float 0.7f
       269: ldc_w         #309                // float 0.8f
       272: lload_1
       273: ldc2_w        #263                // long 4l
       276: lrem
       277: l2f
       278: ldc_w         #603                // float 0.05f
       281: fmul
       282: fadd
       283: invokestatic  #205                // Method play:(Lnet/minecraft/server/level/ServerLevel;Lnet/minecraft/world/phys/Vec3;Lnet/minecraft/sounds/SoundEvent;FF)V
       286: getstatic     #36                 // Field RICOCHET_UNTIL:Ljava/util/Map;
       289: aload         6
       291: lconst_0
       292: invokestatic  #155                // Method java/lang/Long.valueOf:(J)Ljava/lang/Long;
       295: invokeinterface #561,  3          // InterfaceMethod java/util/Map.getOrDefault:(Ljava/lang/Object;Ljava/lang/Object;)Ljava/lang/Object;
       300: checkcast     #156                // class java/lang/Long
       303: invokevirtual #564                // Method java/lang/Long.longValue:()J
       306: lload_1
       307: lcmp
       308: iflt          357
       311: lload_1
       312: ldc2_w        #263                // long 4l
       315: lrem
       316: lconst_0
       317: lcmp
       318: ifne          357
       321: aload         4
       323: invokestatic  #132                // Method lookDirection:(Lnet/minecraft/server/level/ServerPlayer;)Lnet/minecraft/world/phys/Vec3;
       326: astore        9
       328: aload         4
       330: invokevirtual #604                // Method net/minecraft/server/level/ServerPlayer.getEyePosition:()Lnet/minecraft/world/phys/Vec3;
       333: aload         9
       335: ldc2_w        #607                // double 1.45d
       338: invokevirtual #288                // Method net/minecraft/world/phys/Vec3.scale:(D)Lnet/minecraft/world/phys/Vec3;
       341: invokevirtual #609                // Method net/minecraft/world/phys/Vec3.add:(Lnet/minecraft/world/phys/Vec3;)Lnet/minecraft/world/phys/Vec3;
       344: astore        10
       346: aload         5
       348: aload         4
       350: aload         10
       352: aload         9
       354: invokestatic  #612                // Method kr/moonseungjun/villageguardians/VillageSkillEffectSystem.trackingReticle:(Lnet/minecraft/server/level/ServerLevel;Lnet/minecraft/server/level/ServerPlayer;Lnet/minecraft/world/phys/Vec3;Lnet/minecraft/world/phys/Vec3;)V
       357: getstatic     #72                 // Field SLAMS:Ljava/util/Map;
       360: aload         6
       362: invokeinterface #616,  2          // InterfaceMethod java/util/Map.get:(Ljava/lang/Object;)Ljava/lang/Object;
       367: checkcast     #281                // class kr/moonseungjun/villageguardians/VillageRoleAbilitySystem$SlamState
       370: astore        9
       372: aload         9
       374: ifnull        446
       377: lload_1
       378: aload         9
       380: invokevirtual #619                // Method kr/moonseungjun/villageguardians/VillageRoleAbilitySystem$SlamState.startedAt:()J
       383: ldc2_w        #622                // long 5l
       386: ladd
       387: lcmp
       388: ifle          446
       391: aload         4
       393: invokevirtual #624                // Method net/minecraft/server/level/ServerPlayer.onGround:()Z
       396: ifne          413
       399: lload_1
       400: aload         9
       402: invokevirtual #619                // Method kr/moonseungjun/villageguardians/VillageRoleAbilitySystem$SlamState.startedAt:()J
       405: ldc2_w        #627                // long 34l
       408: ladd
       409: lcmp
       410: ifle          446
       413: aload         5
       415: aload         4
       417: aload         9
       419: invokevirtual #629                // Method kr/moonseungjun/villageguardians/VillageRoleAbilitySystem$SlamState.power:()F
       422: aload         9
       424: invokevirtual #630                // Method kr/moonseungjun/villageguardians/VillageRoleAbilitySystem$SlamState.durationMultiplier:()F
       427: aload         9
       429: invokevirtual #633                // Method kr/moonseungjun/villageguardians/VillageRoleAbilitySystem$SlamState.specialRank:()I
       432: invokestatic  #634                // Method groundSlam:(Lnet/minecraft/server/level/ServerLevel;Lnet/minecraft/server/level/ServerPlayer;FFI)V
       435: getstatic     #72                 // Field SLAMS:Ljava/util/Map;
       438: aload         6
       440: invokeinterface #450,  2          // InterfaceMethod java/util/Map.remove:(Ljava/lang/Object;)Ljava/lang/Object;
       445: pop
       446: getstatic     #54                 // Field FORTRESS_UNTIL:Ljava/util/Map;
       449: aload         6
       451: lconst_0
       452: invokestatic  #155                // Method java/lang/Long.valueOf:(J)Ljava/lang/Long;
       455: invokeinterface #561,  3          // InterfaceMethod java/util/Map.getOrDefault:(Ljava/lang/Object;Ljava/lang/Object;)Ljava/lang/Object;
       460: checkcast     #156                // class java/lang/Long
       463: invokevirtual #564                // Method java/lang/Long.longValue:()J
       466: lload_1
       467: lcmp
       468: iflt          573
       471: getstatic     #57                 // Field FORTRESS_SCALE:Ljava/util/Map;
       474: aload         6
       476: getstatic     #567                // Field kr/moonseungjun/villageguardians/VillageRoleAbilitySystem$SkillScale.DEFAULT:Lkr/moonseungjun/villageguardians/VillageRoleAbilitySystem$SkillScale;
       479: invokeinterface #561,  3          // InterfaceMethod java/util/Map.getOrDefault:(Ljava/lang/Object;Ljava/lang/Object;)Ljava/lang/Object;
       484: checkcast     #165                // class kr/moonseungjun/villageguardians/VillageRoleAbilitySystem$SkillScale
       487: astore        10
       489: aload         4
       491: getstatic     #638                // Field net/minecraft/world/phys/Vec3.ZERO:Lnet/minecraft/world/phys/Vec3;
       494: invokevirtual #299                // Method net/minecraft/server/level/ServerPlayer.setDeltaMovement:(Lnet/minecraft/world/phys/Vec3;)V
       497: aload         4
       499: iconst_1
       500: putfield      #303                // Field net/minecraft/server/level/ServerPlayer.hurtMarked:Z
       503: lload_1
       504: ldc2_w        #622                // long 5l
       507: lrem
       508: lconst_0
       509: lcmp
       510: ifne          570
       513: aload         5
       515: aload         4
       517: ldc2_w        #642                // double 3.6d
       520: aload         10
       522: invokevirtual #585                // Method kr/moonseungjun/villageguardians/VillageRoleAbilitySystem$SkillScale.specialRank:()I
       525: i2d
       526: ldc2_w        #644                // double 0.35d
       529: dmul
       530: dadd
       531: bipush        16
       533: aload         10
       535: invokevirtual #585                // Method kr/moonseungjun/villageguardians/VillageRoleAbilitySystem$SkillScale.specialRank:()I
       538: iconst_3
       539: imul
       540: iadd
       541: ldc2_w        #646                // double 0.38d
       544: aload         10
       546: invokevirtual #585                // Method kr/moonseungjun/villageguardians/VillageRoleAbilitySystem$SkillScale.specialRank:()I
       549: i2d
       550: ldc2_w        #648                // double 0.025d
       553: dmul
       554: dadd
       555: ldc2_w        #650                // double 0.04d
       558: ldc_w         #472                // float 0.55f
       561: aload         10
       563: invokevirtual #590                // Method kr/moonseungjun/villageguardians/VillageRoleAbilitySystem$SkillScale.power:()F
       566: fmul
       567: invokestatic  #652                // Method pushFront:(Lnet/minecraft/server/level/ServerLevel;Lnet/minecraft/server/level/ServerPlayer;DIDDF)V
       570: goto          814
       573: getstatic     #60                 // Field AEGIS_UNTIL:Ljava/util/Map;
       576: aload         6
       578: lconst_0
       579: invokestatic  #155                // Method java/lang/Long.valueOf:(J)Ljava/lang/Long;
       582: invokeinterface #561,  3          // InterfaceMethod java/util/Map.getOrDefault:(Ljava/lang/Object;Ljava/lang/Object;)Ljava/lang/Object;
       587: checkcast     #156                // class java/lang/Long
       590: invokevirtual #564                // Method java/lang/Long.longValue:()J
       593: lload_1
       594: lcmp
       595: iflt          814
       598: getstatic     #63                 // Field AEGIS_SCALE:Ljava/util/Map;
       601: aload         6
       603: getstatic     #567                // Field kr/moonseungjun/villageguardians/VillageRoleAbilitySystem$SkillScale.DEFAULT:Lkr/moonseungjun/villageguardians/VillageRoleAbilitySystem$SkillScale;
       606: invokeinterface #561,  3          // InterfaceMethod java/util/Map.getOrDefault:(Ljava/lang/Object;Ljava/lang/Object;)Ljava/lang/Object;
       611: checkcast     #165                // class kr/moonseungjun/villageguardians/VillageRoleAbilitySystem$SkillScale
       614: astore        10
       616: lload_1
       617: ldc2_w        #581                // long 3l
       620: lrem
       621: lconst_0
       622: lcmp
       623: ifne          682
       626: aload         5
       628: aload         4
       630: ldc2_w        #656                // double 7.0d
       633: aload         10
       635: invokevirtual #585                // Method kr/moonseungjun/villageguardians/VillageRoleAbilitySystem$SkillScale.specialRank:()I
       638: i2d
       639: ldc2_w        #658                // double 0.65d
       642: dmul
       643: dadd
       644: bipush        30
       646: aload         10
       648: invokevirtual #585                // Method kr/moonseungjun/villageguardians/VillageRoleAbilitySystem$SkillScale.specialRank:()I
       651: iconst_4
       652: imul
       653: iadd
       654: ldc2_w        #660                // double 0.7d
       657: aload         10
       659: invokevirtual #585                // Method kr/moonseungjun/villageguardians/VillageRoleAbilitySystem$SkillScale.specialRank:()I
       662: i2d
       663: ldc2_w        #662                // double 0.035d
       666: dmul
       667: dadd
       668: ldc2_w        #457                // double 0.08d
       671: ldc           #203                // float 1.2f
       673: aload         10
       675: invokevirtual #590                // Method kr/moonseungjun/villageguardians/VillageRoleAbilitySystem$SkillScale.power:()F
       678: fmul
       679: invokestatic  #652                // Method pushFront:(Lnet/minecraft/server/level/ServerLevel;Lnet/minecraft/server/level/ServerPlayer;DIDDF)V
       682: aload         4
       684: invokevirtual #664                // Method net/minecraft/server/level/ServerPlayer.isSprinting:()Z
       687: ifeq          814
       690: lload_1
       691: getstatic     #69                 // Field LAST_AEGIS_DASH:Ljava/util/Map;
       694: aload         6
       696: ldc2_w        #667                // long -100l
       699: invokestatic  #155                // Method java/lang/Long.valueOf:(J)Ljava/lang/Long;
       702: invokeinterface #561,  3          // InterfaceMethod java/util/Map.getOrDefault:(Ljava/lang/Object;Ljava/lang/Object;)Ljava/lang/Object;
       707: checkcast     #156                // class java/lang/Long
       710: invokevirtual #564                // Method java/lang/Long.longValue:()J
       713: lsub
       714: ldc2_w        #669                // long 14l
       717: lcmp
       718: iflt          814
       721: getstatic     #69                 // Field LAST_AEGIS_DASH:Ljava/util/Map;
       724: aload         6
       726: lload_1
       727: invokestatic  #155                // Method java/lang/Long.valueOf:(J)Ljava/lang/Long;
       730: invokeinterface #161,  3          // InterfaceMethod java/util/Map.put:(Ljava/lang/Object;Ljava/lang/Object;)Ljava/lang/Object;
       735: pop
       736: aload         4
       738: invokestatic  #128                // Method horizontalLook:(Lnet/minecraft/server/level/ServerPlayer;)Lnet/minecraft/world/phys/Vec3;
       741: astore        11
       743: aload         4
       745: aload         11
       747: ldc2_w        #671                // double 0.78d
       750: ldc2_w        #673                // double 0.25d
       753: aload         10
       755: invokevirtual #590                // Method kr/moonseungjun/villageguardians/VillageRoleAbilitySystem$SkillScale.power:()F
       758: fconst_1
       759: fsub
       760: f2d
       761: ldc2_w        #675                // double 0.22d
       764: dmul
       765: invokestatic  #677                // Method java/lang/Math.min:(DD)D
       768: dadd
       769: invokevirtual #288                // Method net/minecraft/world/phys/Vec3.scale:(D)Lnet/minecraft/world/phys/Vec3;
       772: dconst_0
       773: ldc2_w        #597                // double 0.05d
       776: dconst_0
       777: invokevirtual #296                // Method net/minecraft/world/phys/Vec3.add:(DDD)Lnet/minecraft/world/phys/Vec3;
       780: invokevirtual #299                // Method net/minecraft/server/level/ServerPlayer.setDeltaMovement:(Lnet/minecraft/world/phys/Vec3;)V
       783: aload         4
       785: iconst_1
       786: putfield      #303                // Field net/minecraft/server/level/ServerPlayer.hurtMarked:Z
       789: aload         5
       791: aload         4
       793: invokevirtual #193                // Method net/minecraft/server/level/ServerPlayer.position:()Lnet/minecraft/world/phys/Vec3;
       796: getstatic     #468                // Field net/minecraft/sounds/SoundEvents.SHIELD_BLOCK:Lnet/minecraft/core/Holder$Reference;
       799: invokevirtual #407                // Method net/minecraft/core/Holder$Reference.value:()Ljava/lang/Object;
       802: checkcast     #330                // class net/minecraft/sounds/SoundEvent
       805: ldc_w         #309                // float 0.8f
       808: ldc_w         #423                // float 1.15f
       811: invokestatic  #205                // Method play:(Lnet/minecraft/server/level/ServerLevel;Lnet/minecraft/world/phys/Vec3;Lnet/minecraft/sounds/SoundEvent;FF)V
       814: aload         4
       816: invokestatic  #680                // Method activeRole:(Lnet/minecraft/server/level/ServerPlayer;)Lkr/moonseungjun/villageguardians/VillageRole;
       819: getstatic     #684                // Field kr/moonseungjun/villageguardians/VillageRole.WARDEN:Lkr/moonseungjun/villageguardians/VillageRole;
       822: if_acmpne     861
       825: lload_1
       826: ldc2_w        #687                // long 40l
       829: lrem
       830: lconst_0
       831: lcmp
       832: ifne          861
       835: aload         4
       837: getstatic     #684                // Field kr/moonseungjun/villageguardians/VillageRole.WARDEN:Lkr/moonseungjun/villageguardians/VillageRole;
       840: invokestatic  #689                // Method kr/moonseungjun/villageguardians/VillageRoleSkillSystem.specialRank:(Lnet/minecraft/server/level/ServerPlayer;Lkr/moonseungjun/villageguardians/VillageRole;)I
       843: istore        10
       845: aload         4
       847: ldc_w         #309                // float 0.8f
       850: iload         10
       852: i2f
       853: ldc_w         #589                // float 0.16f
       856: fmul
       857: fadd
       858: invokevirtual #694                // Method net/minecraft/server/level/ServerPlayer.heal:(F)V
       861: goto          13
       864: return

  private static void tickRapidBow(net.minecraft.server.level.ServerPlayer, java.util.UUID, long);
    Code:
         0: getstatic     #24                 // Field RAPID_UNTIL:Ljava/util/Map;
         3: aload_1
         4: lconst_0
         5: invokestatic  #155                // Method java/lang/Long.valueOf:(J)Ljava/lang/Long;
         8: invokeinterface #561,  3          // InterfaceMethod java/util/Map.getOrDefault:(Ljava/lang/Object;Ljava/lang/Object;)Ljava/lang/Object;
        13: checkcast     #156                // class java/lang/Long
        16: invokevirtual #564                // Method java/lang/Long.longValue:()J
        19: lload_2
        20: lcmp
        21: iflt          44
        24: aload_0
        25: invokevirtual #697                // Method net/minecraft/server/level/ServerPlayer.isUsingItem:()Z
        28: ifeq          44
        31: aload_0
        32: invokevirtual #700                // Method net/minecraft/server/level/ServerPlayer.getUseItem:()Lnet/minecraft/world/item/ItemStack;
        35: invokevirtual #704                // Method net/minecraft/world/item/ItemStack.getItem:()Lnet/minecraft/world/item/Item;
        38: instanceof    #710                // class net/minecraft/world/item/BowItem
        41: ifne          55
        44: getstatic     #33                 // Field RAPID_DRAW_TICKS:Ljava/util/Map;
        47: aload_1
        48: invokeinterface #450,  2          // InterfaceMethod java/util/Map.remove:(Ljava/lang/Object;)Ljava/lang/Object;
        53: pop
        54: return
        55: getstatic     #33                 // Field RAPID_DRAW_TICKS:Ljava/util/Map;
        58: aload_1
        59: iconst_1
        60: invokestatic  #712                // Method java/lang/Integer.valueOf:(I)Ljava/lang/Integer;
        63: invokedynamic #717,  0            // InvokeDynamic #0:apply:()Ljava/util/function/BiFunction;
        68: invokeinterface #721,  4          // InterfaceMethod java/util/Map.merge:(Ljava/lang/Object;Ljava/lang/Object;Ljava/util/function/BiFunction;)Ljava/lang/Object;
        73: checkcast     #713                // class java/lang/Integer
        76: invokevirtual #725                // Method java/lang/Integer.intValue:()I
        79: istore        4
        81: aload_0
        82: getstatic     #728                // Field kr/moonseungjun/villageguardians/VillageRole.RANGER:Lkr/moonseungjun/villageguardians/VillageRole;
        85: invokestatic  #689                // Method kr/moonseungjun/villageguardians/VillageRoleSkillSystem.specialRank:(Lnet/minecraft/server/level/ServerPlayer;Lkr/moonseungjun/villageguardians/VillageRole;)I
        88: istore        5
        90: iconst_5
        91: bipush        9
        93: iconst_4
        94: iload         5
        96: invokestatic  #227                // Method java/lang/Math.min:(II)I
        99: isub
       100: invokestatic  #124                // Method java/lang/Math.max:(II)I
       103: istore        6
       105: iload         4
       107: iload         6
       109: if_icmpge     113
       112: return
       113: aload_0
       114: invokevirtual #731                // Method net/minecraft/server/level/ServerPlayer.releaseUsingItem:()V
       117: getstatic     #33                 // Field RAPID_DRAW_TICKS:Ljava/util/Map;
       120: aload_1
       121: invokeinterface #450,  2          // InterfaceMethod java/util/Map.remove:(Ljava/lang/Object;)Ljava/lang/Object;
       126: pop
       127: return

  private static void tickTrackingArrows(net.minecraft.server.MinecraftServer, long);
    Code:
         0: aload_0
         1: invokevirtual #509                // Method net/minecraft/server/MinecraftServer.overworld:()Lnet/minecraft/server/level/ServerLevel;
         4: astore_3
         5: getstatic     #45                 // Field TRACKING_ARROWS:Ljava/util/Map;
         8: invokeinterface #734,  1          // InterfaceMethod java/util/Map.entrySet:()Ljava/util/Set;
        13: invokeinterface #738,  1          // InterfaceMethod java/util/Set.iterator:()Ljava/util/Iterator;
        18: astore        4
        20: aload         4
        22: invokeinterface #243,  1          // InterfaceMethod java/util/Iterator.hasNext:()Z
        27: ifeq          309
        30: aload         4
        32: invokeinterface #249,  1          // InterfaceMethod java/util/Iterator.next:()Ljava/lang/Object;
        37: checkcast     #741                // class java/util/Map$Entry
        40: astore        5
        42: aload         5
        44: invokeinterface #743,  1          // InterfaceMethod java/util/Map$Entry.getValue:()Ljava/lang/Object;
        49: checkcast     #746                // class kr/moonseungjun/villageguardians/VillageRoleAbilitySystem$TrackingArrowState
        52: astore        6
        54: aload_3
        55: aload         5
        57: invokeinterface #748,  1          // InterfaceMethod java/util/Map$Entry.getKey:()Ljava/lang/Object;
        62: checkcast     #751                // class java/util/UUID
        65: invokevirtual #753                // Method net/minecraft/server/level/ServerLevel.getEntity:(Ljava/util/UUID;)Lnet/minecraft/world/entity/Entity;
        68: astore        7
        70: aload_3
        71: aload         6
        73: invokevirtual #757                // Method kr/moonseungjun/villageguardians/VillageRoleAbilitySystem$TrackingArrowState.target:()Ljava/util/UUID;
        76: invokevirtual #753                // Method net/minecraft/server/level/ServerLevel.getEntity:(Ljava/util/UUID;)Lnet/minecraft/world/entity/Entity;
        79: astore        8
        81: lload_1
        82: aload         6
        84: invokevirtual #760                // Method kr/moonseungjun/villageguardians/VillageRoleAbilitySystem$TrackingArrowState.until:()J
        87: lcmp
        88: ifgt          137
        91: aload         7
        93: instanceof    #763                // class net/minecraft/world/entity/projectile/arrow/AbstractArrow
        96: ifeq          137
        99: aload         7
       101: checkcast     #763                // class net/minecraft/world/entity/projectile/arrow/AbstractArrow
       104: astore        9
       106: aload         8
       108: instanceof    #765                // class net/minecraft/world/entity/Mob
       111: ifeq          137
       114: aload         8
       116: checkcast     #765                // class net/minecraft/world/entity/Mob
       119: astore        10
       121: aload         9
       123: invokevirtual #767                // Method net/minecraft/world/entity/projectile/arrow/AbstractArrow.isAlive:()Z
       126: ifeq          137
       129: aload         10
       131: invokevirtual #770                // Method net/minecraft/world/entity/Mob.isAlive:()Z
       134: ifne          147
       137: aload         4
       139: invokeinterface #771,  1          // InterfaceMethod java/util/Iterator.remove:()V
       144: goto          20
       147: aload         10
       149: invokevirtual #773                // Method net/minecraft/world/entity/Mob.position:()Lnet/minecraft/world/phys/Vec3;
       152: dconst_0
       153: aload         10
       155: invokevirtual #774                // Method net/minecraft/world/entity/Mob.getBbHeight:()F
       158: f2d
       159: ldc2_w        #777                // double 0.58d
       162: dmul
       163: dconst_0
       164: invokevirtual #296                // Method net/minecraft/world/phys/Vec3.add:(DDD)Lnet/minecraft/world/phys/Vec3;
       167: astore        11
       169: aload         11
       171: aload         9
       173: invokevirtual #779                // Method net/minecraft/world/entity/projectile/arrow/AbstractArrow.position:()Lnet/minecraft/world/phys/Vec3;
       176: invokevirtual #780                // Method net/minecraft/world/phys/Vec3.subtract:(Lnet/minecraft/world/phys/Vec3;)Lnet/minecraft/world/phys/Vec3;
       179: astore        12
       181: aload         12
       183: invokevirtual #783                // Method net/minecraft/world/phys/Vec3.lengthSqr:()D
       186: ldc2_w        #597                // double 0.05d
       189: dcmpg
       190: ifge          196
       193: goto          20
       196: ldc2_w        #787                // double 2.4d
       199: aload         9
       201: invokevirtual #789                // Method net/minecraft/world/entity/projectile/arrow/AbstractArrow.getDeltaMovement:()Lnet/minecraft/world/phys/Vec3;
       204: invokevirtual #792                // Method net/minecraft/world/phys/Vec3.length:()D
       207: invokestatic  #795                // Method java/lang/Math.max:(DD)D
       210: dstore        13
       212: ldc2_w        #656                // double 7.0d
       215: aload         12
       217: invokevirtual #783                // Method net/minecraft/world/phys/Vec3.lengthSqr:()D
       220: invokestatic  #797                // Method java/lang/Math.sqrt:(D)D
       223: dload         13
       225: ddiv
       226: invokestatic  #677                // Method java/lang/Math.min:(DD)D
       229: dstore        15
       231: aload         11
       233: aload         10
       235: invokevirtual #801                // Method net/minecraft/world/entity/Mob.getDeltaMovement:()Lnet/minecraft/world/phys/Vec3;
       238: dload         15
       240: ldc2_w        #802                // double 0.62d
       243: dmul
       244: invokevirtual #288                // Method net/minecraft/world/phys/Vec3.scale:(D)Lnet/minecraft/world/phys/Vec3;
       247: invokevirtual #609                // Method net/minecraft/world/phys/Vec3.add:(Lnet/minecraft/world/phys/Vec3;)Lnet/minecraft/world/phys/Vec3;
       250: astore        17
       252: aload         17
       254: aload         9
       256: invokevirtual #779                // Method net/minecraft/world/entity/projectile/arrow/AbstractArrow.position:()Lnet/minecraft/world/phys/Vec3;
       259: invokevirtual #780                // Method net/minecraft/world/phys/Vec3.subtract:(Lnet/minecraft/world/phys/Vec3;)Lnet/minecraft/world/phys/Vec3;
       262: astore        18
       264: aload         18
       266: invokevirtual #783                // Method net/minecraft/world/phys/Vec3.lengthSqr:()D
       269: ldc2_w        #804                // double 1.0E-5d
       272: dcmpg
       273: ifge          279
       276: goto          20
       279: aload         9
       281: iconst_1
       282: invokevirtual #806                // Method net/minecraft/world/entity/projectile/arrow/AbstractArrow.setNoGravity:(Z)V
       285: aload         9
       287: aload         18
       289: invokevirtual #810                // Method net/minecraft/world/phys/Vec3.normalize:()Lnet/minecraft/world/phys/Vec3;
       292: dload         13
       294: invokevirtual #288                // Method net/minecraft/world/phys/Vec3.scale:(D)Lnet/minecraft/world/phys/Vec3;
       297: invokevirtual #813                // Method net/minecraft/world/entity/projectile/arrow/AbstractArrow.setDeltaMovement:(Lnet/minecraft/world/phys/Vec3;)V
       300: aload         9
       302: iconst_1
       303: putfield      #814                // Field net/minecraft/world/entity/projectile/arrow/AbstractArrow.hurtMarked:Z
       306: goto          20
       309: return

  private static void tickScheduled(net.minecraft.server.MinecraftServer, long);
    Code:
         0: getstatic     #75                 // Field SCHEDULED:Ljava/util/List;
         3: invokeinterface #239,  1          // InterfaceMethod java/util/List.iterator:()Ljava/util/Iterator;
         8: astore_3
         9: aload_3
        10: invokeinterface #243,  1          // InterfaceMethod java/util/Iterator.hasNext:()Z
        15: ifeq          268
        18: aload_3
        19: invokeinterface #249,  1          // InterfaceMethod java/util/Iterator.next:()Ljava/lang/Object;
        24: checkcast     #261                // class kr/moonseungjun/villageguardians/VillageRoleAbilitySystem$ScheduledAction
        27: astore        4
        29: aload         4
        31: invokevirtual #815                // Method kr/moonseungjun/villageguardians/VillageRoleAbilitySystem$ScheduledAction.executeAt:()J
        34: lload_1
        35: lcmp
        36: ifle          42
        39: goto          9
        42: aload_3
        43: invokeinterface #771,  1          // InterfaceMethod java/util/Iterator.remove:()V
        48: aload_0
        49: invokevirtual #538                // Method net/minecraft/server/MinecraftServer.getPlayerList:()Lnet/minecraft/server/players/PlayerList;
        52: aload         4
        54: invokevirtual #818                // Method kr/moonseungjun/villageguardians/VillageRoleAbilitySystem$ScheduledAction.owner:()Ljava/util/UUID;
        57: invokevirtual #821                // Method net/minecraft/server/players/PlayerList.getPlayer:(Ljava/util/UUID;)Lnet/minecraft/server/level/ServerPlayer;
        60: astore        5
        62: aload         5
        64: ifnull        9
        67: aload         5
        69: invokevirtual #548                // Method net/minecraft/server/level/ServerPlayer.level:()Lnet/minecraft/server/level/ServerLevel;
        72: astore        7
        74: aload         7
        76: instanceof    #101                // class net/minecraft/server/level/ServerLevel
        79: ifeq          9
        82: aload         7
        84: astore        6
        86: aload         4
        88: invokevirtual #825                // Method kr/moonseungjun/villageguardians/VillageRoleAbilitySystem$ScheduledAction.kind:()Lkr/moonseungjun/villageguardians/VillageRoleAbilitySystem$ActionKind;
        91: invokevirtual #829                // Method kr/moonseungjun/villageguardians/VillageRoleAbilitySystem$ActionKind.ordinal:()I
        94: tableswitch   { // 0 to 4
                       0: 128
                       1: 148
                       2: 173
                       3: 193
                       4: 218
                 default: 265
            }
       128: aload         6
       130: aload         5
       132: aload         4
       134: invokevirtual #830                // Method kr/moonseungjun/villageguardians/VillageRoleAbilitySystem$ScheduledAction.power:()F
       137: aload         4
       139: invokevirtual #831                // Method kr/moonseungjun/villageguardians/VillageRoleAbilitySystem$ScheduledAction.specialRank:()I
       142: invokestatic  #832                // Method bladeWave:(Lnet/minecraft/server/level/ServerLevel;Lnet/minecraft/server/level/ServerPlayer;FI)V
       145: goto          265
       148: aload         6
       150: aload         5
       152: aload         4
       154: invokevirtual #836                // Method kr/moonseungjun/villageguardians/VillageRoleAbilitySystem$ScheduledAction.origin:()Lnet/minecraft/world/phys/Vec3;
       157: aload         4
       159: invokevirtual #830                // Method kr/moonseungjun/villageguardians/VillageRoleAbilitySystem$ScheduledAction.power:()F
       162: aload         4
       164: invokevirtual #831                // Method kr/moonseungjun/villageguardians/VillageRoleAbilitySystem$ScheduledAction.specialRank:()I
       167: invokestatic  #839                // Method arrowRain:(Lnet/minecraft/server/level/ServerLevel;Lnet/minecraft/server/level/ServerPlayer;Lnet/minecraft/world/phys/Vec3;FI)V
       170: goto          265
       173: aload         6
       175: aload         5
       177: aload         4
       179: invokevirtual #830                // Method kr/moonseungjun/villageguardians/VillageRoleAbilitySystem$ScheduledAction.power:()F
       182: aload         4
       184: invokevirtual #831                // Method kr/moonseungjun/villageguardians/VillageRoleAbilitySystem$ScheduledAction.specialRank:()I
       187: invokestatic  #843                // Method launchEnergyArrow:(Lnet/minecraft/server/level/ServerLevel;Lnet/minecraft/server/level/ServerPlayer;FI)V
       190: goto          265
       193: aload         6
       195: aload         5
       197: aload         4
       199: invokevirtual #830                // Method kr/moonseungjun/villageguardians/VillageRoleAbilitySystem$ScheduledAction.power:()F
       202: aload         4
       204: invokevirtual #846                // Method kr/moonseungjun/villageguardians/VillageRoleAbilitySystem$ScheduledAction.durationMultiplier:()F
       207: aload         4
       209: invokevirtual #831                // Method kr/moonseungjun/villageguardians/VillageRoleAbilitySystem$ScheduledAction.specialRank:()I
       212: invokestatic  #847                // Method shieldCharge:(Lnet/minecraft/server/level/ServerLevel;Lnet/minecraft/server/level/ServerPlayer;FFI)V
       215: goto          265
       218: iconst_1
       219: putstatic     #97                 // Field replayingEcho:Z
       222: aload         6
       224: aload         5
       226: aload         4
       228: invokevirtual #850                // Method kr/moonseungjun/villageguardians/VillageRoleAbilitySystem$ScheduledAction.skill:()Lkr/moonseungjun/villageguardians/VillageRoleSkillSystem$ActiveSkill;
       231: aload         4
       233: invokevirtual #830                // Method kr/moonseungjun/villageguardians/VillageRoleAbilitySystem$ScheduledAction.power:()F
       236: aload         4
       238: invokevirtual #846                // Method kr/moonseungjun/villageguardians/VillageRoleAbilitySystem$ScheduledAction.durationMultiplier:()F
       241: aload         4
       243: invokevirtual #831                // Method kr/moonseungjun/villageguardians/VillageRoleAbilitySystem$ScheduledAction.specialRank:()I
       246: invokestatic  #854                // Method cast:(Lnet/minecraft/server/level/ServerLevel;Lnet/minecraft/server/level/ServerPlayer;Lkr/moonseungjun/villageguardians/VillageRoleSkillSystem$ActiveSkill;FFI)V
       249: iconst_0
       250: putstatic     #97                 // Field replayingEcho:Z
       253: goto          265
       256: astore        8
       258: iconst_0
       259: putstatic     #97                 // Field replayingEcho:Z
       262: aload         8
       264: athrow
       265: goto          9
       268: return
      Exception table:
         from    to  target type
           222   249   256   any
           256   258   256   any

  private static void tickAreas(net.minecraft.server.MinecraftServer, long);
    Code:
         0: getstatic     #82                 // Field AREAS:Ljava/util/List;
         3: invokeinterface #239,  1          // InterfaceMethod java/util/List.iterator:()Ljava/util/Iterator;
         8: astore_3
         9: aload_3
        10: invokeinterface #243,  1          // InterfaceMethod java/util/Iterator.hasNext:()Z
        15: ifeq          958
        18: aload_3
        19: invokeinterface #249,  1          // InterfaceMethod java/util/Iterator.next:()Ljava/lang/Object;
        24: checkcast     #373                // class kr/moonseungjun/villageguardians/VillageRoleAbilitySystem$AreaState
        27: astore        4
        29: aload_0
        30: invokevirtual #538                // Method net/minecraft/server/MinecraftServer.getPlayerList:()Lnet/minecraft/server/players/PlayerList;
        33: aload         4
        35: invokevirtual #858                // Method kr/moonseungjun/villageguardians/VillageRoleAbilitySystem$AreaState.owner:()Ljava/util/UUID;
        38: invokevirtual #821                // Method net/minecraft/server/players/PlayerList.getPlayer:(Ljava/util/UUID;)Lnet/minecraft/server/level/ServerPlayer;
        41: astore        5
        43: aload         5
        45: ifnull        77
        48: aload         5
        50: invokevirtual #548                // Method net/minecraft/server/level/ServerPlayer.level:()Lnet/minecraft/server/level/ServerLevel;
        53: astore        7
        55: aload         7
        57: instanceof    #101                // class net/minecraft/server/level/ServerLevel
        60: ifeq          77
        63: aload         7
        65: astore        6
        67: lload_1
        68: aload         4
        70: invokevirtual #859                // Method kr/moonseungjun/villageguardians/VillageRoleAbilitySystem$AreaState.until:()J
        73: lcmp
        74: ifle          86
        77: aload_3
        78: invokeinterface #771,  1          // InterfaceMethod java/util/Iterator.remove:()V
        83: goto          9
        86: aload         4
        88: invokevirtual #860                // Method kr/moonseungjun/villageguardians/VillageRoleAbilitySystem$AreaState.kind:()Lkr/moonseungjun/villageguardians/VillageRoleAbilitySystem$AreaKind;
        91: getstatic     #414                // Field kr/moonseungjun/villageguardians/VillageRoleAbilitySystem$AreaKind.LIGHTNING:Lkr/moonseungjun/villageguardians/VillageRoleAbilitySystem$AreaKind;
        94: if_acmpne     418
        97: lload_1
        98: aload         4
       100: invokevirtual #863                // Method kr/moonseungjun/villageguardians/VillageRoleAbilitySystem$AreaState.phase:()I
       103: i2l
       104: ladd
       105: ldc2_w        #866                // long 10l
       108: invokestatic  #868                // Method java/lang/Math.floorMod:(JJ)J
       111: l2i
       112: istore        7
       114: iload         7
       116: ifeq          135
       119: iload         7
       121: iconst_3
       122: if_icmpeq     135
       125: iload         7
       127: bipush        6
       129: if_icmpeq     135
       132: goto          9
       135: ldc_w         #871                // float 7.0f
       138: aload         5
       140: invokevirtual #106                // Method net/minecraft/server/level/ServerPlayer.getUUID:()Ljava/util/UUID;
       143: invokestatic  #112                // Method kr/moonseungjun/villageguardians/VillageCouncilState.levelOf:(Ljava/util/UUID;)I
       146: i2f
       147: ldc_w         #872                // float 0.42f
       150: fmul
       151: fadd
       152: aload         4
       154: invokevirtual #873                // Method kr/moonseungjun/villageguardians/VillageRoleAbilitySystem$AreaState.power:()F
       157: fmul
       158: fstore        8
       160: ldc2_w        #352                // double 4.8d
       163: aload         4
       165: invokevirtual #874                // Method kr/moonseungjun/villageguardians/VillageRoleAbilitySystem$AreaState.specialRank:()I
       168: invokestatic  #354                // Method areaRadius:(DI)D
       171: dstore        9
       173: aload         6
       175: aload         5
       177: aload         4
       179: invokevirtual #875                // Method kr/moonseungjun/villageguardians/VillageRoleAbilitySystem$AreaState.center:()Lnet/minecraft/world/phys/Vec3;
       182: aload         4
       184: invokevirtual #878                // Method kr/moonseungjun/villageguardians/VillageRoleAbilitySystem$AreaState.radius:()D
       187: bipush        80
       189: invokestatic  #881                // Method targetsNear:(Lnet/minecraft/server/level/ServerLevel;Lnet/minecraft/server/level/ServerPlayer;Lnet/minecraft/world/phys/Vec3;DI)Ljava/util/List;
       192: astore        11
       194: iconst_0
       195: istore        12
       197: iload         12
       199: iconst_2
       200: if_icmpge     415
       203: aload         11
       205: invokeinterface #885,  1          // InterfaceMethod java/util/List.isEmpty:()Z
       210: ifne          309
       213: aload         5
       215: invokevirtual #494                // Method net/minecraft/server/level/ServerPlayer.getRandom:()Lnet/minecraft/util/RandomSource;
       218: invokeinterface #498,  1          // InterfaceMethod net/minecraft/util/RandomSource.nextFloat:()F
       223: ldc_w         #446                // float 0.9f
       226: fcmpg
       227: ifge          309
       230: aload         11
       232: aload         5
       234: invokevirtual #494                // Method net/minecraft/server/level/ServerPlayer.getRandom:()Lnet/minecraft/util/RandomSource;
       237: aload         11
       239: invokeinterface #888,  1          // InterfaceMethod java/util/List.size:()I
       244: invokeinterface #891,  2          // InterfaceMethod net/minecraft/util/RandomSource.nextInt:(I)I
       249: invokeinterface #895,  2          // InterfaceMethod java/util/List.get:(I)Ljava/lang/Object;
       254: checkcast     #765                // class net/minecraft/world/entity/Mob
       257: astore        14
       259: aload         14
       261: invokevirtual #773                // Method net/minecraft/world/entity/Mob.position:()Lnet/minecraft/world/phys/Vec3;
       264: aload         5
       266: invokevirtual #494                // Method net/minecraft/server/level/ServerPlayer.getRandom:()Lnet/minecraft/util/RandomSource;
       269: invokeinterface #898,  1          // InterfaceMethod net/minecraft/util/RandomSource.nextDouble:()D
       274: ldc2_w        #901                // double 0.5d
       277: dsub
       278: ldc2_w        #903                // double 1.4d
       281: dmul
       282: dconst_0
       283: aload         5
       285: invokevirtual #494                // Method net/minecraft/server/level/ServerPlayer.getRandom:()Lnet/minecraft/util/RandomSource;
       288: invokeinterface #898,  1          // InterfaceMethod net/minecraft/util/RandomSource.nextDouble:()D
       293: ldc2_w        #901                // double 0.5d
       296: dsub
       297: ldc2_w        #903                // double 1.4d
       300: dmul
       301: invokevirtual #296                // Method net/minecraft/world/phys/Vec3.add:(DDD)Lnet/minecraft/world/phys/Vec3;
       304: astore        13
       306: goto          326
       309: aload         6
       311: aload         4
       313: invokevirtual #875                // Method kr/moonseungjun/villageguardians/VillageRoleAbilitySystem$AreaState.center:()Lnet/minecraft/world/phys/Vec3;
       316: aload         4
       318: invokevirtual #878                // Method kr/moonseungjun/villageguardians/VillageRoleAbilitySystem$AreaState.radius:()D
       321: invokestatic  #905                // Method randomPointInCircle:(Lnet/minecraft/server/level/ServerLevel;Lnet/minecraft/world/phys/Vec3;D)Lnet/minecraft/world/phys/Vec3;
       324: astore        13
       326: aload         6
       328: aload         13
       330: invokestatic  #909                // Method spawnVisualLightning:(Lnet/minecraft/server/level/ServerLevel;Lnet/minecraft/world/phys/Vec3;)V
       333: aload         6
       335: aload         5
       337: aload         13
       339: dload         9
       341: bipush        28
       343: invokestatic  #881                // Method targetsNear:(Lnet/minecraft/server/level/ServerLevel;Lnet/minecraft/server/level/ServerPlayer;Lnet/minecraft/world/phys/Vec3;DI)Ljava/util/List;
       346: invokeinterface #239,  1          // InterfaceMethod java/util/List.iterator:()Ljava/util/Iterator;
       351: astore        14
       353: aload         14
       355: invokeinterface #243,  1          // InterfaceMethod java/util/Iterator.hasNext:()Z
       360: ifeq          409
       363: aload         14
       365: invokeinterface #249,  1          // InterfaceMethod java/util/Iterator.next:()Ljava/lang/Object;
       370: checkcast     #765                // class net/minecraft/world/entity/Mob
       373: astore        15
       375: aload         6
       377: aload         15
       379: fload         8
       381: invokestatic  #913                // Method hurt:(Lnet/minecraft/server/level/ServerLevel;Lnet/minecraft/world/entity/Mob;F)V
       384: aload         15
       386: new           #178                // class net/minecraft/world/effect/MobEffectInstance
       389: dup
       390: getstatic     #917                // Field net/minecraft/world/effect/MobEffects.SLOWNESS:Lnet/minecraft/core/Holder;
       393: bipush        30
       395: iconst_1
       396: iconst_0
       397: iconst_0
       398: iconst_1
       399: invokespecial #186                // Method net/minecraft/world/effect/MobEffectInstance."<init>":(Lnet/minecraft/core/Holder;IIZZZ)V
       402: invokevirtual #920                // Method net/minecraft/world/entity/Mob.addEffect:(Lnet/minecraft/world/effect/MobEffectInstance;)Z
       405: pop
       406: goto          353
       409: iinc          12, 1
       412: goto          197
       415: goto          9
       418: lload_1
       419: ldc2_w        #622                // long 5l
       422: lrem
       423: aload         4
       425: invokevirtual #863                // Method kr/moonseungjun/villageguardians/VillageRoleAbilitySystem$AreaState.phase:()I
       428: i2l
       429: ldc2_w        #622                // long 5l
       432: lrem
       433: lcmp
       434: ifeq          440
       437: goto          9
       440: aload         4
       442: invokevirtual #860                // Method kr/moonseungjun/villageguardians/VillageRoleAbilitySystem$AreaState.kind:()Lkr/moonseungjun/villageguardians/VillageRoleAbilitySystem$AreaKind;
       445: invokevirtual #921                // Method kr/moonseungjun/villageguardians/VillageRoleAbilitySystem$AreaKind.ordinal:()I
       448: tableswitch   { // 0 to 3
                       0: 480
                       1: 611
                       2: 955
                       3: 829
                 default: 955
            }
       480: aload         6
       482: aload         5
       484: aload         4
       486: invokevirtual #875                // Method kr/moonseungjun/villageguardians/VillageRoleAbilitySystem$AreaState.center:()Lnet/minecraft/world/phys/Vec3;
       489: aload         4
       491: invokevirtual #878                // Method kr/moonseungjun/villageguardians/VillageRoleAbilitySystem$AreaState.radius:()D
       494: bipush        48
       496: invokestatic  #881                // Method targetsNear:(Lnet/minecraft/server/level/ServerLevel;Lnet/minecraft/server/level/ServerPlayer;Lnet/minecraft/world/phys/Vec3;DI)Ljava/util/List;
       499: invokeinterface #239,  1          // InterfaceMethod java/util/List.iterator:()Ljava/util/Iterator;
       504: astore        7
       506: aload         7
       508: invokeinterface #243,  1          // InterfaceMethod java/util/Iterator.hasNext:()Z
       513: ifeq          579
       516: aload         7
       518: invokeinterface #249,  1          // InterfaceMethod java/util/Iterator.next:()Ljava/lang/Object;
       523: checkcast     #765                // class net/minecraft/world/entity/Mob
       526: astore        8
       528: aload         8
       530: new           #178                // class net/minecraft/world/effect/MobEffectInstance
       533: dup
       534: getstatic     #917                // Field net/minecraft/world/effect/MobEffects.SLOWNESS:Lnet/minecraft/core/Holder;
       537: bipush        35
       539: iconst_3
       540: iconst_0
       541: iconst_0
       542: iconst_1
       543: invokespecial #186                // Method net/minecraft/world/effect/MobEffectInstance."<init>":(Lnet/minecraft/core/Holder;IIZZZ)V
       546: invokevirtual #920                // Method net/minecraft/world/entity/Mob.addEffect:(Lnet/minecraft/world/effect/MobEffectInstance;)Z
       549: pop
       550: lload_1
       551: ldc2_w        #922                // long 20l
       554: lrem
       555: lconst_0
       556: lcmp
       557: ifne          576
       560: aload         6
       562: aload         8
       564: ldc_w         #924                // float 2.2f
       567: aload         4
       569: invokevirtual #873                // Method kr/moonseungjun/villageguardians/VillageRoleAbilitySystem$AreaState.power:()F
       572: fmul
       573: invokestatic  #913                // Method hurt:(Lnet/minecraft/server/level/ServerLevel;Lnet/minecraft/world/entity/Mob;F)V
       576: goto          506
       579: lload_1
       580: ldc2_w        #922                // long 20l
       583: lrem
       584: lconst_0
       585: lcmp
       586: ifne          955
       589: aload         6
       591: aload         4
       593: invokevirtual #875                // Method kr/moonseungjun/villageguardians/VillageRoleAbilitySystem$AreaState.center:()Lnet/minecraft/world/phys/Vec3;
       596: getstatic     #925                // Field net/minecraft/sounds/SoundEvents.GLASS_HIT:Lnet/minecraft/sounds/SoundEvent;
       599: ldc_w         #472                // float 0.55f
       602: ldc_w         #346                // float 0.62f
       605: invokestatic  #205                // Method play:(Lnet/minecraft/server/level/ServerLevel;Lnet/minecraft/world/phys/Vec3;Lnet/minecraft/sounds/SoundEvent;FF)V
       608: goto          955
       611: aload         4
       613: invokevirtual #875                // Method kr/moonseungjun/villageguardians/VillageRoleAbilitySystem$AreaState.center:()Lnet/minecraft/world/phys/Vec3;
       616: aload         5
       618: invokestatic  #128                // Method horizontalLook:(Lnet/minecraft/server/level/ServerPlayer;)Lnet/minecraft/world/phys/Vec3;
       621: ldc2_w        #928                // double 0.24d
       624: invokevirtual #288                // Method net/minecraft/world/phys/Vec3.scale:(D)Lnet/minecraft/world/phys/Vec3;
       627: invokevirtual #609                // Method net/minecraft/world/phys/Vec3.add:(Lnet/minecraft/world/phys/Vec3;)Lnet/minecraft/world/phys/Vec3;
       630: astore        7
       632: aload         4
       634: aload         7
       636: invokevirtual #930                // Method kr/moonseungjun/villageguardians/VillageRoleAbilitySystem$AreaState.moveTo:(Lnet/minecraft/world/phys/Vec3;)V
       639: aload         6
       641: aload         5
       643: aload         7
       645: aload         4
       647: invokevirtual #878                // Method kr/moonseungjun/villageguardians/VillageRoleAbilitySystem$AreaState.radius:()D
       650: bipush        48
       652: invokestatic  #881                // Method targetsNear:(Lnet/minecraft/server/level/ServerLevel;Lnet/minecraft/server/level/ServerPlayer;Lnet/minecraft/world/phys/Vec3;DI)Ljava/util/List;
       655: invokeinterface #239,  1          // InterfaceMethod java/util/List.iterator:()Ljava/util/Iterator;
       660: astore        8
       662: aload         8
       664: invokeinterface #243,  1          // InterfaceMethod java/util/Iterator.hasNext:()Z
       669: ifeq          794
       672: aload         8
       674: invokeinterface #249,  1          // InterfaceMethod java/util/Iterator.next:()Ljava/lang/Object;
       679: checkcast     #765                // class net/minecraft/world/entity/Mob
       682: astore        9
       684: aload         7
       686: aload         9
       688: invokevirtual #773                // Method net/minecraft/world/entity/Mob.position:()Lnet/minecraft/world/phys/Vec3;
       691: invokevirtual #780                // Method net/minecraft/world/phys/Vec3.subtract:(Lnet/minecraft/world/phys/Vec3;)Lnet/minecraft/world/phys/Vec3;
       694: astore        10
       696: new           #289                // class net/minecraft/world/phys/Vec3
       699: dup
       700: aload         10
       702: getfield      #933                // Field net/minecraft/world/phys/Vec3.x:D
       705: dconst_0
       706: aload         10
       708: getfield      #937                // Field net/minecraft/world/phys/Vec3.z:D
       711: invokespecial #940                // Method net/minecraft/world/phys/Vec3."<init>":(DDD)V
       714: astore        11
       716: aload         11
       718: invokevirtual #783                // Method net/minecraft/world/phys/Vec3.lengthSqr:()D
       721: ldc2_w        #943                // double 0.01d
       724: dcmpl
       725: ifle          741
       728: aload         11
       730: invokevirtual #810                // Method net/minecraft/world/phys/Vec3.normalize:()Lnet/minecraft/world/phys/Vec3;
       733: ldc2_w        #928                // double 0.24d
       736: invokevirtual #288                // Method net/minecraft/world/phys/Vec3.scale:(D)Lnet/minecraft/world/phys/Vec3;
       739: astore        11
       741: aload         9
       743: aload         11
       745: getfield      #933                // Field net/minecraft/world/phys/Vec3.x:D
       748: ldc2_w        #945                // double 0.2d
       751: aload         11
       753: getfield      #937                // Field net/minecraft/world/phys/Vec3.z:D
       756: invokevirtual #947                // Method net/minecraft/world/entity/Mob.push:(DDD)V
       759: aload         9
       761: iconst_1
       762: putfield      #950                // Field net/minecraft/world/entity/Mob.hurtMarked:Z
       765: lload_1
       766: ldc2_w        #951                // long 15l
       769: lrem
       770: lconst_0
       771: lcmp
       772: ifne          791
       775: aload         6
       777: aload         9
       779: ldc_w         #953                // float 1.8f
       782: aload         4
       784: invokevirtual #873                // Method kr/moonseungjun/villageguardians/VillageRoleAbilitySystem$AreaState.power:()F
       787: fmul
       788: invokestatic  #913                // Method hurt:(Lnet/minecraft/server/level/ServerLevel;Lnet/minecraft/world/entity/Mob;F)V
       791: goto          662
       794: lload_1
       795: ldc2_w        #951                // long 15l
       798: lrem
       799: lconst_0
       800: lcmp
       801: ifne          826
       804: aload         6
       806: aload         7
       808: getstatic     #403                // Field net/minecraft/sounds/SoundEvents.BREEZE_WIND_CHARGE_BURST:Lnet/minecraft/core/Holder$Reference;
       811: invokevirtual #407                // Method net/minecraft/core/Holder$Reference.value:()Ljava/lang/Object;
       814: checkcast     #330                // class net/minecraft/sounds/SoundEvent
       817: ldc_w         #309                // float 0.8f
       820: ldc_w         #954                // float 0.78f
       823: invokestatic  #205                // Method play:(Lnet/minecraft/server/level/ServerLevel;Lnet/minecraft/world/phys/Vec3;Lnet/minecraft/sounds/SoundEvent;FF)V
       826: goto          955
       829: lload_1
       830: ldc2_w        #922                // long 20l
       833: lrem
       834: lconst_0
       835: lcmp
       836: ifne          955
       839: aload         5
       841: aload         4
       843: invokevirtual #875                // Method kr/moonseungjun/villageguardians/VillageRoleAbilitySystem$AreaState.center:()Lnet/minecraft/world/phys/Vec3;
       846: aload         4
       848: invokevirtual #878                // Method kr/moonseungjun/villageguardians/VillageRoleAbilitySystem$AreaState.radius:()D
       851: invokestatic  #955                // Method alliesAt:(Lnet/minecraft/server/level/ServerPlayer;Lnet/minecraft/world/phys/Vec3;D)Ljava/util/List;
       854: invokeinterface #239,  1          // InterfaceMethod java/util/List.iterator:()Ljava/util/Iterator;
       859: astore        7
       861: aload         7
       863: invokeinterface #243,  1          // InterfaceMethod java/util/Iterator.hasNext:()Z
       868: ifeq          933
       871: aload         7
       873: invokeinterface #249,  1          // InterfaceMethod java/util/Iterator.next:()Ljava/lang/Object;
       878: checkcast     #107                // class net/minecraft/server/level/ServerPlayer
       881: astore        8
       883: aload         8
       885: ldc_w         #959                // float 2.6f
       888: aload         4
       890: invokevirtual #874                // Method kr/moonseungjun/villageguardians/VillageRoleAbilitySystem$AreaState.specialRank:()I
       893: i2f
       894: ldc_w         #960                // float 0.35f
       897: fmul
       898: fadd
       899: aload         4
       901: invokevirtual #873                // Method kr/moonseungjun/villageguardians/VillageRoleAbilitySystem$AreaState.power:()F
       904: fmul
       905: invokestatic  #961                // Method healScaled:(Lnet/minecraft/server/level/ServerPlayer;F)V
       908: aload         8
       910: new           #178                // class net/minecraft/world/effect/MobEffectInstance
       913: dup
       914: getstatic     #965                // Field net/minecraft/world/effect/MobEffects.REGENERATION:Lnet/minecraft/core/Holder;
       917: bipush        35
       919: iconst_0
       920: iconst_0
       921: iconst_0
       922: iconst_1
       923: invokespecial #186                // Method net/minecraft/world/effect/MobEffectInstance."<init>":(Lnet/minecraft/core/Holder;IIZZZ)V
       926: invokevirtual #189                // Method net/minecraft/server/level/ServerPlayer.addEffect:(Lnet/minecraft/world/effect/MobEffectInstance;)Z
       929: pop
       930: goto          861
       933: aload         6
       935: aload         4
       937: invokevirtual #875                // Method kr/moonseungjun/villageguardians/VillageRoleAbilitySystem$AreaState.center:()Lnet/minecraft/world/phys/Vec3;
       940: getstatic     #968                // Field net/minecraft/sounds/SoundEvents.AMETHYST_BLOCK_CHIME:Lnet/minecraft/sounds/SoundEvent;
       943: ldc_w         #472                // float 0.55f
       946: ldc_w         #423                // float 1.15f
       949: invokestatic  #205                // Method play:(Lnet/minecraft/server/level/ServerLevel;Lnet/minecraft/world/phys/Vec3;Lnet/minecraft/sounds/SoundEvent;FF)V
       952: goto          955
       955: goto          9
       958: return

  private static void tickMoving(net.minecraft.server.MinecraftServer, long);
    Code:
         0: getstatic     #85                 // Field MOVING:Ljava/util/Map;
         3: invokeinterface #734,  1          // InterfaceMethod java/util/Map.entrySet:()Ljava/util/Set;
         8: invokeinterface #738,  1          // InterfaceMethod java/util/Set.iterator:()Ljava/util/Iterator;
        13: astore_3
        14: aload_3
        15: invokeinterface #243,  1          // InterfaceMethod java/util/Iterator.hasNext:()Z
        20: ifeq          726
        23: aload_3
        24: invokeinterface #249,  1          // InterfaceMethod java/util/Iterator.next:()Ljava/lang/Object;
        29: checkcast     #741                // class java/util/Map$Entry
        32: astore        4
        34: aload         4
        36: invokeinterface #743,  1          // InterfaceMethod java/util/Map$Entry.getValue:()Ljava/lang/Object;
        41: checkcast     #971                // class kr/moonseungjun/villageguardians/VillageRoleAbilitySystem$MovingSkill
        44: astore        5
        46: aload_0
        47: invokevirtual #538                // Method net/minecraft/server/MinecraftServer.getPlayerList:()Lnet/minecraft/server/players/PlayerList;
        50: aload         5
        52: invokevirtual #973                // Method kr/moonseungjun/villageguardians/VillageRoleAbilitySystem$MovingSkill.owner:()Ljava/util/UUID;
        55: invokevirtual #821                // Method net/minecraft/server/players/PlayerList.getPlayer:(Ljava/util/UUID;)Lnet/minecraft/server/level/ServerPlayer;
        58: astore        6
        60: aload         6
        62: ifnull        87
        65: aload         6
        67: invokevirtual #548                // Method net/minecraft/server/level/ServerPlayer.level:()Lnet/minecraft/server/level/ServerLevel;
        70: astore        8
        72: aload         8
        74: instanceof    #101                // class net/minecraft/server/level/ServerLevel
        77: ifeq          87
        80: aload         8
        82: astore        7
        84: goto          96
        87: aload_3
        88: invokeinterface #771,  1          // InterfaceMethod java/util/Iterator.remove:()V
        93: goto          14
        96: aload         7
        98: aload         4
       100: invokeinterface #748,  1          // InterfaceMethod java/util/Map$Entry.getKey:()Ljava/lang/Object;
       105: checkcast     #751                // class java/util/UUID
       108: invokevirtual #753                // Method net/minecraft/server/level/ServerLevel.getEntity:(Ljava/util/UUID;)Lnet/minecraft/world/entity/Entity;
       111: astore        8
       113: aload         5
       115: invokevirtual #974                // Method kr/moonseungjun/villageguardians/VillageRoleAbilitySystem$MovingSkill.lastPosition:()Lnet/minecraft/world/phys/Vec3;
       118: astore        9
       120: aload         8
       122: ifnonnull     130
       125: aload         9
       127: goto          135
       130: aload         8
       132: invokevirtual #977                // Method net/minecraft/world/entity/Entity.position:()Lnet/minecraft/world/phys/Vec3;
       135: astore        10
       137: iconst_0
       138: istore        11
       140: aload         8
       142: ifnull        206
       145: aload         9
       147: aload         10
       149: invokevirtual #980                // Method net/minecraft/world/phys/Vec3.distanceToSqr:(Lnet/minecraft/world/phys/Vec3;)D
       152: ldc2_w        #984                // double 1.0E-6d
       155: dcmpl
       156: ifle          206
       159: aload         7
       161: new           #986                // class net/minecraft/world/level/ClipContext
       164: dup
       165: aload         9
       167: aload         10
       169: getstatic     #988                // Field net/minecraft/world/level/ClipContext$Block.COLLIDER:Lnet/minecraft/world/level/ClipContext$Block;
       172: getstatic     #994                // Field net/minecraft/world/level/ClipContext$Fluid.NONE:Lnet/minecraft/world/level/ClipContext$Fluid;
       175: aload         6
       177: invokespecial #1000               // Method net/minecraft/world/level/ClipContext."<init>":(Lnet/minecraft/world/phys/Vec3;Lnet/minecraft/world/phys/Vec3;Lnet/minecraft/world/level/ClipContext$Block;Lnet/minecraft/world/level/ClipContext$Fluid;Lnet/minecraft/world/entity/Entity;)V
       180: invokevirtual #1003               // Method net/minecraft/server/level/ServerLevel.clip:(Lnet/minecraft/world/level/ClipContext;)Lnet/minecraft/world/phys/BlockHitResult;
       183: astore        12
       185: aload         12
       187: invokevirtual #1007               // Method net/minecraft/world/phys/BlockHitResult.getType:()Lnet/minecraft/world/phys/HitResult$Type;
       190: getstatic     #1013               // Field net/minecraft/world/phys/HitResult$Type.BLOCK:Lnet/minecraft/world/phys/HitResult$Type;
       193: if_acmpne     206
       196: iconst_1
       197: istore        11
       199: aload         12
       201: invokevirtual #1019               // Method net/minecraft/world/phys/BlockHitResult.getLocation:()Lnet/minecraft/world/phys/Vec3;
       204: astore        10
       206: aload         5
       208: aload         10
       210: invokevirtual #1022               // Method kr/moonseungjun/villageguardians/VillageRoleAbilitySystem$MovingSkill.lastPosition:(Lnet/minecraft/world/phys/Vec3;)V
       213: aload         5
       215: aload         5
       217: invokevirtual #1024               // Method kr/moonseungjun/villageguardians/VillageRoleAbilitySystem$MovingSkill.age:()I
       220: iconst_1
       221: iadd
       222: invokevirtual #1027               // Method kr/moonseungjun/villageguardians/VillageRoleAbilitySystem$MovingSkill.age:(I)V
       225: aload         5
       227: invokevirtual #1030               // Method kr/moonseungjun/villageguardians/VillageRoleAbilitySystem$MovingSkill.kind:()Lkr/moonseungjun/villageguardians/VillageRoleAbilitySystem$MovingKind;
       230: getstatic     #1033               // Field kr/moonseungjun/villageguardians/VillageRoleAbilitySystem$MovingKind.FIRE_ORB:Lkr/moonseungjun/villageguardians/VillageRoleAbilitySystem$MovingKind;
       233: if_acmpne     255
       236: aload         7
       238: aload         6
       240: aload         10
       242: aload         5
       244: invokevirtual #1039               // Method kr/moonseungjun/villageguardians/VillageRoleAbilitySystem$MovingSkill.specialRank:()I
       247: bipush        40
       249: invokestatic  #1040               // Method fireOrbContacts:(Lnet/minecraft/server/level/ServerLevel;Lnet/minecraft/server/level/ServerPlayer;Lnet/minecraft/world/phys/Vec3;II)Ljava/util/List;
       252: goto          271
       255: aload         7
       257: aload         6
       259: aload         10
       261: aload         5
       263: invokevirtual #1044               // Method kr/moonseungjun/villageguardians/VillageRoleAbilitySystem$MovingSkill.radius:()D
       266: bipush        40
       268: invokestatic  #881                // Method targetsNear:(Lnet/minecraft/server/level/ServerLevel;Lnet/minecraft/server/level/ServerPlayer;Lnet/minecraft/world/phys/Vec3;DI)Ljava/util/List;
       271: astore        12
       273: aload         8
       275: ifnull        304
       278: aload         8
       280: invokevirtual #1045               // Method net/minecraft/world/entity/Entity.isAlive:()Z
       283: ifeq          304
       286: iload         11
       288: ifne          304
       291: aload         5
       293: invokevirtual #1024               // Method kr/moonseungjun/villageguardians/VillageRoleAbilitySystem$MovingSkill.age:()I
       296: aload         5
       298: invokevirtual #1046               // Method kr/moonseungjun/villageguardians/VillageRoleAbilitySystem$MovingSkill.maxAge:()I
       301: if_icmplt     308
       304: iconst_1
       305: goto          309
       308: iconst_0
       309: istore        13
       311: aload         5
       313: invokevirtual #1030               // Method kr/moonseungjun/villageguardians/VillageRoleAbilitySystem$MovingSkill.kind:()Lkr/moonseungjun/villageguardians/VillageRoleAbilitySystem$MovingKind;
       316: invokevirtual #1049               // Method kr/moonseungjun/villageguardians/VillageRoleAbilitySystem$MovingKind.ordinal:()I
       319: tableswitch   { // 0 to 2
                       0: 344
                       1: 485
                       2: 570
                 default: 677
            }
       344: aload         12
       346: invokeinterface #885,  1          // InterfaceMethod java/util/List.isEmpty:()Z
       351: ifeq          362
       354: iload         13
       356: ifne          362
       359: goto          14
       362: aload         7
       364: aload         6
       366: aload         10
       368: aload         5
       370: invokevirtual #1044               // Method kr/moonseungjun/villageguardians/VillageRoleAbilitySystem$MovingSkill.radius:()D
       373: bipush        40
       375: invokestatic  #881                // Method targetsNear:(Lnet/minecraft/server/level/ServerLevel;Lnet/minecraft/server/level/ServerPlayer;Lnet/minecraft/world/phys/Vec3;DI)Ljava/util/List;
       378: invokeinterface #239,  1          // InterfaceMethod java/util/List.iterator:()Ljava/util/Iterator;
       383: astore        14
       385: aload         14
       387: invokeinterface #243,  1          // InterfaceMethod java/util/Iterator.hasNext:()Z
       392: ifeq          446
       395: aload         14
       397: invokeinterface #249,  1          // InterfaceMethod java/util/Iterator.next:()Ljava/lang/Object;
       402: checkcast     #765                // class net/minecraft/world/entity/Mob
       405: astore        15
       407: aload         7
       409: aload         15
       411: aload         5
       413: invokevirtual #1050               // Method kr/moonseungjun/villageguardians/VillageRoleAbilitySystem$MovingSkill.damage:()F
       416: invokestatic  #913                // Method hurt:(Lnet/minecraft/server/level/ServerLevel;Lnet/minecraft/world/entity/Mob;F)V
       419: aload         15
       421: aload         15
       423: invokevirtual #1053               // Method net/minecraft/world/entity/Mob.getRemainingFireTicks:()I
       426: bipush        120
       428: aload         5
       430: invokevirtual #1039               // Method kr/moonseungjun/villageguardians/VillageRoleAbilitySystem$MovingSkill.specialRank:()I
       433: bipush        35
       435: imul
       436: iadd
       437: invokestatic  #124                // Method java/lang/Math.max:(II)I
       440: invokevirtual #1056               // Method net/minecraft/world/entity/Mob.setRemainingFireTicks:(I)V
       443: goto          385
       446: aload         7
       448: aload         6
       450: aload         10
       452: aload         5
       454: invokevirtual #1044               // Method kr/moonseungjun/villageguardians/VillageRoleAbilitySystem$MovingSkill.radius:()D
       457: invokestatic  #1059               // Method kr/moonseungjun/villageguardians/VillageSkillEffectSystem.fireImpact:(Lnet/minecraft/server/level/ServerLevel;Lnet/minecraft/server/level/ServerPlayer;Lnet/minecraft/world/phys/Vec3;D)V
       460: aload         7
       462: aload         10
       464: getstatic     #1063               // Field net/minecraft/sounds/SoundEvents.GENERIC_EXPLODE:Lnet/minecraft/core/Holder$Reference;
       467: invokevirtual #407                // Method net/minecraft/core/Holder$Reference.value:()Ljava/lang/Object;
       470: checkcast     #330                // class net/minecraft/sounds/SoundEvent
       473: ldc_w         #1066               // float 1.05f
       476: ldc_w         #1067               // float 1.08f
       479: invokestatic  #205                // Method play:(Lnet/minecraft/server/level/ServerLevel;Lnet/minecraft/world/phys/Vec3;Lnet/minecraft/sounds/SoundEvent;FF)V
       482: goto          677
       485: aload         12
       487: invokeinterface #239,  1          // InterfaceMethod java/util/List.iterator:()Ljava/util/Iterator;
       492: astore        14
       494: aload         14
       496: invokeinterface #243,  1          // InterfaceMethod java/util/Iterator.hasNext:()Z
       501: ifeq          562
       504: aload         14
       506: invokeinterface #249,  1          // InterfaceMethod java/util/Iterator.next:()Ljava/lang/Object;
       511: checkcast     #765                // class net/minecraft/world/entity/Mob
       514: astore        15
       516: aload         5
       518: invokevirtual #1068               // Method kr/moonseungjun/villageguardians/VillageRoleAbilitySystem$MovingSkill.hit:()Ljava/util/Set;
       521: aload         15
       523: invokevirtual #1071               // Method net/minecraft/world/entity/Mob.getUUID:()Ljava/util/UUID;
       526: invokeinterface #1072,  2         // InterfaceMethod java/util/Set.add:(Ljava/lang/Object;)Z
       531: ifeq          559
       534: aload         7
       536: aload         15
       538: aload         5
       540: invokevirtual #1050               // Method kr/moonseungjun/villageguardians/VillageRoleAbilitySystem$MovingSkill.damage:()F
       543: invokestatic  #913                // Method hurt:(Lnet/minecraft/server/level/ServerLevel;Lnet/minecraft/world/entity/Mob;F)V
       546: aload         10
       548: aload         15
       550: ldc2_w        #901                // double 0.5d
       553: ldc2_w        #597                // double 0.05d
       556: invokestatic  #1073               // Method knockFrom:(Lnet/minecraft/world/phys/Vec3;Lnet/minecraft/world/entity/Mob;DD)V
       559: goto          494
       562: iload         13
       564: ifne          677
       567: goto          14
       570: aload         12
       572: invokeinterface #239,  1          // InterfaceMethod java/util/List.iterator:()Ljava/util/Iterator;
       577: astore        14
       579: aload         14
       581: invokeinterface #243,  1          // InterfaceMethod java/util/Iterator.hasNext:()Z
       586: ifeq          647
       589: aload         14
       591: invokeinterface #249,  1          // InterfaceMethod java/util/Iterator.next:()Ljava/lang/Object;
       596: checkcast     #765                // class net/minecraft/world/entity/Mob
       599: astore        15
       601: aload         5
       603: invokevirtual #1068               // Method kr/moonseungjun/villageguardians/VillageRoleAbilitySystem$MovingSkill.hit:()Ljava/util/Set;
       606: aload         15
       608: invokevirtual #1071               // Method net/minecraft/world/entity/Mob.getUUID:()Ljava/util/UUID;
       611: invokeinterface #1072,  2         // InterfaceMethod java/util/Set.add:(Ljava/lang/Object;)Z
       616: ifeq          644
       619: aload         7
       621: aload         15
       623: aload         5
       625: invokevirtual #1050               // Method kr/moonseungjun/villageguardians/VillageRoleAbilitySystem$MovingSkill.damage:()F
       628: invokestatic  #913                // Method hurt:(Lnet/minecraft/server/level/ServerLevel;Lnet/minecraft/world/entity/Mob;F)V
       631: aload         10
       633: aload         15
       635: ldc2_w        #347                // double 1.35d
       638: ldc2_w        #1077               // double 0.18d
       641: invokestatic  #1073               // Method knockFrom:(Lnet/minecraft/world/phys/Vec3;Lnet/minecraft/world/entity/Mob;DD)V
       644: goto          579
       647: iload         13
       649: ifne          655
       652: goto          14
       655: aload         7
       657: aload         10
       659: getstatic     #1063               // Field net/minecraft/sounds/SoundEvents.GENERIC_EXPLODE:Lnet/minecraft/core/Holder$Reference;
       662: invokevirtual #407                // Method net/minecraft/core/Holder$Reference.value:()Ljava/lang/Object;
       665: checkcast     #330                // class net/minecraft/sounds/SoundEvent
       668: ldc_w         #1079               // float 1.3f
       671: ldc_w         #346                // float 0.62f
       674: invokestatic  #205                // Method play:(Lnet/minecraft/server/level/ServerLevel;Lnet/minecraft/world/phys/Vec3;Lnet/minecraft/sounds/SoundEvent;FF)V
       677: aload         8
       679: ifnull        687
       682: aload         8
       684: invokevirtual #1080               // Method net/minecraft/world/entity/Entity.discard:()V
       687: aload         5
       689: invokevirtual #1083               // Method kr/moonseungjun/villageguardians/VillageRoleAbilitySystem$MovingSkill.effectId:()Ljava/util/UUID;
       692: ifnull        717
       695: aload         7
       697: aload         5
       699: invokevirtual #1083               // Method kr/moonseungjun/villageguardians/VillageRoleAbilitySystem$MovingSkill.effectId:()Ljava/util/UUID;
       702: invokevirtual #753                // Method net/minecraft/server/level/ServerLevel.getEntity:(Ljava/util/UUID;)Lnet/minecraft/world/entity/Entity;
       705: astore        14
       707: aload         14
       709: ifnull        717
       712: aload         14
       714: invokevirtual #1080               // Method net/minecraft/world/entity/Entity.discard:()V
       717: aload_3
       718: invokeinterface #771,  1          // InterfaceMethod java/util/Iterator.remove:()V
       723: goto          14
       726: return

  private static void cleanupExpired(net.minecraft.server.MinecraftServer, long);
    Code:
         0: getstatic     #7                  // Field SPIN_UNTIL:Ljava/util/Map;
         3: invokeinterface #734,  1          // InterfaceMethod java/util/Map.entrySet:()Ljava/util/Set;
         8: lload_1
         9: invokedynamic #1086,  0           // InvokeDynamic #1:test:(J)Ljava/util/function/Predicate;
        14: invokeinterface #1090,  2         // InterfaceMethod java/util/Set.removeIf:(Ljava/util/function/Predicate;)Z
        19: pop
        20: getstatic     #18                 // Field SPIN_SCALE:Ljava/util/Map;
        23: invokeinterface #1094,  1         // InterfaceMethod java/util/Map.keySet:()Ljava/util/Set;
        28: lload_1
        29: invokedynamic #1097,  0           // InvokeDynamic #2:test:(J)Ljava/util/function/Predicate;
        34: invokeinterface #1090,  2         // InterfaceMethod java/util/Set.removeIf:(Ljava/util/function/Predicate;)Z
        39: pop
        40: getstatic     #21                 // Field RALLY_SCALE:Ljava/util/Map;
        43: invokeinterface #734,  1          // InterfaceMethod java/util/Map.entrySet:()Ljava/util/Set;
        48: lload_1
        49: invokedynamic #1098,  0           // InvokeDynamic #3:test:(J)Ljava/util/function/Predicate;
        54: invokeinterface #1090,  2         // InterfaceMethod java/util/Set.removeIf:(Ljava/util/function/Predicate;)Z
        59: pop
        60: getstatic     #24                 // Field RAPID_UNTIL:Ljava/util/Map;
        63: invokeinterface #734,  1          // InterfaceMethod java/util/Map.entrySet:()Ljava/util/Set;
        68: lload_1
        69: invokedynamic #1099,  0           // InvokeDynamic #4:test:(J)Ljava/util/function/Predicate;
        74: invokeinterface #1090,  2         // InterfaceMethod java/util/Set.removeIf:(Ljava/util/function/Predicate;)Z
        79: pop
        80: getstatic     #27                 // Field RAPID_SCALE:Ljava/util/Map;
        83: invokeinterface #1094,  1         // InterfaceMethod java/util/Map.keySet:()Ljava/util/Set;
        88: lload_1
        89: invokedynamic #1100,  0           // InvokeDynamic #5:test:(J)Ljava/util/function/Predicate;
        94: invokeinterface #1090,  2         // InterfaceMethod java/util/Set.removeIf:(Ljava/util/function/Predicate;)Z
        99: pop
       100: getstatic     #30                 // Field RAPID_ARROWS:Ljava/util/Map;
       103: invokeinterface #734,  1          // InterfaceMethod java/util/Map.entrySet:()Ljava/util/Set;
       108: lload_1
       109: invokedynamic #1101,  0           // InvokeDynamic #6:test:(J)Ljava/util/function/Predicate;
       114: invokeinterface #1090,  2         // InterfaceMethod java/util/Set.removeIf:(Ljava/util/function/Predicate;)Z
       119: pop
       120: getstatic     #33                 // Field RAPID_DRAW_TICKS:Ljava/util/Map;
       123: invokeinterface #1094,  1         // InterfaceMethod java/util/Map.keySet:()Ljava/util/Set;
       128: lload_1
       129: invokedynamic #1102,  0           // InvokeDynamic #7:test:(J)Ljava/util/function/Predicate;
       134: invokeinterface #1090,  2         // InterfaceMethod java/util/Set.removeIf:(Ljava/util/function/Predicate;)Z
       139: pop
       140: getstatic     #36                 // Field RICOCHET_UNTIL:Ljava/util/Map;
       143: invokeinterface #734,  1          // InterfaceMethod java/util/Map.entrySet:()Ljava/util/Set;
       148: lload_1
       149: invokedynamic #1103,  0           // InvokeDynamic #8:test:(J)Ljava/util/function/Predicate;
       154: invokeinterface #1090,  2         // InterfaceMethod java/util/Set.removeIf:(Ljava/util/function/Predicate;)Z
       159: pop
       160: getstatic     #39                 // Field RICOCHET_SCALE:Ljava/util/Map;
       163: invokeinterface #1094,  1         // InterfaceMethod java/util/Map.keySet:()Ljava/util/Set;
       168: lload_1
       169: invokedynamic #1104,  0           // InvokeDynamic #9:test:(J)Ljava/util/function/Predicate;
       174: invokeinterface #1090,  2         // InterfaceMethod java/util/Set.removeIf:(Ljava/util/function/Predicate;)Z
       179: pop
       180: getstatic     #42                 // Field RICOCHET_ARROWS:Ljava/util/Map;
       183: invokeinterface #734,  1          // InterfaceMethod java/util/Map.entrySet:()Ljava/util/Set;
       188: lload_1
       189: invokedynamic #1105,  0           // InvokeDynamic #10:test:(J)Ljava/util/function/Predicate;
       194: invokeinterface #1090,  2         // InterfaceMethod java/util/Set.removeIf:(Ljava/util/function/Predicate;)Z
       199: pop
       200: getstatic     #45                 // Field TRACKING_ARROWS:Ljava/util/Map;
       203: invokeinterface #734,  1          // InterfaceMethod java/util/Map.entrySet:()Ljava/util/Set;
       208: lload_1
       209: invokedynamic #1106,  0           // InvokeDynamic #11:test:(J)Ljava/util/function/Predicate;
       214: invokeinterface #1090,  2         // InterfaceMethod java/util/Set.removeIf:(Ljava/util/function/Predicate;)Z
       219: pop
       220: getstatic     #48                 // Field ARROW_RAIN_READY:Ljava/util/Map;
       223: invokeinterface #734,  1          // InterfaceMethod java/util/Map.entrySet:()Ljava/util/Set;
       228: lload_1
       229: invokedynamic #1107,  0           // InvokeDynamic #12:test:(J)Ljava/util/function/Predicate;
       234: invokeinterface #1090,  2         // InterfaceMethod java/util/Set.removeIf:(Ljava/util/function/Predicate;)Z
       239: pop
       240: getstatic     #51                 // Field MEGA_ARROW_READY:Ljava/util/Map;
       243: invokeinterface #734,  1          // InterfaceMethod java/util/Map.entrySet:()Ljava/util/Set;
       248: lload_1
       249: invokedynamic #1108,  0           // InvokeDynamic #13:test:(J)Ljava/util/function/Predicate;
       254: invokeinterface #1090,  2         // InterfaceMethod java/util/Set.removeIf:(Ljava/util/function/Predicate;)Z
       259: pop
       260: getstatic     #54                 // Field FORTRESS_UNTIL:Ljava/util/Map;
       263: invokeinterface #734,  1          // InterfaceMethod java/util/Map.entrySet:()Ljava/util/Set;
       268: lload_1
       269: invokedynamic #1109,  0           // InvokeDynamic #14:test:(J)Ljava/util/function/Predicate;
       274: invokeinterface #1090,  2         // InterfaceMethod java/util/Set.removeIf:(Ljava/util/function/Predicate;)Z
       279: pop
       280: getstatic     #57                 // Field FORTRESS_SCALE:Ljava/util/Map;
       283: invokeinterface #1094,  1         // InterfaceMethod java/util/Map.keySet:()Ljava/util/Set;
       288: lload_1
       289: invokedynamic #1110,  0           // InvokeDynamic #15:test:(J)Ljava/util/function/Predicate;
       294: invokeinterface #1090,  2         // InterfaceMethod java/util/Set.removeIf:(Ljava/util/function/Predicate;)Z
       299: pop
       300: getstatic     #60                 // Field AEGIS_UNTIL:Ljava/util/Map;
       303: invokeinterface #734,  1          // InterfaceMethod java/util/Map.entrySet:()Ljava/util/Set;
       308: lload_1
       309: invokedynamic #1111,  0           // InvokeDynamic #16:test:(J)Ljava/util/function/Predicate;
       314: invokeinterface #1090,  2         // InterfaceMethod java/util/Set.removeIf:(Ljava/util/function/Predicate;)Z
       319: pop
       320: getstatic     #63                 // Field AEGIS_SCALE:Ljava/util/Map;
       323: invokeinterface #1094,  1         // InterfaceMethod java/util/Map.keySet:()Ljava/util/Set;
       328: lload_1
       329: invokedynamic #1112,  0           // InvokeDynamic #17:test:(J)Ljava/util/function/Predicate;
       334: invokeinterface #1090,  2         // InterfaceMethod java/util/Set.removeIf:(Ljava/util/function/Predicate;)Z
       339: pop
       340: getstatic     #66                 // Field CHARGE_UNTIL:Ljava/util/Map;
       343: invokeinterface #734,  1          // InterfaceMethod java/util/Map.entrySet:()Ljava/util/Set;
       348: lload_1
       349: invokedynamic #1113,  0           // InvokeDynamic #18:test:(J)Ljava/util/function/Predicate;
       354: invokeinterface #1090,  2         // InterfaceMethod java/util/Set.removeIf:(Ljava/util/function/Predicate;)Z
       359: pop
       360: return

  public static void handleArrowLoose(net.neoforged.neoforge.event.entity.player.ArrowLooseEvent);
    Code:
         0: aload_0
         1: invokevirtual #1114               // Method net/neoforged/neoforge/event/entity/player/ArrowLooseEvent.getEntity:()Lnet/minecraft/world/entity/player/Player;
         4: astore_2
         5: aload_2
         6: instanceof    #107                // class net/minecraft/server/level/ServerPlayer
         9: ifeq          24
        12: aload_2
        13: checkcast     #107                // class net/minecraft/server/level/ServerPlayer
        16: astore_1
        17: aload_1
        18: invokestatic  #1119               // Method isRangerContext:(Lnet/minecraft/server/level/ServerPlayer;)Z
        21: ifne          25
        24: return
        25: aload_1
        26: invokevirtual #548                // Method net/minecraft/server/level/ServerPlayer.level:()Lnet/minecraft/server/level/ServerLevel;
        29: invokevirtual #100                // Method net/minecraft/server/level/ServerLevel.getGameTime:()J
        32: lstore_2
        33: getstatic     #24                 // Field RAPID_UNTIL:Ljava/util/Map;
        36: aload_1
        37: invokevirtual #106                // Method net/minecraft/server/level/ServerPlayer.getUUID:()Ljava/util/UUID;
        40: lconst_0
        41: invokestatic  #155                // Method java/lang/Long.valueOf:(J)Ljava/lang/Long;
        44: invokeinterface #561,  3          // InterfaceMethod java/util/Map.getOrDefault:(Ljava/lang/Object;Ljava/lang/Object;)Ljava/lang/Object;
        49: checkcast     #156                // class java/lang/Long
        52: invokevirtual #564                // Method java/lang/Long.longValue:()J
        55: lload_2
        56: lcmp
        57: iflt          67
        60: aload_0
        61: bipush        20
        63: invokevirtual #1122               // Method net/neoforged/neoforge/event/entity/player/ArrowLooseEvent.setCharge:(I)V
        66: return
        67: aload_0
        68: bipush        20
        70: aload_0
        71: invokevirtual #1125               // Method net/neoforged/neoforge/event/entity/player/ArrowLooseEvent.getCharge:()I
        74: iconst_5
        75: iadd
        76: invokestatic  #227                // Method java/lang/Math.min:(II)I
        79: invokevirtual #1122               // Method net/neoforged/neoforge/event/entity/player/ArrowLooseEvent.setCharge:(I)V
        82: return

  public static void handleEntityJoin(net.neoforged.neoforge.event.entity.EntityJoinLevelEvent);
    Code:
         0: aload_0
         1: invokevirtual #1128               // Method net/neoforged/neoforge/event/entity/EntityJoinLevelEvent.getLevel:()Lnet/minecraft/world/level/Level;
         4: invokevirtual #1134               // Method net/minecraft/world/level/Level.isClientSide:()Z
         7: ifne          77
        10: aload_0
        11: invokevirtual #1128               // Method net/neoforged/neoforge/event/entity/EntityJoinLevelEvent.getLevel:()Lnet/minecraft/world/level/Level;
        14: astore        4
        16: aload         4
        18: instanceof    #101                // class net/minecraft/server/level/ServerLevel
        21: ifeq          77
        24: aload         4
        26: checkcast     #101                // class net/minecraft/server/level/ServerLevel
        29: astore_1
        30: aload_0
        31: invokevirtual #1139               // Method net/neoforged/neoforge/event/entity/EntityJoinLevelEvent.getEntity:()Lnet/minecraft/world/entity/Entity;
        34: astore        4
        36: aload         4
        38: instanceof    #763                // class net/minecraft/world/entity/projectile/arrow/AbstractArrow
        41: ifeq          77
        44: aload         4
        46: checkcast     #763                // class net/minecraft/world/entity/projectile/arrow/AbstractArrow
        49: astore_2
        50: aload_2
        51: invokevirtual #1142               // Method net/minecraft/world/entity/projectile/arrow/AbstractArrow.getOwner:()Lnet/minecraft/world/entity/Entity;
        54: astore        4
        56: aload         4
        58: instanceof    #107                // class net/minecraft/server/level/ServerPlayer
        61: ifeq          77
        64: aload         4
        66: checkcast     #107                // class net/minecraft/server/level/ServerPlayer
        69: astore_3
        70: aload_3
        71: invokestatic  #1119               // Method isRangerContext:(Lnet/minecraft/server/level/ServerPlayer;)Z
        74: ifne          78
        77: return
        78: getstatic     #93                 // Field spawningGeneratedArrow:Z
        81: ifeq          85
        84: return
        85: aload_1
        86: invokevirtual #100                // Method net/minecraft/server/level/ServerLevel.getGameTime:()J
        89: lstore        4
        91: aload_3
        92: invokevirtual #106                // Method net/minecraft/server/level/ServerPlayer.getUUID:()Ljava/util/UUID;
        95: astore        6
        97: getstatic     #51                 // Field MEGA_ARROW_READY:Ljava/util/Map;
       100: aload         6
       102: invokeinterface #450,  2          // InterfaceMethod java/util/Map.remove:(Ljava/lang/Object;)Ljava/lang/Object;
       107: checkcast     #337                // class kr/moonseungjun/villageguardians/VillageRoleAbilitySystem$EmpoweredArrowState
       110: astore        7
       112: aload         7
       114: ifnull        149
       117: aload         7
       119: invokevirtual #1145               // Method kr/moonseungjun/villageguardians/VillageRoleAbilitySystem$EmpoweredArrowState.until:()J
       122: lload         4
       124: lcmp
       125: iflt          149
       128: aload_0
       129: iconst_1
       130: invokevirtual #1146               // Method net/neoforged/neoforge/event/entity/EntityJoinLevelEvent.setCanceled:(Z)V
       133: aload_1
       134: aload_3
       135: aload         7
       137: invokevirtual #1149               // Method kr/moonseungjun/villageguardians/VillageRoleAbilitySystem$EmpoweredArrowState.power:()F
       140: aload         7
       142: invokevirtual #1150               // Method kr/moonseungjun/villageguardians/VillageRoleAbilitySystem$EmpoweredArrowState.specialRank:()I
       145: invokestatic  #843                // Method launchEnergyArrow:(Lnet/minecraft/server/level/ServerLevel;Lnet/minecraft/server/level/ServerPlayer;FI)V
       148: return
       149: getstatic     #48                 // Field ARROW_RAIN_READY:Ljava/util/Map;
       152: aload         6
       154: invokeinterface #450,  2          // InterfaceMethod java/util/Map.remove:(Ljava/lang/Object;)Ljava/lang/Object;
       159: checkcast     #337                // class kr/moonseungjun/villageguardians/VillageRoleAbilitySystem$EmpoweredArrowState
       162: astore        8
       164: aload         8
       166: ifnull        195
       169: aload         8
       171: invokevirtual #1145               // Method kr/moonseungjun/villageguardians/VillageRoleAbilitySystem$EmpoweredArrowState.until:()J
       174: lload         4
       176: lcmp
       177: iflt          195
       180: aload_1
       181: aload_3
       182: aload         8
       184: invokevirtual #1149               // Method kr/moonseungjun/villageguardians/VillageRoleAbilitySystem$EmpoweredArrowState.power:()F
       187: aload         8
       189: invokevirtual #1150               // Method kr/moonseungjun/villageguardians/VillageRoleAbilitySystem$EmpoweredArrowState.specialRank:()I
       192: invokestatic  #1151               // Method activateArrowRain:(Lnet/minecraft/server/level/ServerLevel;Lnet/minecraft/server/level/ServerPlayer;FI)V
       195: getstatic     #36                 // Field RICOCHET_UNTIL:Ljava/util/Map;
       198: aload         6
       200: invokeinterface #450,  2          // InterfaceMethod java/util/Map.remove:(Ljava/lang/Object;)Ljava/lang/Object;
       205: checkcast     #156                // class java/lang/Long
       208: astore        9
       210: getstatic     #39                 // Field RICOCHET_SCALE:Ljava/util/Map;
       213: aload         6
       215: invokeinterface #450,  2          // InterfaceMethod java/util/Map.remove:(Ljava/lang/Object;)Ljava/lang/Object;
       220: checkcast     #165                // class kr/moonseungjun/villageguardians/VillageRoleAbilitySystem$SkillScale
       223: astore        10
       225: aload         9
       227: ifnull        245
       230: aload         9
       232: invokevirtual #564                // Method java/lang/Long.longValue:()J
       235: lload         4
       237: lcmp
       238: iflt          245
       241: iconst_1
       242: goto          246
       245: iconst_0
       246: istore        11
       248: iload         11
       250: ifeq          368
       253: aload         10
       255: ifnonnull     264
       258: getstatic     #567                // Field kr/moonseungjun/villageguardians/VillageRoleAbilitySystem$SkillScale.DEFAULT:Lkr/moonseungjun/villageguardians/VillageRoleAbilitySystem$SkillScale;
       261: goto          266
       264: aload         10
       266: astore        12
       268: getstatic     #42                 // Field RICOCHET_ARROWS:Ljava/util/Map;
       271: aload_2
       272: invokevirtual #1154               // Method net/minecraft/world/entity/projectile/arrow/AbstractArrow.getUUID:()Ljava/util/UUID;
       275: new           #337                // class kr/moonseungjun/villageguardians/VillageRoleAbilitySystem$EmpoweredArrowState
       278: dup
       279: lload         4
       281: ldc2_w        #315                // long 240l
       284: ladd
       285: aload         12
       287: invokevirtual #590                // Method kr/moonseungjun/villageguardians/VillageRoleAbilitySystem$SkillScale.power:()F
       290: aload         12
       292: invokevirtual #585                // Method kr/moonseungjun/villageguardians/VillageRoleAbilitySystem$SkillScale.specialRank:()I
       295: invokespecial #339                // Method kr/moonseungjun/villageguardians/VillageRoleAbilitySystem$EmpoweredArrowState."<init>":(JFI)V
       298: invokeinterface #161,  3          // InterfaceMethod java/util/Map.put:(Ljava/lang/Object;Ljava/lang/Object;)Ljava/lang/Object;
       303: pop
       304: aload_1
       305: aload_3
       306: aload_2
       307: invokestatic  #1155               // Method lockArrowOnTarget:(Lnet/minecraft/server/level/ServerLevel;Lnet/minecraft/server/level/ServerPlayer;Lnet/minecraft/world/entity/projectile/arrow/AbstractArrow;)Lnet/minecraft/world/entity/Mob;
       310: astore        13
       312: aload         13
       314: ifnull        348
       317: getstatic     #45                 // Field TRACKING_ARROWS:Ljava/util/Map;
       320: aload_2
       321: invokevirtual #1154               // Method net/minecraft/world/entity/projectile/arrow/AbstractArrow.getUUID:()Ljava/util/UUID;
       324: new           #746                // class kr/moonseungjun/villageguardians/VillageRoleAbilitySystem$TrackingArrowState
       327: dup
       328: aload         13
       330: invokevirtual #1071               // Method net/minecraft/world/entity/Mob.getUUID:()Ljava/util/UUID;
       333: lload         4
       335: ldc2_w        #315                // long 240l
       338: ladd
       339: invokespecial #1159               // Method kr/moonseungjun/villageguardians/VillageRoleAbilitySystem$TrackingArrowState."<init>":(Ljava/util/UUID;J)V
       342: invokeinterface #161,  3          // InterfaceMethod java/util/Map.put:(Ljava/lang/Object;Ljava/lang/Object;)Ljava/lang/Object;
       347: pop
       348: aload_1
       349: aload_3
       350: invokevirtual #193                // Method net/minecraft/server/level/ServerPlayer.position:()Lnet/minecraft/world/phys/Vec3;
       353: getstatic     #1162               // Field net/minecraft/sounds/SoundEvents.CROSSBOW_SHOOT:Lnet/minecraft/sounds/SoundEvent;
       356: ldc_w         #256                // float 0.85f
       359: ldc_w         #1079               // float 1.3f
       362: invokestatic  #205                // Method play:(Lnet/minecraft/server/level/ServerLevel;Lnet/minecraft/world/phys/Vec3;Lnet/minecraft/sounds/SoundEvent;FF)V
       365: goto          394
       368: aload_3
       369: getstatic     #728                // Field kr/moonseungjun/villageguardians/VillageRole.RANGER:Lkr/moonseungjun/villageguardians/VillageRole;
       372: invokestatic  #689                // Method kr/moonseungjun/villageguardians/VillageRoleSkillSystem.specialRank:(Lnet/minecraft/server/level/ServerPlayer;Lkr/moonseungjun/villageguardians/VillageRole;)I
       375: istore        12
       377: aload_1
       378: aload_3
       379: aload_2
       380: ldc2_w        #928                // double 0.24d
       383: iload         12
       385: i2d
       386: ldc2_w        #648                // double 0.025d
       389: dmul
       390: dadd
       391: invokestatic  #1165               // Method aimAssist:(Lnet/minecraft/server/level/ServerLevel;Lnet/minecraft/server/level/ServerPlayer;Lnet/minecraft/world/entity/projectile/arrow/AbstractArrow;D)V
       394: getstatic     #24                 // Field RAPID_UNTIL:Ljava/util/Map;
       397: aload         6
       399: invokeinterface #450,  2          // InterfaceMethod java/util/Map.remove:(Ljava/lang/Object;)Ljava/lang/Object;
       404: checkcast     #156                // class java/lang/Long
       407: astore        12
       409: getstatic     #27                 // Field RAPID_SCALE:Ljava/util/Map;
       412: aload         6
       414: invokeinterface #450,  2          // InterfaceMethod java/util/Map.remove:(Ljava/lang/Object;)Ljava/lang/Object;
       419: checkcast     #165                // class kr/moonseungjun/villageguardians/VillageRoleAbilitySystem$SkillScale
       422: astore        13
       424: aload         12
       426: ifnull        440
       429: aload         12
       431: invokevirtual #564                // Method java/lang/Long.longValue:()J
       434: lload         4
       436: lcmp
       437: ifge          441
       440: return
       441: aload         13
       443: ifnonnull     452
       446: getstatic     #567                // Field kr/moonseungjun/villageguardians/VillageRoleAbilitySystem$SkillScale.DEFAULT:Lkr/moonseungjun/villageguardians/VillageRoleAbilitySystem$SkillScale;
       449: goto          454
       452: aload         13
       454: astore        14
       456: getstatic     #30                 // Field RAPID_ARROWS:Ljava/util/Map;
       459: aload_2
       460: invokevirtual #1154               // Method net/minecraft/world/entity/projectile/arrow/AbstractArrow.getUUID:()Ljava/util/UUID;
       463: new           #337                // class kr/moonseungjun/villageguardians/VillageRoleAbilitySystem$EmpoweredArrowState
       466: dup
       467: lload         4
       469: ldc2_w        #315                // long 240l
       472: ladd
       473: aload         14
       475: invokevirtual #590                // Method kr/moonseungjun/villageguardians/VillageRoleAbilitySystem$SkillScale.power:()F
       478: aload         14
       480: invokevirtual #585                // Method kr/moonseungjun/villageguardians/VillageRoleAbilitySystem$SkillScale.specialRank:()I
       483: invokespecial #339                // Method kr/moonseungjun/villageguardians/VillageRoleAbilitySystem$EmpoweredArrowState."<init>":(JFI)V
       486: invokeinterface #161,  3          // InterfaceMethod java/util/Map.put:(Ljava/lang/Object;Ljava/lang/Object;)Ljava/lang/Object;
       491: pop
       492: iconst_1
       493: putstatic     #93                 // Field spawningGeneratedArrow:Z
       496: aload_1
       497: aload_3
       498: aload_2
       499: ldc2_w        #1169               // double -8.0d
       502: aload         14
       504: invokevirtual #590                // Method kr/moonseungjun/villageguardians/VillageRoleAbilitySystem$SkillScale.power:()F
       507: invokestatic  #1171               // Method spawnSideArrow:(Lnet/minecraft/server/level/ServerLevel;Lnet/minecraft/server/level/ServerPlayer;Lnet/minecraft/world/entity/projectile/arrow/AbstractArrow;DF)V
       510: aload_1
       511: aload_3
       512: aload_2
       513: ldc2_w        #1175               // double 8.0d
       516: aload         14
       518: invokevirtual #590                // Method kr/moonseungjun/villageguardians/VillageRoleAbilitySystem$SkillScale.power:()F
       521: invokestatic  #1171               // Method spawnSideArrow:(Lnet/minecraft/server/level/ServerLevel;Lnet/minecraft/server/level/ServerPlayer;Lnet/minecraft/world/entity/projectile/arrow/AbstractArrow;DF)V
       524: aload         14
       526: invokevirtual #585                // Method kr/moonseungjun/villageguardians/VillageRoleAbilitySystem$SkillScale.specialRank:()I
       529: iconst_4
       530: if_icmplt     569
       533: aload_1
       534: aload_3
       535: aload_2
       536: ldc2_w        #1177               // double -16.0d
       539: aload         14
       541: invokevirtual #590                // Method kr/moonseungjun/villageguardians/VillageRoleAbilitySystem$SkillScale.power:()F
       544: ldc_w         #1179               // float 0.82f
       547: fmul
       548: invokestatic  #1171               // Method spawnSideArrow:(Lnet/minecraft/server/level/ServerLevel;Lnet/minecraft/server/level/ServerPlayer;Lnet/minecraft/world/entity/projectile/arrow/AbstractArrow;DF)V
       551: aload_1
       552: aload_3
       553: aload_2
       554: ldc2_w        #1180               // double 16.0d
       557: aload         14
       559: invokevirtual #590                // Method kr/moonseungjun/villageguardians/VillageRoleAbilitySystem$SkillScale.power:()F
       562: ldc_w         #1179               // float 0.82f
       565: fmul
       566: invokestatic  #1171               // Method spawnSideArrow:(Lnet/minecraft/server/level/ServerLevel;Lnet/minecraft/server/level/ServerPlayer;Lnet/minecraft/world/entity/projectile/arrow/AbstractArrow;DF)V
       569: iconst_0
       570: putstatic     #93                 // Field spawningGeneratedArrow:Z
       573: goto          585
       576: astore        15
       578: iconst_0
       579: putstatic     #93                 // Field spawningGeneratedArrow:Z
       582: aload         15
       584: athrow
       585: return
      Exception table:
         from    to  target type
           496   569   576   any
           576   578   576   any

  public static void handleIncomingDamage(net.neoforged.neoforge.event.entity.living.LivingIncomingDamageEvent);
    Code:
         0: aload_0
         1: invokevirtual #1182               // Method net/neoforged/neoforge/event/entity/living/LivingIncomingDamageEvent.getSource:()Lnet/minecraft/world/damagesource/DamageSource;
         4: invokevirtual #1188               // Method net/minecraft/world/damagesource/DamageSource.getEntity:()Lnet/minecraft/world/entity/Entity;
         7: astore_2
         8: aload_2
         9: instanceof    #107                // class net/minecraft/server/level/ServerPlayer
        12: ifeq          559
        15: aload_2
        16: checkcast     #107                // class net/minecraft/server/level/ServerPlayer
        19: astore_1
        20: aload_1
        21: invokestatic  #680                // Method activeRole:(Lnet/minecraft/server/level/ServerPlayer;)Lkr/moonseungjun/villageguardians/VillageRole;
        24: astore_2
        25: aload_0
        26: invokevirtual #1182               // Method net/neoforged/neoforge/event/entity/living/LivingIncomingDamageEvent.getSource:()Lnet/minecraft/world/damagesource/DamageSource;
        29: invokevirtual #1191               // Method net/minecraft/world/damagesource/DamageSource.getDirectEntity:()Lnet/minecraft/world/entity/Entity;
        32: astore        4
        34: aload         4
        36: instanceof    #763                // class net/minecraft/world/entity/projectile/arrow/AbstractArrow
        39: ifeq          84
        42: aload         4
        44: checkcast     #763                // class net/minecraft/world/entity/projectile/arrow/AbstractArrow
        47: astore_3
        48: getstatic     #30                 // Field RAPID_ARROWS:Ljava/util/Map;
        51: aload_3
        52: invokevirtual #1154               // Method net/minecraft/world/entity/projectile/arrow/AbstractArrow.getUUID:()Ljava/util/UUID;
        55: invokeinterface #450,  2          // InterfaceMethod java/util/Map.remove:(Ljava/lang/Object;)Ljava/lang/Object;
        60: checkcast     #337                // class kr/moonseungjun/villageguardians/VillageRoleAbilitySystem$EmpoweredArrowState
        63: astore        4
        65: aload         4
        67: ifnull        84
        70: aload_0
        71: aload_0
        72: invokevirtual #1194               // Method net/neoforged/neoforge/event/entity/living/LivingIncomingDamageEvent.getAmount:()F
        75: aload         4
        77: invokevirtual #1149               // Method kr/moonseungjun/villageguardians/VillageRoleAbilitySystem$EmpoweredArrowState.power:()F
        80: fmul
        81: invokevirtual #1197               // Method net/neoforged/neoforge/event/entity/living/LivingIncomingDamageEvent.setAmount:(F)V
        84: getstatic     #21                 // Field RALLY_SCALE:Ljava/util/Map;
        87: aload_1
        88: invokevirtual #106                // Method net/minecraft/server/level/ServerPlayer.getUUID:()Ljava/util/UUID;
        91: invokeinterface #616,  2          // InterfaceMethod java/util/Map.get:(Ljava/lang/Object;)Ljava/lang/Object;
        96: checkcast     #219                // class kr/moonseungjun/villageguardians/VillageRoleAbilitySystem$TimedScale
        99: astore_3
       100: aload_3
       101: ifnull        144
       104: aload_3
       105: invokevirtual #1200               // Method kr/moonseungjun/villageguardians/VillageRoleAbilitySystem$TimedScale.until:()J
       108: aload_1
       109: invokevirtual #548                // Method net/minecraft/server/level/ServerPlayer.level:()Lnet/minecraft/server/level/ServerLevel;
       112: invokevirtual #100                // Method net/minecraft/server/level/ServerLevel.getGameTime:()J
       115: lcmp
       116: iflt          144
       119: aload_0
       120: aload_0
       121: invokevirtual #1194               // Method net/neoforged/neoforge/event/entity/living/LivingIncomingDamageEvent.getAmount:()F
       124: fconst_1
       125: fconst_0
       126: aload_3
       127: invokevirtual #1201               // Method kr/moonseungjun/villageguardians/VillageRoleAbilitySystem$TimedScale.power:()F
       130: fconst_1
       131: fsub
       132: invokestatic  #1202               // Method java/lang/Math.max:(FF)F
       135: ldc_w         #309                // float 0.8f
       138: fmul
       139: fadd
       140: fmul
       141: invokevirtual #1197               // Method net/neoforged/neoforge/event/entity/living/LivingIncomingDamageEvent.setAmount:(F)V
       144: aload_2
       145: getstatic     #1204               // Field kr/moonseungjun/villageguardians/VillageRole.VANGUARD:Lkr/moonseungjun/villageguardians/VillageRole;
       148: if_acmpne     208
       151: aload_0
       152: invokevirtual #1182               // Method net/neoforged/neoforge/event/entity/living/LivingIncomingDamageEvent.getSource:()Lnet/minecraft/world/damagesource/DamageSource;
       155: invokevirtual #1191               // Method net/minecraft/world/damagesource/DamageSource.getDirectEntity:()Lnet/minecraft/world/entity/Entity;
       158: instanceof    #763                // class net/minecraft/world/entity/projectile/arrow/AbstractArrow
       161: ifne          208
       164: aload_1
       165: getstatic     #1204               // Field kr/moonseungjun/villageguardians/VillageRole.VANGUARD:Lkr/moonseungjun/villageguardians/VillageRole;
       168: invokestatic  #689                // Method kr/moonseungjun/villageguardians/VillageRoleSkillSystem.specialRank:(Lnet/minecraft/server/level/ServerPlayer;Lkr/moonseungjun/villageguardians/VillageRole;)I
       171: istore        4
       173: ldc_w         #1207               // float 0.055f
       176: iload         4
       178: i2f
       179: ldc_w         #1208               // float 0.008f
       182: fmul
       183: fadd
       184: aload_1
       185: invokestatic  #1209               // Method kr/moonseungjun/villageguardians/VillageRelicSystem.vanguardLifeStealBonus:(Lnet/minecraft/server/level/ServerPlayer;)F
       188: fadd
       189: fstore        5
       191: aload_1
       192: ldc_w         #1215               // float 4.5f
       195: aload_0
       196: invokevirtual #1194               // Method net/neoforged/neoforge/event/entity/living/LivingIncomingDamageEvent.getAmount:()F
       199: fload         5
       201: fmul
       202: invokestatic  #488                // Method java/lang/Math.min:(FF)F
       205: invokevirtual #694                // Method net/minecraft/server/level/ServerPlayer.heal:(F)V
       208: aload_2
       209: getstatic     #728                // Field kr/moonseungjun/villageguardians/VillageRole.RANGER:Lkr/moonseungjun/villageguardians/VillageRole;
       212: if_acmpne     559
       215: aload_0
       216: invokevirtual #1182               // Method net/neoforged/neoforge/event/entity/living/LivingIncomingDamageEvent.getSource:()Lnet/minecraft/world/damagesource/DamageSource;
       219: invokevirtual #1191               // Method net/minecraft/world/damagesource/DamageSource.getDirectEntity:()Lnet/minecraft/world/entity/Entity;
       222: astore        7
       224: aload         7
       226: instanceof    #763                // class net/minecraft/world/entity/projectile/arrow/AbstractArrow
       229: ifeq          559
       232: aload         7
       234: checkcast     #763                // class net/minecraft/world/entity/projectile/arrow/AbstractArrow
       237: astore        4
       239: aload_0
       240: invokevirtual #1216               // Method net/neoforged/neoforge/event/entity/living/LivingIncomingDamageEvent.getEntity:()Lnet/minecraft/world/entity/LivingEntity;
       243: astore        7
       245: aload         7
       247: instanceof    #765                // class net/minecraft/world/entity/Mob
       250: ifeq          559
       253: aload         7
       255: checkcast     #765                // class net/minecraft/world/entity/Mob
       258: astore        5
       260: getstatic     #42                 // Field RICOCHET_ARROWS:Ljava/util/Map;
       263: aload         4
       265: invokevirtual #1154               // Method net/minecraft/world/entity/projectile/arrow/AbstractArrow.getUUID:()Ljava/util/UUID;
       268: invokeinterface #1219,  2         // InterfaceMethod java/util/Map.containsKey:(Ljava/lang/Object;)Z
       273: ifeq          559
       276: aload_1
       277: invokevirtual #548                // Method net/minecraft/server/level/ServerPlayer.level:()Lnet/minecraft/server/level/ServerLevel;
       280: astore        7
       282: aload         7
       284: instanceof    #101                // class net/minecraft/server/level/ServerLevel
       287: ifeq          559
       290: aload         7
       292: astore        6
       294: getstatic     #42                 // Field RICOCHET_ARROWS:Ljava/util/Map;
       297: aload         4
       299: invokevirtual #1154               // Method net/minecraft/world/entity/projectile/arrow/AbstractArrow.getUUID:()Ljava/util/UUID;
       302: invokeinterface #450,  2          // InterfaceMethod java/util/Map.remove:(Ljava/lang/Object;)Ljava/lang/Object;
       307: checkcast     #337                // class kr/moonseungjun/villageguardians/VillageRoleAbilitySystem$EmpoweredArrowState
       310: astore        7
       312: getstatic     #45                 // Field TRACKING_ARROWS:Ljava/util/Map;
       315: aload         4
       317: invokevirtual #1154               // Method net/minecraft/world/entity/projectile/arrow/AbstractArrow.getUUID:()Ljava/util/UUID;
       320: invokeinterface #450,  2          // InterfaceMethod java/util/Map.remove:(Ljava/lang/Object;)Ljava/lang/Object;
       325: pop
       326: aload         7
       328: ifnull        345
       331: aload_0
       332: aload_0
       333: invokevirtual #1194               // Method net/neoforged/neoforge/event/entity/living/LivingIncomingDamageEvent.getAmount:()F
       336: aload         7
       338: invokevirtual #1149               // Method kr/moonseungjun/villageguardians/VillageRoleAbilitySystem$EmpoweredArrowState.power:()F
       341: fmul
       342: invokevirtual #1197               // Method net/neoforged/neoforge/event/entity/living/LivingIncomingDamageEvent.setAmount:(F)V
       345: aload         7
       347: ifnonnull     354
       350: iconst_0
       351: goto          359
       354: aload         7
       356: invokevirtual #1150               // Method kr/moonseungjun/villageguardians/VillageRoleAbilitySystem$EmpoweredArrowState.specialRank:()I
       359: istore        8
       361: aload         6
       363: aload_1
       364: aload         5
       366: invokevirtual #773                // Method net/minecraft/world/entity/Mob.position:()Lnet/minecraft/world/phys/Vec3;
       369: ldc2_w        #1222               // double 12.0d
       372: iload         8
       374: invokestatic  #354                // Method areaRadius:(DI)D
       377: bipush        12
       379: iload         8
       381: iconst_2
       382: imul
       383: iadd
       384: invokestatic  #881                // Method targetsNear:(Lnet/minecraft/server/level/ServerLevel;Lnet/minecraft/server/level/ServerPlayer;Lnet/minecraft/world/phys/Vec3;DI)Ljava/util/List;
       387: astore        9
       389: aload         9
       391: aload         5
       393: invokeinterface #1224,  2         // InterfaceMethod java/util/List.remove:(Ljava/lang/Object;)Z
       398: pop
       399: aload         9
       401: aload         5
       403: dup
       404: invokestatic  #1226               // Method java/util/Objects.requireNonNull:(Ljava/lang/Object;)Ljava/lang/Object;
       407: pop
       408: invokedynamic #1231,  0           // InvokeDynamic #19:applyAsDouble:(Lnet/minecraft/world/entity/Mob;)Ljava/util/function/ToDoubleFunction;
       413: invokestatic  #1235               // InterfaceMethod java/util/Comparator.comparingDouble:(Ljava/util/function/ToDoubleFunction;)Ljava/util/Comparator;
       416: invokeinterface #1241,  2         // InterfaceMethod java/util/List.sort:(Ljava/util/Comparator;)V
       421: fconst_2
       422: aload_0
       423: invokevirtual #1194               // Method net/neoforged/neoforge/event/entity/living/LivingIncomingDamageEvent.getAmount:()F
       426: ldc           #204                // float 0.72f
       428: fmul
       429: invokestatic  #1202               // Method java/lang/Math.max:(FF)F
       432: fstore        10
       434: new           #1245               // class java/util/ArrayList
       437: dup
       438: invokespecial #1247               // Method java/util/ArrayList."<init>":()V
       441: astore        11
       443: bipush        6
       445: iconst_5
       446: iload         8
       448: invokestatic  #227                // Method java/lang/Math.min:(II)I
       451: iadd
       452: istore        12
       454: iconst_0
       455: istore        13
       457: iload         13
       459: iload         12
       461: aload         9
       463: invokeinterface #888,  1          // InterfaceMethod java/util/List.size:()I
       468: invokestatic  #227                // Method java/lang/Math.min:(II)I
       471: if_icmpge     549
       474: aload         9
       476: iload         13
       478: invokeinterface #895,  2          // InterfaceMethod java/util/List.get:(I)Ljava/lang/Object;
       483: checkcast     #765                // class net/minecraft/world/entity/Mob
       486: astore        14
       488: aload         11
       490: aload         14
       492: invokeinterface #274,  2          // InterfaceMethod java/util/List.add:(Ljava/lang/Object;)Z
       497: pop
       498: aload         6
       500: aload         14
       502: fload         10
       504: fconst_1
       505: iload         13
       507: i2f
       508: ldc_w         #1248               // float 0.09f
       511: fmul
       512: fsub
       513: fmul
       514: invokestatic  #913                // Method hurt:(Lnet/minecraft/server/level/ServerLevel;Lnet/minecraft/world/entity/Mob;F)V
       517: aload         6
       519: aload         14
       521: invokevirtual #773                // Method net/minecraft/world/entity/Mob.position:()Lnet/minecraft/world/phys/Vec3;
       524: getstatic     #1249               // Field net/minecraft/sounds/SoundEvents.ARROW_HIT:Lnet/minecraft/sounds/SoundEvent;
       527: ldc_w         #472                // float 0.55f
       530: ldc           #203                // float 1.2f
       532: iload         13
       534: i2f
       535: ldc_w         #1252               // float 0.06f
       538: fmul
       539: fadd
       540: invokestatic  #205                // Method play:(Lnet/minecraft/server/level/ServerLevel;Lnet/minecraft/world/phys/Vec3;Lnet/minecraft/sounds/SoundEvent;FF)V
       543: iinc          13, 1
       546: goto          457
       549: aload         6
       551: aload_1
       552: aload         5
       554: aload         11
       556: invokestatic  #1253               // Method kr/moonseungjun/villageguardians/VillageSkillEffectSystem.ricochet:(Lnet/minecraft/server/level/ServerLevel;Lnet/minecraft/server/level/ServerPlayer;Lnet/minecraft/world/entity/Mob;Ljava/util/List;)V
       559: aload_0
       560: invokevirtual #1216               // Method net/neoforged/neoforge/event/entity/living/LivingIncomingDamageEvent.getEntity:()Lnet/minecraft/world/entity/LivingEntity;
       563: astore_2
       564: aload_2
       565: instanceof    #107                // class net/minecraft/server/level/ServerPlayer
       568: ifeq          619
       571: aload_2
       572: checkcast     #107                // class net/minecraft/server/level/ServerPlayer
       575: astore_1
       576: aload_1
       577: invokestatic  #680                // Method activeRole:(Lnet/minecraft/server/level/ServerPlayer;)Lkr/moonseungjun/villageguardians/VillageRole;
       580: getstatic     #684                // Field kr/moonseungjun/villageguardians/VillageRole.WARDEN:Lkr/moonseungjun/villageguardians/VillageRole;
       583: if_acmpne     619
       586: aload_1
       587: getstatic     #684                // Field kr/moonseungjun/villageguardians/VillageRole.WARDEN:Lkr/moonseungjun/villageguardians/VillageRole;
       590: invokestatic  #689                // Method kr/moonseungjun/villageguardians/VillageRoleSkillSystem.specialRank:(Lnet/minecraft/server/level/ServerPlayer;Lkr/moonseungjun/villageguardians/VillageRole;)I
       593: istore_2
       594: aload_0
       595: aload_0
       596: invokevirtual #1194               // Method net/neoforged/neoforge/event/entity/living/LivingIncomingDamageEvent.getAmount:()F
       599: ldc_w         #1257               // float 0.68f
       602: ldc_w         #1179               // float 0.82f
       605: iload_2
       606: i2f
       607: ldc_w         #1258               // float 0.018f
       610: fmul
       611: fsub
       612: invokestatic  #1202               // Method java/lang/Math.max:(FF)F
       615: fmul
       616: invokevirtual #1197               // Method net/neoforged/neoforge/event/entity/living/LivingIncomingDamageEvent.setAmount:(F)V
       619: return

  public static void handleDeath(net.neoforged.neoforge.event.entity.living.LivingDeathEvent);
    Code:
         0: aload_0
         1: invokevirtual #1259               // Method net/neoforged/neoforge/event/entity/living/LivingDeathEvent.getSource:()Lnet/minecraft/world/damagesource/DamageSource;
         4: invokevirtual #1188               // Method net/minecraft/world/damagesource/DamageSource.getEntity:()Lnet/minecraft/world/entity/Entity;
         7: astore_2
         8: aload_2
         9: instanceof    #107                // class net/minecraft/server/level/ServerPlayer
        12: ifeq          50
        15: aload_2
        16: checkcast     #107                // class net/minecraft/server/level/ServerPlayer
        19: astore_1
        20: aload_1
        21: invokestatic  #1119               // Method isRangerContext:(Lnet/minecraft/server/level/ServerPlayer;)Z
        24: ifeq          50
        27: aload_0
        28: invokevirtual #1259               // Method net/neoforged/neoforge/event/entity/living/LivingDeathEvent.getSource:()Lnet/minecraft/world/damagesource/DamageSource;
        31: invokevirtual #1191               // Method net/minecraft/world/damagesource/DamageSource.getDirectEntity:()Lnet/minecraft/world/entity/Entity;
        34: instanceof    #763                // class net/minecraft/world/entity/projectile/arrow/AbstractArrow
        37: ifeq          50
        40: aload_0
        41: invokevirtual #1262               // Method net/neoforged/neoforge/event/entity/living/LivingDeathEvent.getEntity:()Lnet/minecraft/world/entity/LivingEntity;
        44: invokestatic  #1263               // Method kr/moonseungjun/villageguardians/VillageSkillTestSystem.isTestDummy:(Lnet/minecraft/world/entity/Entity;)Z
        47: ifeq          51
        50: return
        51: aload_1
        52: invokevirtual #1269               // Method net/minecraft/server/level/ServerPlayer.getInventory:()Lnet/minecraft/world/entity/player/Inventory;
        55: new           #705                // class net/minecraft/world/item/ItemStack
        58: dup
        59: getstatic     #1273               // Field net/minecraft/world/item/Items.ARROW:Lnet/minecraft/world/item/Item;
        62: invokespecial #1279               // Method net/minecraft/world/item/ItemStack."<init>":(Lnet/minecraft/world/level/ItemLike;)V
        65: invokevirtual #1282               // Method net/minecraft/world/entity/player/Inventory.add:(Lnet/minecraft/world/item/ItemStack;)Z
        68: pop
        69: return

  public static void handleKnockback(net.neoforged.neoforge.event.entity.living.LivingKnockBackEvent);
    Code:
         0: aload_0
         1: invokevirtual #1287               // Method net/neoforged/neoforge/event/entity/living/LivingKnockBackEvent.getEntity:()Lnet/minecraft/world/entity/LivingEntity;
         4: astore_2
         5: aload_2
         6: instanceof    #107                // class net/minecraft/server/level/ServerPlayer
         9: ifeq          39
        12: aload_2
        13: checkcast     #107                // class net/minecraft/server/level/ServerPlayer
        16: astore_1
        17: aload_1
        18: invokevirtual #106                // Method net/minecraft/server/level/ServerPlayer.getUUID:()Ljava/util/UUID;
        21: invokestatic  #1290               // Method kr/moonseungjun/villageguardians/VillageCouncilState.roleOf:(Ljava/util/UUID;)Ljava/util/Optional;
        24: aconst_null
        25: invokevirtual #1294               // Method java/util/Optional.orElse:(Ljava/lang/Object;)Ljava/lang/Object;
        28: getstatic     #684                // Field kr/moonseungjun/villageguardians/VillageRole.WARDEN:Lkr/moonseungjun/villageguardians/VillageRole;
        31: if_acmpne     39
        34: aload_0
        35: iconst_1
        36: invokevirtual #1299               // Method net/neoforged/neoforge/event/entity/living/LivingKnockBackEvent.setCanceled:(Z)V
        39: return

  public static java.lang.String activeSkillHud(net.minecraft.server.level.ServerPlayer);
    Code:
         0: aload_0
         1: ifnonnull     8
         4: ldc_w         #1300               // String
         7: areturn
         8: aload_0
         9: invokevirtual #548                // Method net/minecraft/server/level/ServerPlayer.level:()Lnet/minecraft/server/level/ServerLevel;
        12: invokevirtual #100                // Method net/minecraft/server/level/ServerLevel.getGameTime:()J
        15: lstore_1
        16: new           #1245               // class java/util/ArrayList
        19: dup
        20: invokespecial #1247               // Method java/util/ArrayList."<init>":()V
        23: astore_3
        24: aload_3
        25: ldc_w         #1302               // String §b신속 삼연사
        28: getstatic     #24                 // Field RAPID_UNTIL:Ljava/util/Map;
        31: aload_0
        32: invokevirtual #106                // Method net/minecraft/server/level/ServerPlayer.getUUID:()Ljava/util/UUID;
        35: lconst_0
        36: invokestatic  #155                // Method java/lang/Long.valueOf:(J)Ljava/lang/Long;
        39: invokeinterface #561,  3          // InterfaceMethod java/util/Map.getOrDefault:(Ljava/lang/Object;Ljava/lang/Object;)Ljava/lang/Object;
        44: checkcast     #156                // class java/lang/Long
        47: invokevirtual #564                // Method java/lang/Long.longValue:()J
        50: lload_1
        51: invokestatic  #1304               // Method appendReady:(Ljava/util/List;Ljava/lang/String;JJ)V
        54: aload_3
        55: ldc_w         #1308               // String §e추적 도탄
        58: getstatic     #36                 // Field RICOCHET_UNTIL:Ljava/util/Map;
        61: aload_0
        62: invokevirtual #106                // Method net/minecraft/server/level/ServerPlayer.getUUID:()Ljava/util/UUID;
        65: lconst_0
        66: invokestatic  #155                // Method java/lang/Long.valueOf:(J)Ljava/lang/Long;
        69: invokeinterface #561,  3          // InterfaceMethod java/util/Map.getOrDefault:(Ljava/lang/Object;Ljava/lang/Object;)Ljava/lang/Object;
        74: checkcast     #156                // class java/lang/Long
        77: invokevirtual #564                // Method java/lang/Long.longValue:()J
        80: lload_1
        81: invokestatic  #1304               // Method appendReady:(Ljava/util/List;Ljava/lang/String;JJ)V
        84: getstatic     #48                 // Field ARROW_RAIN_READY:Ljava/util/Map;
        87: aload_0
        88: invokevirtual #106                // Method net/minecraft/server/level/ServerPlayer.getUUID:()Ljava/util/UUID;
        91: invokeinterface #616,  2          // InterfaceMethod java/util/Map.get:(Ljava/lang/Object;)Ljava/lang/Object;
        96: checkcast     #337                // class kr/moonseungjun/villageguardians/VillageRoleAbilitySystem$EmpoweredArrowState
        99: astore        4
       101: aload         4
       103: ifnull        119
       106: aload_3
       107: ldc_w         #1310               // String §9천공 화살비
       110: aload         4
       112: invokevirtual #1145               // Method kr/moonseungjun/villageguardians/VillageRoleAbilitySystem$EmpoweredArrowState.until:()J
       115: lload_1
       116: invokestatic  #1304               // Method appendReady:(Ljava/util/List;Ljava/lang/String;JJ)V
       119: getstatic     #51                 // Field MEGA_ARROW_READY:Ljava/util/Map;
       122: aload_0
       123: invokevirtual #106                // Method net/minecraft/server/level/ServerPlayer.getUUID:()Ljava/util/UUID;
       126: invokeinterface #616,  2          // InterfaceMethod java/util/Map.get:(Ljava/lang/Object;)Ljava/lang/Object;
       131: checkcast     #337                // class kr/moonseungjun/villageguardians/VillageRoleAbilitySystem$EmpoweredArrowState
       134: astore        5
       136: aload         5
       138: ifnull        154
       141: aload_3
       142: ldc_w         #1312               // String §a성멸 대궁
       145: aload         5
       147: invokevirtual #1145               // Method kr/moonseungjun/villageguardians/VillageRoleAbilitySystem$EmpoweredArrowState.until:()J
       150: lload_1
       151: invokestatic  #1304               // Method appendReady:(Ljava/util/List;Ljava/lang/String;JJ)V
       154: aload_3
       155: ldc_w         #1314               // String §9거대 방패 태세
       158: getstatic     #54                 // Field FORTRESS_UNTIL:Ljava/util/Map;
       161: aload_0
       162: invokevirtual #106                // Method net/minecraft/server/level/ServerPlayer.getUUID:()Ljava/util/UUID;
       165: lconst_0
       166: invokestatic  #155                // Method java/lang/Long.valueOf:(J)Ljava/lang/Long;
       169: invokeinterface #561,  3          // InterfaceMethod java/util/Map.getOrDefault:(Ljava/lang/Object;Ljava/lang/Object;)Ljava/lang/Object;
       174: checkcast     #156                // class java/lang/Long
       177: invokevirtual #564                // Method java/lang/Long.longValue:()J
       180: lload_1
       181: invokestatic  #1316               // Method appendTimed:(Ljava/util/List;Ljava/lang/String;JJ)V
       184: aload_3
       185: ldc_w         #1319               // String §3대수호 진군
       188: getstatic     #60                 // Field AEGIS_UNTIL:Ljava/util/Map;
       191: aload_0
       192: invokevirtual #106                // Method net/minecraft/server/level/ServerPlayer.getUUID:()Ljava/util/UUID;
       195: lconst_0
       196: invokestatic  #155                // Method java/lang/Long.valueOf:(J)Ljava/lang/Long;
       199: invokeinterface #561,  3          // InterfaceMethod java/util/Map.getOrDefault:(Ljava/lang/Object;Ljava/lang/Object;)Ljava/lang/Object;
       204: checkcast     #156                // class java/lang/Long
       207: invokevirtual #564                // Method java/lang/Long.longValue:()J
       210: lload_1
       211: invokestatic  #1316               // Method appendTimed:(Ljava/util/List;Ljava/lang/String;JJ)V
       214: ldc_w         #1321               // String  §8·
       217: aload_3
       218: invokestatic  #1323               // Method java/lang/String.join:(Ljava/lang/CharSequence;Ljava/lang/Iterable;)Ljava/lang/String;
       221: areturn

  private static void appendReady(java.util.List<java.lang.String>, java.lang.String, long, long);
    Code:
         0: lload_2
         1: lload         4
         3: lcmp
         4: ifge          8
         7: return
         8: aload_0
         9: aload_1
        10: getstatic     #1329               // Field java/util/Locale.ROOT:Ljava/util/Locale;
        13: ldc_w         #1335               // String %.1f초
        16: iconst_1
        17: anewarray     #2                  // class java/lang/Object
        20: dup
        21: iconst_0
        22: lload_2
        23: lload         4
        25: lsub
        26: l2d
        27: ldc2_w        #1337               // double 20.0d
        30: ddiv
        31: invokestatic  #1339               // Method java/lang/Double.valueOf:(D)Ljava/lang/Double;
        34: aastore
        35: invokestatic  #1344               // Method java/lang/String.format:(Ljava/util/Locale;Ljava/lang/String;[Ljava/lang/Object;)Ljava/lang/String;
        38: invokedynamic #1348,  0           // InvokeDynamic #20:makeConcatWithConstants:(Ljava/lang/String;Ljava/lang/String;)Ljava/lang/String;
        43: invokeinterface #274,  2          // InterfaceMethod java/util/List.add:(Ljava/lang/Object;)Z
        48: pop
        49: return

  private static void appendTimed(java.util.List<java.lang.String>, java.lang.String, long, long);
    Code:
         0: lload_2
         1: lload         4
         3: lcmp
         4: ifge          8
         7: return
         8: aload_0
         9: aload_1
        10: getstatic     #1329               // Field java/util/Locale.ROOT:Ljava/util/Locale;
        13: ldc_w         #1335               // String %.1f초
        16: iconst_1
        17: anewarray     #2                  // class java/lang/Object
        20: dup
        21: iconst_0
        22: lload_2
        23: lload         4
        25: lsub
        26: l2d
        27: ldc2_w        #1337               // double 20.0d
        30: ddiv
        31: invokestatic  #1339               // Method java/lang/Double.valueOf:(D)Ljava/lang/Double;
        34: aastore
        35: invokestatic  #1344               // Method java/lang/String.format:(Ljava/util/Locale;Ljava/lang/String;[Ljava/lang/Object;)Ljava/lang/String;
        38: invokedynamic #1352,  0           // InvokeDynamic #21:makeConcatWithConstants:(Ljava/lang/String;Ljava/lang/String;)Ljava/lang/String;
        43: invokeinterface #274,  2          // InterfaceMethod java/util/List.add:(Ljava/lang/Object;)Z
        48: pop
        49: return

  public static boolean isRapidFire(net.minecraft.server.level.ServerPlayer);
    Code:
         0: aload_0
         1: ifnull        41
         4: getstatic     #24                 // Field RAPID_UNTIL:Ljava/util/Map;
         7: aload_0
         8: invokevirtual #106                // Method net/minecraft/server/level/ServerPlayer.getUUID:()Ljava/util/UUID;
        11: lconst_0
        12: invokestatic  #155                // Method java/lang/Long.valueOf:(J)Ljava/lang/Long;
        15: invokeinterface #561,  3          // InterfaceMethod java/util/Map.getOrDefault:(Ljava/lang/Object;Ljava/lang/Object;)Ljava/lang/Object;
        20: checkcast     #156                // class java/lang/Long
        23: invokevirtual #564                // Method java/lang/Long.longValue:()J
        26: aload_0
        27: invokevirtual #548                // Method net/minecraft/server/level/ServerPlayer.level:()Lnet/minecraft/server/level/ServerLevel;
        30: invokevirtual #100                // Method net/minecraft/server/level/ServerLevel.getGameTime:()J
        33: lcmp
        34: iflt          41
        37: iconst_1
        38: goto          42
        41: iconst_0
        42: ireturn

  public static boolean isFortress(net.minecraft.server.level.ServerPlayer);
    Code:
         0: aload_0
         1: ifnull        41
         4: getstatic     #54                 // Field FORTRESS_UNTIL:Ljava/util/Map;
         7: aload_0
         8: invokevirtual #106                // Method net/minecraft/server/level/ServerPlayer.getUUID:()Ljava/util/UUID;
        11: lconst_0
        12: invokestatic  #155                // Method java/lang/Long.valueOf:(J)Ljava/lang/Long;
        15: invokeinterface #561,  3          // InterfaceMethod java/util/Map.getOrDefault:(Ljava/lang/Object;Ljava/lang/Object;)Ljava/lang/Object;
        20: checkcast     #156                // class java/lang/Long
        23: invokevirtual #564                // Method java/lang/Long.longValue:()J
        26: aload_0
        27: invokevirtual #548                // Method net/minecraft/server/level/ServerPlayer.level:()Lnet/minecraft/server/level/ServerLevel;
        30: invokevirtual #100                // Method net/minecraft/server/level/ServerLevel.getGameTime:()J
        33: lcmp
        34: iflt          41
        37: iconst_1
        38: goto          42
        41: iconst_0
        42: ireturn

  private static void bladeWave(net.minecraft.server.level.ServerLevel, net.minecraft.server.level.ServerPlayer, float, int);
    Code:
         0: aload_1
         1: getstatic     #209                // Field net/minecraft/world/InteractionHand.MAIN_HAND:Lnet/minecraft/world/InteractionHand;
         4: iconst_1
         5: invokevirtual #215                // Method net/minecraft/server/level/ServerPlayer.swing:(Lnet/minecraft/world/InteractionHand;Z)V
         8: aload_1
         9: invokestatic  #128                // Method horizontalLook:(Lnet/minecraft/server/level/ServerPlayer;)Lnet/minecraft/world/phys/Vec3;
        12: astore        4
        14: aload_0
        15: aload_1
        16: aload         4
        18: invokestatic  #1353               // Method kr/moonseungjun/villageguardians/VillageSkillEffectSystem.bladeWave:(Lnet/minecraft/server/level/ServerLevel;Lnet/minecraft/server/level/ServerPlayer;Lnet/minecraft/world/phys/Vec3;)V
        21: aload_1
        22: invokevirtual #193                // Method net/minecraft/server/level/ServerPlayer.position:()Lnet/minecraft/world/phys/Vec3;
        25: dconst_0
        26: ldc2_w        #1356               // double 0.82d
        29: dconst_0
        30: invokevirtual #296                // Method net/minecraft/world/phys/Vec3.add:(DDD)Lnet/minecraft/world/phys/Vec3;
        33: aload         4
        35: dconst_1
        36: invokevirtual #288                // Method net/minecraft/world/phys/Vec3.scale:(D)Lnet/minecraft/world/phys/Vec3;
        39: invokevirtual #609                // Method net/minecraft/world/phys/Vec3.add:(Lnet/minecraft/world/phys/Vec3;)Lnet/minecraft/world/phys/Vec3;
        42: astore        5
        44: aload_0
        45: aload_1
        46: getstatic     #1358               // Field kr/moonseungjun/villageguardians/VillageRoleAbilitySystem$MovingKind.BLADE:Lkr/moonseungjun/villageguardians/VillageRoleAbilitySystem$MovingKind;
        49: getstatic     #1361               // Field net/minecraft/world/item/ItemStack.EMPTY:Lnet/minecraft/world/item/ItemStack;
        52: ldc2_w        #1365               // double 1.75d
        55: iload_3
        56: i2d
        57: ldc2_w        #662                // double 0.035d
        60: dmul
        61: dadd
        62: bipush        24
        64: iload_3
        65: iconst_2
        66: imul
        67: iadd
        68: ldc_w         #1367               // float 5.4f
        71: aload_1
        72: invokevirtual #106                // Method net/minecraft/server/level/ServerPlayer.getUUID:()Ljava/util/UUID;
        75: invokestatic  #112                // Method kr/moonseungjun/villageguardians/VillageCouncilState.levelOf:(Ljava/util/UUID;)I
        78: i2f
        79: ldc_w         #486                // float 0.3f
        82: fmul
        83: fadd
        84: fload_2
        85: fmul
        86: ldc2_w        #607                // double 1.45d
        89: iload_3
        90: i2d
        91: ldc2_w        #1368               // double 0.12d
        94: dmul
        95: dadd
        96: iload_3
        97: aload         5
        99: aload         4
       101: invokestatic  #1370               // Method launchMovingAt:(Lnet/minecraft/server/level/ServerLevel;Lnet/minecraft/server/level/ServerPlayer;Lkr/moonseungjun/villageguardians/VillageRoleAbilitySystem$MovingKind;Lnet/minecraft/world/item/ItemStack;DIFDILnet/minecraft/world/phys/Vec3;Lnet/minecraft/world/phys/Vec3;)V
       104: aload_0
       105: aload_1
       106: invokevirtual #193                // Method net/minecraft/server/level/ServerPlayer.position:()Lnet/minecraft/world/phys/Vec3;
       109: getstatic     #197                // Field net/minecraft/sounds/SoundEvents.PLAYER_ATTACK_SWEEP:Lnet/minecraft/sounds/SoundEvent;
       112: fconst_1
       113: ldc_w         #954                // float 0.78f
       116: aload_1
       117: invokevirtual #494                // Method net/minecraft/server/level/ServerPlayer.getRandom:()Lnet/minecraft/util/RandomSource;
       120: invokeinterface #498,  1          // InterfaceMethod net/minecraft/util/RandomSource.nextFloat:()F
       125: ldc_w         #1374               // float 0.18f
       128: fmul
       129: fadd
       130: invokestatic  #205                // Method play:(Lnet/minecraft/server/level/ServerLevel;Lnet/minecraft/world/phys/Vec3;Lnet/minecraft/sounds/SoundEvent;FF)V
       133: return

  private static void groundSlam(net.minecraft.server.level.ServerLevel, net.minecraft.server.level.ServerPlayer, float, float, int);
    Code:
         0: aload_1
         1: getstatic     #209                // Field net/minecraft/world/InteractionHand.MAIN_HAND:Lnet/minecraft/world/InteractionHand;
         4: iconst_1
         5: invokevirtual #215                // Method net/minecraft/server/level/ServerPlayer.swing:(Lnet/minecraft/world/InteractionHand;Z)V
         8: ldc2_w        #392                // double 8.5d
        11: iload         4
        13: invokestatic  #354                // Method areaRadius:(DI)D
        16: dstore        5
        18: aload_0
        19: aload_1
        20: aload_1
        21: invokevirtual #193                // Method net/minecraft/server/level/ServerPlayer.position:()Lnet/minecraft/world/phys/Vec3;
        24: dload         5
        26: bipush        40
        28: iload         4
        30: iconst_4
        31: imul
        32: iadd
        33: ldc_w         #1375               // float 14.0f
        36: aload_1
        37: invokevirtual #106                // Method net/minecraft/server/level/ServerPlayer.getUUID:()Ljava/util/UUID;
        40: invokestatic  #112                // Method kr/moonseungjun/villageguardians/VillageCouncilState.levelOf:(Ljava/util/UUID;)I
        43: i2f
        44: ldc           #204                // float 0.72f
        46: fmul
        47: fadd
        48: fload_2
        49: fmul
        50: iconst_0
        51: ldc2_w        #294                // double 1.05d
        54: iload         4
        56: i2d
        57: ldc2_w        #597                // double 0.05d
        60: dmul
        61: dadd
        62: ldc2_w        #646                // double 0.38d
        65: invokestatic  #599                // Method damageRadius:(Lnet/minecraft/server/level/ServerLevel;Lnet/minecraft/server/level/ServerPlayer;Lnet/minecraft/world/phys/Vec3;DIFZDD)V
        68: bipush        40
        70: ldc_w         #1376               // float 55.0f
        73: fload_3
        74: fmul
        75: invokestatic  #118                // Method java/lang/Math.round:(F)I
        78: invokestatic  #124                // Method java/lang/Math.max:(II)I
        81: istore        7
        83: aload_0
        84: aload_1
        85: aload_1
        86: invokevirtual #193                // Method net/minecraft/server/level/ServerPlayer.position:()Lnet/minecraft/world/phys/Vec3;
        89: dload         5
        91: bipush        48
        93: invokestatic  #881                // Method targetsNear:(Lnet/minecraft/server/level/ServerLevel;Lnet/minecraft/server/level/ServerPlayer;Lnet/minecraft/world/phys/Vec3;DI)Ljava/util/List;
        96: invokeinterface #239,  1          // InterfaceMethod java/util/List.iterator:()Ljava/util/Iterator;
       101: astore        8
       103: aload         8
       105: invokeinterface #243,  1          // InterfaceMethod java/util/Iterator.hasNext:()Z
       110: ifeq          188
       113: aload         8
       115: invokeinterface #249,  1          // InterfaceMethod java/util/Iterator.next:()Ljava/lang/Object;
       120: checkcast     #765                // class net/minecraft/world/entity/Mob
       123: astore        9
       125: aload         9
       127: new           #178                // class net/minecraft/world/effect/MobEffectInstance
       130: dup
       131: getstatic     #1377               // Field net/minecraft/world/effect/MobEffects.WEAKNESS:Lnet/minecraft/core/Holder;
       134: iload         7
       136: iconst_2
       137: iload         4
       139: iconst_2
       140: idiv
       141: invokestatic  #227                // Method java/lang/Math.min:(II)I
       144: iconst_0
       145: iconst_0
       146: iconst_1
       147: invokespecial #186                // Method net/minecraft/world/effect/MobEffectInstance."<init>":(Lnet/minecraft/core/Holder;IIZZZ)V
       150: invokevirtual #920                // Method net/minecraft/world/entity/Mob.addEffect:(Lnet/minecraft/world/effect/MobEffectInstance;)Z
       153: pop
       154: aload         9
       156: new           #178                // class net/minecraft/world/effect/MobEffectInstance
       159: dup
       160: getstatic     #917                // Field net/minecraft/world/effect/MobEffects.SLOWNESS:Lnet/minecraft/core/Holder;
       163: iload         7
       165: iconst_3
       166: iconst_1
       167: iload         4
       169: iconst_2
       170: idiv
       171: iadd
       172: invokestatic  #227                // Method java/lang/Math.min:(II)I
       175: iconst_0
       176: iconst_0
       177: iconst_1
       178: invokespecial #186                // Method net/minecraft/world/effect/MobEffectInstance."<init>":(Lnet/minecraft/core/Holder;IIZZZ)V
       181: invokevirtual #920                // Method net/minecraft/world/entity/Mob.addEffect:(Lnet/minecraft/world/effect/MobEffectInstance;)Z
       184: pop
       185: goto          103
       188: aload_0
       189: aload_1
       190: dload         5
       192: iload         4
       194: invokestatic  #1380               // Method kr/moonseungjun/villageguardians/VillageSkillEffectSystem.slamImpact:(Lnet/minecraft/server/level/ServerLevel;Lnet/minecraft/server/level/ServerPlayer;DI)V
       197: aload_0
       198: aload_1
       199: invokevirtual #193                // Method net/minecraft/server/level/ServerPlayer.position:()Lnet/minecraft/world/phys/Vec3;
       202: getstatic     #1063               // Field net/minecraft/sounds/SoundEvents.GENERIC_EXPLODE:Lnet/minecraft/core/Holder$Reference;
       205: invokevirtual #407                // Method net/minecraft/core/Holder$Reference.value:()Ljava/lang/Object;
       208: checkcast     #330                // class net/minecraft/sounds/SoundEvent
       211: ldc_w         #1384               // float 1.5f
       214: ldc_w         #472                // float 0.55f
       217: invokestatic  #205                // Method play:(Lnet/minecraft/server/level/ServerLevel;Lnet/minecraft/world/phys/Vec3;Lnet/minecraft/sounds/SoundEvent;FF)V
       220: aload_0
       221: aload_1
       222: invokevirtual #193                // Method net/minecraft/server/level/ServerPlayer.position:()Lnet/minecraft/world/phys/Vec3;
       225: getstatic     #1385               // Field net/minecraft/sounds/SoundEvents.ANVIL_LAND:Lnet/minecraft/sounds/SoundEvent;
       228: ldc_w         #391                // float 1.1f
       231: ldc_w         #346                // float 0.62f
       234: invokestatic  #205                // Method play:(Lnet/minecraft/server/level/ServerLevel;Lnet/minecraft/world/phys/Vec3;Lnet/minecraft/sounds/SoundEvent;FF)V
       237: return

  private static void arrowRain(net.minecraft.server.level.ServerLevel, net.minecraft.server.level.ServerPlayer, net.minecraft.world.phys.Vec3, float, int);
    Code:
         0: ldc2_w        #392                // double 8.5d
         3: iload         4
         5: invokestatic  #354                // Method areaRadius:(DI)D
         8: dstore        5
        10: aload_0
        11: aload_1
        12: aload_2
        13: dload         5
        15: iload         4
        17: invokestatic  #1388               // Method kr/moonseungjun/villageguardians/VillageSkillEffectSystem.arrowRainImpact:(Lnet/minecraft/server/level/ServerLevel;Lnet/minecraft/server/level/ServerPlayer;Lnet/minecraft/world/phys/Vec3;DI)V
        20: ldc_w         #1392               // float 3.3f
        23: aload_1
        24: invokevirtual #106                // Method net/minecraft/server/level/ServerPlayer.getUUID:()Ljava/util/UUID;
        27: invokestatic  #112                // Method kr/moonseungjun/villageguardians/VillageCouncilState.levelOf:(Ljava/util/UUID;)I
        30: i2f
        31: ldc_w         #1374               // float 0.18f
        34: fmul
        35: fadd
        36: fload_3
        37: fmul
        38: fstore        7
        40: aload_0
        41: aload_1
        42: aload_2
        43: dload         5
        45: bipush        48
        47: invokestatic  #881                // Method targetsNear:(Lnet/minecraft/server/level/ServerLevel;Lnet/minecraft/server/level/ServerPlayer;Lnet/minecraft/world/phys/Vec3;DI)Ljava/util/List;
        50: invokeinterface #239,  1          // InterfaceMethod java/util/List.iterator:()Ljava/util/Iterator;
        55: astore        8
        57: aload         8
        59: invokeinterface #243,  1          // InterfaceMethod java/util/Iterator.hasNext:()Z
        64: ifeq          111
        67: aload         8
        69: invokeinterface #249,  1          // InterfaceMethod java/util/Iterator.next:()Ljava/lang/Object;
        74: checkcast     #765                // class net/minecraft/world/entity/Mob
        77: astore        9
        79: aload_0
        80: aload         9
        82: fload         7
        84: invokestatic  #913                // Method hurt:(Lnet/minecraft/server/level/ServerLevel;Lnet/minecraft/world/entity/Mob;F)V
        87: iload         4
        89: iconst_3
        90: if_icmplt     108
        93: aload         9
        95: aload         9
        97: invokevirtual #1053               // Method net/minecraft/world/entity/Mob.getRemainingFireTicks:()I
       100: bipush        40
       102: invokestatic  #124                // Method java/lang/Math.max:(II)I
       105: invokevirtual #1056               // Method net/minecraft/world/entity/Mob.setRemainingFireTicks:(I)V
       108: goto          57
       111: aload_0
       112: aload_2
       113: getstatic     #1393               // Field net/minecraft/sounds/SoundEvents.ARROW_SHOOT:Lnet/minecraft/sounds/SoundEvent;
       116: ldc_w         #309                // float 0.8f
       119: ldc_w         #1396               // float 1.45f
       122: invokestatic  #205                // Method play:(Lnet/minecraft/server/level/ServerLevel;Lnet/minecraft/world/phys/Vec3;Lnet/minecraft/sounds/SoundEvent;FF)V
       125: return

  private static void launchEnergyArrow(net.minecraft.server.level.ServerLevel, net.minecraft.server.level.ServerPlayer, float, int);
    Code:
         0: aload_1
         1: invokevirtual #1397               // Method net/minecraft/server/level/ServerPlayer.stopUsingItem:()V
         4: aload_1
         5: getstatic     #209                // Field net/minecraft/world/InteractionHand.MAIN_HAND:Lnet/minecraft/world/InteractionHand;
         8: iconst_1
         9: invokevirtual #215                // Method net/minecraft/server/level/ServerPlayer.swing:(Lnet/minecraft/world/InteractionHand;Z)V
        12: aload_1
        13: invokestatic  #132                // Method lookDirection:(Lnet/minecraft/server/level/ServerPlayer;)Lnet/minecraft/world/phys/Vec3;
        16: astore        4
        18: aload_1
        19: invokevirtual #604                // Method net/minecraft/server/level/ServerPlayer.getEyePosition:()Lnet/minecraft/world/phys/Vec3;
        22: aload         4
        24: ldc2_w        #1400               // double 2.8d
        27: invokevirtual #288                // Method net/minecraft/world/phys/Vec3.scale:(D)Lnet/minecraft/world/phys/Vec3;
        30: invokevirtual #609                // Method net/minecraft/world/phys/Vec3.add:(Lnet/minecraft/world/phys/Vec3;)Lnet/minecraft/world/phys/Vec3;
        33: astore        5
        35: aload_0
        36: aload_1
        37: aload         5
        39: aload         4
        41: invokestatic  #1402               // Method kr/moonseungjun/villageguardians/VillageSkillEffectSystem.energyArrow:(Lnet/minecraft/server/level/ServerLevel;Lnet/minecraft/server/level/ServerPlayer;Lnet/minecraft/world/phys/Vec3;Lnet/minecraft/world/phys/Vec3;)V
        44: ldc_w         #1405               // float 31.0f
        47: aload_1
        48: invokevirtual #106                // Method net/minecraft/server/level/ServerPlayer.getUUID:()Ljava/util/UUID;
        51: invokestatic  #112                // Method kr/moonseungjun/villageguardians/VillageCouncilState.levelOf:(Ljava/util/UUID;)I
        54: i2f
        55: ldc_w         #310                // float 1.35f
        58: fmul
        59: fadd
        60: fload_2
        61: fmul
        62: fstore        6
        64: aload_0
        65: aload_1
        66: getstatic     #1406               // Field kr/moonseungjun/villageguardians/VillageRoleAbilitySystem$MovingKind.ENERGY_ARROW:Lkr/moonseungjun/villageguardians/VillageRoleAbilitySystem$MovingKind;
        69: new           #705                // class net/minecraft/world/item/ItemStack
        72: dup
        73: getstatic     #1409               // Field net/minecraft/world/item/Items.SPECTRAL_ARROW:Lnet/minecraft/world/item/Item;
        76: invokespecial #1279               // Method net/minecraft/world/item/ItemStack."<init>":(Lnet/minecraft/world/level/ItemLike;)V
        79: ldc2_w        #1412               // double 2.65d
        82: bipush        55
        84: fload         6
        86: ldc2_w        #1414               // double 5.0d
        89: iload_3
        90: aload         5
        92: aload         4
        94: invokestatic  #1370               // Method launchMovingAt:(Lnet/minecraft/server/level/ServerLevel;Lnet/minecraft/server/level/ServerPlayer;Lkr/moonseungjun/villageguardians/VillageRoleAbilitySystem$MovingKind;Lnet/minecraft/world/item/ItemStack;DIFDILnet/minecraft/world/phys/Vec3;Lnet/minecraft/world/phys/Vec3;)V
        97: aload_0
        98: aload_1
        99: invokevirtual #193                // Method net/minecraft/server/level/ServerPlayer.position:()Lnet/minecraft/world/phys/Vec3;
       102: getstatic     #1416               // Field net/minecraft/sounds/SoundEvents.ENDER_DRAGON_SHOOT:Lnet/minecraft/sounds/SoundEvent;
       105: ldc_w         #1396               // float 1.45f
       108: ldc_w         #954                // float 0.78f
       111: invokestatic  #205                // Method play:(Lnet/minecraft/server/level/ServerLevel;Lnet/minecraft/world/phys/Vec3;Lnet/minecraft/sounds/SoundEvent;FF)V
       114: return

  private static void shieldCharge(net.minecraft.server.level.ServerLevel, net.minecraft.server.level.ServerPlayer, float, float, int);
    Code:
         0: aload_1
         1: getstatic     #1419               // Field net/minecraft/world/InteractionHand.OFF_HAND:Lnet/minecraft/world/InteractionHand;
         4: iconst_1
         5: invokevirtual #215                // Method net/minecraft/server/level/ServerPlayer.swing:(Lnet/minecraft/world/InteractionHand;Z)V
         8: aload_0
         9: aload_1
        10: aload_1
        11: invokestatic  #128                // Method horizontalLook:(Lnet/minecraft/server/level/ServerPlayer;)Lnet/minecraft/world/phys/Vec3;
        14: invokestatic  #1422               // Method kr/moonseungjun/villageguardians/VillageSkillEffectSystem.shieldCharge:(Lnet/minecraft/server/level/ServerLevel;Lnet/minecraft/server/level/ServerPlayer;Lnet/minecraft/world/phys/Vec3;)V
        17: iconst_5
        18: iconst_4
        19: iconst_0
        20: fload_3
        21: fconst_1
        22: fsub
        23: ldc_w         #459                // float 4.0f
        26: fmul
        27: invokestatic  #118                // Method java/lang/Math.round:(F)I
        30: invokestatic  #124                // Method java/lang/Math.max:(II)I
        33: invokestatic  #227                // Method java/lang/Math.min:(II)I
        36: iadd
        37: istore        5
        39: ldc2_w        #1424               // double 2.3d
        42: iload         4
        44: i2d
        45: ldc2_w        #675                // double 0.22d
        48: dmul
        49: dadd
        50: dstore        6
        52: iconst_0
        53: istore        8
        55: iload         8
        57: iload         5
        59: if_icmpge     188
        62: aload_1
        63: invokevirtual #193                // Method net/minecraft/server/level/ServerPlayer.position:()Lnet/minecraft/world/phys/Vec3;
        66: aload_1
        67: invokestatic  #128                // Method horizontalLook:(Lnet/minecraft/server/level/ServerPlayer;)Lnet/minecraft/world/phys/Vec3;
        70: dconst_1
        71: iload         8
        73: i2d
        74: ldc2_w        #1426               // double 1.2d
        77: dmul
        78: dadd
        79: invokevirtual #288                // Method net/minecraft/world/phys/Vec3.scale:(D)Lnet/minecraft/world/phys/Vec3;
        82: invokevirtual #609                // Method net/minecraft/world/phys/Vec3.add:(Lnet/minecraft/world/phys/Vec3;)Lnet/minecraft/world/phys/Vec3;
        85: astore        9
        87: aload_0
        88: aload_1
        89: aload         9
        91: dload         6
        93: bipush        12
        95: iload         4
        97: iconst_3
        98: imul
        99: iadd
       100: invokestatic  #881                // Method targetsNear:(Lnet/minecraft/server/level/ServerLevel;Lnet/minecraft/server/level/ServerPlayer;Lnet/minecraft/world/phys/Vec3;DI)Ljava/util/List;
       103: invokeinterface #239,  1          // InterfaceMethod java/util/List.iterator:()Ljava/util/Iterator;
       108: astore        10
       110: aload         10
       112: invokeinterface #243,  1          // InterfaceMethod java/util/Iterator.hasNext:()Z
       117: ifeq          182
       120: aload         10
       122: invokeinterface #249,  1          // InterfaceMethod java/util/Iterator.next:()Ljava/lang/Object;
       127: checkcast     #765                // class net/minecraft/world/entity/Mob
       130: astore        11
       132: aload_0
       133: aload         11
       135: ldc_w         #1428               // float 5.5f
       138: aload_1
       139: invokevirtual #106                // Method net/minecraft/server/level/ServerPlayer.getUUID:()Ljava/util/UUID;
       142: invokestatic  #112                // Method kr/moonseungjun/villageguardians/VillageCouncilState.levelOf:(Ljava/util/UUID;)I
       145: i2f
       146: ldc_w         #486                // float 0.3f
       149: fmul
       150: fadd
       151: fload_2
       152: fmul
       153: invokestatic  #913                // Method hurt:(Lnet/minecraft/server/level/ServerLevel;Lnet/minecraft/world/entity/Mob;F)V
       156: aload_1
       157: invokevirtual #193                // Method net/minecraft/server/level/ServerPlayer.position:()Lnet/minecraft/world/phys/Vec3;
       160: aload         11
       162: ldc2_w        #1429               // double 1.15d
       165: iload         4
       167: i2d
       168: ldc2_w        #1431               // double 0.07d
       171: dmul
       172: dadd
       173: ldc2_w        #1368               // double 0.12d
       176: invokestatic  #1073               // Method knockFrom:(Lnet/minecraft/world/phys/Vec3;Lnet/minecraft/world/entity/Mob;DD)V
       179: goto          110
       182: iinc          8, 1
       185: goto          55
       188: aload_0
       189: aload_1
       190: invokevirtual #193                // Method net/minecraft/server/level/ServerPlayer.position:()Lnet/minecraft/world/phys/Vec3;
       193: getstatic     #468                // Field net/minecraft/sounds/SoundEvents.SHIELD_BLOCK:Lnet/minecraft/core/Holder$Reference;
       196: invokevirtual #407                // Method net/minecraft/core/Holder$Reference.value:()Ljava/lang/Object;
       199: checkcast     #330                // class net/minecraft/sounds/SoundEvent
       202: ldc_w         #423                // float 1.15f
       205: ldc_w         #1179               // float 0.82f
       208: invokestatic  #205                // Method play:(Lnet/minecraft/server/level/ServerLevel;Lnet/minecraft/world/phys/Vec3;Lnet/minecraft/sounds/SoundEvent;FF)V
       211: return

  private static void tauntShout(net.minecraft.server.level.ServerLevel, net.minecraft.server.level.ServerPlayer, float, int, int);
    Code:
         0: aload_1
         1: getstatic     #1419               // Field net/minecraft/world/InteractionHand.OFF_HAND:Lnet/minecraft/world/InteractionHand;
         4: iconst_1
         5: invokevirtual #215                // Method net/minecraft/server/level/ServerPlayer.swing:(Lnet/minecraft/world/InteractionHand;Z)V
         8: ldc2_w        #1337               // double 20.0d
        11: iload         4
        13: i2d
        14: ldc2_w        #1433               // double 2.0d
        17: dmul
        18: dadd
        19: dstore        5
        21: aload_0
        22: aload_1
        23: aload_1
        24: invokevirtual #193                // Method net/minecraft/server/level/ServerPlayer.position:()Lnet/minecraft/world/phys/Vec3;
        27: dload         5
        29: bipush        60
        31: iload         4
        33: iconst_5
        34: imul
        35: iadd
        36: invokestatic  #881                // Method targetsNear:(Lnet/minecraft/server/level/ServerLevel;Lnet/minecraft/server/level/ServerPlayer;Lnet/minecraft/world/phys/Vec3;DI)Ljava/util/List;
        39: invokeinterface #239,  1          // InterfaceMethod java/util/List.iterator:()Ljava/util/Iterator;
        44: astore        7
        46: aload         7
        48: invokeinterface #243,  1          // InterfaceMethod java/util/Iterator.hasNext:()Z
        53: ifeq          120
        56: aload         7
        58: invokeinterface #249,  1          // InterfaceMethod java/util/Iterator.next:()Ljava/lang/Object;
        63: checkcast     #765                // class net/minecraft/world/entity/Mob
        66: astore        8
        68: aload_0
        69: aload         8
        71: fload_2
        72: invokestatic  #913                // Method hurt:(Lnet/minecraft/server/level/ServerLevel;Lnet/minecraft/world/entity/Mob;F)V
        75: aload         8
        77: aload_1
        78: invokevirtual #1435               // Method net/minecraft/world/entity/Mob.setTarget:(Lnet/minecraft/world/entity/LivingEntity;)V
        81: aload         8
        83: new           #178                // class net/minecraft/world/effect/MobEffectInstance
        86: dup
        87: getstatic     #1377               // Field net/minecraft/world/effect/MobEffects.WEAKNESS:Lnet/minecraft/core/Holder;
        90: sipush        180
        93: iload_3
        94: invokestatic  #227                // Method java/lang/Math.min:(II)I
        97: iconst_1
        98: iconst_2
        99: iload         4
       101: iconst_2
       102: idiv
       103: invokestatic  #227                // Method java/lang/Math.min:(II)I
       106: iadd
       107: iconst_0
       108: iconst_0
       109: iconst_1
       110: invokespecial #186                // Method net/minecraft/world/effect/MobEffectInstance."<init>":(Lnet/minecraft/core/Holder;IIZZZ)V
       113: invokevirtual #920                // Method net/minecraft/world/entity/Mob.addEffect:(Lnet/minecraft/world/effect/MobEffectInstance;)Z
       116: pop
       117: goto          46
       120: aload_1
       121: new           #178                // class net/minecraft/world/effect/MobEffectInstance
       124: dup
       125: getstatic     #180                // Field net/minecraft/world/effect/MobEffects.RESISTANCE:Lnet/minecraft/core/Holder;
       128: sipush        180
       131: iload_3
       132: invokestatic  #227                // Method java/lang/Math.min:(II)I
       135: iconst_1
       136: iconst_1
       137: iload         4
       139: iconst_4
       140: idiv
       141: invokestatic  #227                // Method java/lang/Math.min:(II)I
       144: iadd
       145: iconst_0
       146: iconst_0
       147: iconst_1
       148: invokespecial #186                // Method net/minecraft/world/effect/MobEffectInstance."<init>":(Lnet/minecraft/core/Holder;IIZZZ)V
       151: invokevirtual #189                // Method net/minecraft/server/level/ServerPlayer.addEffect:(Lnet/minecraft/world/effect/MobEffectInstance;)Z
       154: pop
       155: aload_0
       156: aload_1
       157: invokevirtual #193                // Method net/minecraft/server/level/ServerPlayer.position:()Lnet/minecraft/world/phys/Vec3;
       160: getstatic     #253                // Field net/minecraft/sounds/SoundEvents.RAVAGER_ROAR:Lnet/minecraft/sounds/SoundEvent;
       163: ldc_w         #391                // float 1.1f
       166: ldc_w         #1257               // float 0.68f
       169: invokestatic  #205                // Method play:(Lnet/minecraft/server/level/ServerLevel;Lnet/minecraft/world/phys/Vec3;Lnet/minecraft/sounds/SoundEvent;FF)V
       172: return

  private static void healLowestAlly(net.minecraft.server.level.ServerPlayer, float, int, int, boolean);
    Code:
         0: aload_0
         1: ldc2_w        #1439               // double 24.0d
         4: invokestatic  #235                // Method allies:(Lnet/minecraft/server/level/ServerPlayer;D)Ljava/util/List;
         7: invokeinterface #1441,  1         // InterfaceMethod java/util/List.stream:()Ljava/util/stream/Stream;
        12: invokedynamic #1445,  0           // InvokeDynamic #22:applyAsDouble:()Ljava/util/function/ToDoubleFunction;
        17: invokestatic  #1235               // InterfaceMethod java/util/Comparator.comparingDouble:(Ljava/util/function/ToDoubleFunction;)Ljava/util/Comparator;
        20: invokeinterface #1448,  2         // InterfaceMethod java/util/stream/Stream.min:(Ljava/util/Comparator;)Ljava/util/Optional;
        25: aload_0
        26: invokevirtual #1294               // Method java/util/Optional.orElse:(Ljava/lang/Object;)Ljava/lang/Object;
        29: checkcast     #107                // class net/minecraft/server/level/ServerPlayer
        32: astore        5
        34: aload         5
        36: fload_1
        37: invokestatic  #961                // Method healScaled:(Lnet/minecraft/server/level/ServerPlayer;F)V
        40: aload         5
        42: new           #178                // class net/minecraft/world/effect/MobEffectInstance
        45: dup
        46: getstatic     #965                // Field net/minecraft/world/effect/MobEffects.REGENERATION:Lnet/minecraft/core/Holder;
        49: bipush        60
        51: iload_2
        52: iconst_2
        53: idiv
        54: invokestatic  #124                // Method java/lang/Math.max:(II)I
        57: iconst_2
        58: iload_3
        59: iconst_2
        60: idiv
        61: invokestatic  #227                // Method java/lang/Math.min:(II)I
        64: iconst_0
        65: iconst_0
        66: iconst_1
        67: invokespecial #186                // Method net/minecraft/world/effect/MobEffectInstance."<init>":(Lnet/minecraft/core/Holder;IIZZZ)V
        70: invokevirtual #189                // Method net/minecraft/server/level/ServerPlayer.addEffect:(Lnet/minecraft/world/effect/MobEffectInstance;)Z
        73: pop
        74: iload         4
        76: ifne          84
        79: iload_3
        80: iconst_2
        81: if_icmplt     116
        84: aload         5
        86: new           #178                // class net/minecraft/world/effect/MobEffectInstance
        89: dup
        90: getstatic     #465                // Field net/minecraft/world/effect/MobEffects.ABSORPTION:Lnet/minecraft/core/Holder;
        93: bipush        120
        95: iload_2
        96: invokestatic  #124                // Method java/lang/Math.max:(II)I
        99: iconst_1
       100: iconst_3
       101: iload_3
       102: invokestatic  #227                // Method java/lang/Math.min:(II)I
       105: iadd
       106: iconst_0
       107: iconst_0
       108: iconst_1
       109: invokespecial #186                // Method net/minecraft/world/effect/MobEffectInstance."<init>":(Lnet/minecraft/core/Holder;IIZZZ)V
       112: invokevirtual #189                // Method net/minecraft/server/level/ServerPlayer.addEffect:(Lnet/minecraft/world/effect/MobEffectInstance;)Z
       115: pop
       116: aload         5
       118: invokevirtual #548                // Method net/minecraft/server/level/ServerPlayer.level:()Lnet/minecraft/server/level/ServerLevel;
       121: astore        7
       123: aload         7
       125: instanceof    #101                // class net/minecraft/server/level/ServerLevel
       128: ifeq          160
       131: aload         7
       133: astore        6
       135: aload         6
       137: aload_0
       138: aload         5
       140: invokestatic  #1453               // Method kr/moonseungjun/villageguardians/VillageSkillEffectSystem.healLink:(Lnet/minecraft/server/level/ServerLevel;Lnet/minecraft/server/level/ServerPlayer;Lnet/minecraft/server/level/ServerPlayer;)V
       143: aload         6
       145: aload         5
       147: invokevirtual #193                // Method net/minecraft/server/level/ServerPlayer.position:()Lnet/minecraft/world/phys/Vec3;
       150: getstatic     #968                // Field net/minecraft/sounds/SoundEvents.AMETHYST_BLOCK_CHIME:Lnet/minecraft/sounds/SoundEvent;
       153: fconst_1
       154: ldc_w         #1457               // float 1.28f
       157: invokestatic  #205                // Method play:(Lnet/minecraft/server/level/ServerLevel;Lnet/minecraft/world/phys/Vec3;Lnet/minecraft/sounds/SoundEvent;FF)V
       160: return

  private static void cleanseAllies(net.minecraft.server.level.ServerPlayer, float, int, int);
    Code:
         0: aload_0
         1: ldc2_w        #1458               // double -1.0d
         4: invokestatic  #235                // Method allies:(Lnet/minecraft/server/level/ServerPlayer;D)Ljava/util/List;
         7: astore        4
         9: aload         4
        11: invokeinterface #239,  1          // InterfaceMethod java/util/List.iterator:()Ljava/util/Iterator;
        16: astore        5
        18: aload         5
        20: invokeinterface #243,  1          // InterfaceMethod java/util/Iterator.hasNext:()Z
        25: ifeq          190
        28: aload         5
        30: invokeinterface #249,  1          // InterfaceMethod java/util/Iterator.next:()Ljava/lang/Object;
        35: checkcast     #107                // class net/minecraft/server/level/ServerPlayer
        38: astore        6
        40: aload         6
        42: getstatic     #1460               // Field net/minecraft/world/effect/MobEffects.POISON:Lnet/minecraft/core/Holder;
        45: invokevirtual #1463               // Method net/minecraft/server/level/ServerPlayer.removeEffect:(Lnet/minecraft/core/Holder;)Z
        48: pop
        49: aload         6
        51: getstatic     #1467               // Field net/minecraft/world/effect/MobEffects.WITHER:Lnet/minecraft/core/Holder;
        54: invokevirtual #1463               // Method net/minecraft/server/level/ServerPlayer.removeEffect:(Lnet/minecraft/core/Holder;)Z
        57: pop
        58: aload         6
        60: getstatic     #1377               // Field net/minecraft/world/effect/MobEffects.WEAKNESS:Lnet/minecraft/core/Holder;
        63: invokevirtual #1463               // Method net/minecraft/server/level/ServerPlayer.removeEffect:(Lnet/minecraft/core/Holder;)Z
        66: pop
        67: aload         6
        69: getstatic     #917                // Field net/minecraft/world/effect/MobEffects.SLOWNESS:Lnet/minecraft/core/Holder;
        72: invokevirtual #1463               // Method net/minecraft/server/level/ServerPlayer.removeEffect:(Lnet/minecraft/core/Holder;)Z
        75: pop
        76: aload         6
        78: getstatic     #1470               // Field net/minecraft/world/effect/MobEffects.BLINDNESS:Lnet/minecraft/core/Holder;
        81: invokevirtual #1463               // Method net/minecraft/server/level/ServerPlayer.removeEffect:(Lnet/minecraft/core/Holder;)Z
        84: pop
        85: aload         6
        87: getstatic     #1473               // Field net/minecraft/world/effect/MobEffects.HUNGER:Lnet/minecraft/core/Holder;
        90: invokevirtual #1463               // Method net/minecraft/server/level/ServerPlayer.removeEffect:(Lnet/minecraft/core/Holder;)Z
        93: pop
        94: aload         6
        96: getstatic     #1476               // Field net/minecraft/world/effect/MobEffects.NAUSEA:Lnet/minecraft/core/Holder;
        99: invokevirtual #1463               // Method net/minecraft/server/level/ServerPlayer.removeEffect:(Lnet/minecraft/core/Holder;)Z
       102: pop
       103: aload         6
       105: getstatic     #1479               // Field net/minecraft/world/effect/MobEffects.MINING_FATIGUE:Lnet/minecraft/core/Holder;
       108: invokevirtual #1463               // Method net/minecraft/server/level/ServerPlayer.removeEffect:(Lnet/minecraft/core/Holder;)Z
       111: pop
       112: aload         6
       114: fload_1
       115: invokestatic  #961                // Method healScaled:(Lnet/minecraft/server/level/ServerPlayer;F)V
       118: aload         6
       120: new           #178                // class net/minecraft/world/effect/MobEffectInstance
       123: dup
       124: getstatic     #180                // Field net/minecraft/world/effect/MobEffects.RESISTANCE:Lnet/minecraft/core/Holder;
       127: bipush        50
       129: iload_2
       130: iconst_2
       131: idiv
       132: invokestatic  #124                // Method java/lang/Math.max:(II)I
       135: iconst_1
       136: iload_3
       137: iconst_3
       138: idiv
       139: invokestatic  #227                // Method java/lang/Math.min:(II)I
       142: iconst_0
       143: iconst_0
       144: iconst_1
       145: invokespecial #186                // Method net/minecraft/world/effect/MobEffectInstance."<init>":(Lnet/minecraft/core/Holder;IIZZZ)V
       148: invokevirtual #189                // Method net/minecraft/server/level/ServerPlayer.addEffect:(Lnet/minecraft/world/effect/MobEffectInstance;)Z
       151: pop
       152: iload_3
       153: iconst_2
       154: if_icmplt     187
       157: aload         6
       159: new           #178                // class net/minecraft/world/effect/MobEffectInstance
       162: dup
       163: getstatic     #465                // Field net/minecraft/world/effect/MobEffects.ABSORPTION:Lnet/minecraft/core/Holder;
       166: bipush        80
       168: iload_2
       169: invokestatic  #124                // Method java/lang/Math.max:(II)I
       172: iconst_4
       173: iload_3
       174: invokestatic  #227                // Method java/lang/Math.min:(II)I
       177: iconst_0
       178: iconst_0
       179: iconst_1
       180: invokespecial #186                // Method net/minecraft/world/effect/MobEffectInstance."<init>":(Lnet/minecraft/core/Holder;IIZZZ)V
       183: invokevirtual #189                // Method net/minecraft/server/level/ServerPlayer.addEffect:(Lnet/minecraft/world/effect/MobEffectInstance;)Z
       186: pop
       187: goto          18
       190: aload_0
       191: invokevirtual #548                // Method net/minecraft/server/level/ServerPlayer.level:()Lnet/minecraft/server/level/ServerLevel;
       194: astore        6
       196: aload         6
       198: instanceof    #101                // class net/minecraft/server/level/ServerLevel
       201: ifeq          232
       204: aload         6
       206: astore        5
       208: aload         5
       210: aload_0
       211: aload         4
       213: invokestatic  #1482               // Method kr/moonseungjun/villageguardians/VillageSkillEffectSystem.cleanse:(Lnet/minecraft/server/level/ServerLevel;Lnet/minecraft/server/level/ServerPlayer;Ljava/util/List;)V
       216: aload         5
       218: aload_0
       219: invokevirtual #193                // Method net/minecraft/server/level/ServerPlayer.position:()Lnet/minecraft/world/phys/Vec3;
       222: getstatic     #442                // Field net/minecraft/sounds/SoundEvents.BEACON_ACTIVATE:Lnet/minecraft/sounds/SoundEvent;
       225: fconst_1
       226: ldc_w         #310                // float 1.35f
       229: invokestatic  #205                // Method play:(Lnet/minecraft/server/level/ServerLevel;Lnet/minecraft/world/phys/Vec3;Lnet/minecraft/sounds/SoundEvent;FF)V
       232: return

  private static void miracle(net.minecraft.server.level.ServerPlayer, float, int, int);
    Code:
         0: aload_0
         1: invokevirtual #548                // Method net/minecraft/server/level/ServerPlayer.level:()Lnet/minecraft/server/level/ServerLevel;
         4: invokevirtual #1486               // Method net/minecraft/server/level/ServerLevel.getServer:()Lnet/minecraft/server/MinecraftServer;
         7: astore        4
         9: aload         4
        11: ifnonnull     15
        14: return
        15: aload         4
        17: invokevirtual #538                // Method net/minecraft/server/MinecraftServer.getPlayerList:()Lnet/minecraft/server/players/PlayerList;
        20: invokevirtual #542                // Method net/minecraft/server/players/PlayerList.getPlayers:()Ljava/util/List;
        23: invokeinterface #1441,  1         // InterfaceMethod java/util/List.stream:()Ljava/util/stream/Stream;
        28: aload_0
        29: invokedynamic #1490,  0           // InvokeDynamic #23:test:(Lnet/minecraft/server/level/ServerPlayer;)Ljava/util/function/Predicate;
        34: invokeinterface #1493,  2         // InterfaceMethod java/util/stream/Stream.filter:(Ljava/util/function/Predicate;)Ljava/util/stream/Stream;
        39: invokeinterface #1497,  1         // InterfaceMethod java/util/stream/Stream.toList:()Ljava/util/List;
        44: astore        5
        46: aload         5
        48: invokeinterface #239,  1          // InterfaceMethod java/util/List.iterator:()Ljava/util/Iterator;
        53: astore        6
        55: aload         6
        57: invokeinterface #243,  1          // InterfaceMethod java/util/Iterator.hasNext:()Z
        62: ifeq          160
        65: aload         6
        67: invokeinterface #249,  1          // InterfaceMethod java/util/Iterator.next:()Ljava/lang/Object;
        72: checkcast     #107                // class net/minecraft/server/level/ServerPlayer
        75: astore        7
        77: aload         7
        79: invokestatic  #551                // Method kr/moonseungjun/villageguardians/VillageRespawnSystem.isDowned:(Lnet/minecraft/server/level/ServerPlayer;)Z
        82: ifeq          94
        85: aload         7
        87: ldc_w         #1500               // String 기적의 대성역
        90: invokestatic  #1502               // Method kr/moonseungjun/villageguardians/VillageRespawnSystem.reviveNow:(Lnet/minecraft/server/level/ServerPlayer;Ljava/lang/String;)Z
        93: pop
        94: aload         7
        96: fload_1
        97: invokestatic  #961                // Method healScaled:(Lnet/minecraft/server/level/ServerPlayer;F)V
       100: aload         7
       102: iconst_2
       103: iconst_3
       104: iload_2
       105: invokestatic  #227                // Method java/lang/Math.min:(II)I
       108: iadd
       109: invokestatic  #1506               // Method lowHealthAmplifier:(Lnet/minecraft/server/level/ServerPlayer;I)I
       112: istore        8
       114: aload         7
       116: new           #178                // class net/minecraft/world/effect/MobEffectInstance
       119: dup
       120: getstatic     #465                // Field net/minecraft/world/effect/MobEffects.ABSORPTION:Lnet/minecraft/core/Holder;
       123: iload_3
       124: iload         8
       126: iconst_0
       127: iconst_0
       128: iconst_1
       129: invokespecial #186                // Method net/minecraft/world/effect/MobEffectInstance."<init>":(Lnet/minecraft/core/Holder;IIZZZ)V
       132: invokevirtual #189                // Method net/minecraft/server/level/ServerPlayer.addEffect:(Lnet/minecraft/world/effect/MobEffectInstance;)Z
       135: pop
       136: aload         7
       138: new           #178                // class net/minecraft/world/effect/MobEffectInstance
       141: dup
       142: getstatic     #965                // Field net/minecraft/world/effect/MobEffects.REGENERATION:Lnet/minecraft/core/Holder;
       145: iload_3
       146: iconst_1
       147: iconst_0
       148: iconst_0
       149: iconst_1
       150: invokespecial #186                // Method net/minecraft/world/effect/MobEffectInstance."<init>":(Lnet/minecraft/core/Holder;IIZZZ)V
       153: invokevirtual #189                // Method net/minecraft/server/level/ServerPlayer.addEffect:(Lnet/minecraft/world/effect/MobEffectInstance;)Z
       156: pop
       157: goto          55
       160: aload_0
       161: invokevirtual #548                // Method net/minecraft/server/level/ServerPlayer.level:()Lnet/minecraft/server/level/ServerLevel;
       164: astore        7
       166: aload         7
       168: instanceof    #101                // class net/minecraft/server/level/ServerLevel
       171: ifeq          218
       174: aload         7
       176: astore        6
       178: aload         6
       180: aload_0
       181: aload         5
       183: invokestatic  #1510               // Method kr/moonseungjun/villageguardians/VillageSkillEffectSystem.miracle:(Lnet/minecraft/server/level/ServerLevel;Lnet/minecraft/server/level/ServerPlayer;Ljava/util/List;)V
       186: aload         6
       188: aload_0
       189: invokevirtual #193                // Method net/minecraft/server/level/ServerPlayer.position:()Lnet/minecraft/world/phys/Vec3;
       192: getstatic     #442                // Field net/minecraft/sounds/SoundEvents.BEACON_ACTIVATE:Lnet/minecraft/sounds/SoundEvent;
       195: ldc_w         #471                // float 1.4f
       198: ldc_w         #1179               // float 0.82f
       201: invokestatic  #205                // Method play:(Lnet/minecraft/server/level/ServerLevel;Lnet/minecraft/world/phys/Vec3;Lnet/minecraft/sounds/SoundEvent;FF)V
       204: aload         6
       206: aload_0
       207: invokevirtual #193                // Method net/minecraft/server/level/ServerPlayer.position:()Lnet/minecraft/world/phys/Vec3;
       210: getstatic     #1512               // Field net/minecraft/sounds/SoundEvents.TOTEM_USE:Lnet/minecraft/sounds/SoundEvent;
       213: fconst_1
       214: fconst_1
       215: invokestatic  #205                // Method play:(Lnet/minecraft/server/level/ServerLevel;Lnet/minecraft/world/phys/Vec3;Lnet/minecraft/sounds/SoundEvent;FF)V
       218: return

  private static void healScaled(net.minecraft.server.level.ServerPlayer, float);
    Code:
         0: fconst_1
         1: aload_0
         2: invokevirtual #1515               // Method net/minecraft/server/level/ServerPlayer.getHealth:()F
         5: fconst_1
         6: aload_0
         7: invokevirtual #1518               // Method net/minecraft/server/level/ServerPlayer.getMaxHealth:()F
        10: invokestatic  #1202               // Method java/lang/Math.max:(FF)F
        13: fdiv
        14: fsub
        15: fstore_2
        16: aload_0
        17: invokevirtual #106                // Method net/minecraft/server/level/ServerPlayer.getUUID:()Ljava/util/UUID;
        20: invokestatic  #1290               // Method kr/moonseungjun/villageguardians/VillageCouncilState.roleOf:(Ljava/util/UUID;)Ljava/util/Optional;
        23: aconst_null
        24: invokevirtual #1294               // Method java/util/Optional.orElse:(Ljava/lang/Object;)Ljava/lang/Object;
        27: getstatic     #1521               // Field kr/moonseungjun/villageguardians/VillageRole.LUMINAR:Lkr/moonseungjun/villageguardians/VillageRole;
        30: if_acmpne     37
        33: fconst_1
        34: goto          38
        37: fconst_1
        38: fstore_3
        39: fload_2
        40: ldc_w         #1524               // float 0.75f
        43: fcmpl
        44: iflt          56
        47: fload_3
        48: ldc_w         #1525               // float 1.75f
        51: fmul
        52: fstore_3
        53: goto          86
        56: fload_2
        57: ldc_w         #1526               // float 0.5f
        60: fcmpl
        61: iflt          73
        64: fload_3
        65: ldc_w         #1396               // float 1.45f
        68: fmul
        69: fstore_3
        70: goto          86
        73: fload_2
        74: ldc_w         #460                // float 0.25f
        77: fcmpl
        78: iflt          86
        81: fload_3
        82: ldc           #203                // float 1.2f
        84: fmul
        85: fstore_3
        86: aload_0
        87: fload_1
        88: fload_3
        89: fmul
        90: invokevirtual #694                // Method net/minecraft/server/level/ServerPlayer.heal:(F)V
        93: return

  private static int lowHealthAmplifier(net.minecraft.server.level.ServerPlayer, int);
    Code:
         0: aload_0
         1: invokevirtual #1515               // Method net/minecraft/server/level/ServerPlayer.getHealth:()F
         4: fconst_1
         5: aload_0
         6: invokevirtual #1518               // Method net/minecraft/server/level/ServerPlayer.getMaxHealth:()F
         9: invokestatic  #1202               // Method java/lang/Math.max:(FF)F
        12: fdiv
        13: fstore_2
        14: fload_2
        15: ldc_w         #460                // float 0.25f
        18: fcmpg
        19: ifgt          26
        22: iload_1
        23: iconst_2
        24: iadd
        25: ireturn
        26: fload_2
        27: ldc_w         #1526               // float 0.5f
        30: fcmpg
        31: ifgt          38
        34: iload_1
        35: iconst_1
        36: iadd
        37: ireturn
        38: iload_1
        39: ireturn

  private static void launchFireOrb(net.minecraft.server.level.ServerLevel, net.minecraft.server.level.ServerPlayer, double, int, float, double, int, net.minecraft.world.phys.Vec3);
    Code:
         0: aload         9
         2: invokevirtual #810                // Method net/minecraft/world/phys/Vec3.normalize:()Lnet/minecraft/world/phys/Vec3;
         5: astore        10
         7: aload_1
         8: invokevirtual #604                // Method net/minecraft/server/level/ServerPlayer.getEyePosition:()Lnet/minecraft/world/phys/Vec3;
        11: aload         10
        13: ldc2_w        #1527               // double 0.8d
        16: invokevirtual #288                // Method net/minecraft/world/phys/Vec3.scale:(D)Lnet/minecraft/world/phys/Vec3;
        19: invokevirtual #609                // Method net/minecraft/world/phys/Vec3.add:(Lnet/minecraft/world/phys/Vec3;)Lnet/minecraft/world/phys/Vec3;
        22: astore        11
        24: getstatic     #1529               // Field net/minecraft/world/entity/EntityTypes.SNOWBALL:Lnet/minecraft/world/entity/EntityType;
        27: aload_0
        28: getstatic     #1535               // Field net/minecraft/world/entity/EntitySpawnReason.EVENT:Lnet/minecraft/world/entity/EntitySpawnReason;
        31: invokevirtual #1541               // Method net/minecraft/world/entity/EntityType.create:(Lnet/minecraft/world/level/Level;Lnet/minecraft/world/entity/EntitySpawnReason;)Lnet/minecraft/world/entity/Entity;
        34: checkcast     #1547               // class net/minecraft/world/entity/projectile/throwableitemprojectile/Snowball
        37: astore        12
        39: aload         12
        41: ifnonnull     45
        44: return
        45: aload         12
        47: aload_1
        48: invokevirtual #1549               // Method net/minecraft/world/entity/projectile/throwableitemprojectile/Snowball.setOwner:(Lnet/minecraft/world/entity/Entity;)V
        51: aload         12
        53: getstatic     #1361               // Field net/minecraft/world/item/ItemStack.EMPTY:Lnet/minecraft/world/item/ItemStack;
        56: invokevirtual #1553               // Method net/minecraft/world/entity/projectile/throwableitemprojectile/Snowball.setItem:(Lnet/minecraft/world/item/ItemStack;)V
        59: aload         12
        61: iconst_1
        62: invokevirtual #1557               // Method net/minecraft/world/entity/projectile/throwableitemprojectile/Snowball.setInvisible:(Z)V
        65: aload         12
        67: aload         11
        69: getfield      #933                // Field net/minecraft/world/phys/Vec3.x:D
        72: aload         11
        74: getfield      #1560               // Field net/minecraft/world/phys/Vec3.y:D
        77: aload         11
        79: getfield      #937                // Field net/minecraft/world/phys/Vec3.z:D
        82: invokevirtual #1563               // Method net/minecraft/world/entity/projectile/throwableitemprojectile/Snowball.setPos:(DDD)V
        85: aload         12
        87: iconst_1
        88: invokevirtual #1566               // Method net/minecraft/world/entity/projectile/throwableitemprojectile/Snowball.setNoGravity:(Z)V
        91: aload         12
        93: aload         10
        95: dload_2
        96: invokevirtual #288                // Method net/minecraft/world/phys/Vec3.scale:(D)Lnet/minecraft/world/phys/Vec3;
        99: invokevirtual #1567               // Method net/minecraft/world/entity/projectile/throwableitemprojectile/Snowball.setDeltaMovement:(Lnet/minecraft/world/phys/Vec3;)V
       102: aload_0
       103: aload         12
       105: invokevirtual #1568               // Method net/minecraft/server/level/ServerLevel.addFreshEntity:(Lnet/minecraft/world/entity/Entity;)Z
       108: ifne          112
       111: return
       112: aload_0
       113: aload_1
       114: aload         11
       116: aload         10
       118: iload         4
       120: dload_2
       121: d2f
       122: iload         8
       124: invokestatic  #1571               // Method kr/moonseungjun/villageguardians/VillageSkillEffectSystem.fireOrb:(Lnet/minecraft/server/level/ServerLevel;Lnet/minecraft/server/level/ServerPlayer;Lnet/minecraft/world/phys/Vec3;Lnet/minecraft/world/phys/Vec3;IFI)Lkr/moonseungjun/villageguardians/VillageSkillEffectEntity;
       127: astore        13
       129: getstatic     #85                 // Field MOVING:Ljava/util/Map;
       132: aload         12
       134: invokevirtual #1575               // Method net/minecraft/world/entity/projectile/throwableitemprojectile/Snowball.getUUID:()Ljava/util/UUID;
       137: new           #971                // class kr/moonseungjun/villageguardians/VillageRoleAbilitySystem$MovingSkill
       140: dup
       141: aload_1
       142: invokevirtual #106                // Method net/minecraft/server/level/ServerPlayer.getUUID:()Ljava/util/UUID;
       145: getstatic     #1033               // Field kr/moonseungjun/villageguardians/VillageRoleAbilitySystem$MovingKind.FIRE_ORB:Lkr/moonseungjun/villageguardians/VillageRoleAbilitySystem$MovingKind;
       148: iload         4
       150: fload         5
       152: dload         6
       154: iload         8
       156: aload         11
       158: aload         13
       160: ifnonnull     167
       163: aconst_null
       164: goto          172
       167: aload         13
       169: invokevirtual #1576               // Method kr/moonseungjun/villageguardians/VillageSkillEffectEntity.getUUID:()Ljava/util/UUID;
       172: invokespecial #1579               // Method kr/moonseungjun/villageguardians/VillageRoleAbilitySystem$MovingSkill."<init>":(Ljava/util/UUID;Lkr/moonseungjun/villageguardians/VillageRoleAbilitySystem$MovingKind;IFDILnet/minecraft/world/phys/Vec3;Ljava/util/UUID;)V
       175: invokeinterface #161,  3          // InterfaceMethod java/util/Map.put:(Ljava/lang/Object;Ljava/lang/Object;)Ljava/lang/Object;
       180: pop
       181: return

  private static void launchMoving(net.minecraft.server.level.ServerLevel, net.minecraft.server.level.ServerPlayer, kr.moonseungjun.villageguardians.VillageRoleAbilitySystem$MovingKind, net.minecraft.world.item.ItemStack, double, int, float, double, int, net.minecraft.world.phys.Vec3);
    Code:
         0: aload_0
         1: aload_1
         2: aload_2
         3: aload_3
         4: dload         4
         6: iload         6
         8: fload         7
        10: dload         8
        12: iload         10
        14: aload_1
        15: invokevirtual #604                // Method net/minecraft/server/level/ServerPlayer.getEyePosition:()Lnet/minecraft/world/phys/Vec3;
        18: aload         11
        20: ldc2_w        #1527               // double 0.8d
        23: invokevirtual #288                // Method net/minecraft/world/phys/Vec3.scale:(D)Lnet/minecraft/world/phys/Vec3;
        26: invokevirtual #609                // Method net/minecraft/world/phys/Vec3.add:(Lnet/minecraft/world/phys/Vec3;)Lnet/minecraft/world/phys/Vec3;
        29: aload         11
        31: invokestatic  #1370               // Method launchMovingAt:(Lnet/minecraft/server/level/ServerLevel;Lnet/minecraft/server/level/ServerPlayer;Lkr/moonseungjun/villageguardians/VillageRoleAbilitySystem$MovingKind;Lnet/minecraft/world/item/ItemStack;DIFDILnet/minecraft/world/phys/Vec3;Lnet/minecraft/world/phys/Vec3;)V
        34: return

  private static void launchMovingAt(net.minecraft.server.level.ServerLevel, net.minecraft.server.level.ServerPlayer, kr.moonseungjun.villageguardians.VillageRoleAbilitySystem$MovingKind, net.minecraft.world.item.ItemStack, double, int, float, double, int, net.minecraft.world.phys.Vec3, net.minecraft.world.phys.Vec3);
    Code:
         0: getstatic     #1529               // Field net/minecraft/world/entity/EntityTypes.SNOWBALL:Lnet/minecraft/world/entity/EntityType;
         3: aload_0
         4: getstatic     #1535               // Field net/minecraft/world/entity/EntitySpawnReason.EVENT:Lnet/minecraft/world/entity/EntitySpawnReason;
         7: invokevirtual #1541               // Method net/minecraft/world/entity/EntityType.create:(Lnet/minecraft/world/level/Level;Lnet/minecraft/world/entity/EntitySpawnReason;)Lnet/minecraft/world/entity/Entity;
        10: checkcast     #1547               // class net/minecraft/world/entity/projectile/throwableitemprojectile/Snowball
        13: astore        13
        15: aload         13
        17: ifnonnull     21
        20: return
        21: aload         13
        23: aload_1
        24: invokevirtual #1549               // Method net/minecraft/world/entity/projectile/throwableitemprojectile/Snowball.setOwner:(Lnet/minecraft/world/entity/Entity;)V
        27: aload         13
        29: getstatic     #1361               // Field net/minecraft/world/item/ItemStack.EMPTY:Lnet/minecraft/world/item/ItemStack;
        32: invokevirtual #1553               // Method net/minecraft/world/entity/projectile/throwableitemprojectile/Snowball.setItem:(Lnet/minecraft/world/item/ItemStack;)V
        35: aload         13
        37: iconst_1
        38: invokevirtual #1557               // Method net/minecraft/world/entity/projectile/throwableitemprojectile/Snowball.setInvisible:(Z)V
        41: aload         13
        43: aload         11
        45: getfield      #933                // Field net/minecraft/world/phys/Vec3.x:D
        48: aload         11
        50: getfield      #1560               // Field net/minecraft/world/phys/Vec3.y:D
        53: aload         11
        55: getfield      #937                // Field net/minecraft/world/phys/Vec3.z:D
        58: invokevirtual #1563               // Method net/minecraft/world/entity/projectile/throwableitemprojectile/Snowball.setPos:(DDD)V
        61: aload         13
        63: iconst_1
        64: invokevirtual #1566               // Method net/minecraft/world/entity/projectile/throwableitemprojectile/Snowball.setNoGravity:(Z)V
        67: aload         13
        69: aload         12
        71: invokevirtual #810                // Method net/minecraft/world/phys/Vec3.normalize:()Lnet/minecraft/world/phys/Vec3;
        74: dload         4
        76: invokevirtual #288                // Method net/minecraft/world/phys/Vec3.scale:(D)Lnet/minecraft/world/phys/Vec3;
        79: invokevirtual #1567               // Method net/minecraft/world/entity/projectile/throwableitemprojectile/Snowball.setDeltaMovement:(Lnet/minecraft/world/phys/Vec3;)V
        82: aload_0
        83: aload         13
        85: invokevirtual #1568               // Method net/minecraft/server/level/ServerLevel.addFreshEntity:(Lnet/minecraft/world/entity/Entity;)Z
        88: ifne          92
        91: return
        92: getstatic     #85                 // Field MOVING:Ljava/util/Map;
        95: aload         13
        97: invokevirtual #1575               // Method net/minecraft/world/entity/projectile/throwableitemprojectile/Snowball.getUUID:()Ljava/util/UUID;
       100: new           #971                // class kr/moonseungjun/villageguardians/VillageRoleAbilitySystem$MovingSkill
       103: dup
       104: aload_1
       105: invokevirtual #106                // Method net/minecraft/server/level/ServerPlayer.getUUID:()Ljava/util/UUID;
       108: aload_2
       109: iload         6
       111: fload         7
       113: dload         8
       115: iload         10
       117: aload         11
       119: aconst_null
       120: invokespecial #1579               // Method kr/moonseungjun/villageguardians/VillageRoleAbilitySystem$MovingSkill."<init>":(Ljava/util/UUID;Lkr/moonseungjun/villageguardians/VillageRoleAbilitySystem$MovingKind;IFDILnet/minecraft/world/phys/Vec3;Ljava/util/UUID;)V
       123: invokeinterface #161,  3          // InterfaceMethod java/util/Map.put:(Ljava/lang/Object;Ljava/lang/Object;)Ljava/lang/Object;
       128: pop
       129: return

  private static void spawnSideArrow(net.minecraft.server.level.ServerLevel, net.minecraft.server.level.ServerPlayer, net.minecraft.world.entity.projectile.arrow.AbstractArrow, double, float);
    Code:
         0: new           #1582               // class net/minecraft/world/entity/projectile/arrow/Arrow
         3: dup
         4: aload_0
         5: aload_1
         6: new           #705                // class net/minecraft/world/item/ItemStack
         9: dup
        10: getstatic     #1273               // Field net/minecraft/world/item/Items.ARROW:Lnet/minecraft/world/item/Item;
        13: invokespecial #1279               // Method net/minecraft/world/item/ItemStack."<init>":(Lnet/minecraft/world/level/ItemLike;)V
        16: new           #705                // class net/minecraft/world/item/ItemStack
        19: dup
        20: getstatic     #1584               // Field net/minecraft/world/item/Items.BOW:Lnet/minecraft/world/item/Item;
        23: invokespecial #1279               // Method net/minecraft/world/item/ItemStack."<init>":(Lnet/minecraft/world/level/ItemLike;)V
        26: invokespecial #1587               // Method net/minecraft/world/entity/projectile/arrow/Arrow."<init>":(Lnet/minecraft/world/level/Level;Lnet/minecraft/world/entity/LivingEntity;Lnet/minecraft/world/item/ItemStack;Lnet/minecraft/world/item/ItemStack;)V
        29: astore        6
        31: aload         6
        33: aload_2
        34: invokevirtual #1590               // Method net/minecraft/world/entity/projectile/arrow/AbstractArrow.getX:()D
        37: aload_2
        38: invokevirtual #1593               // Method net/minecraft/world/entity/projectile/arrow/AbstractArrow.getY:()D
        41: aload_2
        42: invokevirtual #1596               // Method net/minecraft/world/entity/projectile/arrow/AbstractArrow.getZ:()D
        45: invokevirtual #1599               // Method net/minecraft/world/entity/projectile/arrow/Arrow.setPos:(DDD)V
        48: aload_2
        49: invokevirtual #789                // Method net/minecraft/world/entity/projectile/arrow/AbstractArrow.getDeltaMovement:()Lnet/minecraft/world/phys/Vec3;
        52: dload_3
        53: invokestatic  #1600               // Method java/lang/Math.toRadians:(D)D
        56: invokestatic  #1603               // Method rotateY:(Lnet/minecraft/world/phys/Vec3;D)Lnet/minecraft/world/phys/Vec3;
        59: astore        7
        61: aload         6
        63: aload         7
        65: invokevirtual #1607               // Method net/minecraft/world/entity/projectile/arrow/Arrow.setDeltaMovement:(Lnet/minecraft/world/phys/Vec3;)V
        68: aload         6
        70: ldc2_w        #1433               // double 2.0d
        73: invokevirtual #1608               // Method net/minecraft/world/entity/projectile/arrow/Arrow.setBaseDamage:(D)V
        76: getstatic     #30                 // Field RAPID_ARROWS:Ljava/util/Map;
        79: aload         6
        81: invokevirtual #1612               // Method net/minecraft/world/entity/projectile/arrow/Arrow.getUUID:()Ljava/util/UUID;
        84: new           #337                // class kr/moonseungjun/villageguardians/VillageRoleAbilitySystem$EmpoweredArrowState
        87: dup
        88: aload_0
        89: invokevirtual #100                // Method net/minecraft/server/level/ServerLevel.getGameTime:()J
        92: ldc2_w        #1613               // long 160l
        95: ladd
        96: fload         5
        98: iconst_0
        99: invokespecial #339                // Method kr/moonseungjun/villageguardians/VillageRoleAbilitySystem$EmpoweredArrowState."<init>":(JFI)V
       102: invokeinterface #161,  3          // InterfaceMethod java/util/Map.put:(Ljava/lang/Object;Ljava/lang/Object;)Ljava/lang/Object;
       107: pop
       108: aload         6
       110: getstatic     #1615               // Field net/minecraft/world/entity/projectile/arrow/AbstractArrow$Pickup.DISALLOWED:Lnet/minecraft/world/entity/projectile/arrow/AbstractArrow$Pickup;
       113: putfield      #1621               // Field net/minecraft/world/entity/projectile/arrow/Arrow.pickup:Lnet/minecraft/world/entity/projectile/arrow/AbstractArrow$Pickup;
       116: iconst_1
       117: putstatic     #93                 // Field spawningGeneratedArrow:Z
       120: aload_0
       121: aload         6
       123: invokevirtual #1568               // Method net/minecraft/server/level/ServerLevel.addFreshEntity:(Lnet/minecraft/world/entity/Entity;)Z
       126: pop
       127: iconst_0
       128: putstatic     #93                 // Field spawningGeneratedArrow:Z
       131: goto          143
       134: astore        8
       136: iconst_0
       137: putstatic     #93                 // Field spawningGeneratedArrow:Z
       140: aload         8
       142: athrow
       143: return
      Exception table:
         from    to  target type
           120   127   134   any
           134   136   134   any

  private static net.minecraft.world.entity.Mob lockArrowOnTarget(net.minecraft.server.level.ServerLevel, net.minecraft.server.level.ServerPlayer, net.minecraft.world.entity.projectile.arrow.AbstractArrow);
    Code:
         0: aload_0
         1: aload_1
         2: aload_2
         3: invokevirtual #779                // Method net/minecraft/world/entity/projectile/arrow/AbstractArrow.position:()Lnet/minecraft/world/phys/Vec3;
         6: ldc2_w        #1624               // double 64.0d
         9: invokestatic  #1626               // Method bestAimTarget:(Lnet/minecraft/server/level/ServerLevel;Lnet/minecraft/server/level/ServerPlayer;Lnet/minecraft/world/phys/Vec3;D)Lnet/minecraft/world/entity/Mob;
        12: astore_3
        13: aload_3
        14: ifnonnull     19
        17: aconst_null
        18: areturn
        19: aload_3
        20: invokevirtual #773                // Method net/minecraft/world/entity/Mob.position:()Lnet/minecraft/world/phys/Vec3;
        23: dconst_0
        24: aload_3
        25: invokevirtual #774                // Method net/minecraft/world/entity/Mob.getBbHeight:()F
        28: f2d
        29: ldc2_w        #777                // double 0.58d
        32: dmul
        33: dconst_0
        34: invokevirtual #296                // Method net/minecraft/world/phys/Vec3.add:(DDD)Lnet/minecraft/world/phys/Vec3;
        37: astore        4
        39: aload         4
        41: aload_2
        42: invokevirtual #779                // Method net/minecraft/world/entity/projectile/arrow/AbstractArrow.position:()Lnet/minecraft/world/phys/Vec3;
        45: invokevirtual #780                // Method net/minecraft/world/phys/Vec3.subtract:(Lnet/minecraft/world/phys/Vec3;)Lnet/minecraft/world/phys/Vec3;
        48: astore        5
        50: aload         5
        52: invokevirtual #783                // Method net/minecraft/world/phys/Vec3.lengthSqr:()D
        55: ldc2_w        #804                // double 1.0E-5d
        58: dcmpg
        59: ifge          64
        62: aconst_null
        63: areturn
        64: ldc2_w        #787                // double 2.4d
        67: aload_2
        68: invokevirtual #789                // Method net/minecraft/world/entity/projectile/arrow/AbstractArrow.getDeltaMovement:()Lnet/minecraft/world/phys/Vec3;
        71: invokevirtual #792                // Method net/minecraft/world/phys/Vec3.length:()D
        74: invokestatic  #795                // Method java/lang/Math.max:(DD)D
        77: dstore        6
        79: aload_2
        80: iconst_1
        81: invokevirtual #806                // Method net/minecraft/world/entity/projectile/arrow/AbstractArrow.setNoGravity:(Z)V
        84: aload_2
        85: aload         5
        87: invokevirtual #810                // Method net/minecraft/world/phys/Vec3.normalize:()Lnet/minecraft/world/phys/Vec3;
        90: dload         6
        92: invokevirtual #288                // Method net/minecraft/world/phys/Vec3.scale:(D)Lnet/minecraft/world/phys/Vec3;
        95: invokevirtual #813                // Method net/minecraft/world/entity/projectile/arrow/AbstractArrow.setDeltaMovement:(Lnet/minecraft/world/phys/Vec3;)V
        98: aload_2
        99: iconst_1
       100: putfield      #814                // Field net/minecraft/world/entity/projectile/arrow/AbstractArrow.hurtMarked:Z
       103: aload_3
       104: areturn

  private static void aimAssist(net.minecraft.server.level.ServerLevel, net.minecraft.server.level.ServerPlayer, net.minecraft.world.entity.projectile.arrow.AbstractArrow, double);
    Code:
         0: aload_2
         1: invokevirtual #789                // Method net/minecraft/world/entity/projectile/arrow/AbstractArrow.getDeltaMovement:()Lnet/minecraft/world/phys/Vec3;
         4: astore        5
         6: aload         5
         8: invokevirtual #792                // Method net/minecraft/world/phys/Vec3.length:()D
        11: dstore        6
        13: dload         6
        15: ldc2_w        #1630               // double 0.1d
        18: dcmpg
        19: ifge          23
        22: return
        23: aload_0
        24: aload_1
        25: aload_2
        26: invokevirtual #779                // Method net/minecraft/world/entity/projectile/arrow/AbstractArrow.position:()Lnet/minecraft/world/phys/Vec3;
        29: ldc2_w        #1632               // double 48.0d
        32: invokestatic  #1626               // Method bestAimTarget:(Lnet/minecraft/server/level/ServerLevel;Lnet/minecraft/server/level/ServerPlayer;Lnet/minecraft/world/phys/Vec3;D)Lnet/minecraft/world/entity/Mob;
        35: astore        8
        37: aload         8
        39: ifnonnull     43
        42: return
        43: aload         8
        45: invokevirtual #773                // Method net/minecraft/world/entity/Mob.position:()Lnet/minecraft/world/phys/Vec3;
        48: dconst_0
        49: aload         8
        51: invokevirtual #774                // Method net/minecraft/world/entity/Mob.getBbHeight:()F
        54: f2d
        55: ldc2_w        #777                // double 0.58d
        58: dmul
        59: dconst_0
        60: invokevirtual #296                // Method net/minecraft/world/phys/Vec3.add:(DDD)Lnet/minecraft/world/phys/Vec3;
        63: astore        9
        65: aload         9
        67: aload_2
        68: invokevirtual #779                // Method net/minecraft/world/entity/projectile/arrow/AbstractArrow.position:()Lnet/minecraft/world/phys/Vec3;
        71: invokevirtual #780                // Method net/minecraft/world/phys/Vec3.subtract:(Lnet/minecraft/world/phys/Vec3;)Lnet/minecraft/world/phys/Vec3;
        74: invokevirtual #810                // Method net/minecraft/world/phys/Vec3.normalize:()Lnet/minecraft/world/phys/Vec3;
        77: astore        10
        79: dconst_0
        80: ldc2_w        #1634               // double 0.45d
        83: dload_3
        84: invokestatic  #677                // Method java/lang/Math.min:(DD)D
        87: invokestatic  #795                // Method java/lang/Math.max:(DD)D
        90: dstore        11
        92: aload         5
        94: invokevirtual #810                // Method net/minecraft/world/phys/Vec3.normalize:()Lnet/minecraft/world/phys/Vec3;
        97: dconst_1
        98: dload         11
       100: dsub
       101: invokevirtual #288                // Method net/minecraft/world/phys/Vec3.scale:(D)Lnet/minecraft/world/phys/Vec3;
       104: aload         10
       106: dload         11
       108: invokevirtual #288                // Method net/minecraft/world/phys/Vec3.scale:(D)Lnet/minecraft/world/phys/Vec3;
       111: invokevirtual #609                // Method net/minecraft/world/phys/Vec3.add:(Lnet/minecraft/world/phys/Vec3;)Lnet/minecraft/world/phys/Vec3;
       114: invokevirtual #810                // Method net/minecraft/world/phys/Vec3.normalize:()Lnet/minecraft/world/phys/Vec3;
       117: astore        13
       119: aload_2
       120: aload         13
       122: dload         6
       124: invokevirtual #288                // Method net/minecraft/world/phys/Vec3.scale:(D)Lnet/minecraft/world/phys/Vec3;
       127: invokevirtual #813                // Method net/minecraft/world/entity/projectile/arrow/AbstractArrow.setDeltaMovement:(Lnet/minecraft/world/phys/Vec3;)V
       130: aload_2
       131: iconst_1
       132: putfield      #814                // Field net/minecraft/world/entity/projectile/arrow/AbstractArrow.hurtMarked:Z
       135: return

  private static net.minecraft.world.entity.Mob bestAimTarget(net.minecraft.server.level.ServerLevel, net.minecraft.server.level.ServerPlayer, net.minecraft.world.phys.Vec3, double);
    Code:
         0: aload_1
         1: invokestatic  #132                // Method lookDirection:(Lnet/minecraft/server/level/ServerPlayer;)Lnet/minecraft/world/phys/Vec3;
         4: astore        5
         6: aload_0
         7: aload_1
         8: aload_1
         9: invokevirtual #193                // Method net/minecraft/server/level/ServerPlayer.position:()Lnet/minecraft/world/phys/Vec3;
        12: dload_3
        13: bipush        80
        15: invokestatic  #881                // Method targetsNear:(Lnet/minecraft/server/level/ServerLevel;Lnet/minecraft/server/level/ServerPlayer;Lnet/minecraft/world/phys/Vec3;DI)Ljava/util/List;
        18: invokeinterface #1441,  1         // InterfaceMethod java/util/List.stream:()Ljava/util/stream/Stream;
        23: aload_1
        24: dup
        25: invokestatic  #1226               // Method java/util/Objects.requireNonNull:(Ljava/lang/Object;)Ljava/lang/Object;
        28: pop
        29: invokedynamic #1636,  0           // InvokeDynamic #24:test:(Lnet/minecraft/server/level/ServerPlayer;)Ljava/util/function/Predicate;
        34: invokeinterface #1493,  2         // InterfaceMethod java/util/stream/Stream.filter:(Ljava/util/function/Predicate;)Ljava/util/stream/Stream;
        39: aload_2
        40: aload         5
        42: invokedynamic #1637,  0           // InvokeDynamic #25:test:(Lnet/minecraft/world/phys/Vec3;Lnet/minecraft/world/phys/Vec3;)Ljava/util/function/Predicate;
        47: invokeinterface #1493,  2         // InterfaceMethod java/util/stream/Stream.filter:(Ljava/util/function/Predicate;)Ljava/util/stream/Stream;
        52: aload_2
        53: aload         5
        55: invokedynamic #1640,  0           // InvokeDynamic #26:applyAsDouble:(Lnet/minecraft/world/phys/Vec3;Lnet/minecraft/world/phys/Vec3;)Ljava/util/function/ToDoubleFunction;
        60: invokestatic  #1235               // InterfaceMethod java/util/Comparator.comparingDouble:(Ljava/util/function/ToDoubleFunction;)Ljava/util/Comparator;
        63: invokeinterface #1448,  2         // InterfaceMethod java/util/stream/Stream.min:(Ljava/util/Comparator;)Ljava/util/Optional;
        68: aconst_null
        69: invokevirtual #1294               // Method java/util/Optional.orElse:(Ljava/lang/Object;)Ljava/lang/Object;
        72: checkcast     #765                // class net/minecraft/world/entity/Mob
        75: areturn

  private static java.util.List<net.minecraft.world.entity.Mob> targetsNear(net.minecraft.server.level.ServerLevel, net.minecraft.server.level.ServerPlayer, net.minecraft.world.phys.Vec3, double, int);
    Code:
         0: aload_1
         1: invokestatic  #1643               // Method kr/moonseungjun/villageguardians/VillageSkillTestSystem.isEnabled:(Lnet/minecraft/server/level/ServerPlayer;)Z
         4: ifeq          28
         7: aload_0
         8: aload_1
         9: ldc2_w        #1646               // double 40.0d
        12: dload_3
        13: ldc2_w        #1175               // double 8.0d
        16: dadd
        17: invokestatic  #795                // Method java/lang/Math.max:(DD)D
        20: bipush        64
        22: invokestatic  #1648               // Method kr/moonseungjun/villageguardians/VillageSkillTestSystem.targetsNear:(Lnet/minecraft/server/level/ServerLevel;Lnet/minecraft/server/level/ServerPlayer;DI)Ljava/util/List;
        25: goto          41
        28: aload_0
        29: aload_2
        30: dload_3
        31: iload         5
        33: iconst_1
        34: invokestatic  #124                // Method java/lang/Math.max:(II)I
        37: aconst_null
        38: invokestatic  #1651               // Method kr/moonseungjun/villageguardians/VillageRaidSystem.activeEnemiesNear:(Lnet/minecraft/server/level/ServerLevel;Lnet/minecraft/world/phys/Vec3;DILjava/util/UUID;)Ljava/util/List;
        41: astore        6
        43: dload_3
        44: dload_3
        45: dmul
        46: dstore        7
        48: aload         6
        50: invokeinterface #1441,  1         // InterfaceMethod java/util/List.stream:()Ljava/util/stream/Stream;
        55: invokedynamic #1657,  0           // InvokeDynamic #27:test:()Ljava/util/function/Predicate;
        60: invokeinterface #1493,  2         // InterfaceMethod java/util/stream/Stream.filter:(Ljava/util/function/Predicate;)Ljava/util/stream/Stream;
        65: aload_2
        66: dload         7
        68: invokedynamic #1660,  0           // InvokeDynamic #28:test:(Lnet/minecraft/world/phys/Vec3;D)Ljava/util/function/Predicate;
        73: invokeinterface #1493,  2         // InterfaceMethod java/util/stream/Stream.filter:(Ljava/util/function/Predicate;)Ljava/util/stream/Stream;
        78: aload_2
        79: invokedynamic #1663,  0           // InvokeDynamic #29:applyAsDouble:(Lnet/minecraft/world/phys/Vec3;)Ljava/util/function/ToDoubleFunction;
        84: invokestatic  #1235               // InterfaceMethod java/util/Comparator.comparingDouble:(Ljava/util/function/ToDoubleFunction;)Ljava/util/Comparator;
        87: invokeinterface #1666,  2         // InterfaceMethod java/util/stream/Stream.sorted:(Ljava/util/Comparator;)Ljava/util/stream/Stream;
        92: invokeinterface #1497,  1         // InterfaceMethod java/util/stream/Stream.toList:()Ljava/util/List;
        97: astore        9
        99: aload         9
       101: invokeinterface #888,  1          // InterfaceMethod java/util/List.size:()I
       106: iload         5
       108: if_icmpgt     123
       111: new           #1245               // class java/util/ArrayList
       114: dup
       115: aload         9
       117: invokespecial #1670               // Method java/util/ArrayList."<init>":(Ljava/util/Collection;)V
       120: goto          140
       123: new           #1245               // class java/util/ArrayList
       126: dup
       127: aload         9
       129: iconst_0
       130: iload         5
       132: invokeinterface #1673,  3         // InterfaceMethod java/util/List.subList:(II)Ljava/util/List;
       137: invokespecial #1670               // Method java/util/ArrayList."<init>":(Ljava/util/Collection;)V
       140: areturn

  private static void damageRadius(net.minecraft.server.level.ServerLevel, net.minecraft.server.level.ServerPlayer, net.minecraft.world.phys.Vec3, double, int, float, boolean, double, double);
    Code:
         0: aload_0
         1: aload_1
         2: aload_2
         3: dload_3
         4: iload         5
         6: invokestatic  #881                // Method targetsNear:(Lnet/minecraft/server/level/ServerLevel;Lnet/minecraft/server/level/ServerPlayer;Lnet/minecraft/world/phys/Vec3;DI)Ljava/util/List;
         9: invokeinterface #239,  1          // InterfaceMethod java/util/List.iterator:()Ljava/util/Iterator;
        14: astore        12
        16: aload         12
        18: invokeinterface #243,  1          // InterfaceMethod java/util/Iterator.hasNext:()Z
        23: ifeq          93
        26: aload         12
        28: invokeinterface #249,  1          // InterfaceMethod java/util/Iterator.next:()Ljava/lang/Object;
        33: checkcast     #765                // class net/minecraft/world/entity/Mob
        36: astore        13
        38: aload_0
        39: aload         13
        41: fload         6
        43: invokestatic  #913                // Method hurt:(Lnet/minecraft/server/level/ServerLevel;Lnet/minecraft/world/entity/Mob;F)V
        46: iload         7
        48: ifeq          66
        51: aload         13
        53: aload         13
        55: invokevirtual #1053               // Method net/minecraft/world/entity/Mob.getRemainingFireTicks:()I
        58: bipush        80
        60: invokestatic  #124                // Method java/lang/Math.max:(II)I
        63: invokevirtual #1056               // Method net/minecraft/world/entity/Mob.setRemainingFireTicks:(I)V
        66: dload         8
        68: dconst_0
        69: dcmpl
        70: ifgt          80
        73: dload         10
        75: dconst_0
        76: dcmpl
        77: ifle          90
        80: aload_2
        81: aload         13
        83: dload         8
        85: dload         10
        87: invokestatic  #1073               // Method knockFrom:(Lnet/minecraft/world/phys/Vec3;Lnet/minecraft/world/entity/Mob;DD)V
        90: goto          16
        93: return

  private static void pushFront(net.minecraft.server.level.ServerLevel, net.minecraft.server.level.ServerPlayer, double, int, double, double, float);
    Code:
         0: aload_1
         1: invokestatic  #128                // Method horizontalLook:(Lnet/minecraft/server/level/ServerPlayer;)Lnet/minecraft/world/phys/Vec3;
         4: astore        10
         6: aload_0
         7: aload_1
         8: aload_1
         9: invokevirtual #193                // Method net/minecraft/server/level/ServerPlayer.position:()Lnet/minecraft/world/phys/Vec3;
        12: dload_2
        13: ldc2_w        #1433               // double 2.0d
        16: dadd
        17: iload         4
        19: invokestatic  #881                // Method targetsNear:(Lnet/minecraft/server/level/ServerLevel;Lnet/minecraft/server/level/ServerPlayer;Lnet/minecraft/world/phys/Vec3;DI)Ljava/util/List;
        22: invokeinterface #239,  1          // InterfaceMethod java/util/List.iterator:()Ljava/util/Iterator;
        27: astore        11
        29: aload         11
        31: invokeinterface #243,  1          // InterfaceMethod java/util/Iterator.hasNext:()Z
        36: ifeq          144
        39: aload         11
        41: invokeinterface #249,  1          // InterfaceMethod java/util/Iterator.next:()Ljava/lang/Object;
        46: checkcast     #765                // class net/minecraft/world/entity/Mob
        49: astore        12
        51: aload         12
        53: invokevirtual #773                // Method net/minecraft/world/entity/Mob.position:()Lnet/minecraft/world/phys/Vec3;
        56: aload_1
        57: invokevirtual #193                // Method net/minecraft/server/level/ServerPlayer.position:()Lnet/minecraft/world/phys/Vec3;
        60: invokevirtual #780                // Method net/minecraft/world/phys/Vec3.subtract:(Lnet/minecraft/world/phys/Vec3;)Lnet/minecraft/world/phys/Vec3;
        63: astore        13
        65: aload         13
        67: invokevirtual #783                // Method net/minecraft/world/phys/Vec3.lengthSqr:()D
        70: ldc2_w        #943                // double 0.01d
        73: dcmpg
        74: iflt          29
        77: aload         13
        79: invokevirtual #810                // Method net/minecraft/world/phys/Vec3.normalize:()Lnet/minecraft/world/phys/Vec3;
        82: aload         10
        84: invokevirtual #1677               // Method net/minecraft/world/phys/Vec3.dot:(Lnet/minecraft/world/phys/Vec3;)D
        87: ldc2_w        #945                // double 0.2d
        90: dcmpg
        91: ifge          97
        94: goto          29
        97: fload         9
        99: fconst_0
       100: fcmpl
       101: ifle          112
       104: aload_0
       105: aload         12
       107: fload         9
       109: invokestatic  #913                // Method hurt:(Lnet/minecraft/server/level/ServerLevel;Lnet/minecraft/world/entity/Mob;F)V
       112: aload         12
       114: aload         10
       116: getfield      #933                // Field net/minecraft/world/phys/Vec3.x:D
       119: dload         5
       121: dmul
       122: dload         7
       124: aload         10
       126: getfield      #937                // Field net/minecraft/world/phys/Vec3.z:D
       129: dload         5
       131: dmul
       132: invokevirtual #947                // Method net/minecraft/world/entity/Mob.push:(DDD)V
       135: aload         12
       137: iconst_1
       138: putfield      #950                // Field net/minecraft/world/entity/Mob.hurtMarked:Z
       141: goto          29
       144: return

  private static void knockFrom(net.minecraft.world.phys.Vec3, net.minecraft.world.entity.Mob, double, double);
    Code:
         0: aload_1
         1: invokevirtual #773                // Method net/minecraft/world/entity/Mob.position:()Lnet/minecraft/world/phys/Vec3;
         4: aload_0
         5: invokevirtual #780                // Method net/minecraft/world/phys/Vec3.subtract:(Lnet/minecraft/world/phys/Vec3;)Lnet/minecraft/world/phys/Vec3;
         8: astore        6
        10: new           #289                // class net/minecraft/world/phys/Vec3
        13: dup
        14: aload         6
        16: getfield      #933                // Field net/minecraft/world/phys/Vec3.x:D
        19: dconst_0
        20: aload         6
        22: getfield      #937                // Field net/minecraft/world/phys/Vec3.z:D
        25: invokespecial #940                // Method net/minecraft/world/phys/Vec3."<init>":(DDD)V
        28: astore        7
        30: aload         7
        32: invokevirtual #783                // Method net/minecraft/world/phys/Vec3.lengthSqr:()D
        35: ldc2_w        #1680               // double 0.001d
        38: dcmpg
        39: ifge          54
        42: new           #289                // class net/minecraft/world/phys/Vec3
        45: dup
        46: dconst_0
        47: dconst_0
        48: dconst_1
        49: invokespecial #940                // Method net/minecraft/world/phys/Vec3."<init>":(DDD)V
        52: astore        7
        54: aload         7
        56: invokevirtual #810                // Method net/minecraft/world/phys/Vec3.normalize:()Lnet/minecraft/world/phys/Vec3;
        59: dload_2
        60: invokevirtual #288                // Method net/minecraft/world/phys/Vec3.scale:(D)Lnet/minecraft/world/phys/Vec3;
        63: astore        7
        65: aload_1
        66: aload         7
        68: getfield      #933                // Field net/minecraft/world/phys/Vec3.x:D
        71: dload         4
        73: aload         7
        75: getfield      #937                // Field net/minecraft/world/phys/Vec3.z:D
        78: invokevirtual #947                // Method net/minecraft/world/entity/Mob.push:(DDD)V
        81: aload_1
        82: iconst_1
        83: putfield      #950                // Field net/minecraft/world/entity/Mob.hurtMarked:Z
        86: return

  private static void hurt(net.minecraft.server.level.ServerLevel, net.minecraft.world.entity.Mob, float);
    Code:
         0: aload_1
         1: aload_0
         2: aload_0
         3: invokevirtual #1682               // Method net/minecraft/server/level/ServerLevel.damageSources:()Lnet/minecraft/world/damagesource/DamageSources;
         6: invokevirtual #1686               // Method net/minecraft/world/damagesource/DamageSources.magic:()Lnet/minecraft/world/damagesource/DamageSource;
         9: ldc_w         #1691               // float 0.1f
        12: fload_2
        13: invokestatic  #1202               // Method java/lang/Math.max:(FF)F
        16: invokevirtual #1692               // Method net/minecraft/world/entity/Mob.hurtServer:(Lnet/minecraft/server/level/ServerLevel;Lnet/minecraft/world/damagesource/DamageSource;F)Z
        19: pop
        20: return

  private static java.util.List<net.minecraft.server.level.ServerPlayer> allies(net.minecraft.server.level.ServerPlayer, double);
    Code:
         0: aload_0
         1: invokevirtual #548                // Method net/minecraft/server/level/ServerPlayer.level:()Lnet/minecraft/server/level/ServerLevel;
         4: invokevirtual #1486               // Method net/minecraft/server/level/ServerLevel.getServer:()Lnet/minecraft/server/MinecraftServer;
         7: astore_3
         8: aload_3
         9: ifnonnull     17
        12: aload_0
        13: invokestatic  #1696               // InterfaceMethod java/util/List.of:(Ljava/lang/Object;)Ljava/util/List;
        16: areturn
        17: dload_1
        18: dconst_0
        19: dcmpg
        20: ifge          29
        23: ldc2_w        #1700               // double 1.7976931348623157E308d
        26: goto          32
        29: dload_1
        30: dload_1
        31: dmul
        32: dstore        4
        34: aload_3
        35: invokevirtual #538                // Method net/minecraft/server/MinecraftServer.getPlayerList:()Lnet/minecraft/server/players/PlayerList;
        38: invokevirtual #542                // Method net/minecraft/server/players/PlayerList.getPlayers:()Ljava/util/List;
        41: invokeinterface #1441,  1         // InterfaceMethod java/util/List.stream:()Ljava/util/stream/Stream;
        46: aload_0
        47: invokedynamic #1702,  0           // InvokeDynamic #30:test:(Lnet/minecraft/server/level/ServerPlayer;)Ljava/util/function/Predicate;
        52: invokeinterface #1493,  2         // InterfaceMethod java/util/stream/Stream.filter:(Ljava/util/function/Predicate;)Ljava/util/stream/Stream;
        57: aload_0
        58: dload         4
        60: invokedynamic #1703,  0           // InvokeDynamic #31:test:(Lnet/minecraft/server/level/ServerPlayer;D)Ljava/util/function/Predicate;
        65: invokeinterface #1493,  2         // InterfaceMethod java/util/stream/Stream.filter:(Ljava/util/function/Predicate;)Ljava/util/stream/Stream;
        70: invokeinterface #1497,  1         // InterfaceMethod java/util/stream/Stream.toList:()Ljava/util/List;
        75: areturn

  private static java.util.List<net.minecraft.server.level.ServerPlayer> alliesAt(net.minecraft.server.level.ServerPlayer, net.minecraft.world.phys.Vec3, double);
    Code:
         0: aload_0
         1: invokevirtual #548                // Method net/minecraft/server/level/ServerPlayer.level:()Lnet/minecraft/server/level/ServerLevel;
         4: invokevirtual #1486               // Method net/minecraft/server/level/ServerLevel.getServer:()Lnet/minecraft/server/MinecraftServer;
         7: astore        4
         9: aload         4
        11: ifnonnull     19
        14: aload_0
        15: invokestatic  #1696               // InterfaceMethod java/util/List.of:(Ljava/lang/Object;)Ljava/util/List;
        18: areturn
        19: dload_2
        20: dload_2
        21: dmul
        22: dstore        5
        24: aload         4
        26: invokevirtual #538                // Method net/minecraft/server/MinecraftServer.getPlayerList:()Lnet/minecraft/server/players/PlayerList;
        29: invokevirtual #542                // Method net/minecraft/server/players/PlayerList.getPlayers:()Ljava/util/List;
        32: invokeinterface #1441,  1         // InterfaceMethod java/util/List.stream:()Ljava/util/stream/Stream;
        37: aload_0
        38: invokedynamic #1706,  0           // InvokeDynamic #32:test:(Lnet/minecraft/server/level/ServerPlayer;)Ljava/util/function/Predicate;
        43: invokeinterface #1493,  2         // InterfaceMethod java/util/stream/Stream.filter:(Ljava/util/function/Predicate;)Ljava/util/stream/Stream;
        48: aload_1
        49: dload         5
        51: invokedynamic #1707,  0           // InvokeDynamic #33:test:(Lnet/minecraft/world/phys/Vec3;D)Ljava/util/function/Predicate;
        56: invokeinterface #1493,  2         // InterfaceMethod java/util/stream/Stream.filter:(Ljava/util/function/Predicate;)Ljava/util/stream/Stream;
        61: invokeinterface #1497,  1         // InterfaceMethod java/util/stream/Stream.toList:()Ljava/util/List;
        66: areturn

  private static net.minecraft.world.phys.Vec3 aimedGround(net.minecraft.server.level.ServerLevel, net.minecraft.server.level.ServerPlayer, double);
    Code:
         0: aload_0
         1: aload_1
         2: dload_2
         3: invokestatic  #1708               // Method aimPoint:(Lnet/minecraft/server/level/ServerLevel;Lnet/minecraft/server/level/ServerPlayer;D)Lnet/minecraft/world/phys/Vec3;
         6: astore        4
         8: aload         4
        10: dconst_0
        11: ldc2_w        #1222               // double 12.0d
        14: dconst_0
        15: invokevirtual #296                // Method net/minecraft/world/phys/Vec3.add:(DDD)Lnet/minecraft/world/phys/Vec3;
        18: astore        5
        20: aload         4
        22: dconst_0
        23: ldc2_w        #1711               // double -48.0d
        26: dconst_0
        27: invokevirtual #296                // Method net/minecraft/world/phys/Vec3.add:(DDD)Lnet/minecraft/world/phys/Vec3;
        30: astore        6
        32: aload_0
        33: new           #986                // class net/minecraft/world/level/ClipContext
        36: dup
        37: aload         5
        39: aload         6
        41: getstatic     #988                // Field net/minecraft/world/level/ClipContext$Block.COLLIDER:Lnet/minecraft/world/level/ClipContext$Block;
        44: getstatic     #994                // Field net/minecraft/world/level/ClipContext$Fluid.NONE:Lnet/minecraft/world/level/ClipContext$Fluid;
        47: aload_1
        48: invokespecial #1000               // Method net/minecraft/world/level/ClipContext."<init>":(Lnet/minecraft/world/phys/Vec3;Lnet/minecraft/world/phys/Vec3;Lnet/minecraft/world/level/ClipContext$Block;Lnet/minecraft/world/level/ClipContext$Fluid;Lnet/minecraft/world/entity/Entity;)V
        51: invokevirtual #1003               // Method net/minecraft/server/level/ServerLevel.clip:(Lnet/minecraft/world/level/ClipContext;)Lnet/minecraft/world/phys/BlockHitResult;
        54: astore        7
        56: aload         7
        58: invokevirtual #1007               // Method net/minecraft/world/phys/BlockHitResult.getType:()Lnet/minecraft/world/phys/HitResult$Type;
        61: getstatic     #1713               // Field net/minecraft/world/phys/HitResult$Type.MISS:Lnet/minecraft/world/phys/HitResult$Type;
        64: if_acmpne     93
        67: new           #289                // class net/minecraft/world/phys/Vec3
        70: dup
        71: aload         4
        73: getfield      #933                // Field net/minecraft/world/phys/Vec3.x:D
        76: aload_1
        77: invokevirtual #1716               // Method net/minecraft/server/level/ServerPlayer.getY:()D
        80: ldc2_w        #1717               // double 0.02d
        83: dadd
        84: aload         4
        86: getfield      #937                // Field net/minecraft/world/phys/Vec3.z:D
        89: invokespecial #940                // Method net/minecraft/world/phys/Vec3."<init>":(DDD)V
        92: areturn
        93: aload         7
        95: invokevirtual #1019               // Method net/minecraft/world/phys/BlockHitResult.getLocation:()Lnet/minecraft/world/phys/Vec3;
        98: dconst_0
        99: ldc2_w        #1717               // double 0.02d
       102: dconst_0
       103: invokevirtual #296                // Method net/minecraft/world/phys/Vec3.add:(DDD)Lnet/minecraft/world/phys/Vec3;
       106: areturn

  private static void activateArrowRain(net.minecraft.server.level.ServerLevel, net.minecraft.server.level.ServerPlayer, float, int);
    Code:
         0: aload_0
         1: invokevirtual #100                // Method net/minecraft/server/level/ServerLevel.getGameTime:()J
         4: lstore        4
         6: ldc2_w        #392                // double 8.5d
         9: iload_3
        10: invokestatic  #354                // Method areaRadius:(DI)D
        13: dstore        6
        15: aload_0
        16: aload_1
        17: ldc2_w        #394                // double 30.0d
        20: iload_3
        21: invokestatic  #366                // Method maximumRange:(DI)D
        24: invokestatic  #369                // Method aimedGround:(Lnet/minecraft/server/level/ServerLevel;Lnet/minecraft/server/level/ServerPlayer;D)Lnet/minecraft/world/phys/Vec3;
        27: astore        8
        29: bipush        42
        31: istore        9
        33: aload_0
        34: aload_1
        35: aload         8
        37: iload         9
        39: dload         6
        41: iload_3
        42: invokestatic  #1719               // Method kr/moonseungjun/villageguardians/VillageSkillEffectSystem.arrowRainField:(Lnet/minecraft/server/level/ServerLevel;Lnet/minecraft/server/level/ServerPlayer;Lnet/minecraft/world/phys/Vec3;IDI)V
        45: iconst_0
        46: istore        10
        48: iload         10
        50: bipush        8
        52: if_icmpge     109
        55: getstatic     #75                 // Field SCHEDULED:Ljava/util/List;
        58: new           #261                // class kr/moonseungjun/villageguardians/VillageRoleAbilitySystem$ScheduledAction
        61: dup
        62: lload         4
        64: ldc2_w        #317                // long 2l
        67: ladd
        68: iload         10
        70: i2l
        71: ldc2_w        #263                // long 4l
        74: lmul
        75: ladd
        76: aload_1
        77: invokevirtual #106                // Method net/minecraft/server/level/ServerPlayer.getUUID:()Ljava/util/UUID;
        80: getstatic     #1722               // Field kr/moonseungjun/villageguardians/VillageRoleSkillSystem$ActiveSkill.RANGER_RICOCHET:Lkr/moonseungjun/villageguardians/VillageRoleSkillSystem$ActiveSkill;
        83: getstatic     #1725               // Field kr/moonseungjun/villageguardians/VillageRoleAbilitySystem$ActionKind.ARROW_RAIN:Lkr/moonseungjun/villageguardians/VillageRoleAbilitySystem$ActionKind;
        86: fload_2
        87: fconst_1
        88: iload_3
        89: aload         8
        91: getstatic     #638                // Field net/minecraft/world/phys/Vec3.ZERO:Lnet/minecraft/world/phys/Vec3;
        94: invokespecial #271                // Method kr/moonseungjun/villageguardians/VillageRoleAbilitySystem$ScheduledAction."<init>":(JLjava/util/UUID;Lkr/moonseungjun/villageguardians/VillageRoleSkillSystem$ActiveSkill;Lkr/moonseungjun/villageguardians/VillageRoleAbilitySystem$ActionKind;FFILnet/minecraft/world/phys/Vec3;Lnet/minecraft/world/phys/Vec3;)V
        97: invokeinterface #274,  2          // InterfaceMethod java/util/List.add:(Ljava/lang/Object;)Z
       102: pop
       103: iinc          10, 1
       106: goto          48
       109: aload_0
       110: aload_1
       111: invokevirtual #193                // Method net/minecraft/server/level/ServerPlayer.position:()Lnet/minecraft/world/phys/Vec3;
       114: getstatic     #1162               // Field net/minecraft/sounds/SoundEvents.CROSSBOW_SHOOT:Lnet/minecraft/sounds/SoundEvent;
       117: fconst_1
       118: ldc_w         #1524               // float 0.75f
       121: invokestatic  #205                // Method play:(Lnet/minecraft/server/level/ServerLevel;Lnet/minecraft/world/phys/Vec3;Lnet/minecraft/sounds/SoundEvent;FF)V
       124: return

  private static void clearRangerReadies(java.util.UUID);
    Code:
         0: getstatic     #24                 // Field RAPID_UNTIL:Ljava/util/Map;
         3: aload_0
         4: invokeinterface #450,  2          // InterfaceMethod java/util/Map.remove:(Ljava/lang/Object;)Ljava/lang/Object;
         9: pop
        10: getstatic     #27                 // Field RAPID_SCALE:Ljava/util/Map;
        13: aload_0
        14: invokeinterface #450,  2          // InterfaceMethod java/util/Map.remove:(Ljava/lang/Object;)Ljava/lang/Object;
        19: pop
        20: getstatic     #36                 // Field RICOCHET_UNTIL:Ljava/util/Map;
        23: aload_0
        24: invokeinterface #450,  2          // InterfaceMethod java/util/Map.remove:(Ljava/lang/Object;)Ljava/lang/Object;
        29: pop
        30: getstatic     #39                 // Field RICOCHET_SCALE:Ljava/util/Map;
        33: aload_0
        34: invokeinterface #450,  2          // InterfaceMethod java/util/Map.remove:(Ljava/lang/Object;)Ljava/lang/Object;
        39: pop
        40: getstatic     #48                 // Field ARROW_RAIN_READY:Ljava/util/Map;
        43: aload_0
        44: invokeinterface #450,  2          // InterfaceMethod java/util/Map.remove:(Ljava/lang/Object;)Ljava/lang/Object;
        49: pop
        50: getstatic     #51                 // Field MEGA_ARROW_READY:Ljava/util/Map;
        53: aload_0
        54: invokeinterface #450,  2          // InterfaceMethod java/util/Map.remove:(Ljava/lang/Object;)Ljava/lang/Object;
        59: pop
        60: return

  private static kr.moonseungjun.villageguardians.VillageRole activeRole(net.minecraft.server.level.ServerPlayer);
    Code:
         0: aload_0
         1: invokestatic  #1643               // Method kr/moonseungjun/villageguardians/VillageSkillTestSystem.isEnabled:(Lnet/minecraft/server/level/ServerPlayer;)Z
         4: ifeq          12
         7: aload_0
         8: invokestatic  #1728               // Method kr/moonseungjun/villageguardians/VillageSkillTestSystem.selectedRole:(Lnet/minecraft/server/level/ServerPlayer;)Lkr/moonseungjun/villageguardians/VillageRole;
        11: areturn
        12: aload_0
        13: invokevirtual #106                // Method net/minecraft/server/level/ServerPlayer.getUUID:()Ljava/util/UUID;
        16: invokestatic  #1290               // Method kr/moonseungjun/villageguardians/VillageCouncilState.roleOf:(Ljava/util/UUID;)Ljava/util/Optional;
        19: aconst_null
        20: invokevirtual #1294               // Method java/util/Optional.orElse:(Ljava/lang/Object;)Ljava/lang/Object;
        23: checkcast     #480                // class kr/moonseungjun/villageguardians/VillageRole
        26: areturn

  private static boolean isRangerContext(net.minecraft.server.level.ServerPlayer);
    Code:
         0: aload_0
         1: invokestatic  #680                // Method activeRole:(Lnet/minecraft/server/level/ServerPlayer;)Lkr/moonseungjun/villageguardians/VillageRole;
         4: getstatic     #728                // Field kr/moonseungjun/villageguardians/VillageRole.RANGER:Lkr/moonseungjun/villageguardians/VillageRole;
         7: if_acmpne     14
        10: iconst_1
        11: goto          15
        14: iconst_0
        15: ireturn

  private static java.util.List<net.minecraft.world.entity.Mob> fireOrbContacts(net.minecraft.server.level.ServerLevel, net.minecraft.server.level.ServerPlayer, net.minecraft.world.phys.Vec3, int, int);
    Code:
         0: iload_3
         1: invokestatic  #1731               // Method fireOrbContactPadding:(I)D
         4: dstore        5
         6: new           #1245               // class java/util/ArrayList
         9: dup
        10: aload_0
        11: aload_1
        12: aload_2
        13: dload         5
        15: ldc2_w        #1735               // double 3.5d
        18: dadd
        19: bipush        40
        21: iload         4
        23: invokestatic  #124                // Method java/lang/Math.max:(II)I
        26: invokestatic  #881                // Method targetsNear:(Lnet/minecraft/server/level/ServerLevel;Lnet/minecraft/server/level/ServerPlayer;Lnet/minecraft/world/phys/Vec3;DI)Ljava/util/List;
        29: invokespecial #1670               // Method java/util/ArrayList."<init>":(Ljava/util/Collection;)V
        32: astore        7
        34: aload         7
        36: dload         5
        38: aload_2
        39: invokedynamic #1737,  0           // InvokeDynamic #34:test:(DLnet/minecraft/world/phys/Vec3;)Ljava/util/function/Predicate;
        44: invokeinterface #1740,  2         // InterfaceMethod java/util/List.removeIf:(Ljava/util/function/Predicate;)Z
        49: pop
        50: aload         7
        52: invokeinterface #888,  1          // InterfaceMethod java/util/List.size:()I
        57: iconst_0
        58: iload         4
        60: invokestatic  #124                // Method java/lang/Math.max:(II)I
        63: if_icmple     88
        66: new           #1245               // class java/util/ArrayList
        69: dup
        70: aload         7
        72: iconst_0
        73: iconst_0
        74: iload         4
        76: invokestatic  #124                // Method java/lang/Math.max:(II)I
        79: invokeinterface #1673,  3         // InterfaceMethod java/util/List.subList:(II)Ljava/util/List;
        84: invokespecial #1670               // Method java/util/ArrayList."<init>":(Ljava/util/Collection;)V
        87: areturn
        88: aload         7
        90: areturn

  private static double fireOrbContactPadding(int);
    Code:
         0: ldc2_w        #1741               // double 1.95d
         3: ldc2_w        #1743               // double 1.55d
         6: iconst_5
         7: iconst_0
         8: iload_0
         9: invokestatic  #124                // Method java/lang/Math.max:(II)I
        12: invokestatic  #227                // Method java/lang/Math.min:(II)I
        15: i2d
        16: ldc2_w        #457                // double 0.08d
        19: dmul
        20: dadd
        21: invokestatic  #677                // Method java/lang/Math.min:(DD)D
        24: dreturn

  private static double areaRadius(double, int);
    Code:
         0: dload_0
         1: dconst_1
         2: iconst_5
         3: iconst_0
         4: iload_2
         5: invokestatic  #124                // Method java/lang/Math.max:(II)I
         8: invokestatic  #227                // Method java/lang/Math.min:(II)I
        11: i2d
        12: ldc2_w        #457                // double 0.08d
        15: dmul
        16: dadd
        17: dmul
        18: dreturn

  private static double maximumRange(double, int);
    Code:
         0: dload_0
         1: iconst_5
         2: iconst_0
         3: iload_2
         4: invokestatic  #124                // Method java/lang/Math.max:(II)I
         7: invokestatic  #227                // Method java/lang/Math.min:(II)I
        10: i2d
        11: ldc2_w        #1745               // double 3.0d
        14: dmul
        15: dadd
        16: dreturn

  private static net.minecraft.world.phys.Vec3 aimPoint(net.minecraft.server.level.ServerLevel, net.minecraft.server.level.ServerPlayer, double);
    Code:
         0: aload_1
         1: invokevirtual #604                // Method net/minecraft/server/level/ServerPlayer.getEyePosition:()Lnet/minecraft/world/phys/Vec3;
         4: astore        4
         6: aload         4
         8: aload_1
         9: invokestatic  #132                // Method lookDirection:(Lnet/minecraft/server/level/ServerPlayer;)Lnet/minecraft/world/phys/Vec3;
        12: dload_2
        13: invokevirtual #288                // Method net/minecraft/world/phys/Vec3.scale:(D)Lnet/minecraft/world/phys/Vec3;
        16: invokevirtual #609                // Method net/minecraft/world/phys/Vec3.add:(Lnet/minecraft/world/phys/Vec3;)Lnet/minecraft/world/phys/Vec3;
        19: astore        5
        21: aload_0
        22: new           #986                // class net/minecraft/world/level/ClipContext
        25: dup
        26: aload         4
        28: aload         5
        30: getstatic     #988                // Field net/minecraft/world/level/ClipContext$Block.COLLIDER:Lnet/minecraft/world/level/ClipContext$Block;
        33: getstatic     #994                // Field net/minecraft/world/level/ClipContext$Fluid.NONE:Lnet/minecraft/world/level/ClipContext$Fluid;
        36: aload_1
        37: invokespecial #1000               // Method net/minecraft/world/level/ClipContext."<init>":(Lnet/minecraft/world/phys/Vec3;Lnet/minecraft/world/phys/Vec3;Lnet/minecraft/world/level/ClipContext$Block;Lnet/minecraft/world/level/ClipContext$Fluid;Lnet/minecraft/world/entity/Entity;)V
        40: invokevirtual #1003               // Method net/minecraft/server/level/ServerLevel.clip:(Lnet/minecraft/world/level/ClipContext;)Lnet/minecraft/world/phys/BlockHitResult;
        43: astore        6
        45: aload         6
        47: invokevirtual #1007               // Method net/minecraft/world/phys/BlockHitResult.getType:()Lnet/minecraft/world/phys/HitResult$Type;
        50: getstatic     #1713               // Field net/minecraft/world/phys/HitResult$Type.MISS:Lnet/minecraft/world/phys/HitResult$Type;
        53: if_acmpne     61
        56: aload         5
        58: goto          66
        61: aload         6
        63: invokevirtual #1019               // Method net/minecraft/world/phys/BlockHitResult.getLocation:()Lnet/minecraft/world/phys/Vec3;
        66: areturn

  private static net.minecraft.world.phys.Vec3 lookDirection(net.minecraft.server.level.ServerPlayer);
    Code:
         0: aload_0
         1: invokevirtual #1747               // Method net/minecraft/server/level/ServerPlayer.getLookAngle:()Lnet/minecraft/world/phys/Vec3;
         4: astore_1
         5: aload_1
         6: invokevirtual #783                // Method net/minecraft/world/phys/Vec3.lengthSqr:()D
         9: ldc2_w        #1680               // double 0.001d
        12: dcmpg
        13: ifge          29
        16: new           #289                // class net/minecraft/world/phys/Vec3
        19: dup
        20: dconst_0
        21: dconst_0
        22: dconst_1
        23: invokespecial #940                // Method net/minecraft/world/phys/Vec3."<init>":(DDD)V
        26: goto          33
        29: aload_1
        30: invokevirtual #810                // Method net/minecraft/world/phys/Vec3.normalize:()Lnet/minecraft/world/phys/Vec3;
        33: areturn

  private static net.minecraft.world.phys.Vec3 horizontalLook(net.minecraft.server.level.ServerPlayer);
    Code:
         0: aload_0
         1: invokevirtual #1747               // Method net/minecraft/server/level/ServerPlayer.getLookAngle:()Lnet/minecraft/world/phys/Vec3;
         4: astore_1
         5: new           #289                // class net/minecraft/world/phys/Vec3
         8: dup
         9: aload_1
        10: getfield      #933                // Field net/minecraft/world/phys/Vec3.x:D
        13: dconst_0
        14: aload_1
        15: getfield      #937                // Field net/minecraft/world/phys/Vec3.z:D
        18: invokespecial #940                // Method net/minecraft/world/phys/Vec3."<init>":(DDD)V
        21: astore_2
        22: aload_2
        23: invokevirtual #783                // Method net/minecraft/world/phys/Vec3.lengthSqr:()D
        26: ldc2_w        #1680               // double 0.001d
        29: dcmpg
        30: ifge          46
        33: new           #289                // class net/minecraft/world/phys/Vec3
        36: dup
        37: dconst_0
        38: dconst_0
        39: dconst_1
        40: invokespecial #940                // Method net/minecraft/world/phys/Vec3."<init>":(DDD)V
        43: goto          50
        46: aload_2
        47: invokevirtual #810                // Method net/minecraft/world/phys/Vec3.normalize:()Lnet/minecraft/world/phys/Vec3;
        50: areturn

  private static net.minecraft.world.phys.Vec3 rotateY(net.minecraft.world.phys.Vec3, double);
    Code:
         0: dload_1
         1: invokestatic  #1750               // Method java/lang/Math.cos:(D)D
         4: dstore_3
         5: dload_1
         6: invokestatic  #1753               // Method java/lang/Math.sin:(D)D
         9: dstore        5
        11: new           #289                // class net/minecraft/world/phys/Vec3
        14: dup
        15: aload_0
        16: getfield      #933                // Field net/minecraft/world/phys/Vec3.x:D
        19: dload_3
        20: dmul
        21: aload_0
        22: getfield      #937                // Field net/minecraft/world/phys/Vec3.z:D
        25: dload         5
        27: dmul
        28: dsub
        29: aload_0
        30: getfield      #1560               // Field net/minecraft/world/phys/Vec3.y:D
        33: aload_0
        34: getfield      #933                // Field net/minecraft/world/phys/Vec3.x:D
        37: dload         5
        39: dmul
        40: aload_0
        41: getfield      #937                // Field net/minecraft/world/phys/Vec3.z:D
        44: dload_3
        45: dmul
        46: dadd
        47: invokespecial #940                // Method net/minecraft/world/phys/Vec3."<init>":(DDD)V
        50: areturn

  private static net.minecraft.world.phys.Vec3 randomPointInCircle(net.minecraft.server.level.ServerLevel, net.minecraft.world.phys.Vec3, double);
    Code:
         0: aload_0
         1: invokevirtual #1756               // Method net/minecraft/server/level/ServerLevel.getRandom:()Lnet/minecraft/util/RandomSource;
         4: invokeinterface #898,  1          // InterfaceMethod net/minecraft/util/RandomSource.nextDouble:()D
         9: ldc2_w        #1757               // double 3.141592653589793d
        12: dmul
        13: ldc2_w        #1433               // double 2.0d
        16: dmul
        17: dstore        4
        19: aload_0
        20: invokevirtual #1756               // Method net/minecraft/server/level/ServerLevel.getRandom:()Lnet/minecraft/util/RandomSource;
        23: invokeinterface #898,  1          // InterfaceMethod net/minecraft/util/RandomSource.nextDouble:()D
        28: invokestatic  #797                // Method java/lang/Math.sqrt:(D)D
        31: dload_2
        32: dmul
        33: dstore        6
        35: aload_1
        36: dload         4
        38: invokestatic  #1750               // Method java/lang/Math.cos:(D)D
        41: dload         6
        43: dmul
        44: dconst_0
        45: dload         4
        47: invokestatic  #1753               // Method java/lang/Math.sin:(D)D
        50: dload         6
        52: dmul
        53: invokevirtual #296                // Method net/minecraft/world/phys/Vec3.add:(DDD)Lnet/minecraft/world/phys/Vec3;
        56: areturn

  private static void spawnVisualLightning(net.minecraft.server.level.ServerLevel, net.minecraft.world.phys.Vec3);
    Code:
         0: getstatic     #1759               // Field net/minecraft/world/entity/EntityTypes.LIGHTNING_BOLT:Lnet/minecraft/world/entity/EntityType;
         3: aload_0
         4: getstatic     #1535               // Field net/minecraft/world/entity/EntitySpawnReason.EVENT:Lnet/minecraft/world/entity/EntitySpawnReason;
         7: invokevirtual #1541               // Method net/minecraft/world/entity/EntityType.create:(Lnet/minecraft/world/level/Level;Lnet/minecraft/world/entity/EntitySpawnReason;)Lnet/minecraft/world/entity/Entity;
        10: checkcast     #1762               // class net/minecraft/world/entity/LightningBolt
        13: astore_2
        14: aload_2
        15: ifnonnull     19
        18: return
        19: aload_2
        20: iconst_1
        21: invokevirtual #1764               // Method net/minecraft/world/entity/LightningBolt.setVisualOnly:(Z)V
        24: aload_2
        25: aload_1
        26: getfield      #933                // Field net/minecraft/world/phys/Vec3.x:D
        29: aload_1
        30: getfield      #1560               // Field net/minecraft/world/phys/Vec3.y:D
        33: aload_1
        34: getfield      #937                // Field net/minecraft/world/phys/Vec3.z:D
        37: invokevirtual #1767               // Method net/minecraft/world/entity/LightningBolt.setPos:(DDD)V
        40: aload_0
        41: aload_2
        42: invokevirtual #1568               // Method net/minecraft/server/level/ServerLevel.addFreshEntity:(Lnet/minecraft/world/entity/Entity;)Z
        45: pop
        46: return

  private static void play(net.minecraft.server.level.ServerLevel, net.minecraft.world.phys.Vec3, net.minecraft.sounds.SoundEvent, float, float);
    Code:
         0: aload_0
         1: aconst_null
         2: aload_1
         3: invokestatic  #1768               // Method net/minecraft/core/BlockPos.containing:(Lnet/minecraft/core/Position;)Lnet/minecraft/core/BlockPos;
         6: aload_2
         7: getstatic     #1774               // Field net/minecraft/sounds/SoundSource.PLAYERS:Lnet/minecraft/sounds/SoundSource;
        10: fload_3
        11: fload         4
        13: invokevirtual #1780               // Method net/minecraft/server/level/ServerLevel.playSound:(Lnet/minecraft/world/entity/Entity;Lnet/minecraft/core/BlockPos;Lnet/minecraft/sounds/SoundEvent;Lnet/minecraft/sounds/SoundSource;FF)V
        16: return

  private static boolean lambda$fireOrbContacts$0(double, net.minecraft.world.phys.Vec3, net.minecraft.world.entity.Mob);
    Code:
         0: aload_3
         1: invokevirtual #1784               // Method net/minecraft/world/entity/Mob.getBoundingBox:()Lnet/minecraft/world/phys/AABB;
         4: dload_0
         5: invokevirtual #1788               // Method net/minecraft/world/phys/AABB.inflate:(D)Lnet/minecraft/world/phys/AABB;
         8: aload_2
         9: invokevirtual #1794               // Method net/minecraft/world/phys/AABB.contains:(Lnet/minecraft/world/phys/Vec3;)Z
        12: ifne          19
        15: iconst_1
        16: goto          20
        19: iconst_0
        20: ireturn

  private static boolean lambda$alliesAt$1(net.minecraft.world.phys.Vec3, double, net.minecraft.server.level.ServerPlayer);
    Code:
         0: aload_3
         1: invokevirtual #193                // Method net/minecraft/server/level/ServerPlayer.position:()Lnet/minecraft/world/phys/Vec3;
         4: aload_0
         5: invokevirtual #980                // Method net/minecraft/world/phys/Vec3.distanceToSqr:(Lnet/minecraft/world/phys/Vec3;)D
         8: dload_1
         9: dcmpg
        10: ifgt          17
        13: iconst_1
        14: goto          18
        17: iconst_0
        18: ireturn

  private static boolean lambda$alliesAt$0(net.minecraft.server.level.ServerPlayer, net.minecraft.server.level.ServerPlayer);
    Code:
         0: aload_1
         1: invokevirtual #548                // Method net/minecraft/server/level/ServerPlayer.level:()Lnet/minecraft/server/level/ServerLevel;
         4: aload_0
         5: invokevirtual #548                // Method net/minecraft/server/level/ServerPlayer.level:()Lnet/minecraft/server/level/ServerLevel;
         8: if_acmpne     15
        11: iconst_1
        12: goto          16
        15: iconst_0
        16: ireturn

  private static boolean lambda$allies$1(net.minecraft.server.level.ServerPlayer, double, net.minecraft.server.level.ServerPlayer);
    Code:
         0: aload_3
         1: aload_0
         2: invokevirtual #1798               // Method net/minecraft/server/level/ServerPlayer.distanceToSqr:(Lnet/minecraft/world/entity/Entity;)D
         5: dload_1
         6: dcmpg
         7: ifgt          14
        10: iconst_1
        11: goto          15
        14: iconst_0
        15: ireturn

  private static boolean lambda$allies$0(net.minecraft.server.level.ServerPlayer, net.minecraft.server.level.ServerPlayer);
    Code:
         0: aload_1
         1: invokevirtual #548                // Method net/minecraft/server/level/ServerPlayer.level:()Lnet/minecraft/server/level/ServerLevel;
         4: aload_0
         5: invokevirtual #548                // Method net/minecraft/server/level/ServerPlayer.level:()Lnet/minecraft/server/level/ServerLevel;
         8: if_acmpne     15
        11: iconst_1
        12: goto          16
        15: iconst_0
        16: ireturn

  private static double lambda$targetsNear$1(net.minecraft.world.phys.Vec3, net.minecraft.world.entity.Mob);
    Code:
         0: aload_1
         1: invokevirtual #773                // Method net/minecraft/world/entity/Mob.position:()Lnet/minecraft/world/phys/Vec3;
         4: aload_0
         5: invokevirtual #980                // Method net/minecraft/world/phys/Vec3.distanceToSqr:(Lnet/minecraft/world/phys/Vec3;)D
         8: dreturn

  private static boolean lambda$targetsNear$0(net.minecraft.world.phys.Vec3, double, net.minecraft.world.entity.Mob);
    Code:
         0: aload_3
         1: invokevirtual #773                // Method net/minecraft/world/entity/Mob.position:()Lnet/minecraft/world/phys/Vec3;
         4: aload_0
         5: invokevirtual #980                // Method net/minecraft/world/phys/Vec3.distanceToSqr:(Lnet/minecraft/world/phys/Vec3;)D
         8: dload_1
         9: dcmpg
        10: ifgt          17
        13: iconst_1
        14: goto          18
        17: iconst_0
        18: ireturn

  private static double lambda$bestAimTarget$1(net.minecraft.world.phys.Vec3, net.minecraft.world.phys.Vec3, net.minecraft.world.entity.Mob);
    Code:
         0: aload_2
         1: invokevirtual #773                // Method net/minecraft/world/entity/Mob.position:()Lnet/minecraft/world/phys/Vec3;
         4: dconst_0
         5: aload_2
         6: invokevirtual #774                // Method net/minecraft/world/entity/Mob.getBbHeight:()F
         9: f2d
        10: ldc2_w        #777                // double 0.58d
        13: dmul
        14: dconst_0
        15: invokevirtual #296                // Method net/minecraft/world/phys/Vec3.add:(DDD)Lnet/minecraft/world/phys/Vec3;
        18: astore_3
        19: aload_3
        20: aload_0
        21: invokevirtual #780                // Method net/minecraft/world/phys/Vec3.subtract:(Lnet/minecraft/world/phys/Vec3;)Lnet/minecraft/world/phys/Vec3;
        24: astore        4
        26: dconst_0
        27: aload         4
        29: aload_1
        30: invokevirtual #1677               // Method net/minecraft/world/phys/Vec3.dot:(Lnet/minecraft/world/phys/Vec3;)D
        33: invokestatic  #795                // Method java/lang/Math.max:(DD)D
        36: dstore        5
        38: aload_0
        39: aload_1
        40: dload         5
        42: invokevirtual #288                // Method net/minecraft/world/phys/Vec3.scale:(D)Lnet/minecraft/world/phys/Vec3;
        45: invokevirtual #609                // Method net/minecraft/world/phys/Vec3.add:(Lnet/minecraft/world/phys/Vec3;)Lnet/minecraft/world/phys/Vec3;
        48: astore        7
        50: aload_3
        51: aload         7
        53: invokevirtual #980                // Method net/minecraft/world/phys/Vec3.distanceToSqr:(Lnet/minecraft/world/phys/Vec3;)D
        56: dstore        8
        58: dload         8
        60: ldc2_w        #1414               // double 5.0d
        63: dmul
        64: aload         4
        66: invokevirtual #783                // Method net/minecraft/world/phys/Vec3.lengthSqr:()D
        69: ldc2_w        #1801               // double 0.012d
        72: dmul
        73: dadd
        74: dreturn

  private static boolean lambda$bestAimTarget$0(net.minecraft.world.phys.Vec3, net.minecraft.world.phys.Vec3, net.minecraft.world.entity.Mob);
    Code:
         0: aload_2
         1: invokevirtual #773                // Method net/minecraft/world/entity/Mob.position:()Lnet/minecraft/world/phys/Vec3;
         4: dconst_0
         5: aload_2
         6: invokevirtual #774                // Method net/minecraft/world/entity/Mob.getBbHeight:()F
         9: f2d
        10: ldc2_w        #777                // double 0.58d
        13: dmul
        14: dconst_0
        15: invokevirtual #296                // Method net/minecraft/world/phys/Vec3.add:(DDD)Lnet/minecraft/world/phys/Vec3;
        18: astore_3
        19: aload_3
        20: aload_0
        21: invokevirtual #780                // Method net/minecraft/world/phys/Vec3.subtract:(Lnet/minecraft/world/phys/Vec3;)Lnet/minecraft/world/phys/Vec3;
        24: aload_1
        25: invokevirtual #1677               // Method net/minecraft/world/phys/Vec3.dot:(Lnet/minecraft/world/phys/Vec3;)D
        28: ldc2_w        #945                // double 0.2d
        31: dcmpl
        32: ifle          39
        35: iconst_1
        36: goto          40
        39: iconst_0
        40: ireturn

  private static boolean lambda$miracle$0(net.minecraft.server.level.ServerPlayer, net.minecraft.server.level.ServerPlayer);
    Code:
         0: aload_1
         1: invokevirtual #548                // Method net/minecraft/server/level/ServerPlayer.level:()Lnet/minecraft/server/level/ServerLevel;
         4: aload_0
         5: invokevirtual #548                // Method net/minecraft/server/level/ServerPlayer.level:()Lnet/minecraft/server/level/ServerLevel;
         8: if_acmpne     15
        11: iconst_1
        12: goto          16
        15: iconst_0
        16: ireturn

  private static double lambda$healLowestAlly$0(net.minecraft.server.level.ServerPlayer);
    Code:
         0: aload_0
         1: invokevirtual #1515               // Method net/minecraft/server/level/ServerPlayer.getHealth:()F
         4: fconst_1
         5: aload_0
         6: invokevirtual #1518               // Method net/minecraft/server/level/ServerPlayer.getMaxHealth:()F
         9: invokestatic  #1202               // Method java/lang/Math.max:(FF)F
        12: fdiv
        13: f2d
        14: dreturn

  private static boolean lambda$cleanupExpired$17(long, java.util.Map$Entry);
    Code:
         0: aload_2
         1: invokeinterface #743,  1          // InterfaceMethod java/util/Map$Entry.getValue:()Ljava/lang/Object;
         6: checkcast     #156                // class java/lang/Long
         9: invokevirtual #564                // Method java/lang/Long.longValue:()J
        12: lload_0
        13: lcmp
        14: ifge          21
        17: iconst_1
        18: goto          22
        21: iconst_0
        22: ireturn

  private static boolean lambda$cleanupExpired$16(long, java.util.UUID);
    Code:
         0: getstatic     #60                 // Field AEGIS_UNTIL:Ljava/util/Map;
         3: aload_2
         4: lconst_0
         5: invokestatic  #155                // Method java/lang/Long.valueOf:(J)Ljava/lang/Long;
         8: invokeinterface #561,  3          // InterfaceMethod java/util/Map.getOrDefault:(Ljava/lang/Object;Ljava/lang/Object;)Ljava/lang/Object;
        13: checkcast     #156                // class java/lang/Long
        16: invokevirtual #564                // Method java/lang/Long.longValue:()J
        19: lload_0
        20: lcmp
        21: ifge          28
        24: iconst_1
        25: goto          29
        28: iconst_0
        29: ireturn

  private static boolean lambda$cleanupExpired$15(long, java.util.Map$Entry);
    Code:
         0: aload_2
         1: invokeinterface #743,  1          // InterfaceMethod java/util/Map$Entry.getValue:()Ljava/lang/Object;
         6: checkcast     #156                // class java/lang/Long
         9: invokevirtual #564                // Method java/lang/Long.longValue:()J
        12: lload_0
        13: lcmp
        14: ifge          21
        17: iconst_1
        18: goto          22
        21: iconst_0
        22: ireturn

  private static boolean lambda$cleanupExpired$14(long, java.util.UUID);
    Code:
         0: getstatic     #54                 // Field FORTRESS_UNTIL:Ljava/util/Map;
         3: aload_2
         4: lconst_0
         5: invokestatic  #155                // Method java/lang/Long.valueOf:(J)Ljava/lang/Long;
         8: invokeinterface #561,  3          // InterfaceMethod java/util/Map.getOrDefault:(Ljava/lang/Object;Ljava/lang/Object;)Ljava/lang/Object;
        13: checkcast     #156                // class java/lang/Long
        16: invokevirtual #564                // Method java/lang/Long.longValue:()J
        19: lload_0
        20: lcmp
        21: ifge          28
        24: iconst_1
        25: goto          29
        28: iconst_0
        29: ireturn

  private static boolean lambda$cleanupExpired$13(long, java.util.Map$Entry);
    Code:
         0: aload_2
         1: invokeinterface #743,  1          // InterfaceMethod java/util/Map$Entry.getValue:()Ljava/lang/Object;
         6: checkcast     #156                // class java/lang/Long
         9: invokevirtual #564                // Method java/lang/Long.longValue:()J
        12: lload_0
        13: lcmp
        14: ifge          21
        17: iconst_1
        18: goto          22
        21: iconst_0
        22: ireturn

  private static boolean lambda$cleanupExpired$12(long, java.util.Map$Entry);
    Code:
         0: aload_2
         1: invokeinterface #743,  1          // InterfaceMethod java/util/Map$Entry.getValue:()Ljava/lang/Object;
         6: checkcast     #337                // class kr/moonseungjun/villageguardians/VillageRoleAbilitySystem$EmpoweredArrowState
         9: invokevirtual #1145               // Method kr/moonseungjun/villageguardians/VillageRoleAbilitySystem$EmpoweredArrowState.until:()J
        12: lload_0
        13: lcmp
        14: ifge          21
        17: iconst_1
        18: goto          22
        21: iconst_0
        22: ireturn

  private static boolean lambda$cleanupExpired$11(long, java.util.Map$Entry);
    Code:
         0: aload_2
         1: invokeinterface #743,  1          // InterfaceMethod java/util/Map$Entry.getValue:()Ljava/lang/Object;
         6: checkcast     #337                // class kr/moonseungjun/villageguardians/VillageRoleAbilitySystem$EmpoweredArrowState
         9: invokevirtual #1145               // Method kr/moonseungjun/villageguardians/VillageRoleAbilitySystem$EmpoweredArrowState.until:()J
        12: lload_0
        13: lcmp
        14: ifge          21
        17: iconst_1
        18: goto          22
        21: iconst_0
        22: ireturn

  private static boolean lambda$cleanupExpired$10(long, java.util.Map$Entry);
    Code:
         0: aload_2
         1: invokeinterface #743,  1          // InterfaceMethod java/util/Map$Entry.getValue:()Ljava/lang/Object;
         6: checkcast     #746                // class kr/moonseungjun/villageguardians/VillageRoleAbilitySystem$TrackingArrowState
         9: invokevirtual #760                // Method kr/moonseungjun/villageguardians/VillageRoleAbilitySystem$TrackingArrowState.until:()J
        12: lload_0
        13: lcmp
        14: ifge          21
        17: iconst_1
        18: goto          22
        21: iconst_0
        22: ireturn

  private static boolean lambda$cleanupExpired$9(long, java.util.Map$Entry);
    Code:
         0: aload_2
         1: invokeinterface #743,  1          // InterfaceMethod java/util/Map$Entry.getValue:()Ljava/lang/Object;
         6: checkcast     #337                // class kr/moonseungjun/villageguardians/VillageRoleAbilitySystem$EmpoweredArrowState
         9: invokevirtual #1145               // Method kr/moonseungjun/villageguardians/VillageRoleAbilitySystem$EmpoweredArrowState.until:()J
        12: lload_0
        13: lcmp
        14: ifge          21
        17: iconst_1
        18: goto          22
        21: iconst_0
        22: ireturn

  private static boolean lambda$cleanupExpired$8(long, java.util.UUID);
    Code:
         0: getstatic     #36                 // Field RICOCHET_UNTIL:Ljava/util/Map;
         3: aload_2
         4: lconst_0
         5: invokestatic  #155                // Method java/lang/Long.valueOf:(J)Ljava/lang/Long;
         8: invokeinterface #561,  3          // InterfaceMethod java/util/Map.getOrDefault:(Ljava/lang/Object;Ljava/lang/Object;)Ljava/lang/Object;
        13: checkcast     #156                // class java/lang/Long
        16: invokevirtual #564                // Method java/lang/Long.longValue:()J
        19: lload_0
        20: lcmp
        21: ifge          28
        24: iconst_1
        25: goto          29
        28: iconst_0
        29: ireturn

  private static boolean lambda$cleanupExpired$7(long, java.util.Map$Entry);
    Code:
         0: aload_2
         1: invokeinterface #743,  1          // InterfaceMethod java/util/Map$Entry.getValue:()Ljava/lang/Object;
         6: checkcast     #156                // class java/lang/Long
         9: invokevirtual #564                // Method java/lang/Long.longValue:()J
        12: lload_0
        13: lcmp
        14: ifge          21
        17: iconst_1
        18: goto          22
        21: iconst_0
        22: ireturn

  private static boolean lambda$cleanupExpired$6(long, java.util.UUID);
    Code:
         0: getstatic     #24                 // Field RAPID_UNTIL:Ljava/util/Map;
         3: aload_2
         4: lconst_0
         5: invokestatic  #155                // Method java/lang/Long.valueOf:(J)Ljava/lang/Long;
         8: invokeinterface #561,  3          // InterfaceMethod java/util/Map.getOrDefault:(Ljava/lang/Object;Ljava/lang/Object;)Ljava/lang/Object;
        13: checkcast     #156                // class java/lang/Long
        16: invokevirtual #564                // Method java/lang/Long.longValue:()J
        19: lload_0
        20: lcmp
        21: ifge          28
        24: iconst_1
        25: goto          29
        28: iconst_0
        29: ireturn

  private static boolean lambda$cleanupExpired$5(long, java.util.Map$Entry);
    Code:
         0: aload_2
         1: invokeinterface #743,  1          // InterfaceMethod java/util/Map$Entry.getValue:()Ljava/lang/Object;
         6: checkcast     #337                // class kr/moonseungjun/villageguardians/VillageRoleAbilitySystem$EmpoweredArrowState
         9: invokevirtual #1145               // Method kr/moonseungjun/villageguardians/VillageRoleAbilitySystem$EmpoweredArrowState.until:()J
        12: lload_0
        13: lcmp
        14: ifge          21
        17: iconst_1
        18: goto          22
        21: iconst_0
        22: ireturn

  private static boolean lambda$cleanupExpired$4(long, java.util.UUID);
    Code:
         0: getstatic     #24                 // Field RAPID_UNTIL:Ljava/util/Map;
         3: aload_2
         4: lconst_0
         5: invokestatic  #155                // Method java/lang/Long.valueOf:(J)Ljava/lang/Long;
         8: invokeinterface #561,  3          // InterfaceMethod java/util/Map.getOrDefault:(Ljava/lang/Object;Ljava/lang/Object;)Ljava/lang/Object;
        13: checkcast     #156                // class java/lang/Long
        16: invokevirtual #564                // Method java/lang/Long.longValue:()J
        19: lload_0
        20: lcmp
        21: ifge          28
        24: iconst_1
        25: goto          29
        28: iconst_0
        29: ireturn

  private static boolean lambda$cleanupExpired$3(long, java.util.Map$Entry);
    Code:
         0: aload_2
         1: invokeinterface #743,  1          // InterfaceMethod java/util/Map$Entry.getValue:()Ljava/lang/Object;
         6: checkcast     #156                // class java/lang/Long
         9: invokevirtual #564                // Method java/lang/Long.longValue:()J
        12: lload_0
        13: lcmp
        14: ifge          21
        17: iconst_1
        18: goto          22
        21: iconst_0
        22: ireturn

  private static boolean lambda$cleanupExpired$2(long, java.util.Map$Entry);
    Code:
         0: aload_2
         1: invokeinterface #743,  1          // InterfaceMethod java/util/Map$Entry.getValue:()Ljava/lang/Object;
         6: checkcast     #219                // class kr/moonseungjun/villageguardians/VillageRoleAbilitySystem$TimedScale
         9: invokevirtual #1200               // Method kr/moonseungjun/villageguardians/VillageRoleAbilitySystem$TimedScale.until:()J
        12: lload_0
        13: lcmp
        14: ifge          21
        17: iconst_1
        18: goto          22
        21: iconst_0
        22: ireturn

  private static boolean lambda$cleanupExpired$1(long, java.util.UUID);
    Code:
         0: getstatic     #7                  // Field SPIN_UNTIL:Ljava/util/Map;
         3: aload_2
         4: lconst_0
         5: invokestatic  #155                // Method java/lang/Long.valueOf:(J)Ljava/lang/Long;
         8: invokeinterface #561,  3          // InterfaceMethod java/util/Map.getOrDefault:(Ljava/lang/Object;Ljava/lang/Object;)Ljava/lang/Object;
        13: checkcast     #156                // class java/lang/Long
        16: invokevirtual #564                // Method java/lang/Long.longValue:()J
        19: lload_0
        20: lcmp
        21: ifge          28
        24: iconst_1
        25: goto          29
        28: iconst_0
        29: ireturn

  private static boolean lambda$cleanupExpired$0(long, java.util.Map$Entry);
    Code:
         0: aload_2
         1: invokeinterface #743,  1          // InterfaceMethod java/util/Map$Entry.getValue:()Ljava/lang/Object;
         6: checkcast     #156                // class java/lang/Long
         9: invokevirtual #564                // Method java/lang/Long.longValue:()J
        12: lload_0
        13: lcmp
        14: ifge          21
        17: iconst_1
        18: goto          22
        21: iconst_0
        22: ireturn

  static {};
    Code:
         0: new           #1803               // class java/util/HashMap
         3: dup
         4: invokespecial #1805               // Method java/util/HashMap."<init>":()V
         7: putstatic     #7                  // Field SPIN_UNTIL:Ljava/util/Map;
        10: new           #1803               // class java/util/HashMap
        13: dup
        14: invokespecial #1805               // Method java/util/HashMap."<init>":()V
        17: putstatic     #18                 // Field SPIN_SCALE:Ljava/util/Map;
        20: new           #1803               // class java/util/HashMap
        23: dup
        24: invokespecial #1805               // Method java/util/HashMap."<init>":()V
        27: putstatic     #21                 // Field RALLY_SCALE:Ljava/util/Map;
        30: new           #1803               // class java/util/HashMap
        33: dup
        34: invokespecial #1805               // Method java/util/HashMap."<init>":()V
        37: putstatic     #24                 // Field RAPID_UNTIL:Ljava/util/Map;
        40: new           #1803               // class java/util/HashMap
        43: dup
        44: invokespecial #1805               // Method java/util/HashMap."<init>":()V
        47: putstatic     #27                 // Field RAPID_SCALE:Ljava/util/Map;
        50: new           #1803               // class java/util/HashMap
        53: dup
        54: invokespecial #1805               // Method java/util/HashMap."<init>":()V
        57: putstatic     #30                 // Field RAPID_ARROWS:Ljava/util/Map;
        60: new           #1803               // class java/util/HashMap
        63: dup
        64: invokespecial #1805               // Method java/util/HashMap."<init>":()V
        67: putstatic     #33                 // Field RAPID_DRAW_TICKS:Ljava/util/Map;
        70: new           #1803               // class java/util/HashMap
        73: dup
        74: invokespecial #1805               // Method java/util/HashMap."<init>":()V
        77: putstatic     #36                 // Field RICOCHET_UNTIL:Ljava/util/Map;
        80: new           #1803               // class java/util/HashMap
        83: dup
        84: invokespecial #1805               // Method java/util/HashMap."<init>":()V
        87: putstatic     #39                 // Field RICOCHET_SCALE:Ljava/util/Map;
        90: new           #1803               // class java/util/HashMap
        93: dup
        94: invokespecial #1805               // Method java/util/HashMap."<init>":()V
        97: putstatic     #42                 // Field RICOCHET_ARROWS:Ljava/util/Map;
       100: new           #1803               // class java/util/HashMap
       103: dup
       104: invokespecial #1805               // Method java/util/HashMap."<init>":()V
       107: putstatic     #45                 // Field TRACKING_ARROWS:Ljava/util/Map;
       110: new           #1803               // class java/util/HashMap
       113: dup
       114: invokespecial #1805               // Method java/util/HashMap."<init>":()V
       117: putstatic     #48                 // Field ARROW_RAIN_READY:Ljava/util/Map;
       120: new           #1803               // class java/util/HashMap
       123: dup
       124: invokespecial #1805               // Method java/util/HashMap."<init>":()V
       127: putstatic     #51                 // Field MEGA_ARROW_READY:Ljava/util/Map;
       130: new           #1803               // class java/util/HashMap
       133: dup
       134: invokespecial #1805               // Method java/util/HashMap."<init>":()V
       137: putstatic     #54                 // Field FORTRESS_UNTIL:Ljava/util/Map;
       140: new           #1803               // class java/util/HashMap
       143: dup
       144: invokespecial #1805               // Method java/util/HashMap."<init>":()V
       147: putstatic     #57                 // Field FORTRESS_SCALE:Ljava/util/Map;
       150: new           #1803               // class java/util/HashMap
       153: dup
       154: invokespecial #1805               // Method java/util/HashMap."<init>":()V
       157: putstatic     #60                 // Field AEGIS_UNTIL:Ljava/util/Map;
       160: new           #1803               // class java/util/HashMap
       163: dup
       164: invokespecial #1805               // Method java/util/HashMap."<init>":()V
       167: putstatic     #63                 // Field AEGIS_SCALE:Ljava/util/Map;
       170: new           #1803               // class java/util/HashMap
       173: dup
       174: invokespecial #1805               // Method java/util/HashMap."<init>":()V
       177: putstatic     #66                 // Field CHARGE_UNTIL:Ljava/util/Map;
       180: new           #1803               // class java/util/HashMap
       183: dup
       184: invokespecial #1805               // Method java/util/HashMap."<init>":()V
       187: putstatic     #69                 // Field LAST_AEGIS_DASH:Ljava/util/Map;
       190: new           #1803               // class java/util/HashMap
       193: dup
       194: invokespecial #1805               // Method java/util/HashMap."<init>":()V
       197: putstatic     #72                 // Field SLAMS:Ljava/util/Map;
       200: new           #1245               // class java/util/ArrayList
       203: dup
       204: invokespecial #1247               // Method java/util/ArrayList."<init>":()V
       207: putstatic     #75                 // Field SCHEDULED:Ljava/util/List;
       210: new           #1245               // class java/util/ArrayList
       213: dup
       214: invokespecial #1247               // Method java/util/ArrayList."<init>":()V
       217: putstatic     #82                 // Field AREAS:Ljava/util/List;
       220: new           #1806               // class java/util/LinkedHashMap
       223: dup
       224: invokespecial #1808               // Method java/util/LinkedHashMap."<init>":()V
       227: putstatic     #85                 // Field MOVING:Ljava/util/Map;
       230: return
}
Compiled from "VillageEquipmentShop.java"
public final class kr.moonseungjun.villageguardians.VillageEquipmentShop {
  private kr.moonseungjun.villageguardians.VillageEquipmentShop();
    Code:
         0: aload_0
         1: invokespecial #1                  // Method java/lang/Object."<init>":()V
         4: return

  public static java.util.List<kr.moonseungjun.villageguardians.VillageEquipmentShop$Offer> offers();
    Code:
         0: invokestatic  #7                  // Method kr/moonseungjun/villageguardians/VillageEquipmentShop$Offer.values:()[Lkr/moonseungjun/villageguardians/VillageEquipmentShop$Offer;
         3: invokestatic  #13                 // InterfaceMethod java/util/List.of:([Ljava/lang/Object;)Ljava/util/List;
         6: areturn

  public static java.util.List<kr.moonseungjun.villageguardians.VillageEquipmentShop$Offer> offers(kr.moonseungjun.villageguardians.VillageEquipmentShop$Category);
    Code:
         0: invokestatic  #7                  // Method kr/moonseungjun/villageguardians/VillageEquipmentShop$Offer.values:()[Lkr/moonseungjun/villageguardians/VillageEquipmentShop$Offer;
         3: invokestatic  #19                 // Method java/util/Arrays.stream:([Ljava/lang/Object;)Ljava/util/stream/Stream;
         6: aload_0
         7: invokedynamic #25,  0             // InvokeDynamic #0:test:(Lkr/moonseungjun/villageguardians/VillageEquipmentShop$Category;)Ljava/util/function/Predicate;
        12: invokeinterface #29,  2           // InterfaceMethod java/util/stream/Stream.filter:(Ljava/util/function/Predicate;)Ljava/util/stream/Stream;
        17: invokeinterface #35,  1           // InterfaceMethod java/util/stream/Stream.toList:()Ljava/util/List;
        22: areturn

  public static java.util.List<kr.moonseungjun.villageguardians.VillageEquipmentShop$Offer> currentOffers(int);
    Code:
         0: iconst_1
         1: iload_0
         2: invokestatic  #39                 // Method java/lang/Math.max:(II)I
         5: istore_1
         6: new           #45                 // class java/util/ArrayList
         9: dup
        10: invokespecial #47                 // Method java/util/ArrayList."<init>":()V
        13: astore_2
        14: aload_2
        15: getstatic     #48                 // Field kr/moonseungjun/villageguardians/VillageEquipmentShop$Category.EQUIPMENT:Lkr/moonseungjun/villageguardians/VillageEquipmentShop$Category;
        18: iload_1
        19: iconst_4
        20: invokestatic  #54                 // Method rotatingOffers:(Lkr/moonseungjun/villageguardians/VillageEquipmentShop$Category;II)Ljava/util/List;
        23: invokeinterface #60,  2           // InterfaceMethod java/util/List.addAll:(Ljava/util/Collection;)Z
        28: pop
        29: aload_2
        30: getstatic     #64                 // Field kr/moonseungjun/villageguardians/VillageEquipmentShop$Category.ARMOR:Lkr/moonseungjun/villageguardians/VillageEquipmentShop$Category;
        33: iload_1
        34: iconst_3
        35: invokestatic  #54                 // Method rotatingOffers:(Lkr/moonseungjun/villageguardians/VillageEquipmentShop$Category;II)Ljava/util/List;
        38: invokeinterface #60,  2           // InterfaceMethod java/util/List.addAll:(Ljava/util/Collection;)Z
        43: pop
        44: aload_2
        45: invokestatic  #67                 // InterfaceMethod java/util/List.copyOf:(Ljava/util/Collection;)Ljava/util/List;
        48: areturn

  public static boolean isStocked(kr.moonseungjun.villageguardians.VillageEquipmentShop$Offer, int);
    Code:
         0: aload_0
         1: ifnull        21
         4: iload_1
         5: invokestatic  #71                 // Method currentOffers:(I)Ljava/util/List;
         8: aload_0
         9: invokeinterface #75,  2           // InterfaceMethod java/util/List.contains:(Ljava/lang/Object;)Z
        14: ifeq          21
        17: iconst_1
        18: goto          22
        21: iconst_0
        22: ireturn

  private static java.util.List<kr.moonseungjun.villageguardians.VillageEquipmentShop$Offer> rotatingOffers(kr.moonseungjun.villageguardians.VillageEquipmentShop$Category, int, int);
    Code:
         0: invokestatic  #7                  // Method kr/moonseungjun/villageguardians/VillageEquipmentShop$Offer.values:()[Lkr/moonseungjun/villageguardians/VillageEquipmentShop$Offer;
         3: invokestatic  #19                 // Method java/util/Arrays.stream:([Ljava/lang/Object;)Ljava/util/stream/Stream;
         6: aload_0
         7: iload_1
         8: invokedynamic #79,  0             // InvokeDynamic #1:test:(Lkr/moonseungjun/villageguardians/VillageEquipmentShop$Category;I)Ljava/util/function/Predicate;
        13: invokeinterface #29,  2           // InterfaceMethod java/util/stream/Stream.filter:(Ljava/util/function/Predicate;)Ljava/util/stream/Stream;
        18: invokeinterface #35,  1           // InterfaceMethod java/util/stream/Stream.toList:()Ljava/util/List;
        23: astore_3
        24: aload_3
        25: invokeinterface #82,  1           // InterfaceMethod java/util/List.isEmpty:()Z
        30: ifeq          37
        33: invokestatic  #86                 // InterfaceMethod java/util/List.of:()Ljava/util/List;
        36: areturn
        37: iload_2
        38: aload_3
        39: invokeinterface #88,  1           // InterfaceMethod java/util/List.size:()I
        44: invokestatic  #92                 // Method java/lang/Math.min:(II)I
        47: istore        4
        49: iload_1
        50: iconst_3
        51: imul
        52: iconst_3
        53: isub
        54: aload_0
        55: invokevirtual #95                 // Method kr/moonseungjun/villageguardians/VillageEquipmentShop$Category.ordinal:()I
        58: iconst_5
        59: imul
        60: iadd
        61: aload_3
        62: invokeinterface #88,  1           // InterfaceMethod java/util/List.size:()I
        67: invokestatic  #98                 // Method java/lang/Math.floorMod:(II)I
        70: istore        5
        72: new           #45                 // class java/util/ArrayList
        75: dup
        76: invokespecial #47                 // Method java/util/ArrayList."<init>":()V
        79: astore        6
        81: iconst_0
        82: istore        7
        84: iload         7
        86: iload         4
        88: if_icmpge     126
        91: aload         6
        93: aload_3
        94: iload         5
        96: iload         7
        98: iadd
        99: aload_3
       100: invokeinterface #88,  1           // InterfaceMethod java/util/List.size:()I
       105: irem
       106: invokeinterface #101,  2          // InterfaceMethod java/util/List.get:(I)Ljava/lang/Object;
       111: checkcast     #8                  // class kr/moonseungjun/villageguardians/VillageEquipmentShop$Offer
       114: invokeinterface #105,  2          // InterfaceMethod java/util/List.add:(Ljava/lang/Object;)Z
       119: pop
       120: iinc          7, 1
       123: goto          84
       126: aload         6
       128: invokestatic  #67                 // InterfaceMethod java/util/List.copyOf:(Ljava/util/Collection;)Ljava/util/List;
       131: areturn

  public static java.lang.String purchase(net.minecraft.server.level.ServerPlayer, java.lang.String);
    Code:
         0: aload_1
         1: invokestatic  #108                // Method kr/moonseungjun/villageguardians/VillageEquipmentShop$Offer.parse:(Ljava/lang/String;)Ljava/util/Optional;
         4: aconst_null
         5: invokevirtual #112                // Method java/util/Optional.orElse:(Ljava/lang/Object;)Ljava/lang/Object;
         8: checkcast     #8                  // class kr/moonseungjun/villageguardians/VillageEquipmentShop$Offer
        11: astore_2
        12: aload_2
        13: ifnonnull     19
        16: ldc           #118                // String 알 수 없는 장비 상품입니다.
        18: areturn
        19: getstatic     #120                // Field kr/moonseungjun/villageguardians/VillageProgressionSystem$Building.STOREHOUSE:Lkr/moonseungjun/villageguardians/VillageProgressionSystem$Building;
        22: invokestatic  #126                // Method kr/moonseungjun/villageguardians/VillageProgressionSystem.isOperational:(Lkr/moonseungjun/villageguardians/VillageProgressionSystem$Building;)Z
        25: ifne          31
        28: ldc           #132                // String 상점이 파괴되어 장비를 구매할 수 없습니다.
        30: areturn
        31: invokestatic  #134                // Method kr/moonseungjun/villageguardians/VillageCouncilState.currentDay:()I
        34: istore_3
        35: aload_2
        36: iload_3
        37: invokestatic  #139                // Method isStocked:(Lkr/moonseungjun/villageguardians/VillageEquipmentShop$Offer;I)Z
        40: ifne          46
        43: ldc           #143                // String 오늘 입고된 상품이 아닙니다. 상점 목록을 다시 확인하세요.
        45: areturn
        46: aload_0
        47: aload_2
        48: invokevirtual #145                // Method kr/moonseungjun/villageguardians/VillageEquipmentShop$Offer.cost:()I
        51: invokestatic  #148                // Method kr/moonseungjun/villageguardians/VillageProgressionSystem.spendCoins:(Lnet/minecraft/server/level/ServerPlayer;I)Z
        54: ifne          67
        57: aload_2
        58: invokevirtual #145                // Method kr/moonseungjun/villageguardians/VillageEquipmentShop$Offer.cost:()I
        61: invokedynamic #152,  0            // InvokeDynamic #2:makeConcatWithConstants:(I)Ljava/lang/String;
        66: areturn
        67: aload_2
        68: invokevirtual #156                // Method kr/moonseungjun/villageguardians/VillageEquipmentShop$Offer.createStack:()Lnet/minecraft/world/item/ItemStack;
        71: astore        4
        73: aload_0
        74: aload         4
        76: invokevirtual #160                // Method net/minecraft/server/level/ServerPlayer.addItem:(Lnet/minecraft/world/item/ItemStack;)Z
        79: ifne          90
        82: aload_0
        83: aload         4
        85: iconst_0
        86: invokevirtual #166                // Method net/minecraft/server/level/ServerPlayer.drop:(Lnet/minecraft/world/item/ItemStack;Z)Lnet/minecraft/world/entity/item/ItemEntity;
        89: pop
        90: aload_2
        91: invokevirtual #170                // Method kr/moonseungjun/villageguardians/VillageEquipmentShop$Offer.displayName:()Ljava/lang/String;
        94: aload_0
        95: invokestatic  #174                // Method kr/moonseungjun/villageguardians/VillageProgressionSystem.coins:(Lnet/minecraft/server/level/ServerPlayer;)I
        98: invokedynamic #178,  0            // InvokeDynamic #3:makeConcatWithConstants:(Ljava/lang/String;I)Ljava/lang/String;
       103: areturn

  public static java.lang.String status(net.minecraft.server.level.ServerPlayer, kr.moonseungjun.villageguardians.VillageEquipmentShop$Offer);
    Code:
         0: aload_1
         1: invokestatic  #134                // Method kr/moonseungjun/villageguardians/VillageCouncilState.currentDay:()I
         4: invokestatic  #139                // Method isStocked:(Lkr/moonseungjun/villageguardians/VillageEquipmentShop$Offer;I)Z
         7: ifne          13
        10: ldc           #181                // String 오늘 미입고
        12: areturn
        13: aload_0
        14: invokestatic  #174                // Method kr/moonseungjun/villageguardians/VillageProgressionSystem.coins:(Lnet/minecraft/server/level/ServerPlayer;)I
        17: aload_1
        18: invokevirtual #145                // Method kr/moonseungjun/villageguardians/VillageEquipmentShop$Offer.cost:()I
        21: if_icmpge     34
        24: aload_1
        25: invokevirtual #145                // Method kr/moonseungjun/villageguardians/VillageEquipmentShop$Offer.cost:()I
        28: invokedynamic #183,  0            // InvokeDynamic #4:makeConcatWithConstants:(I)Ljava/lang/String;
        33: areturn
        34: ldc           #184                // String available
        36: areturn

  public static float outgoingMultiplier(net.minecraft.server.level.ServerPlayer, boolean);
    Code:
         0: iload_1
         1: ifeq          15
         4: aload_0
         5: invokevirtual #186                // Method net/minecraft/server/level/ServerPlayer.getMainHandItem:()Lnet/minecraft/world/item/ItemStack;
         8: iconst_1
         9: invokestatic  #189                // Method bonusFor:(Lnet/minecraft/world/item/ItemStack;Z)F
        12: goto          23
        15: aload_0
        16: invokevirtual #186                // Method net/minecraft/server/level/ServerPlayer.getMainHandItem:()Lnet/minecraft/world/item/ItemStack;
        19: iconst_0
        20: invokestatic  #189                // Method bonusFor:(Lnet/minecraft/world/item/ItemStack;Z)F
        23: fstore_2
        24: iload_1
        25: ifeq          41
        28: fload_2
        29: aload_0
        30: invokevirtual #193                // Method net/minecraft/server/level/ServerPlayer.getOffhandItem:()Lnet/minecraft/world/item/ItemStack;
        33: iconst_1
        34: invokestatic  #189                // Method bonusFor:(Lnet/minecraft/world/item/ItemStack;Z)F
        37: invokestatic  #196                // Method java/lang/Math.max:(FF)F
        40: fstore_2
        41: iload_1
        42: ifeq          65
        45: aload_0
        46: invokevirtual #186                // Method net/minecraft/server/level/ServerPlayer.getMainHandItem:()Lnet/minecraft/world/item/ItemStack;
        49: invokestatic  #199                // Method kr/moonseungjun/villageguardians/VillageEquipmentRaritySystem.projectileMultiplier:(Lnet/minecraft/world/item/ItemStack;)F
        52: aload_0
        53: invokevirtual #193                // Method net/minecraft/server/level/ServerPlayer.getOffhandItem:()Lnet/minecraft/world/item/ItemStack;
        56: invokestatic  #199                // Method kr/moonseungjun/villageguardians/VillageEquipmentRaritySystem.projectileMultiplier:(Lnet/minecraft/world/item/ItemStack;)F
        59: invokestatic  #196                // Method java/lang/Math.max:(FF)F
        62: goto          72
        65: aload_0
        66: invokevirtual #186                // Method net/minecraft/server/level/ServerPlayer.getMainHandItem:()Lnet/minecraft/world/item/ItemStack;
        69: invokestatic  #205                // Method kr/moonseungjun/villageguardians/VillageEquipmentRaritySystem.meleeMultiplier:(Lnet/minecraft/world/item/ItemStack;)F
        72: fstore_3
        73: iload_1
        74: ifeq          84
        77: aload_0
        78: invokestatic  #208                // Method kr/moonseungjun/villageguardians/VillageRelicSystem.projectileMultiplier:(Lnet/minecraft/server/level/ServerPlayer;)F
        81: goto          88
        84: aload_0
        85: invokestatic  #213                // Method kr/moonseungjun/villageguardians/VillageRelicSystem.meleeMultiplier:(Lnet/minecraft/server/level/ServerPlayer;)F
        88: fstore        4
        90: fload_2
        91: fload_3
        92: fmul
        93: fload         4
        95: fmul
        96: freturn

  public static float incomingMultiplier(net.minecraft.server.level.ServerPlayer);
    Code:
         0: aload_0
         1: invokestatic  #215                // Method equippedOffers:(Lnet/minecraft/server/level/ServerPlayer;)Ljava/util/Set;
         4: invokeinterface #219,  1          // InterfaceMethod java/util/Set.stream:()Ljava/util/stream/Stream;
         9: invokedynamic #224,  0            // InvokeDynamic #5:apply:()Ljava/util/function/Function;
        14: invokeinterface #228,  2          // InterfaceMethod java/util/stream/Stream.map:(Ljava/util/function/Function;)Ljava/util/stream/Stream;
        19: fconst_0
        20: invokestatic  #232                // Method java/lang/Float.valueOf:(F)Ljava/lang/Float;
        23: invokedynamic #238,  0            // InvokeDynamic #6:apply:()Ljava/util/function/BinaryOperator;
        28: invokeinterface #241,  3          // InterfaceMethod java/util/stream/Stream.reduce:(Ljava/lang/Object;Ljava/util/function/BinaryOperator;)Ljava/lang/Object;
        33: checkcast     #233                // class java/lang/Float
        36: invokevirtual #245                // Method java/lang/Float.floatValue:()F
        39: fstore_1
        40: aload_0
        41: invokestatic  #249                // Method kr/moonseungjun/villageguardians/VillageEquipmentRaritySystem.incomingMultiplier:(Lnet/minecraft/server/level/ServerPlayer;)F
        44: fstore_2
        45: ldc           #252                // float 0.52f
        47: fconst_1
        48: ldc           #253                // float 0.42f
        50: fload_1
        51: invokestatic  #254                // Method java/lang/Math.min:(FF)F
        54: fsub
        55: fload_2
        56: fmul
        57: aload_0
        58: invokestatic  #256                // Method kr/moonseungjun/villageguardians/VillageRelicSystem.incomingMultiplier:(Lnet/minecraft/server/level/ServerPlayer;)F
        61: fmul
        62: invokestatic  #196                // Method java/lang/Math.max:(FF)F
        65: freturn

  public static float roleSkillMultiplier(net.minecraft.server.level.ServerPlayer);
    Code:
         0: fconst_1
         1: fstore_1
         2: aload_0
         3: invokestatic  #215                // Method equippedOffers:(Lnet/minecraft/server/level/ServerPlayer;)Ljava/util/Set;
         6: invokeinterface #257,  1          // InterfaceMethod java/util/Set.iterator:()Ljava/util/Iterator;
        11: astore_2
        12: aload_2
        13: invokeinterface #261,  1          // InterfaceMethod java/util/Iterator.hasNext:()Z
        18: ifeq          41
        21: aload_2
        22: invokeinterface #266,  1          // InterfaceMethod java/util/Iterator.next:()Ljava/lang/Object;
        27: checkcast     #8                  // class kr/moonseungjun/villageguardians/VillageEquipmentShop$Offer
        30: astore_3
        31: fload_1
        32: aload_3
        33: invokevirtual #270                // Method kr/moonseungjun/villageguardians/VillageEquipmentShop$Offer.skillMultiplier:()F
        36: fmul
        37: fstore_1
        38: goto          12
        41: fload_1
        42: aload_0
        43: invokestatic  #273                // Method kr/moonseungjun/villageguardians/VillageEquipmentRaritySystem.skillMultiplier:(Lnet/minecraft/server/level/ServerPlayer;)F
        46: fmul
        47: aload_0
        48: invokestatic  #275                // Method kr/moonseungjun/villageguardians/VillageRelicSystem.skillMultiplier:(Lnet/minecraft/server/level/ServerPlayer;)F
        51: fmul
        52: freturn

  public static int cooldownReductionSeconds(net.minecraft.server.level.ServerPlayer);
    Code:
         0: iconst_0
         1: istore_1
         2: aload_0
         3: invokestatic  #215                // Method equippedOffers:(Lnet/minecraft/server/level/ServerPlayer;)Ljava/util/Set;
         6: invokeinterface #257,  1          // InterfaceMethod java/util/Set.iterator:()Ljava/util/Iterator;
        11: astore_2
        12: aload_2
        13: invokeinterface #261,  1          // InterfaceMethod java/util/Iterator.hasNext:()Z
        18: ifeq          41
        21: aload_2
        22: invokeinterface #266,  1          // InterfaceMethod java/util/Iterator.next:()Ljava/lang/Object;
        27: checkcast     #8                  // class kr/moonseungjun/villageguardians/VillageEquipmentShop$Offer
        30: astore_3
        31: iload_1
        32: aload_3
        33: invokevirtual #276                // Method kr/moonseungjun/villageguardians/VillageEquipmentShop$Offer.cooldownReductionSeconds:()I
        36: iadd
        37: istore_1
        38: goto          12
        41: iconst_4
        42: iload_1
        43: invokestatic  #92                 // Method java/lang/Math.min:(II)I
        46: ireturn

  private static java.util.Set<kr.moonseungjun.villageguardians.VillageEquipmentShop$Offer> equippedOffers(net.minecraft.server.level.ServerPlayer);
    Code:
         0: ldc           #8                  // class kr/moonseungjun/villageguardians/VillageEquipmentShop$Offer
         2: invokestatic  #279                // Method java/util/EnumSet.noneOf:(Ljava/lang/Class;)Ljava/util/EnumSet;
         5: astore_1
         6: aload_1
         7: aload_0
         8: invokevirtual #186                // Method net/minecraft/server/level/ServerPlayer.getMainHandItem:()Lnet/minecraft/world/item/ItemStack;
        11: invokestatic  #285                // Method collect:(Ljava/util/Set;Lnet/minecraft/world/item/ItemStack;)V
        14: aload_1
        15: aload_0
        16: invokevirtual #193                // Method net/minecraft/server/level/ServerPlayer.getOffhandItem:()Lnet/minecraft/world/item/ItemStack;
        19: invokestatic  #285                // Method collect:(Ljava/util/Set;Lnet/minecraft/world/item/ItemStack;)V
        22: iconst_4
        23: anewarray     #289                // class net/minecraft/world/entity/EquipmentSlot
        26: dup
        27: iconst_0
        28: getstatic     #291                // Field net/minecraft/world/entity/EquipmentSlot.HEAD:Lnet/minecraft/world/entity/EquipmentSlot;
        31: aastore
        32: dup
        33: iconst_1
        34: getstatic     #295                // Field net/minecraft/world/entity/EquipmentSlot.CHEST:Lnet/minecraft/world/entity/EquipmentSlot;
        37: aastore
        38: dup
        39: iconst_2
        40: getstatic     #298                // Field net/minecraft/world/entity/EquipmentSlot.LEGS:Lnet/minecraft/world/entity/EquipmentSlot;
        43: aastore
        44: dup
        45: iconst_3
        46: getstatic     #301                // Field net/minecraft/world/entity/EquipmentSlot.FEET:Lnet/minecraft/world/entity/EquipmentSlot;
        49: aastore
        50: astore_2
        51: aload_2
        52: arraylength
        53: istore_3
        54: iconst_0
        55: istore        4
        57: iload         4
        59: iload_3
        60: if_icmpge     85
        63: aload_2
        64: iload         4
        66: aaload
        67: astore        5
        69: aload_1
        70: aload_0
        71: aload         5
        73: invokevirtual #304                // Method net/minecraft/server/level/ServerPlayer.getItemBySlot:(Lnet/minecraft/world/entity/EquipmentSlot;)Lnet/minecraft/world/item/ItemStack;
        76: invokestatic  #285                // Method collect:(Ljava/util/Set;Lnet/minecraft/world/item/ItemStack;)V
        79: iinc          4, 1
        82: goto          57
        85: aload_1
        86: areturn

  private static void collect(java.util.Set<kr.moonseungjun.villageguardians.VillageEquipmentShop$Offer>, net.minecraft.world.item.ItemStack);
    Code:
         0: invokestatic  #7                  // Method kr/moonseungjun/villageguardians/VillageEquipmentShop$Offer.values:()[Lkr/moonseungjun/villageguardians/VillageEquipmentShop$Offer;
         3: astore_2
         4: aload_2
         5: arraylength
         6: istore_3
         7: iconst_0
         8: istore        4
        10: iload         4
        12: iload_3
        13: if_icmpge     46
        16: aload_2
        17: iload         4
        19: aaload
        20: astore        5
        22: aload         5
        24: aload_1
        25: invokevirtual #308                // Method kr/moonseungjun/villageguardians/VillageEquipmentShop$Offer.matches:(Lnet/minecraft/world/item/ItemStack;)Z
        28: ifeq          40
        31: aload_0
        32: aload         5
        34: invokeinterface #311,  2          // InterfaceMethod java/util/Set.add:(Ljava/lang/Object;)Z
        39: pop
        40: iinc          4, 1
        43: goto          10
        46: return

  private static float bonusFor(net.minecraft.world.item.ItemStack, boolean);
    Code:
         0: invokestatic  #7                  // Method kr/moonseungjun/villageguardians/VillageEquipmentShop$Offer.values:()[Lkr/moonseungjun/villageguardians/VillageEquipmentShop$Offer;
         3: invokestatic  #19                 // Method java/util/Arrays.stream:([Ljava/lang/Object;)Ljava/util/stream/Stream;
         6: aload_0
         7: invokedynamic #312,  0            // InvokeDynamic #7:test:(Lnet/minecraft/world/item/ItemStack;)Ljava/util/function/Predicate;
        12: invokeinterface #29,  2           // InterfaceMethod java/util/stream/Stream.filter:(Ljava/util/function/Predicate;)Ljava/util/stream/Stream;
        17: invokeinterface #315,  1          // InterfaceMethod java/util/stream/Stream.findFirst:()Ljava/util/Optional;
        22: aconst_null
        23: invokevirtual #112                // Method java/util/Optional.orElse:(Ljava/lang/Object;)Ljava/lang/Object;
        26: checkcast     #8                  // class kr/moonseungjun/villageguardians/VillageEquipmentShop$Offer
        29: astore_2
        30: aload_2
        31: ifnonnull     36
        34: fconst_1
        35: freturn
        36: iload_1
        37: ifeq          47
        40: aload_2
        41: invokevirtual #319                // Method kr/moonseungjun/villageguardians/VillageEquipmentShop$Offer.projectileMultiplier:()F
        44: goto          51
        47: aload_2
        48: invokevirtual #321                // Method kr/moonseungjun/villageguardians/VillageEquipmentShop$Offer.meleeMultiplier:()F
        51: freturn

  private static boolean lambda$bonusFor$0(net.minecraft.world.item.ItemStack, kr.moonseungjun.villageguardians.VillageEquipmentShop$Offer);
    Code:
         0: aload_1
         1: aload_0
         2: invokevirtual #308                // Method kr/moonseungjun/villageguardians/VillageEquipmentShop$Offer.matches:(Lnet/minecraft/world/item/ItemStack;)Z
         5: ireturn

  private static boolean lambda$rotatingOffers$0(kr.moonseungjun.villageguardians.VillageEquipmentShop$Category, int, kr.moonseungjun.villageguardians.VillageEquipmentShop$Offer);
    Code:
         0: aload_2
         1: invokevirtual #323                // Method kr/moonseungjun/villageguardians/VillageEquipmentShop$Offer.category:()Lkr/moonseungjun/villageguardians/VillageEquipmentShop$Category;
         4: aload_0
         5: if_acmpne     20
         8: aload_2
         9: invokevirtual #327                // Method kr/moonseungjun/villageguardians/VillageEquipmentShop$Offer.requiredDay:()I
        12: iload_1
        13: if_icmpgt     20
        16: iconst_1
        17: goto          21
        20: iconst_0
        21: ireturn

  private static boolean lambda$offers$0(kr.moonseungjun.villageguardians.VillageEquipmentShop$Category, kr.moonseungjun.villageguardians.VillageEquipmentShop$Offer);
    Code:
         0: aload_1
         1: invokevirtual #323                // Method kr/moonseungjun/villageguardians/VillageEquipmentShop$Offer.category:()Lkr/moonseungjun/villageguardians/VillageEquipmentShop$Category;
         4: aload_0
         5: if_acmpne     12
         8: iconst_1
         9: goto          13
        12: iconst_0
        13: ireturn
}
Compiled from "VillageBossAspectSystem.java"
public final class kr.moonseungjun.villageguardians.VillageBossAspectSystem {
  private static final int LONG;

  private static final java.util.Map<java.util.UUID, kr.moonseungjun.villageguardians.VillageBossAspectSystem$Aspect> ACTIVE;

  private kr.moonseungjun.villageguardians.VillageBossAspectSystem();
    Code:
         0: aload_0
         1: invokespecial #1                  // Method java/lang/Object."<init>":()V
         4: return

  public static void reset();
    Code:
         0: getstatic     #7                  // Field ACTIVE:Ljava/util/Map;
         3: invokeinterface #13,  1           // InterfaceMethod java/util/Map.clear:()V
         8: return

  public static void forget(java.util.UUID);
    Code:
         0: aload_0
         1: ifnull        14
         4: getstatic     #7                  // Field ACTIVE:Ljava/util/Map;
         7: aload_0
         8: invokeinterface #18,  2           // InterfaceMethod java/util/Map.remove:(Ljava/lang/Object;)Ljava/lang/Object;
        13: pop
        14: return

  public static kr.moonseungjun.villageguardians.VillageBossAspectSystem$Aspect preview(int, int, int);
    Code:
         0: invokestatic  #22                 // Method kr/moonseungjun/villageguardians/VillageBossAspectSystem$Aspect.values:()[Lkr/moonseungjun/villageguardians/VillageBossAspectSystem$Aspect;
         3: astore_3
         4: aload_3
         5: iload_0
         6: bipush        31
         8: imul
         9: iload_1
        10: bipush        17
        12: imul
        13: iadd
        14: iload_2
        15: bipush        13
        17: imul
        18: iadd
        19: aload_3
        20: arraylength
        21: invokestatic  #28                 // Method java/lang/Math.floorMod:(II)I
        24: aaload
        25: areturn

  public static void configure(net.minecraft.server.level.ServerLevel, net.minecraft.world.entity.Mob, int, int, int);
    Code:
         0: iload_2
         1: iload_3
         2: iload         4
         4: invokestatic  #34                 // Method preview:(III)Lkr/moonseungjun/villageguardians/VillageBossAspectSystem$Aspect;
         7: astore        5
         9: getstatic     #7                  // Field ACTIVE:Ljava/util/Map;
        12: aload_1
        13: invokevirtual #38                 // Method net/minecraft/world/entity/Mob.getUUID:()Ljava/util/UUID;
        16: aload         5
        18: invokeinterface #44,  3           // InterfaceMethod java/util/Map.put:(Ljava/lang/Object;Ljava/lang/Object;)Ljava/lang/Object;
        23: pop
        24: aload_1
        25: invokevirtual #48                 // Method net/minecraft/world/entity/Mob.getCustomName:()Lnet/minecraft/network/chat/Component;
        28: astore        6
        30: aload_1
        31: aload         5
        33: invokevirtual #52                 // Method kr/moonseungjun/villageguardians/VillageBossAspectSystem$Aspect.displayName:()Ljava/lang/String;
        36: aload         6
        38: ifnonnull     46
        41: ldc           #56                 // String 우두머리
        43: goto          53
        46: aload         6
        48: invokeinterface #58,  1           // InterfaceMethod net/minecraft/network/chat/Component.getString:()Ljava/lang/String;
        53: invokedynamic #63,  0             // InvokeDynamic #0:makeConcatWithConstants:(Ljava/lang/String;Ljava/lang/String;)Ljava/lang/String;
        58: invokestatic  #67                 // InterfaceMethod net/minecraft/network/chat/Component.literal:(Ljava/lang/String;)Lnet/minecraft/network/chat/MutableComponent;
        61: invokevirtual #71                 // Method net/minecraft/world/entity/Mob.setCustomName:(Lnet/minecraft/network/chat/Component;)V
        64: aload         5
        66: invokevirtual #75                 // Method kr/moonseungjun/villageguardians/VillageBossAspectSystem$Aspect.ordinal:()I
        69: tableswitch   { // 0 to 5
                       0: 108
                       1: 147
                       2: 186
                       3: 207
                       4: 228
                       5: 249
                 default: 267
            }
       108: aload_1
       109: new           #79                 // class net/minecraft/world/effect/MobEffectInstance
       112: dup
       113: getstatic     #81                 // Field net/minecraft/world/effect/MobEffects.STRENGTH:Lnet/minecraft/core/Holder;
       116: ldc           #87                 // int 36000
       118: iconst_2
       119: invokespecial #88                 // Method net/minecraft/world/effect/MobEffectInstance."<init>":(Lnet/minecraft/core/Holder;II)V
       122: invokevirtual #91                 // Method net/minecraft/world/entity/Mob.addEffect:(Lnet/minecraft/world/effect/MobEffectInstance;)Z
       125: pop
       126: aload_1
       127: new           #79                 // class net/minecraft/world/effect/MobEffectInstance
       130: dup
       131: getstatic     #95                 // Field net/minecraft/world/effect/MobEffects.SPEED:Lnet/minecraft/core/Holder;
       134: ldc           #87                 // int 36000
       136: iconst_1
       137: invokespecial #88                 // Method net/minecraft/world/effect/MobEffectInstance."<init>":(Lnet/minecraft/core/Holder;II)V
       140: invokevirtual #91                 // Method net/minecraft/world/entity/Mob.addEffect:(Lnet/minecraft/world/effect/MobEffectInstance;)Z
       143: pop
       144: goto          267
       147: aload_1
       148: new           #79                 // class net/minecraft/world/effect/MobEffectInstance
       151: dup
       152: getstatic     #98                 // Field net/minecraft/world/effect/MobEffects.RESISTANCE:Lnet/minecraft/core/Holder;
       155: ldc           #87                 // int 36000
       157: iconst_2
       158: invokespecial #88                 // Method net/minecraft/world/effect/MobEffectInstance."<init>":(Lnet/minecraft/core/Holder;II)V
       161: invokevirtual #91                 // Method net/minecraft/world/entity/Mob.addEffect:(Lnet/minecraft/world/effect/MobEffectInstance;)Z
       164: pop
       165: aload_1
       166: new           #79                 // class net/minecraft/world/effect/MobEffectInstance
       169: dup
       170: getstatic     #101                // Field net/minecraft/world/effect/MobEffects.ABSORPTION:Lnet/minecraft/core/Holder;
       173: ldc           #87                 // int 36000
       175: iconst_4
       176: invokespecial #88                 // Method net/minecraft/world/effect/MobEffectInstance."<init>":(Lnet/minecraft/core/Holder;II)V
       179: invokevirtual #91                 // Method net/minecraft/world/entity/Mob.addEffect:(Lnet/minecraft/world/effect/MobEffectInstance;)Z
       182: pop
       183: goto          267
       186: aload_1
       187: new           #79                 // class net/minecraft/world/effect/MobEffectInstance
       190: dup
       191: getstatic     #104                // Field net/minecraft/world/effect/MobEffects.REGENERATION:Lnet/minecraft/core/Holder;
       194: ldc           #87                 // int 36000
       196: iconst_1
       197: invokespecial #88                 // Method net/minecraft/world/effect/MobEffectInstance."<init>":(Lnet/minecraft/core/Holder;II)V
       200: invokevirtual #91                 // Method net/minecraft/world/entity/Mob.addEffect:(Lnet/minecraft/world/effect/MobEffectInstance;)Z
       203: pop
       204: goto          267
       207: aload_1
       208: new           #79                 // class net/minecraft/world/effect/MobEffectInstance
       211: dup
       212: getstatic     #95                 // Field net/minecraft/world/effect/MobEffects.SPEED:Lnet/minecraft/core/Holder;
       215: ldc           #87                 // int 36000
       217: iconst_1
       218: invokespecial #88                 // Method net/minecraft/world/effect/MobEffectInstance."<init>":(Lnet/minecraft/core/Holder;II)V
       221: invokevirtual #91                 // Method net/minecraft/world/entity/Mob.addEffect:(Lnet/minecraft/world/effect/MobEffectInstance;)Z
       224: pop
       225: goto          267
       228: aload_1
       229: new           #79                 // class net/minecraft/world/effect/MobEffectInstance
       232: dup
       233: getstatic     #98                 // Field net/minecraft/world/effect/MobEffects.RESISTANCE:Lnet/minecraft/core/Holder;
       236: ldc           #87                 // int 36000
       238: iconst_1
       239: invokespecial #88                 // Method net/minecraft/world/effect/MobEffectInstance."<init>":(Lnet/minecraft/core/Holder;II)V
       242: invokevirtual #91                 // Method net/minecraft/world/entity/Mob.addEffect:(Lnet/minecraft/world/effect/MobEffectInstance;)Z
       245: pop
       246: goto          267
       249: aload_1
       250: new           #79                 // class net/minecraft/world/effect/MobEffectInstance
       253: dup
       254: getstatic     #81                 // Field net/minecraft/world/effect/MobEffects.STRENGTH:Lnet/minecraft/core/Holder;
       257: ldc           #87                 // int 36000
       259: iconst_1
       260: invokespecial #88                 // Method net/minecraft/world/effect/MobEffectInstance."<init>":(Lnet/minecraft/core/Holder;II)V
       263: invokevirtual #91                 // Method net/minecraft/world/entity/Mob.addEffect:(Lnet/minecraft/world/effect/MobEffectInstance;)Z
       266: pop
       267: aload_0
       268: aconst_null
       269: aload_1
       270: invokevirtual #107                // Method net/minecraft/world/entity/Mob.blockPosition:()Lnet/minecraft/core/BlockPos;
       273: getstatic     #111                // Field net/minecraft/sounds/SoundEvents.BEACON_ACTIVATE:Lnet/minecraft/sounds/SoundEvent;
       276: getstatic     #117                // Field net/minecraft/sounds/SoundSource.HOSTILE:Lnet/minecraft/sounds/SoundSource;
       279: ldc           #123                // float 1.15f
       281: ldc           #124                // float 0.65f
       283: aload         5
       285: invokevirtual #75                 // Method kr/moonseungjun/villageguardians/VillageBossAspectSystem$Aspect.ordinal:()I
       288: i2f
       289: ldc           #125                // float 0.06f
       291: fmul
       292: fadd
       293: invokevirtual #126                // Method net/minecraft/server/level/ServerLevel.playSound:(Lnet/minecraft/world/entity/Entity;Lnet/minecraft/core/BlockPos;Lnet/minecraft/sounds/SoundEvent;Lnet/minecraft/sounds/SoundSource;FF)V
       296: return

  public static void tick(net.minecraft.server.level.ServerLevel, net.minecraft.server.MinecraftServer, net.minecraft.world.entity.Mob, int);
    Code:
         0: getstatic     #7                  // Field ACTIVE:Ljava/util/Map;
         3: aload_2
         4: invokevirtual #38                 // Method net/minecraft/world/entity/Mob.getUUID:()Ljava/util/UUID;
         7: invokeinterface #132,  2          // InterfaceMethod java/util/Map.get:(Ljava/lang/Object;)Ljava/lang/Object;
        12: checkcast     #23                 // class kr/moonseungjun/villageguardians/VillageBossAspectSystem$Aspect
        15: astore        4
        17: aload         4
        19: ifnull        29
        22: aload_2
        23: invokevirtual #135                // Method net/minecraft/world/entity/Mob.isAlive:()Z
        26: ifne          30
        29: return
        30: aload         4
        32: invokevirtual #75                 // Method kr/moonseungjun/villageguardians/VillageBossAspectSystem$Aspect.ordinal:()I
        35: tableswitch   { // 0 to 5
                       0: 72
                       1: 119
                       2: 217
                       3: 339
                       4: 521
                       5: 619
                 default: 619
            }
        72: iload_3
        73: bipush        70
        75: irem
        76: ifeq          80
        79: return
        80: aload_2
        81: new           #79                 // class net/minecraft/world/effect/MobEffectInstance
        84: dup
        85: getstatic     #95                 // Field net/minecraft/world/effect/MobEffects.SPEED:Lnet/minecraft/core/Holder;
        88: bipush        60
        90: iconst_2
        91: invokespecial #88                 // Method net/minecraft/world/effect/MobEffectInstance."<init>":(Lnet/minecraft/core/Holder;II)V
        94: invokevirtual #91                 // Method net/minecraft/world/entity/Mob.addEffect:(Lnet/minecraft/world/effect/MobEffectInstance;)Z
        97: pop
        98: aload_2
        99: new           #79                 // class net/minecraft/world/effect/MobEffectInstance
       102: dup
       103: getstatic     #81                 // Field net/minecraft/world/effect/MobEffects.STRENGTH:Lnet/minecraft/core/Holder;
       106: bipush        60
       108: iconst_3
       109: invokespecial #88                 // Method net/minecraft/world/effect/MobEffectInstance."<init>":(Lnet/minecraft/core/Holder;II)V
       112: invokevirtual #91                 // Method net/minecraft/world/entity/Mob.addEffect:(Lnet/minecraft/world/effect/MobEffectInstance;)Z
       115: pop
       116: goto          619
       119: iload_3
       120: sipush        150
       123: irem
       124: ifeq          128
       127: return
       128: aload_2
       129: new           #79                 // class net/minecraft/world/effect/MobEffectInstance
       132: dup
       133: getstatic     #101                // Field net/minecraft/world/effect/MobEffects.ABSORPTION:Lnet/minecraft/core/Holder;
       136: bipush        100
       138: iconst_4
       139: invokespecial #88                 // Method net/minecraft/world/effect/MobEffectInstance."<init>":(Lnet/minecraft/core/Holder;II)V
       142: invokevirtual #91                 // Method net/minecraft/world/entity/Mob.addEffect:(Lnet/minecraft/world/effect/MobEffectInstance;)Z
       145: pop
       146: aload_0
       147: aload_2
       148: invokevirtual #139                // Method net/minecraft/world/entity/Mob.position:()Lnet/minecraft/world/phys/Vec3;
       151: ldc2_w        #143                // double 8.0d
       154: bipush        10
       156: aload_2
       157: invokevirtual #38                 // Method net/minecraft/world/entity/Mob.getUUID:()Ljava/util/UUID;
       160: invokestatic  #145                // Method kr/moonseungjun/villageguardians/VillageRaidSystem.activeEnemiesNear:(Lnet/minecraft/server/level/ServerLevel;Lnet/minecraft/world/phys/Vec3;DILjava/util/UUID;)Ljava/util/List;
       163: invokeinterface #151,  1          // InterfaceMethod java/util/List.iterator:()Ljava/util/Iterator;
       168: astore        5
       170: aload         5
       172: invokeinterface #157,  1          // InterfaceMethod java/util/Iterator.hasNext:()Z
       177: ifeq          214
       180: aload         5
       182: invokeinterface #162,  1          // InterfaceMethod java/util/Iterator.next:()Ljava/lang/Object;
       187: checkcast     #39                 // class net/minecraft/world/entity/Mob
       190: astore        6
       192: aload         6
       194: new           #79                 // class net/minecraft/world/effect/MobEffectInstance
       197: dup
       198: getstatic     #98                 // Field net/minecraft/world/effect/MobEffects.RESISTANCE:Lnet/minecraft/core/Holder;
       201: bipush        80
       203: iconst_0
       204: invokespecial #88                 // Method net/minecraft/world/effect/MobEffectInstance."<init>":(Lnet/minecraft/core/Holder;II)V
       207: invokevirtual #91                 // Method net/minecraft/world/entity/Mob.addEffect:(Lnet/minecraft/world/effect/MobEffectInstance;)Z
       210: pop
       211: goto          170
       214: goto          619
       217: iload_3
       218: bipush        100
       220: irem
       221: ifeq          225
       224: return
       225: fconst_0
       226: fstore        5
       228: aload_1
       229: aload_2
       230: ldc2_w        #166                // double 11.0d
       233: invokestatic  #168                // Method nearbyPlayers:(Lnet/minecraft/server/MinecraftServer;Lnet/minecraft/world/entity/Mob;D)Ljava/util/List;
       236: invokeinterface #151,  1          // InterfaceMethod java/util/List.iterator:()Ljava/util/Iterator;
       241: astore        6
       243: aload         6
       245: invokeinterface #157,  1          // InterfaceMethod java/util/Iterator.hasNext:()Z
       250: ifeq          318
       253: aload         6
       255: invokeinterface #162,  1          // InterfaceMethod java/util/Iterator.next:()Ljava/lang/Object;
       260: checkcast     #172                // class net/minecraft/server/level/ServerPlayer
       263: astore        7
       265: aload         7
       267: aload_0
       268: aload_0
       269: invokevirtual #174                // Method net/minecraft/server/level/ServerLevel.damageSources:()Lnet/minecraft/world/damagesource/DamageSources;
       272: invokevirtual #178                // Method net/minecraft/world/damagesource/DamageSources.magic:()Lnet/minecraft/world/damagesource/DamageSource;
       275: ldc           #184                // float 3.5f
       277: invokestatic  #185                // Method kr/moonseungjun/villageguardians/VillageCouncilState.currentDay:()I
       280: i2f
       281: ldc           #190                // float 0.16f
       283: fmul
       284: fadd
       285: invokevirtual #191                // Method net/minecraft/server/level/ServerPlayer.hurtServer:(Lnet/minecraft/server/level/ServerLevel;Lnet/minecraft/world/damagesource/DamageSource;F)Z
       288: pop
       289: aload         7
       291: new           #79                 // class net/minecraft/world/effect/MobEffectInstance
       294: dup
       295: getstatic     #195                // Field net/minecraft/world/effect/MobEffects.WEAKNESS:Lnet/minecraft/core/Holder;
       298: bipush        70
       300: iconst_0
       301: invokespecial #88                 // Method net/minecraft/world/effect/MobEffectInstance."<init>":(Lnet/minecraft/core/Holder;II)V
       304: invokevirtual #198                // Method net/minecraft/server/level/ServerPlayer.addEffect:(Lnet/minecraft/world/effect/MobEffectInstance;)Z
       307: pop
       308: fload         5
       310: ldc           #199                // float 4.0f
       312: fadd
       313: fstore        5
       315: goto          243
       318: fload         5
       320: fconst_0
       321: fcmpl
       322: ifle          336
       325: aload_2
       326: ldc           #200                // float 22.0f
       328: fload         5
       330: invokestatic  #201                // Method java/lang/Math.min:(FF)F
       333: invokevirtual #205                // Method net/minecraft/world/entity/Mob.heal:(F)V
       336: goto          619
       339: iload_3
       340: bipush        80
       342: irem
       343: ifeq          347
       346: return
       347: aload_1
       348: aload_2
       349: ldc2_w        #209                // double 18.0d
       352: invokestatic  #168                // Method nearbyPlayers:(Lnet/minecraft/server/MinecraftServer;Lnet/minecraft/world/entity/Mob;D)Ljava/util/List;
       355: invokeinterface #211,  1          // InterfaceMethod java/util/List.stream:()Ljava/util/stream/Stream;
       360: aload_2
       361: dup
       362: invokestatic  #215                // Method java/util/Objects.requireNonNull:(Ljava/lang/Object;)Ljava/lang/Object;
       365: pop
       366: invokedynamic #220,  0            // InvokeDynamic #1:applyAsDouble:(Lnet/minecraft/world/entity/Mob;)Ljava/util/function/ToDoubleFunction;
       371: invokestatic  #224                // InterfaceMethod java/util/Comparator.comparingDouble:(Ljava/util/function/ToDoubleFunction;)Ljava/util/Comparator;
       374: invokeinterface #230,  2          // InterfaceMethod java/util/stream/Stream.min:(Ljava/util/Comparator;)Ljava/util/Optional;
       379: aconst_null
       380: invokevirtual #235                // Method java/util/Optional.orElse:(Ljava/lang/Object;)Ljava/lang/Object;
       383: checkcast     #172                // class net/minecraft/server/level/ServerPlayer
       386: astore        5
       388: aload         5
       390: ifnonnull     394
       393: return
       394: aload         5
       396: invokevirtual #240                // Method net/minecraft/server/level/ServerPlayer.position:()Lnet/minecraft/world/phys/Vec3;
       399: aload_2
       400: invokevirtual #241                // Method net/minecraft/world/entity/Mob.getRandom:()Lnet/minecraft/util/RandomSource;
       403: invokeinterface #245,  1          // InterfaceMethod net/minecraft/util/RandomSource.nextDouble:()D
       408: ldc2_w        #251                // double 0.5d
       411: dsub
       412: ldc2_w        #253                // double 2.0d
       415: dmul
       416: dconst_0
       417: aload_2
       418: invokevirtual #241                // Method net/minecraft/world/entity/Mob.getRandom:()Lnet/minecraft/util/RandomSource;
       421: invokeinterface #245,  1          // InterfaceMethod net/minecraft/util/RandomSource.nextDouble:()D
       426: ldc2_w        #251                // double 0.5d
       429: dsub
       430: ldc2_w        #253                // double 2.0d
       433: dmul
       434: invokevirtual #255                // Method net/minecraft/world/phys/Vec3.add:(DDD)Lnet/minecraft/world/phys/Vec3;
       437: astore        6
       439: getstatic     #261                // Field net/minecraft/world/entity/EntityTypes.LIGHTNING_BOLT:Lnet/minecraft/world/entity/EntityType;
       442: aload_0
       443: getstatic     #267                // Field net/minecraft/world/entity/EntitySpawnReason.EVENT:Lnet/minecraft/world/entity/EntitySpawnReason;
       446: invokevirtual #273                // Method net/minecraft/world/entity/EntityType.create:(Lnet/minecraft/world/level/Level;Lnet/minecraft/world/entity/EntitySpawnReason;)Lnet/minecraft/world/entity/Entity;
       449: checkcast     #279                // class net/minecraft/world/entity/LightningBolt
       452: astore        7
       454: aload         7
       456: ifnull        492
       459: aload         7
       461: iconst_1
       462: invokevirtual #281                // Method net/minecraft/world/entity/LightningBolt.setVisualOnly:(Z)V
       465: aload         7
       467: aload         6
       469: getfield      #285                // Field net/minecraft/world/phys/Vec3.x:D
       472: aload         6
       474: getfield      #289                // Field net/minecraft/world/phys/Vec3.y:D
       477: aload         6
       479: getfield      #292                // Field net/minecraft/world/phys/Vec3.z:D
       482: invokevirtual #295                // Method net/minecraft/world/entity/LightningBolt.setPos:(DDD)V
       485: aload_0
       486: aload         7
       488: invokevirtual #299                // Method net/minecraft/server/level/ServerLevel.addFreshEntity:(Lnet/minecraft/world/entity/Entity;)Z
       491: pop
       492: aload         5
       494: aload_0
       495: aload_0
       496: invokevirtual #174                // Method net/minecraft/server/level/ServerLevel.damageSources:()Lnet/minecraft/world/damagesource/DamageSources;
       499: invokevirtual #178                // Method net/minecraft/world/damagesource/DamageSources.magic:()Lnet/minecraft/world/damagesource/DamageSource;
       502: ldc_w         #303                // float 4.5f
       505: invokestatic  #185                // Method kr/moonseungjun/villageguardians/VillageCouncilState.currentDay:()I
       508: i2f
       509: ldc_w         #304                // float 0.2f
       512: fmul
       513: fadd
       514: invokevirtual #191                // Method net/minecraft/server/level/ServerPlayer.hurtServer:(Lnet/minecraft/server/level/ServerLevel;Lnet/minecraft/world/damagesource/DamageSource;F)Z
       517: pop
       518: goto          619
       521: iload_3
       522: bipush        120
       524: irem
       525: ifeq          529
       528: return
       529: aload_0
       530: aload_2
       531: invokevirtual #139                // Method net/minecraft/world/entity/Mob.position:()Lnet/minecraft/world/phys/Vec3;
       534: ldc2_w        #305                // double 13.0d
       537: bipush        18
       539: aload_2
       540: invokevirtual #38                 // Method net/minecraft/world/entity/Mob.getUUID:()Ljava/util/UUID;
       543: invokestatic  #145                // Method kr/moonseungjun/villageguardians/VillageRaidSystem.activeEnemiesNear:(Lnet/minecraft/server/level/ServerLevel;Lnet/minecraft/world/phys/Vec3;DILjava/util/UUID;)Ljava/util/List;
       546: invokeinterface #151,  1          // InterfaceMethod java/util/List.iterator:()Ljava/util/Iterator;
       551: astore        5
       553: aload         5
       555: invokeinterface #157,  1          // InterfaceMethod java/util/Iterator.hasNext:()Z
       560: ifeq          616
       563: aload         5
       565: invokeinterface #162,  1          // InterfaceMethod java/util/Iterator.next:()Ljava/lang/Object;
       570: checkcast     #39                 // class net/minecraft/world/entity/Mob
       573: astore        6
       575: aload         6
       577: new           #79                 // class net/minecraft/world/effect/MobEffectInstance
       580: dup
       581: getstatic     #81                 // Field net/minecraft/world/effect/MobEffects.STRENGTH:Lnet/minecraft/core/Holder;
       584: bipush        120
       586: iconst_1
       587: invokespecial #88                 // Method net/minecraft/world/effect/MobEffectInstance."<init>":(Lnet/minecraft/core/Holder;II)V
       590: invokevirtual #91                 // Method net/minecraft/world/entity/Mob.addEffect:(Lnet/minecraft/world/effect/MobEffectInstance;)Z
       593: pop
       594: aload         6
       596: new           #79                 // class net/minecraft/world/effect/MobEffectInstance
       599: dup
       600: getstatic     #95                 // Field net/minecraft/world/effect/MobEffects.SPEED:Lnet/minecraft/core/Holder;
       603: bipush        120
       605: iconst_0
       606: invokespecial #88                 // Method net/minecraft/world/effect/MobEffectInstance."<init>":(Lnet/minecraft/core/Holder;II)V
       609: invokevirtual #91                 // Method net/minecraft/world/entity/Mob.addEffect:(Lnet/minecraft/world/effect/MobEffectInstance;)Z
       612: pop
       613: goto          553
       616: goto          619
       619: return

  public static float structureMultiplier(net.minecraft.world.entity.Mob);
    Code:
         0: getstatic     #7                  // Field ACTIVE:Ljava/util/Map;
         3: aload_0
         4: invokevirtual #38                 // Method net/minecraft/world/entity/Mob.getUUID:()Ljava/util/UUID;
         7: invokeinterface #132,  2          // InterfaceMethod java/util/Map.get:(Ljava/lang/Object;)Ljava/lang/Object;
        12: getstatic     #307                // Field kr/moonseungjun/villageguardians/VillageBossAspectSystem$Aspect.WALLBREAKER:Lkr/moonseungjun/villageguardians/VillageBossAspectSystem$Aspect;
        15: if_acmpne     24
        18: ldc_w         #311                // float 1.55f
        21: goto          25
        24: fconst_1
        25: freturn

  public static java.lang.String previewText(int, int, int);
    Code:
         0: iload_0
         1: iload_1
         2: iload_2
         3: invokestatic  #34                 // Method preview:(III)Lkr/moonseungjun/villageguardians/VillageBossAspectSystem$Aspect;
         6: astore_3
         7: aload_3
         8: invokevirtual #52                 // Method kr/moonseungjun/villageguardians/VillageBossAspectSystem$Aspect.displayName:()Ljava/lang/String;
        11: aload_3
        12: invokevirtual #312                // Method kr/moonseungjun/villageguardians/VillageBossAspectSystem$Aspect.description:()Ljava/lang/String;
        15: invokedynamic #315,  0            // InvokeDynamic #2:makeConcatWithConstants:(Ljava/lang/String;Ljava/lang/String;)Ljava/lang/String;
        20: areturn

  private static java.util.List<net.minecraft.server.level.ServerPlayer> nearbyPlayers(net.minecraft.server.MinecraftServer, net.minecraft.world.entity.Mob, double);
    Code:
         0: dload_2
         1: dload_2
         2: dmul
         3: dstore        4
         5: aload_0
         6: invokevirtual #316                // Method net/minecraft/server/MinecraftServer.getPlayerList:()Lnet/minecraft/server/players/PlayerList;
         9: invokevirtual #322                // Method net/minecraft/server/players/PlayerList.getPlayers:()Ljava/util/List;
        12: invokeinterface #211,  1          // InterfaceMethod java/util/List.stream:()Ljava/util/stream/Stream;
        17: aload_1
        18: dload         4
        20: invokedynamic #328,  0            // InvokeDynamic #3:test:(Lnet/minecraft/world/entity/Mob;D)Ljava/util/function/Predicate;
        25: invokeinterface #332,  2          // InterfaceMethod java/util/stream/Stream.filter:(Ljava/util/function/Predicate;)Ljava/util/stream/Stream;
        30: invokeinterface #336,  1          // InterfaceMethod java/util/stream/Stream.toList:()Ljava/util/List;
        35: areturn

  private static boolean lambda$nearbyPlayers$0(net.minecraft.world.entity.Mob, double, net.minecraft.server.level.ServerPlayer);
    Code:
         0: aload_3
         1: invokevirtual #339                // Method net/minecraft/server/level/ServerPlayer.level:()Lnet/minecraft/server/level/ServerLevel;
         4: aload_0
         5: invokevirtual #343                // Method net/minecraft/world/entity/Mob.level:()Lnet/minecraft/world/level/Level;
         8: if_acmpne     39
        11: aload_3
        12: invokevirtual #346                // Method net/minecraft/server/level/ServerPlayer.isAlive:()Z
        15: ifeq          39
        18: aload_3
        19: invokevirtual #347                // Method net/minecraft/server/level/ServerPlayer.isSpectator:()Z
        22: ifne          39
        25: aload_3
        26: aload_0
        27: invokevirtual #350                // Method net/minecraft/server/level/ServerPlayer.distanceToSqr:(Lnet/minecraft/world/entity/Entity;)D
        30: dload_1
        31: dcmpg
        32: ifgt          39
        35: iconst_1
        36: goto          40
        39: iconst_0
        40: ireturn

  static {};
    Code:
         0: new           #354                // class java/util/HashMap
         3: dup
         4: invokespecial #356                // Method java/util/HashMap."<init>":()V
         7: putstatic     #7                  // Field ACTIVE:Ljava/util/Map;
        10: return
}
Compiled from "VillageWaveTrait.java"
public final class kr.moonseungjun.villageguardians.VillageWaveTrait extends java.lang.Enum<kr.moonseungjun.villageguardians.VillageWaveTrait> {
  public static final kr.moonseungjun.villageguardians.VillageWaveTrait STANDARD;

  public static final kr.moonseungjun.villageguardians.VillageWaveTrait SWARM;

  public static final kr.moonseungjun.villageguardians.VillageWaveTrait IRONCLAD;

  public static final kr.moonseungjun.villageguardians.VillageWaveTrait SIEGE;

  public static final kr.moonseungjun.villageguardians.VillageWaveTrait HUNTERS;

  public static final kr.moonseungjun.villageguardians.VillageWaveTrait HEXED;

  public static final kr.moonseungjun.villageguardians.VillageWaveTrait FRENZY;

  public static final kr.moonseungjun.villageguardians.VillageWaveTrait REGENERATING;

  public static final kr.moonseungjun.villageguardians.VillageWaveTrait PHALANX;

  public static final kr.moonseungjun.villageguardians.VillageWaveTrait BLOOD_MOON;

  public static final kr.moonseungjun.villageguardians.VillageWaveTrait STORMFRONT;

  public static final kr.moonseungjun.villageguardians.VillageWaveTrait RIFTED;

  private static final int LONG_EFFECT_TICKS;

  private final java.lang.String id;

  private final java.lang.String displayName;

  private final java.lang.String description;

  private final java.lang.String counterHint;

  private final float countMultiplier;

  private final int healthBonus;

  private final int strengthBonus;

  private final int speedBonus;

  private final float structureDamageMultiplier;

  private final float healthScale;

  private static final kr.moonseungjun.villageguardians.VillageWaveTrait[] $VALUES;

  public static kr.moonseungjun.villageguardians.VillageWaveTrait[] values();
    Code:
         0: getstatic     #40                 // Field $VALUES:[Lkr/moonseungjun/villageguardians/VillageWaveTrait;
         3: invokevirtual #44                 // Method "[Lkr/moonseungjun/villageguardians/VillageWaveTrait;".clone:()Ljava/lang/Object;
         6: checkcast     #45                 // class "[Lkr/moonseungjun/villageguardians/VillageWaveTrait;"
         9: areturn

  public static kr.moonseungjun.villageguardians.VillageWaveTrait valueOf(java.lang.String);
    Code:
         0: ldc           #1                  // class kr/moonseungjun/villageguardians/VillageWaveTrait
         2: aload_0
         3: invokestatic  #49                 // Method java/lang/Enum.valueOf:(Ljava/lang/Class;Ljava/lang/String;)Ljava/lang/Enum;
         6: checkcast     #1                  // class kr/moonseungjun/villageguardians/VillageWaveTrait
         9: areturn

  private kr.moonseungjun.villageguardians.VillageWaveTrait(java.lang.String, java.lang.String, java.lang.String, java.lang.String, float, int, int, int, float, float);
    Code:
         0: aload_0
         1: aload_1
         2: iload_2
         3: invokespecial #55                 // Method java/lang/Enum."<init>":(Ljava/lang/String;I)V
         6: aload_0
         7: aload_3
         8: putfield      #59                 // Field id:Ljava/lang/String;
        11: aload_0
        12: aload         4
        14: putfield      #63                 // Field displayName:Ljava/lang/String;
        17: aload_0
        18: aload         5
        20: putfield      #66                 // Field description:Ljava/lang/String;
        23: aload_0
        24: aload         6
        26: putfield      #69                 // Field counterHint:Ljava/lang/String;
        29: aload_0
        30: fload         7
        32: putfield      #72                 // Field countMultiplier:F
        35: aload_0
        36: iload         8
        38: putfield      #76                 // Field healthBonus:I
        41: aload_0
        42: iload         9
        44: putfield      #80                 // Field strengthBonus:I
        47: aload_0
        48: iload         10
        50: putfield      #83                 // Field speedBonus:I
        53: aload_0
        54: fload         11
        56: putfield      #86                 // Field structureDamageMultiplier:F
        59: aload_0
        60: fload         12
        62: putfield      #89                 // Field healthScale:F
        65: return

  public java.lang.String id();
    Code:
         0: aload_0
         1: getfield      #59                 // Field id:Ljava/lang/String;
         4: areturn

  public java.lang.String displayName();
    Code:
         0: aload_0
         1: getfield      #63                 // Field displayName:Ljava/lang/String;
         4: areturn

  public java.lang.String description();
    Code:
         0: aload_0
         1: getfield      #66                 // Field description:Ljava/lang/String;
         4: areturn

  public java.lang.String counterHint();
    Code:
         0: aload_0
         1: getfield      #69                 // Field counterHint:Ljava/lang/String;
         4: areturn

  public float structureDamageMultiplier();
    Code:
         0: aload_0
         1: getfield      #86                 // Field structureDamageMultiplier:F
         4: freturn

  public float healthScale();
    Code:
         0: aload_0
         1: getfield      #89                 // Field healthScale:F
         4: freturn

  public int adjustedCount(int);
    Code:
         0: iconst_1
         1: iconst_1
         2: iload_1
         3: invokestatic  #92                 // Method java/lang/Math.max:(II)I
         6: i2f
         7: aload_0
         8: getfield      #72                 // Field countMultiplier:F
        11: fmul
        12: invokestatic  #98                 // Method java/lang/Math.round:(F)I
        15: invokestatic  #92                 // Method java/lang/Math.max:(II)I
        18: ireturn

  public void applyLongEffects(net.minecraft.world.entity.Mob);
    Code:
         0: aload_0
         1: getfield      #76                 // Field healthBonus:I
         4: ifle          30
         7: aload_1
         8: new           #102                // class net/minecraft/world/effect/MobEffectInstance
        11: dup
        12: getstatic     #104                // Field net/minecraft/world/effect/MobEffects.HEALTH_BOOST:Lnet/minecraft/core/Holder;
        15: ldc           #110                // int 36000
        17: aload_0
        18: getfield      #76                 // Field healthBonus:I
        21: iconst_1
        22: isub
        23: invokespecial #111                // Method net/minecraft/world/effect/MobEffectInstance."<init>":(Lnet/minecraft/core/Holder;II)V
        26: invokevirtual #114                // Method net/minecraft/world/entity/Mob.addEffect:(Lnet/minecraft/world/effect/MobEffectInstance;)Z
        29: pop
        30: aload_0
        31: getfield      #80                 // Field strengthBonus:I
        34: ifle          60
        37: aload_1
        38: new           #102                // class net/minecraft/world/effect/MobEffectInstance
        41: dup
        42: getstatic     #120                // Field net/minecraft/world/effect/MobEffects.STRENGTH:Lnet/minecraft/core/Holder;
        45: ldc           #110                // int 36000
        47: aload_0
        48: getfield      #80                 // Field strengthBonus:I
        51: iconst_1
        52: isub
        53: invokespecial #111                // Method net/minecraft/world/effect/MobEffectInstance."<init>":(Lnet/minecraft/core/Holder;II)V
        56: invokevirtual #114                // Method net/minecraft/world/entity/Mob.addEffect:(Lnet/minecraft/world/effect/MobEffectInstance;)Z
        59: pop
        60: aload_0
        61: getfield      #83                 // Field speedBonus:I
        64: ifle          90
        67: aload_1
        68: new           #102                // class net/minecraft/world/effect/MobEffectInstance
        71: dup
        72: getstatic     #123                // Field net/minecraft/world/effect/MobEffects.SPEED:Lnet/minecraft/core/Holder;
        75: ldc           #110                // int 36000
        77: aload_0
        78: getfield      #83                 // Field speedBonus:I
        81: iconst_1
        82: isub
        83: invokespecial #111                // Method net/minecraft/world/effect/MobEffectInstance."<init>":(Lnet/minecraft/core/Holder;II)V
        86: invokevirtual #114                // Method net/minecraft/world/entity/Mob.addEffect:(Lnet/minecraft/world/effect/MobEffectInstance;)Z
        89: pop
        90: aload_0
        91: getstatic     #25                 // Field REGENERATING:Lkr/moonseungjun/villageguardians/VillageWaveTrait;
        94: if_acmpeq     104
        97: aload_0
        98: getstatic     #31                 // Field BLOOD_MOON:Lkr/moonseungjun/villageguardians/VillageWaveTrait;
       101: if_acmpne     133
       104: aload_1
       105: new           #102                // class net/minecraft/world/effect/MobEffectInstance
       108: dup
       109: getstatic     #126                // Field net/minecraft/world/effect/MobEffects.REGENERATION:Lnet/minecraft/core/Holder;
       112: ldc           #110                // int 36000
       114: aload_0
       115: getstatic     #31                 // Field BLOOD_MOON:Lkr/moonseungjun/villageguardians/VillageWaveTrait;
       118: if_acmpne     125
       121: iconst_1
       122: goto          126
       125: iconst_0
       126: invokespecial #111                // Method net/minecraft/world/effect/MobEffectInstance."<init>":(Lnet/minecraft/core/Holder;II)V
       129: invokevirtual #114                // Method net/minecraft/world/entity/Mob.addEffect:(Lnet/minecraft/world/effect/MobEffectInstance;)Z
       132: pop
       133: aload_0
       134: getstatic     #10                 // Field IRONCLAD:Lkr/moonseungjun/villageguardians/VillageWaveTrait;
       137: if_acmpeq     147
       140: aload_0
       141: getstatic     #28                 // Field PHALANX:Lkr/moonseungjun/villageguardians/VillageWaveTrait;
       144: if_acmpne     176
       147: aload_1
       148: new           #102                // class net/minecraft/world/effect/MobEffectInstance
       151: dup
       152: getstatic     #129                // Field net/minecraft/world/effect/MobEffects.RESISTANCE:Lnet/minecraft/core/Holder;
       155: ldc           #110                // int 36000
       157: aload_0
       158: getstatic     #28                 // Field PHALANX:Lkr/moonseungjun/villageguardians/VillageWaveTrait;
       161: if_acmpne     168
       164: iconst_1
       165: goto          169
       168: iconst_0
       169: invokespecial #111                // Method net/minecraft/world/effect/MobEffectInstance."<init>":(Lnet/minecraft/core/Holder;II)V
       172: invokevirtual #114                // Method net/minecraft/world/entity/Mob.addEffect:(Lnet/minecraft/world/effect/MobEffectInstance;)Z
       175: pop
       176: aload_0
       177: getstatic     #34                 // Field STORMFRONT:Lkr/moonseungjun/villageguardians/VillageWaveTrait;
       180: if_acmpne     201
       183: aload_1
       184: new           #102                // class net/minecraft/world/effect/MobEffectInstance
       187: dup
       188: getstatic     #132                // Field net/minecraft/world/effect/MobEffects.JUMP_BOOST:Lnet/minecraft/core/Holder;
       191: ldc           #110                // int 36000
       193: iconst_1
       194: invokespecial #111                // Method net/minecraft/world/effect/MobEffectInstance."<init>":(Lnet/minecraft/core/Holder;II)V
       197: invokevirtual #114                // Method net/minecraft/world/entity/Mob.addEffect:(Lnet/minecraft/world/effect/MobEffectInstance;)Z
       200: pop
       201: aload_0
       202: getstatic     #37                 // Field RIFTED:Lkr/moonseungjun/villageguardians/VillageWaveTrait;
       205: if_acmpne     226
       208: aload_1
       209: new           #102                // class net/minecraft/world/effect/MobEffectInstance
       212: dup
       213: getstatic     #135                // Field net/minecraft/world/effect/MobEffects.ABSORPTION:Lnet/minecraft/core/Holder;
       216: ldc           #110                // int 36000
       218: iconst_2
       219: invokespecial #111                // Method net/minecraft/world/effect/MobEffectInstance."<init>":(Lnet/minecraft/core/Holder;II)V
       222: invokevirtual #114                // Method net/minecraft/world/entity/Mob.addEffect:(Lnet/minecraft/world/effect/MobEffectInstance;)Z
       225: pop
       226: return

  public static kr.moonseungjun.villageguardians.VillageWaveTrait select(int, int);
    Code:
         0: iload_0
         1: iconst_1
         2: if_icmpgt     14
         5: iload_1
         6: iconst_1
         7: if_icmpgt     14
        10: getstatic     #3                  // Field STANDARD:Lkr/moonseungjun/villageguardians/VillageWaveTrait;
        13: areturn
        14: new           #138                // class java/util/ArrayList
        17: dup
        18: invokespecial #140                // Method java/util/ArrayList."<init>":()V
        21: astore_2
        22: aload_2
        23: getstatic     #3                  // Field STANDARD:Lkr/moonseungjun/villageguardians/VillageWaveTrait;
        26: invokeinterface #143,  2          // InterfaceMethod java/util/List.add:(Ljava/lang/Object;)Z
        31: pop
        32: iload_0
        33: iconst_2
        34: if_icmplt     47
        37: aload_2
        38: getstatic     #7                  // Field SWARM:Lkr/moonseungjun/villageguardians/VillageWaveTrait;
        41: invokeinterface #143,  2          // InterfaceMethod java/util/List.add:(Ljava/lang/Object;)Z
        46: pop
        47: iload_0
        48: iconst_3
        49: if_icmplt     62
        52: aload_2
        53: getstatic     #10                 // Field IRONCLAD:Lkr/moonseungjun/villageguardians/VillageWaveTrait;
        56: invokeinterface #143,  2          // InterfaceMethod java/util/List.add:(Ljava/lang/Object;)Z
        61: pop
        62: iload_0
        63: iconst_4
        64: if_icmplt     77
        67: aload_2
        68: getstatic     #13                 // Field SIEGE:Lkr/moonseungjun/villageguardians/VillageWaveTrait;
        71: invokeinterface #143,  2          // InterfaceMethod java/util/List.add:(Ljava/lang/Object;)Z
        76: pop
        77: iload_0
        78: iconst_5
        79: if_icmplt     92
        82: aload_2
        83: getstatic     #16                 // Field HUNTERS:Lkr/moonseungjun/villageguardians/VillageWaveTrait;
        86: invokeinterface #143,  2          // InterfaceMethod java/util/List.add:(Ljava/lang/Object;)Z
        91: pop
        92: iload_0
        93: bipush        6
        95: if_icmplt     108
        98: aload_2
        99: getstatic     #19                 // Field HEXED:Lkr/moonseungjun/villageguardians/VillageWaveTrait;
       102: invokeinterface #143,  2          // InterfaceMethod java/util/List.add:(Ljava/lang/Object;)Z
       107: pop
       108: iload_0
       109: bipush        7
       111: if_icmplt     124
       114: aload_2
       115: getstatic     #22                 // Field FRENZY:Lkr/moonseungjun/villageguardians/VillageWaveTrait;
       118: invokeinterface #143,  2          // InterfaceMethod java/util/List.add:(Ljava/lang/Object;)Z
       123: pop
       124: iload_0
       125: bipush        8
       127: if_icmplt     140
       130: aload_2
       131: getstatic     #25                 // Field REGENERATING:Lkr/moonseungjun/villageguardians/VillageWaveTrait;
       134: invokeinterface #143,  2          // InterfaceMethod java/util/List.add:(Ljava/lang/Object;)Z
       139: pop
       140: iload_0
       141: bipush        9
       143: if_icmplt     156
       146: aload_2
       147: getstatic     #28                 // Field PHALANX:Lkr/moonseungjun/villageguardians/VillageWaveTrait;
       150: invokeinterface #143,  2          // InterfaceMethod java/util/List.add:(Ljava/lang/Object;)Z
       155: pop
       156: iload_0
       157: bipush        10
       159: if_icmplt     172
       162: aload_2
       163: getstatic     #31                 // Field BLOOD_MOON:Lkr/moonseungjun/villageguardians/VillageWaveTrait;
       166: invokeinterface #143,  2          // InterfaceMethod java/util/List.add:(Ljava/lang/Object;)Z
       171: pop
       172: iload_0
       173: bipush        11
       175: if_icmplt     188
       178: aload_2
       179: getstatic     #34                 // Field STORMFRONT:Lkr/moonseungjun/villageguardians/VillageWaveTrait;
       182: invokeinterface #143,  2          // InterfaceMethod java/util/List.add:(Ljava/lang/Object;)Z
       187: pop
       188: iload_0
       189: bipush        12
       191: if_icmplt     204
       194: aload_2
       195: getstatic     #37                 // Field RIFTED:Lkr/moonseungjun/villageguardians/VillageWaveTrait;
       198: invokeinterface #143,  2          // InterfaceMethod java/util/List.add:(Ljava/lang/Object;)Z
       203: pop
       204: iload_0
       205: bipush        37
       207: imul
       208: iload_1
       209: bipush        19
       211: imul
       212: iadd
       213: iload_0
       214: iload_1
       215: imul
       216: iconst_3
       217: imul
       218: iadd
       219: aload_2
       220: invokeinterface #149,  1          // InterfaceMethod java/util/List.size:()I
       225: invokestatic  #153                // Method java/lang/Math.floorMod:(II)I
       228: istore_3
       229: aload_2
       230: iload_3
       231: invokeinterface #156,  2          // InterfaceMethod java/util/List.get:(I)Ljava/lang/Object;
       236: checkcast     #1                  // class kr/moonseungjun/villageguardians/VillageWaveTrait
       239: areturn

  public static kr.moonseungjun.villageguardians.VillageWaveTrait fromId(java.lang.String);
    Code:
         0: aload_0
         1: ifnonnull     8
         4: getstatic     #3                  // Field STANDARD:Lkr/moonseungjun/villageguardians/VillageWaveTrait;
         7: areturn
         8: invokestatic  #160                // Method values:()[Lkr/moonseungjun/villageguardians/VillageWaveTrait;
        11: astore_1
        12: aload_1
        13: arraylength
        14: istore_2
        15: iconst_0
        16: istore_3
        17: iload_3
        18: iload_2
        19: if_icmpge     48
        22: aload_1
        23: iload_3
        24: aaload
        25: astore        4
        27: aload         4
        29: getfield      #59                 // Field id:Ljava/lang/String;
        32: aload_0
        33: invokevirtual #164                // Method java/lang/String.equals:(Ljava/lang/Object;)Z
        36: ifeq          42
        39: aload         4
        41: areturn
        42: iinc          3, 1
        45: goto          17
        48: getstatic     #3                  // Field STANDARD:Lkr/moonseungjun/villageguardians/VillageWaveTrait;
        51: areturn

  private static kr.moonseungjun.villageguardians.VillageWaveTrait[] $values();
    Code:
         0: bipush        12
         2: anewarray     #1                  // class kr/moonseungjun/villageguardians/VillageWaveTrait
         5: dup
         6: iconst_0
         7: getstatic     #3                  // Field STANDARD:Lkr/moonseungjun/villageguardians/VillageWaveTrait;
        10: aastore
        11: dup
        12: iconst_1
        13: getstatic     #7                  // Field SWARM:Lkr/moonseungjun/villageguardians/VillageWaveTrait;
        16: aastore
        17: dup
        18: iconst_2
        19: getstatic     #10                 // Field IRONCLAD:Lkr/moonseungjun/villageguardians/VillageWaveTrait;
        22: aastore
        23: dup
        24: iconst_3
        25: getstatic     #13                 // Field SIEGE:Lkr/moonseungjun/villageguardians/VillageWaveTrait;
        28: aastore
        29: dup
        30: iconst_4
        31: getstatic     #16                 // Field HUNTERS:Lkr/moonseungjun/villageguardians/VillageWaveTrait;
        34: aastore
        35: dup
        36: iconst_5
        37: getstatic     #19                 // Field HEXED:Lkr/moonseungjun/villageguardians/VillageWaveTrait;
        40: aastore
        41: dup
        42: bipush        6
        44: getstatic     #22                 // Field FRENZY:Lkr/moonseungjun/villageguardians/VillageWaveTrait;
        47: aastore
        48: dup
        49: bipush        7
        51: getstatic     #25                 // Field REGENERATING:Lkr/moonseungjun/villageguardians/VillageWaveTrait;
        54: aastore
        55: dup
        56: bipush        8
        58: getstatic     #28                 // Field PHALANX:Lkr/moonseungjun/villageguardians/VillageWaveTrait;
        61: aastore
        62: dup
        63: bipush        9
        65: getstatic     #31                 // Field BLOOD_MOON:Lkr/moonseungjun/villageguardians/VillageWaveTrait;
        68: aastore
        69: dup
        70: bipush        10
        72: getstatic     #34                 // Field STORMFRONT:Lkr/moonseungjun/villageguardians/VillageWaveTrait;
        75: aastore
        76: dup
        77: bipush        11
        79: getstatic     #37                 // Field RIFTED:Lkr/moonseungjun/villageguardians/VillageWaveTrait;
        82: aastore
        83: areturn

  static {};
    Code:
         0: new           #1                  // class kr/moonseungjun/villageguardians/VillageWaveTrait
         3: dup
         4: ldc           #169                // String STANDARD
         6: iconst_0
         7: ldc           #170                // String standard
         9: ldc           #172                // String 정규 진군
        11: ldc           #174                // String 균형 잡힌 병력이 순서대로 밀고 들어옵니다.
        13: ldc           #176                // String 특정 약점이 없습니다. 성벽과 플레이어 화력을 고르게 운용하세요.
        15: fconst_1
        16: iconst_0
        17: iconst_0
        18: iconst_0
        19: fconst_1
        20: fconst_1
        21: invokespecial #178                // Method "<init>":(Ljava/lang/String;ILjava/lang/String;Ljava/lang/String;Ljava/lang/String;Ljava/lang/String;FIIIFF)V
        24: putstatic     #3                  // Field STANDARD:Lkr/moonseungjun/villageguardians/VillageWaveTrait;
        27: new           #1                  // class kr/moonseungjun/villageguardians/VillageWaveTrait
        30: dup
        31: ldc           #181                // String SWARM
        33: iconst_1
        34: ldc           #182                // String swarm
        36: ldc           #184                // String 물량 공세
        38: ldc           #186                // String 체력이 낮은 돌격병과 척후병이 대량으로 합류합니다.
        40: ldc           #188                // String 화염탑·빙결탑·광역 기술이 특히 효과적입니다.
        42: ldc           #190                // float 1.42f
        44: iconst_m1
        45: iconst_0
        46: iconst_1
        47: ldc           #191                // float 0.9f
        49: ldc           #192                // float 0.82f
        51: invokespecial #178                // Method "<init>":(Ljava/lang/String;ILjava/lang/String;Ljava/lang/String;Ljava/lang/String;Ljava/lang/String;FIIIFF)V
        54: putstatic     #7                  // Field SWARM:Lkr/moonseungjun/villageguardians/VillageWaveTrait;
        57: new           #1                  // class kr/moonseungjun/villageguardians/VillageWaveTrait
        60: dup
        61: ldc           #193                // String IRONCLAD
        63: iconst_2
        64: ldc           #194                // String ironclad
        66: ldc           #196                // String 철갑 대열
        68: ldc           #198                // String 방패병과 중장갑 병력이 느리지만 단단하게 전진합니다.
        70: ldc           #200                // String 노포의 관통 분기, 마법 피해와 방어 약화가 유리합니다.
        72: ldc           #202                // float 0.84f
        74: iconst_2
        75: iconst_0
        76: iconst_m1
        77: ldc           #203                // float 0.92f
        79: ldc           #204                // float 1.24f
        81: invokespecial #178                // Method "<init>":(Ljava/lang/String;ILjava/lang/String;Ljava/lang/String;Ljava/lang/String;Ljava/lang/String;FIIIFF)V
        84: putstatic     #10                 // Field IRONCLAD:Lkr/moonseungjun/villageguardians/VillageWaveTrait;
        87: new           #1                  // class kr/moonseungjun/villageguardians/VillageWaveTrait
        90: dup
        91: ldc           #205                // String SIEGE
        93: iconst_3
        94: ldc           #206                // String siege
        96: ldc           #208                // String 공성 대열
        98: ldc           #210                // String 폭파병과 성벽 파쇄병이 시설을 집중 공격합니다.
       100: ldc           #212                // String 우선 표적을 빠르게 제거하고 북문에 용병을 집중하세요.
       102: ldc           #214                // float 0.96f
       104: iconst_1
       105: iconst_1
       106: iconst_0
       107: ldc           #215                // float 1.72f
       109: ldc           #216                // float 1.08f
       111: invokespecial #178                // Method "<init>":(Ljava/lang/String;ILjava/lang/String;Ljava/lang/String;Ljava/lang/String;Ljava/lang/String;FIIIFF)V
       114: putstatic     #13                 // Field SIEGE:Lkr/moonseungjun/villageguardians/VillageWaveTrait;
       117: new           #1                  // class kr/moonseungjun/villageguardians/VillageWaveTrait
       120: dup
       121: ldc           #217                // String HUNTERS
       123: iconst_4
       124: ldc           #218                // String hunters
       126: ldc           #220                // String 사냥꾼 부대
       128: ldc           #222                // String 사수와 탑 사냥꾼이 후방에서 포탑과 수호자를 노립니다.
       130: ldc           #224                // String 성루사수와 근접 돌격으로 원거리 대열을 먼저 끊으세요.
       132: ldc           #203                // float 0.92f
       134: iconst_0
       135: iconst_1
       136: iconst_1
       137: ldc           #226                // float 1.12f
       139: ldc           #227                // float 0.98f
       141: invokespecial #178                // Method "<init>":(Ljava/lang/String;ILjava/lang/String;Ljava/lang/String;Ljava/lang/String;Ljava/lang/String;FIIIFF)V
       144: putstatic     #16                 // Field HUNTERS:Lkr/moonseungjun/villageguardians/VillageWaveTrait;
       147: new           #1                  // class kr/moonseungjun/villageguardians/VillageWaveTrait
       150: dup
       151: ldc           #228                // String HEXED
       153: iconst_5
       154: ldc           #229                // String hexed
       156: ldc           #231                // String 저주 의식
       158: ldc           #233                // String 주술사와 사령술사가 약화·회복·증원을 반복합니다.
       160: ldc           #235                // String 주술사를 우선 처치하고 정화 기술과 비전탑을 준비하세요.
       162: ldc           #191                // float 0.9f
       164: iconst_1
       165: iconst_0
       166: iconst_0
       167: ldc           #237                // float 1.18f
       169: ldc           #238                // float 1.1f
       171: invokespecial #178                // Method "<init>":(Ljava/lang/String;ILjava/lang/String;Ljava/lang/String;Ljava/lang/String;Ljava/lang/String;FIIIFF)V
       174: putstatic     #19                 // Field HEXED:Lkr/moonseungjun/villageguardians/VillageWaveTrait;
       177: new           #1                  // class kr/moonseungjun/villageguardians/VillageWaveTrait
       180: dup
       181: ldc           #239                // String FRENZY
       183: bipush        6
       185: ldc           #240                // String frenzy
       187: ldc           #242                // String 광란 돌격
       189: ldc           #244                // String 모든 적의 이동과 공격이 빨라집니다.
       191: ldc           #246                // String 빙결·둔화와 철벽수호자의 저항 기술이 핵심입니다.
       193: ldc           #216                // float 1.08f
       195: iconst_0
       196: iconst_1
       197: iconst_2
       198: ldc           #248                // float 1.28f
       200: ldc           #249                // float 0.94f
       202: invokespecial #178                // Method "<init>":(Ljava/lang/String;ILjava/lang/String;Ljava/lang/String;Ljava/lang/String;Ljava/lang/String;FIIIFF)V
       205: putstatic     #22                 // Field FRENZY:Lkr/moonseungjun/villageguardians/VillageWaveTrait;
       208: new           #1                  // class kr/moonseungjun/villageguardians/VillageWaveTrait
       211: dup
       212: ldc           #250                // String REGENERATING
       214: bipush        7
       216: ldc           #251                // String regenerating
       218: ldc           #253                // String 불사 행렬
       220: ldc           #255                // String 적이 지속적으로 회복하고 치유병이 전열을 유지합니다.
       222: ldc_w         #257                // String 한 대상을 집중 공격하고 화염·처형 효과로 회복을 끊으세요.
       225: ldc_w         #259                // float 0.88f
       228: iconst_1
       229: iconst_0
       230: iconst_0
       231: ldc           #216                // float 1.08f
       233: ldc_w         #260                // float 1.16f
       236: invokespecial #178                // Method "<init>":(Ljava/lang/String;ILjava/lang/String;Ljava/lang/String;Ljava/lang/String;Ljava/lang/String;FIIIFF)V
       239: putstatic     #25                 // Field REGENERATING:Lkr/moonseungjun/villageguardians/VillageWaveTrait;
       242: new           #1                  // class kr/moonseungjun/villageguardians/VillageWaveTrait
       245: dup
       246: ldc_w         #261                // String PHALANX
       249: bipush        8
       251: ldc_w         #262                // String phalanx
       254: ldc_w         #264                // String 방진 행군
       257: ldc_w         #266                // String 방패병·파쇄병·전쟁 고수가 밀집 대형으로 전진합니다.
       260: ldc_w         #268                // String 광역 마법과 측후방 공격으로 대형을 무너뜨리세요.
       263: ldc           #192                // float 0.82f
       265: iconst_2
       266: iconst_0
       267: iconst_m1
       268: ldc           #204                // float 1.24f
       270: ldc_w         #270                // float 1.3f
       273: invokespecial #178                // Method "<init>":(Ljava/lang/String;ILjava/lang/String;Ljava/lang/String;Ljava/lang/String;Ljava/lang/String;FIIIFF)V
       276: putstatic     #28                 // Field PHALANX:Lkr/moonseungjun/villageguardians/VillageWaveTrait;
       279: new           #1                  // class kr/moonseungjun/villageguardians/VillageWaveTrait
       282: dup
       283: ldc_w         #271                // String BLOOD_MOON
       286: bipush        9
       288: ldc_w         #272                // String blood_moon
       291: ldc_w         #274                // String 혈월 습격
       294: ldc_w         #276                // String 광전사들이 강한 공격력과 재생을 지닌 채 몰려옵니다.
       297: ldc_w         #278                // String 짧은 시간에 집중 화력을 쏟아 회복 전에 마무리하세요.
       300: ldc           #226                // float 1.12f
       302: iconst_0
       303: iconst_2
       304: iconst_1
       305: ldc_w         #270                // float 1.3f
       308: ldc_w         #280                // float 1.02f
       311: invokespecial #178                // Method "<init>":(Ljava/lang/String;ILjava/lang/String;Ljava/lang/String;Ljava/lang/String;Ljava/lang/String;FIIIFF)V
       314: putstatic     #31                 // Field BLOOD_MOON:Lkr/moonseungjun/villageguardians/VillageWaveTrait;
       317: new           #1                  // class kr/moonseungjun/villageguardians/VillageWaveTrait
       320: dup
       321: ldc_w         #281                // String STORMFRONT
       324: bipush        10
       326: ldc_w         #282                // String stormfront
       329: ldc_w         #284                // String 폭풍 전선
       332: ldc_w         #286                // String 고속 원거리 병력과 주술사가 끊임없이 진형을 바꿉니다.
       335: ldc_w         #288                // String 엄폐와 추적 기술을 활용하고 후방 사수를 먼저 제거하세요.
       338: ldc           #227                // float 0.98f
       340: iconst_0
       341: iconst_1
       342: iconst_2
       343: ldc           #237                // float 1.18f
       345: ldc_w         #290                // float 1.04f
       348: invokespecial #178                // Method "<init>":(Ljava/lang/String;ILjava/lang/String;Ljava/lang/String;Ljava/lang/String;Ljava/lang/String;FIIIFF)V
       351: putstatic     #34                 // Field STORMFRONT:Lkr/moonseungjun/villageguardians/VillageWaveTrait;
       354: new           #1                  // class kr/moonseungjun/villageguardians/VillageWaveTrait
       357: dup
       358: ldc_w         #291                // String RIFTED
       361: bipush        11
       363: ldc_w         #292                // String rifted
       366: ldc_w         #294                // String 균열 군세
       369: ldc_w         #296                // String 사령술사와 정예병이 보호막을 두르고 혼합 편성으로 진군합니다.
       372: ldc_w         #298                // String 정화·폭발·관통 피해를 함께 운용해 보호막과 지원병을 동시에 끊으세요.
       375: ldc_w         #300                // float 0.86f
       378: iconst_1
       379: iconst_1
       380: iconst_1
       381: ldc_w         #301                // float 1.38f
       384: ldc_w         #302                // float 1.22f
       387: invokespecial #178                // Method "<init>":(Ljava/lang/String;ILjava/lang/String;Ljava/lang/String;Ljava/lang/String;Ljava/lang/String;FIIIFF)V
       390: putstatic     #37                 // Field RIFTED:Lkr/moonseungjun/villageguardians/VillageWaveTrait;
       393: invokestatic  #303                // Method $values:()[Lkr/moonseungjun/villageguardians/VillageWaveTrait;
       396: putstatic     #40                 // Field $VALUES:[Lkr/moonseungjun/villageguardians/VillageWaveTrait;
       399: return
}
