Compiled from "VillageEquipmentShop.java"
public final class kr.moonseungjun.villageguardians.VillageEquipmentShop {
  private kr.moonseungjun.villageguardians.VillageEquipmentShop();
    Code:
         0: aload_0
         1: invokespecial #1                  // Method java/lang/Object."<init>":()V
         4: return

  public static java.util.List<kr.moonseungjun.villageguardians.VillageEquipmentShop$Offer> offers();
    Code:
         0: invokestatic  #7                  // Method kr/moonseungjun/villageguardians/VillageEquipmentShop$Offer.values:()[Lkr/moonseungjun/villageguardians/VillageEquipmentShop$Offer;
         3: invokestatic  #13                 // InterfaceMethod java/util/List.of:([Ljava/lang/Object;)Ljava/util/List;
         6: areturn

  public static java.util.List<kr.moonseungjun.villageguardians.VillageEquipmentShop$Offer> offers(kr.moonseungjun.villageguardians.VillageEquipmentShop$Category);
    Code:
         0: invokestatic  #7                  // Method kr/moonseungjun/villageguardians/VillageEquipmentShop$Offer.values:()[Lkr/moonseungjun/villageguardians/VillageEquipmentShop$Offer;
         3: invokestatic  #19                 // Method java/util/Arrays.stream:([Ljava/lang/Object;)Ljava/util/stream/Stream;
         6: aload_0
         7: invokedynamic #25,  0             // InvokeDynamic #0:test:(Lkr/moonseungjun/villageguardians/VillageEquipmentShop$Category;)Ljava/util/function/Predicate;
        12: invokeinterface #29,  2           // InterfaceMethod java/util/stream/Stream.filter:(Ljava/util/function/Predicate;)Ljava/util/stream/Stream;
        17: invokeinterface #35,  1           // InterfaceMethod java/util/stream/Stream.toList:()Ljava/util/List;
        22: areturn

  public static java.util.List<kr.moonseungjun.villageguardians.VillageEquipmentShop$Offer> currentOffers(int);
    Code:
         0: iconst_1
         1: iload_0
         2: invokestatic  #39                 // Method java/lang/Math.max:(II)I
         5: istore_1
         6: new           #45                 // class java/util/ArrayList
         9: dup
        10: invokespecial #47                 // Method java/util/ArrayList."<init>":()V
        13: astore_2
        14: aload_2
        15: getstatic     #48                 // Field kr/moonseungjun/villageguardians/VillageEquipmentShop$Category.EQUIPMENT:Lkr/moonseungjun/villageguardians/VillageEquipmentShop$Category;
        18: iload_1
        19: iconst_4
        20: invokestatic  #54                 // Method rotatingOffers:(Lkr/moonseungjun/villageguardians/VillageEquipmentShop$Category;II)Ljava/util/List;
        23: invokeinterface #60,  2           // InterfaceMethod java/util/List.addAll:(Ljava/util/Collection;)Z
        28: pop
        29: aload_2
        30: getstatic     #64                 // Field kr/moonseungjun/villageguardians/VillageEquipmentShop$Category.ARMOR:Lkr/moonseungjun/villageguardians/VillageEquipmentShop$Category;
        33: iload_1
        34: iconst_3
        35: invokestatic  #54                 // Method rotatingOffers:(Lkr/moonseungjun/villageguardians/VillageEquipmentShop$Category;II)Ljava/util/List;
        38: invokeinterface #60,  2           // InterfaceMethod java/util/List.addAll:(Ljava/util/Collection;)Z
        43: pop
        44: aload_2
        45: invokestatic  #67                 // InterfaceMethod java/util/List.copyOf:(Ljava/util/Collection;)Ljava/util/List;
        48: areturn

  public static boolean isStocked(kr.moonseungjun.villageguardians.VillageEquipmentShop$Offer, int);
    Code:
         0: aload_0
         1: ifnull        21
         4: iload_1
         5: invokestatic  #71                 // Method currentOffers:(I)Ljava/util/List;
         8: aload_0
         9: invokeinterface #75,  2           // InterfaceMethod java/util/List.contains:(Ljava/lang/Object;)Z
        14: ifeq          21
        17: iconst_1
        18: goto          22
        21: iconst_0
        22: ireturn

  private static java.util.List<kr.moonseungjun.villageguardians.VillageEquipmentShop$Offer> rotatingOffers(kr.moonseungjun.villageguardians.VillageEquipmentShop$Category, int, int);
    Code:
         0: invokestatic  #7                  // Method kr/moonseungjun/villageguardians/VillageEquipmentShop$Offer.values:()[Lkr/moonseungjun/villageguardians/VillageEquipmentShop$Offer;
         3: invokestatic  #19                 // Method java/util/Arrays.stream:([Ljava/lang/Object;)Ljava/util/stream/Stream;
         6: aload_0
         7: iload_1
         8: invokedynamic #79,  0             // InvokeDynamic #1:test:(Lkr/moonseungjun/villageguardians/VillageEquipmentShop$Category;I)Ljava/util/function/Predicate;
        13: invokeinterface #29,  2           // InterfaceMethod java/util/stream/Stream.filter:(Ljava/util/function/Predicate;)Ljava/util/stream/Stream;
        18: invokeinterface #35,  1           // InterfaceMethod java/util/stream/Stream.toList:()Ljava/util/List;
        23: astore_3
        24: aload_3
        25: invokeinterface #82,  1           // InterfaceMethod java/util/List.isEmpty:()Z
        30: ifeq          37
        33: invokestatic  #86                 // InterfaceMethod java/util/List.of:()Ljava/util/List;
        36: areturn
        37: iload_2
        38: aload_3
        39: invokeinterface #88,  1           // InterfaceMethod java/util/List.size:()I
        44: invokestatic  #92                 // Method java/lang/Math.min:(II)I
        47: istore        4
        49: iload_1
        50: iconst_3
        51: imul
        52: iconst_3
        53: isub
        54: aload_0
        55: invokevirtual #95                 // Method kr/moonseungjun/villageguardians/VillageEquipmentShop$Category.ordinal:()I
        58: iconst_5
        59: imul
        60: iadd
        61: aload_3
        62: invokeinterface #88,  1           // InterfaceMethod java/util/List.size:()I
        67: invokestatic  #98                 // Method java/lang/Math.floorMod:(II)I
        70: istore        5
        72: new           #45                 // class java/util/ArrayList
        75: dup
        76: invokespecial #47                 // Method java/util/ArrayList."<init>":()V
        79: astore        6
        81: iconst_0
        82: istore        7
        84: iload         7
        86: iload         4
        88: if_icmpge     126
        91: aload         6
        93: aload_3
        94: iload         5
        96: iload         7
        98: iadd
        99: aload_3
       100: invokeinterface #88,  1           // InterfaceMethod java/util/List.size:()I
       105: irem
       106: invokeinterface #101,  2          // InterfaceMethod java/util/List.get:(I)Ljava/lang/Object;
       111: checkcast     #8                  // class kr/moonseungjun/villageguardians/VillageEquipmentShop$Offer
       114: invokeinterface #105,  2          // InterfaceMethod java/util/List.add:(Ljava/lang/Object;)Z
       119: pop
       120: iinc          7, 1
       123: goto          84
       126: aload         6
       128: invokestatic  #67                 // InterfaceMethod java/util/List.copyOf:(Ljava/util/Collection;)Ljava/util/List;
       131: areturn

  public static java.lang.String purchase(net.minecraft.server.level.ServerPlayer, java.lang.String);
    Code:
         0: aload_1
         1: invokestatic  #108                // Method kr/moonseungjun/villageguardians/VillageEquipmentShop$Offer.parse:(Ljava/lang/String;)Ljava/util/Optional;
         4: aconst_null
         5: invokevirtual #112                // Method java/util/Optional.orElse:(Ljava/lang/Object;)Ljava/lang/Object;
         8: checkcast     #8                  // class kr/moonseungjun/villageguardians/VillageEquipmentShop$Offer
        11: astore_2
        12: aload_2
        13: ifnonnull     19
        16: ldc           #118                // String 알 수 없는 장비 상품입니다.
        18: areturn
        19: getstatic     #120                // Field kr/moonseungjun/villageguardians/VillageProgressionSystem$Building.STOREHOUSE:Lkr/moonseungjun/villageguardians/VillageProgressionSystem$Building;
        22: invokestatic  #126                // Method kr/moonseungjun/villageguardians/VillageProgressionSystem.isOperational:(Lkr/moonseungjun/villageguardians/VillageProgressionSystem$Building;)Z
        25: ifne          31
        28: ldc           #132                // String 상점이 파괴되어 장비를 구매할 수 없습니다.
        30: areturn
        31: invokestatic  #134                // Method kr/moonseungjun/villageguardians/VillageCouncilState.currentDay:()I
        34: istore_3
        35: aload_2
        36: iload_3
        37: invokestatic  #139                // Method isStocked:(Lkr/moonseungjun/villageguardians/VillageEquipmentShop$Offer;I)Z
        40: ifne          46
        43: ldc           #143                // String 오늘 입고된 상품이 아닙니다. 상점 목록을 다시 확인하세요.
        45: areturn
        46: aload_0
        47: aload_2
        48: invokevirtual #145                // Method kr/moonseungjun/villageguardians/VillageEquipmentShop$Offer.cost:()I
        51: invokestatic  #148                // Method kr/moonseungjun/villageguardians/VillageProgressionSystem.spendCoins:(Lnet/minecraft/server/level/ServerPlayer;I)Z
        54: ifne          67
        57: aload_2
        58: invokevirtual #145                // Method kr/moonseungjun/villageguardians/VillageEquipmentShop$Offer.cost:()I
        61: invokedynamic #152,  0            // InvokeDynamic #2:makeConcatWithConstants:(I)Ljava/lang/String;
        66: areturn
        67: aload_2
        68: invokevirtual #156                // Method kr/moonseungjun/villageguardians/VillageEquipmentShop$Offer.createStack:()Lnet/minecraft/world/item/ItemStack;
        71: astore        4
        73: aload_0
        74: aload         4
        76: invokevirtual #160                // Method net/minecraft/server/level/ServerPlayer.addItem:(Lnet/minecraft/world/item/ItemStack;)Z
        79: ifne          90
        82: aload_0
        83: aload         4
        85: iconst_0
        86: invokevirtual #166                // Method net/minecraft/server/level/ServerPlayer.drop:(Lnet/minecraft/world/item/ItemStack;Z)Lnet/minecraft/world/entity/item/ItemEntity;
        89: pop
        90: aload_2
        91: invokevirtual #170                // Method kr/moonseungjun/villageguardians/VillageEquipmentShop$Offer.displayName:()Ljava/lang/String;
        94: aload_0
        95: invokestatic  #174                // Method kr/moonseungjun/villageguardians/VillageProgressionSystem.coins:(Lnet/minecraft/server/level/ServerPlayer;)I
        98: invokedynamic #178,  0            // InvokeDynamic #3:makeConcatWithConstants:(Ljava/lang/String;I)Ljava/lang/String;
       103: areturn

  public static java.lang.String status(net.minecraft.server.level.ServerPlayer, kr.moonseungjun.villageguardians.VillageEquipmentShop$Offer);
    Code:
         0: aload_1
         1: invokestatic  #134                // Method kr/moonseungjun/villageguardians/VillageCouncilState.currentDay:()I
         4: invokestatic  #139                // Method isStocked:(Lkr/moonseungjun/villageguardians/VillageEquipmentShop$Offer;I)Z
         7: ifne          13
        10: ldc           #181                // String 오늘 미입고
        12: areturn
        13: aload_0
        14: invokestatic  #174                // Method kr/moonseungjun/villageguardians/VillageProgressionSystem.coins:(Lnet/minecraft/server/level/ServerPlayer;)I
        17: aload_1
        18: invokevirtual #145                // Method kr/moonseungjun/villageguardians/VillageEquipmentShop$Offer.cost:()I
        21: if_icmpge     34
        24: aload_1
        25: invokevirtual #145                // Method kr/moonseungjun/villageguardians/VillageEquipmentShop$Offer.cost:()I
        28: invokedynamic #183,  0            // InvokeDynamic #4:makeConcatWithConstants:(I)Ljava/lang/String;
        33: areturn
        34: ldc           #184                // String available
        36: areturn

  public static float outgoingMultiplier(net.minecraft.server.level.ServerPlayer, boolean);
    Code:
         0: iload_1
         1: ifeq          15
         4: aload_0
         5: invokevirtual #186                // Method net/minecraft/server/level/ServerPlayer.getMainHandItem:()Lnet/minecraft/world/item/ItemStack;
         8: iconst_1
         9: invokestatic  #189                // Method bonusFor:(Lnet/minecraft/world/item/ItemStack;Z)F
        12: goto          23
        15: aload_0
        16: invokevirtual #186                // Method net/minecraft/server/level/ServerPlayer.getMainHandItem:()Lnet/minecraft/world/item/ItemStack;
        19: iconst_0
        20: invokestatic  #189                // Method bonusFor:(Lnet/minecraft/world/item/ItemStack;Z)F
        23: fstore_2
        24: iload_1
        25: ifeq          41
        28: fload_2
        29: aload_0
        30: invokevirtual #193                // Method net/minecraft/server/level/ServerPlayer.getOffhandItem:()Lnet/minecraft/world/item/ItemStack;
        33: iconst_1
        34: invokestatic  #189                // Method bonusFor:(Lnet/minecraft/world/item/ItemStack;Z)F
        37: invokestatic  #196                // Method java/lang/Math.max:(FF)F
        40: fstore_2
        41: iload_1
        42: ifeq          65
        45: aload_0
        46: invokevirtual #186                // Method net/minecraft/server/level/ServerPlayer.getMainHandItem:()Lnet/minecraft/world/item/ItemStack;
        49: invokestatic  #199                // Method kr/moonseungjun/villageguardians/VillageEquipmentRaritySystem.projectileMultiplier:(Lnet/minecraft/world/item/ItemStack;)F
        52: aload_0
        53: invokevirtual #193                // Method net/minecraft/server/level/ServerPlayer.getOffhandItem:()Lnet/minecraft/world/item/ItemStack;
        56: invokestatic  #199                // Method kr/moonseungjun/villageguardians/VillageEquipmentRaritySystem.projectileMultiplier:(Lnet/minecraft/world/item/ItemStack;)F
        59: invokestatic  #196                // Method java/lang/Math.max:(FF)F
        62: goto          72
        65: aload_0
        66: invokevirtual #186                // Method net/minecraft/server/level/ServerPlayer.getMainHandItem:()Lnet/minecraft/world/item/ItemStack;
        69: invokestatic  #205                // Method kr/moonseungjun/villageguardians/VillageEquipmentRaritySystem.meleeMultiplier:(Lnet/minecraft/world/item/ItemStack;)F
        72: fstore_3
        73: fload_2
        74: fload_3
        75: fmul
        76: freturn

  public static float incomingMultiplier(net.minecraft.server.level.ServerPlayer);
    Code:
         0: aload_0
         1: invokestatic  #208                // Method equippedOffers:(Lnet/minecraft/server/level/ServerPlayer;)Ljava/util/Set;
         4: invokeinterface #212,  1          // InterfaceMethod java/util/Set.stream:()Ljava/util/stream/Stream;
         9: invokedynamic #217,  0            // InvokeDynamic #5:apply:()Ljava/util/function/Function;
        14: invokeinterface #221,  2          // InterfaceMethod java/util/stream/Stream.map:(Ljava/util/function/Function;)Ljava/util/stream/Stream;
        19: fconst_0
        20: invokestatic  #225                // Method java/lang/Float.valueOf:(F)Ljava/lang/Float;
        23: invokedynamic #231,  0            // InvokeDynamic #6:apply:()Ljava/util/function/BinaryOperator;
        28: invokeinterface #234,  3          // InterfaceMethod java/util/stream/Stream.reduce:(Ljava/lang/Object;Ljava/util/function/BinaryOperator;)Ljava/lang/Object;
        33: checkcast     #226                // class java/lang/Float
        36: invokevirtual #238                // Method java/lang/Float.floatValue:()F
        39: fstore_1
        40: aload_0
        41: invokestatic  #242                // Method kr/moonseungjun/villageguardians/VillageEquipmentRaritySystem.incomingMultiplier:(Lnet/minecraft/server/level/ServerPlayer;)F
        44: fstore_2
        45: ldc           #246                // float 0.52f
        47: fconst_1
        48: ldc           #247                // float 0.42f
        50: fload_1
        51: invokestatic  #248                // Method java/lang/Math.min:(FF)F
        54: fsub
        55: fload_2
        56: fmul
        57: invokestatic  #196                // Method java/lang/Math.max:(FF)F
        60: freturn

  public static float roleSkillMultiplier(net.minecraft.server.level.ServerPlayer);
    Code:
         0: fconst_1
         1: fstore_1
         2: aload_0
         3: invokestatic  #208                // Method equippedOffers:(Lnet/minecraft/server/level/ServerPlayer;)Ljava/util/Set;
         6: invokeinterface #250,  1          // InterfaceMethod java/util/Set.iterator:()Ljava/util/Iterator;
        11: astore_2
        12: aload_2
        13: invokeinterface #254,  1          // InterfaceMethod java/util/Iterator.hasNext:()Z
        18: ifeq          41
        21: aload_2
        22: invokeinterface #259,  1          // InterfaceMethod java/util/Iterator.next:()Ljava/lang/Object;
        27: checkcast     #8                  // class kr/moonseungjun/villageguardians/VillageEquipmentShop$Offer
        30: astore_3
        31: fload_1
        32: aload_3
        33: invokevirtual #263                // Method kr/moonseungjun/villageguardians/VillageEquipmentShop$Offer.skillMultiplier:()F
        36: fmul
        37: fstore_1
        38: goto          12
        41: fload_1
        42: aload_0
        43: invokestatic  #266                // Method kr/moonseungjun/villageguardians/VillageEquipmentRaritySystem.skillMultiplier:(Lnet/minecraft/server/level/ServerPlayer;)F
        46: fmul
        47: freturn

  public static int cooldownReductionSeconds(net.minecraft.server.level.ServerPlayer);
    Code:
         0: iconst_0
         1: istore_1
         2: aload_0
         3: invokestatic  #208                // Method equippedOffers:(Lnet/minecraft/server/level/ServerPlayer;)Ljava/util/Set;
         6: invokeinterface #250,  1          // InterfaceMethod java/util/Set.iterator:()Ljava/util/Iterator;
        11: astore_2
        12: aload_2
        13: invokeinterface #254,  1          // InterfaceMethod java/util/Iterator.hasNext:()Z
        18: ifeq          41
        21: aload_2
        22: invokeinterface #259,  1          // InterfaceMethod java/util/Iterator.next:()Ljava/lang/Object;
        27: checkcast     #8                  // class kr/moonseungjun/villageguardians/VillageEquipmentShop$Offer
        30: astore_3
        31: iload_1
        32: aload_3
        33: invokevirtual #268                // Method kr/moonseungjun/villageguardians/VillageEquipmentShop$Offer.cooldownReductionSeconds:()I
        36: iadd
        37: istore_1
        38: goto          12
        41: iconst_4
        42: iload_1
        43: invokestatic  #92                 // Method java/lang/Math.min:(II)I
        46: ireturn

  private static java.util.Set<kr.moonseungjun.villageguardians.VillageEquipmentShop$Offer> equippedOffers(net.minecraft.server.level.ServerPlayer);
    Code:
         0: ldc           #8                  // class kr/moonseungjun/villageguardians/VillageEquipmentShop$Offer
         2: invokestatic  #271                // Method java/util/EnumSet.noneOf:(Ljava/lang/Class;)Ljava/util/EnumSet;
         5: astore_1
         6: aload_1
         7: aload_0
         8: invokevirtual #186                // Method net/minecraft/server/level/ServerPlayer.getMainHandItem:()Lnet/minecraft/world/item/ItemStack;
        11: invokestatic  #277                // Method collect:(Ljava/util/Set;Lnet/minecraft/world/item/ItemStack;)V
        14: aload_1
        15: aload_0
        16: invokevirtual #193                // Method net/minecraft/server/level/ServerPlayer.getOffhandItem:()Lnet/minecraft/world/item/ItemStack;
        19: invokestatic  #277                // Method collect:(Ljava/util/Set;Lnet/minecraft/world/item/ItemStack;)V
        22: iconst_4
        23: anewarray     #281                // class net/minecraft/world/entity/EquipmentSlot
        26: dup
        27: iconst_0
        28: getstatic     #283                // Field net/minecraft/world/entity/EquipmentSlot.HEAD:Lnet/minecraft/world/entity/EquipmentSlot;
        31: aastore
        32: dup
        33: iconst_1
        34: getstatic     #287                // Field net/minecraft/world/entity/EquipmentSlot.CHEST:Lnet/minecraft/world/entity/EquipmentSlot;
        37: aastore
        38: dup
        39: iconst_2
        40: getstatic     #290                // Field net/minecraft/world/entity/EquipmentSlot.LEGS:Lnet/minecraft/world/entity/EquipmentSlot;
        43: aastore
        44: dup
        45: iconst_3
        46: getstatic     #293                // Field net/minecraft/world/entity/EquipmentSlot.FEET:Lnet/minecraft/world/entity/EquipmentSlot;
        49: aastore
        50: astore_2
        51: aload_2
        52: arraylength
        53: istore_3
        54: iconst_0
        55: istore        4
        57: iload         4
        59: iload_3
        60: if_icmpge     85
        63: aload_2
        64: iload         4
        66: aaload
        67: astore        5
        69: aload_1
        70: aload_0
        71: aload         5
        73: invokevirtual #296                // Method net/minecraft/server/level/ServerPlayer.getItemBySlot:(Lnet/minecraft/world/entity/EquipmentSlot;)Lnet/minecraft/world/item/ItemStack;
        76: invokestatic  #277                // Method collect:(Ljava/util/Set;Lnet/minecraft/world/item/ItemStack;)V
        79: iinc          4, 1
        82: goto          57
        85: aload_1
        86: areturn

  private static void collect(java.util.Set<kr.moonseungjun.villageguardians.VillageEquipmentShop$Offer>, net.minecraft.world.item.ItemStack);
    Code:
         0: invokestatic  #7                  // Method kr/moonseungjun/villageguardians/VillageEquipmentShop$Offer.values:()[Lkr/moonseungjun/villageguardians/VillageEquipmentShop$Offer;
         3: astore_2
         4: aload_2
         5: arraylength
         6: istore_3
         7: iconst_0
         8: istore        4
        10: iload         4
        12: iload_3
        13: if_icmpge     46
        16: aload_2
        17: iload         4
        19: aaload
        20: astore        5
        22: aload         5
        24: aload_1
        25: invokevirtual #300                // Method kr/moonseungjun/villageguardians/VillageEquipmentShop$Offer.matches:(Lnet/minecraft/world/item/ItemStack;)Z
        28: ifeq          40
        31: aload_0
        32: aload         5
        34: invokeinterface #303,  2          // InterfaceMethod java/util/Set.add:(Ljava/lang/Object;)Z
        39: pop
        40: iinc          4, 1
        43: goto          10
        46: return

  private static float bonusFor(net.minecraft.world.item.ItemStack, boolean);
    Code:
         0: invokestatic  #7                  // Method kr/moonseungjun/villageguardians/VillageEquipmentShop$Offer.values:()[Lkr/moonseungjun/villageguardians/VillageEquipmentShop$Offer;
         3: invokestatic  #19                 // Method java/util/Arrays.stream:([Ljava/lang/Object;)Ljava/util/stream/Stream;
         6: aload_0
         7: invokedynamic #304,  0            // InvokeDynamic #7:test:(Lnet/minecraft/world/item/ItemStack;)Ljava/util/function/Predicate;
        12: invokeinterface #29,  2           // InterfaceMethod java/util/stream/Stream.filter:(Ljava/util/function/Predicate;)Ljava/util/stream/Stream;
        17: invokeinterface #307,  1          // InterfaceMethod java/util/stream/Stream.findFirst:()Ljava/util/Optional;
        22: aconst_null
        23: invokevirtual #112                // Method java/util/Optional.orElse:(Ljava/lang/Object;)Ljava/lang/Object;
        26: checkcast     #8                  // class kr/moonseungjun/villageguardians/VillageEquipmentShop$Offer
        29: astore_2
        30: aload_2
        31: ifnonnull     36
        34: fconst_1
        35: freturn
        36: iload_1
        37: ifeq          47
        40: aload_2
        41: invokevirtual #311                // Method kr/moonseungjun/villageguardians/VillageEquipmentShop$Offer.projectileMultiplier:()F
        44: goto          51
        47: aload_2
        48: invokevirtual #313                // Method kr/moonseungjun/villageguardians/VillageEquipmentShop$Offer.meleeMultiplier:()F
        51: freturn

  private static boolean lambda$bonusFor$0(net.minecraft.world.item.ItemStack, kr.moonseungjun.villageguardians.VillageEquipmentShop$Offer);
    Code:
         0: aload_1
         1: aload_0
         2: invokevirtual #300                // Method kr/moonseungjun/villageguardians/VillageEquipmentShop$Offer.matches:(Lnet/minecraft/world/item/ItemStack;)Z
         5: ireturn

  private static boolean lambda$rotatingOffers$0(kr.moonseungjun.villageguardians.VillageEquipmentShop$Category, int, kr.moonseungjun.villageguardians.VillageEquipmentShop$Offer);
    Code:
         0: aload_2
         1: invokevirtual #315                // Method kr/moonseungjun/villageguardians/VillageEquipmentShop$Offer.category:()Lkr/moonseungjun/villageguardians/VillageEquipmentShop$Category;
         4: aload_0
         5: if_acmpne     20
         8: aload_2
         9: invokevirtual #319                // Method kr/moonseungjun/villageguardians/VillageEquipmentShop$Offer.requiredDay:()I
        12: iload_1
        13: if_icmpgt     20
        16: iconst_1
        17: goto          21
        20: iconst_0
        21: ireturn

  private static boolean lambda$offers$0(kr.moonseungjun.villageguardians.VillageEquipmentShop$Category, kr.moonseungjun.villageguardians.VillageEquipmentShop$Offer);
    Code:
         0: aload_1
         1: invokevirtual #315                // Method kr/moonseungjun/villageguardians/VillageEquipmentShop$Offer.category:()Lkr/moonseungjun/villageguardians/VillageEquipmentShop$Category;
         4: aload_0
         5: if_acmpne     12
         8: iconst_1
         9: goto          13
        12: iconst_0
        13: ireturn
}
Compiled from "VillageTradingSystem.java"
public final class kr.moonseungjun.villageguardians.VillageTradingSystem {
  private static final int MAIN_INVENTORY_SLOTS;

  private static final java.util.Map<net.minecraft.world.item.Item, java.lang.Integer> LEGACY_PRICES;

  private static final java.util.Map<java.lang.String, java.lang.Integer> NAMED_PRICES;

  private kr.moonseungjun.villageguardians.VillageTradingSystem();
    Code:
         0: aload_0
         1: invokespecial #1                  // Method java/lang/Object."<init>":()V
         4: return

  public static java.util.List<kr.moonseungjun.villageguardians.VillageTradingSystem$SellCandidate> sellCandidates(net.minecraft.server.level.ServerPlayer);
    Code:
         0: new           #7                  // class java/util/ArrayList
         3: dup
         4: invokespecial #9                  // Method java/util/ArrayList."<init>":()V
         7: astore_1
         8: bipush        36
        10: aload_0
        11: invokevirtual #12                 // Method net/minecraft/server/level/ServerPlayer.getInventory:()Lnet/minecraft/world/entity/player/Inventory;
        14: invokevirtual #18                 // Method net/minecraft/world/entity/player/Inventory.getContainerSize:()I
        17: invokestatic  #24                 // Method java/lang/Math.min:(II)I
        20: istore_2
        21: iconst_0
        22: istore_3
        23: iload_3
        24: iload_2
        25: if_icmpge     102
        28: aload_0
        29: invokevirtual #12                 // Method net/minecraft/server/level/ServerPlayer.getInventory:()Lnet/minecraft/world/entity/player/Inventory;
        32: iload_3
        33: invokevirtual #30                 // Method net/minecraft/world/entity/player/Inventory.getItem:(I)Lnet/minecraft/world/item/ItemStack;
        36: astore        4
        38: aload         4
        40: invokestatic  #34                 // Method unitValue:(Lnet/minecraft/world/item/ItemStack;)I
        43: istore        5
        45: aload         4
        47: invokevirtual #38                 // Method net/minecraft/world/item/ItemStack.isEmpty:()Z
        50: ifne          96
        53: iload         5
        55: ifgt          61
        58: goto          96
        61: aload_1
        62: new           #44                 // class kr/moonseungjun/villageguardians/VillageTradingSystem$SellCandidate
        65: dup
        66: iload_3
        67: aload         4
        69: invokestatic  #46                 // Method displayName:(Lnet/minecraft/world/item/ItemStack;)Ljava/lang/String;
        72: aload         4
        74: invokevirtual #50                 // Method net/minecraft/world/item/ItemStack.getCount:()I
        77: iload         5
        79: iload         5
        81: aload         4
        83: invokevirtual #50                 // Method net/minecraft/world/item/ItemStack.getCount:()I
        86: imul
        87: invokespecial #53                 // Method kr/moonseungjun/villageguardians/VillageTradingSystem$SellCandidate."<init>":(ILjava/lang/String;III)V
        90: invokeinterface #56,  2           // InterfaceMethod java/util/List.add:(Ljava/lang/Object;)Z
        95: pop
        96: iinc          3, 1
        99: goto          23
       102: aload_1
       103: invokestatic  #62                 // InterfaceMethod java/util/List.copyOf:(Ljava/util/Collection;)Ljava/util/List;
       106: areturn

  public static java.lang.String sellSelected(net.minecraft.server.level.ServerPlayer, int);
    Code:
         0: bipush        36
         2: aload_0
         3: invokevirtual #12                 // Method net/minecraft/server/level/ServerPlayer.getInventory:()Lnet/minecraft/world/entity/player/Inventory;
         6: invokevirtual #18                 // Method net/minecraft/world/entity/player/Inventory.getContainerSize:()I
         9: invokestatic  #24                 // Method java/lang/Math.min:(II)I
        12: istore_2
        13: iload_1
        14: iflt          22
        17: iload_1
        18: iload_2
        19: if_icmplt     25
        22: ldc           #66                 // String 판매할 아이템 슬롯이 올바르지 않습니다.
        24: areturn
        25: aload_0
        26: invokevirtual #12                 // Method net/minecraft/server/level/ServerPlayer.getInventory:()Lnet/minecraft/world/entity/player/Inventory;
        29: iload_1
        30: invokevirtual #30                 // Method net/minecraft/world/entity/player/Inventory.getItem:(I)Lnet/minecraft/world/item/ItemStack;
        33: astore_3
        34: aload_3
        35: invokestatic  #34                 // Method unitValue:(Lnet/minecraft/world/item/ItemStack;)I
        38: istore        4
        40: aload_3
        41: invokevirtual #38                 // Method net/minecraft/world/item/ItemStack.isEmpty:()Z
        44: ifne          52
        47: iload         4
        49: ifgt          55
        52: ldc           #68                 // String 이 아이템은 상점에서 판매할 수 없습니다.
        54: areturn
        55: aload_3
        56: invokestatic  #46                 // Method displayName:(Lnet/minecraft/world/item/ItemStack;)Ljava/lang/String;
        59: astore        5
        61: aload_3
        62: invokevirtual #50                 // Method net/minecraft/world/item/ItemStack.getCount:()I
        65: istore        6
        67: aload_0
        68: iload         4
        70: iload         6
        72: imul
        73: invokestatic  #70                 // Method adjustedPayout:(Lnet/minecraft/server/level/ServerPlayer;I)I
        76: istore        7
        78: aload_0
        79: invokevirtual #12                 // Method net/minecraft/server/level/ServerPlayer.getInventory:()Lnet/minecraft/world/entity/player/Inventory;
        82: iload_1
        83: getstatic     #74                 // Field net/minecraft/world/item/ItemStack.EMPTY:Lnet/minecraft/world/item/ItemStack;
        86: invokevirtual #78                 // Method net/minecraft/world/entity/player/Inventory.setItem:(ILnet/minecraft/world/item/ItemStack;)V
        89: aload_0
        90: invokevirtual #12                 // Method net/minecraft/server/level/ServerPlayer.getInventory:()Lnet/minecraft/world/entity/player/Inventory;
        93: invokevirtual #82                 // Method net/minecraft/world/entity/player/Inventory.setChanged:()V
        96: aload_0
        97: iload         7
        99: aload         5
       101: invokedynamic #85,  0             // InvokeDynamic #0:makeConcatWithConstants:(Ljava/lang/String;)Ljava/lang/String;
       106: invokestatic  #89                 // Method kr/moonseungjun/villageguardians/VillageProgressionSystem.addCoins:(Lnet/minecraft/server/level/ServerPlayer;ILjava/lang/String;)V
       109: aload         5
       111: iload         6
       113: iload         7
       115: invokedynamic #95,  0             // InvokeDynamic #1:makeConcatWithConstants:(Ljava/lang/String;II)Ljava/lang/String;
       120: areturn

  public static java.lang.String sellMonsterDrops(net.minecraft.server.level.ServerPlayer);
    Code:
         0: iconst_0
         1: istore_1
         2: iconst_0
         3: istore_2
         4: bipush        36
         6: aload_0
         7: invokevirtual #12                 // Method net/minecraft/server/level/ServerPlayer.getInventory:()Lnet/minecraft/world/entity/player/Inventory;
        10: invokevirtual #18                 // Method net/minecraft/world/entity/player/Inventory.getContainerSize:()I
        13: invokestatic  #24                 // Method java/lang/Math.min:(II)I
        16: istore_3
        17: iconst_0
        18: istore        4
        20: iload         4
        22: iload_3
        23: if_icmpge     101
        26: aload_0
        27: invokevirtual #12                 // Method net/minecraft/server/level/ServerPlayer.getInventory:()Lnet/minecraft/world/entity/player/Inventory;
        30: iload         4
        32: invokevirtual #30                 // Method net/minecraft/world/entity/player/Inventory.getItem:(I)Lnet/minecraft/world/item/ItemStack;
        35: astore        5
        37: aload         5
        39: invokevirtual #38                 // Method net/minecraft/world/item/ItemStack.isEmpty:()Z
        42: ifne          95
        45: aload         5
        47: invokestatic  #98                 // Method isSaleOnlyLoot:(Lnet/minecraft/world/item/ItemStack;)Z
        50: ifne          56
        53: goto          95
        56: aload         5
        58: invokestatic  #34                 // Method unitValue:(Lnet/minecraft/world/item/ItemStack;)I
        61: istore        6
        63: aload         5
        65: invokevirtual #50                 // Method net/minecraft/world/item/ItemStack.getCount:()I
        68: istore        7
        70: iload_1
        71: iload         7
        73: iadd
        74: istore_1
        75: iload_2
        76: iload         7
        78: iload         6
        80: imul
        81: iadd
        82: istore_2
        83: aload_0
        84: invokevirtual #12                 // Method net/minecraft/server/level/ServerPlayer.getInventory:()Lnet/minecraft/world/entity/player/Inventory;
        87: iload         4
        89: getstatic     #74                 // Field net/minecraft/world/item/ItemStack.EMPTY:Lnet/minecraft/world/item/ItemStack;
        92: invokevirtual #78                 // Method net/minecraft/world/entity/player/Inventory.setItem:(ILnet/minecraft/world/item/ItemStack;)V
        95: iinc          4, 1
        98: goto          20
       101: iload_1
       102: ifgt          108
       105: ldc           #102                // String 판매용 전리품이 없습니다.
       107: areturn
       108: aload_0
       109: invokevirtual #12                 // Method net/minecraft/server/level/ServerPlayer.getInventory:()Lnet/minecraft/world/entity/player/Inventory;
       112: invokevirtual #82                 // Method net/minecraft/world/entity/player/Inventory.setChanged:()V
       115: aload_0
       116: iload_2
       117: invokestatic  #70                 // Method adjustedPayout:(Lnet/minecraft/server/level/ServerPlayer;I)I
       120: istore        4
       122: aload_0
       123: iload         4
       125: ldc           #104                // String 판매용 전리품 정산
       127: invokestatic  #89                 // Method kr/moonseungjun/villageguardians/VillageProgressionSystem.addCoins:(Lnet/minecraft/server/level/ServerPlayer;ILjava/lang/String;)V
       130: iload_1
       131: iload         4
       133: invokedynamic #106,  0            // InvokeDynamic #2:makeConcatWithConstants:(II)Ljava/lang/String;
       138: areturn

  private static boolean isSaleOnlyLoot(net.minecraft.world.item.ItemStack);
    Code:
         0: aload_0
         1: invokestatic  #109                // Method kr/moonseungjun/villageguardians/VillageRaidLootSystem.saleValue:(Lnet/minecraft/world/item/ItemStack;)I
         4: ifle          9
         7: iconst_1
         8: ireturn
         9: aload_0
        10: invokestatic  #114                // Method plainName:(Lnet/minecraft/world/item/ItemStack;)Ljava/lang/String;
        13: astore_1
        14: getstatic     #117                // Field NAMED_PRICES:Ljava/util/Map;
        17: aload_1
        18: invokeinterface #121,  2          // InterfaceMethod java/util/Map.containsKey:(Ljava/lang/Object;)Z
        23: ifne          51
        26: aload_0
        27: getstatic     #126                // Field net/minecraft/core/component/DataComponents.CUSTOM_NAME:Lnet/minecraft/core/component/DataComponentType;
        30: invokevirtual #132                // Method net/minecraft/world/item/ItemStack.get:(Lnet/minecraft/core/component/DataComponentType;)Ljava/lang/Object;
        33: ifnonnull     55
        36: getstatic     #136                // Field LEGACY_PRICES:Ljava/util/Map;
        39: aload_0
        40: invokevirtual #139                // Method net/minecraft/world/item/ItemStack.getItem:()Lnet/minecraft/world/item/Item;
        43: invokeinterface #121,  2          // InterfaceMethod java/util/Map.containsKey:(Ljava/lang/Object;)Z
        48: ifeq          55
        51: iconst_1
        52: goto          56
        55: iconst_0
        56: ireturn

  private static int unitValue(net.minecraft.world.item.ItemStack);
    Code:
         0: aload_0
         1: ifnull        11
         4: aload_0
         5: invokevirtual #38                 // Method net/minecraft/world/item/ItemStack.isEmpty:()Z
         8: ifeq          13
        11: iconst_0
        12: ireturn
        13: aload_0
        14: invokestatic  #109                // Method kr/moonseungjun/villageguardians/VillageRaidLootSystem.saleValue:(Lnet/minecraft/world/item/ItemStack;)I
        17: istore_1
        18: iload_1
        19: ifle          24
        22: iload_1
        23: ireturn
        24: aload_0
        25: invokestatic  #114                // Method plainName:(Lnet/minecraft/world/item/ItemStack;)Ljava/lang/String;
        28: astore_2
        29: getstatic     #117                // Field NAMED_PRICES:Ljava/util/Map;
        32: aload_2
        33: invokeinterface #142,  2          // InterfaceMethod java/util/Map.get:(Ljava/lang/Object;)Ljava/lang/Object;
        38: checkcast     #145                // class java/lang/Integer
        41: astore_3
        42: aload_3
        43: ifnull        51
        46: aload_3
        47: invokevirtual #147                // Method java/lang/Integer.intValue:()I
        50: ireturn
        51: aload_0
        52: invokestatic  #150                // Method kr/moonseungjun/villageguardians/VillageEquipmentRaritySystem.rarityOf:(Lnet/minecraft/world/item/ItemStack;)Lkr/moonseungjun/villageguardians/VillageEquipmentRaritySystem$Rarity;
        55: astore        4
        57: aload         4
        59: ifnull        82
        62: bipush        18
        64: aload         4
        66: invokevirtual #156                // Method kr/moonseungjun/villageguardians/VillageEquipmentRaritySystem$Rarity.powerStep:()I
        69: bipush        18
        71: imul
        72: iadd
        73: aload_0
        74: invokestatic  #161                // Method kr/moonseungjun/villageguardians/VillageEquipmentRaritySystem.enhancementLevel:(Lnet/minecraft/world/item/ItemStack;)I
        77: bipush        14
        79: imul
        80: iadd
        81: ireturn
        82: aload_0
        83: getstatic     #126                // Field net/minecraft/core/component/DataComponents.CUSTOM_NAME:Lnet/minecraft/core/component/DataComponentType;
        86: invokevirtual #132                // Method net/minecraft/world/item/ItemStack.get:(Lnet/minecraft/core/component/DataComponentType;)Ljava/lang/Object;
        89: ifnonnull     115
        92: getstatic     #136                // Field LEGACY_PRICES:Ljava/util/Map;
        95: aload_0
        96: invokevirtual #139                // Method net/minecraft/world/item/ItemStack.getItem:()Lnet/minecraft/world/item/Item;
        99: iconst_0
       100: invokestatic  #164                // Method java/lang/Integer.valueOf:(I)Ljava/lang/Integer;
       103: invokeinterface #168,  3          // InterfaceMethod java/util/Map.getOrDefault:(Ljava/lang/Object;Ljava/lang/Object;)Ljava/lang/Object;
       108: checkcast     #145                // class java/lang/Integer
       111: invokevirtual #147                // Method java/lang/Integer.intValue:()I
       114: ireturn
       115: invokestatic  #172                // Method kr/moonseungjun/villageguardians/VillageEquipmentShop.offers:()Ljava/util/List;
       118: invokeinterface #178,  1          // InterfaceMethod java/util/List.iterator:()Ljava/util/Iterator;
       123: astore        5
       125: aload         5
       127: invokeinterface #182,  1          // InterfaceMethod java/util/Iterator.hasNext:()Z
       132: ifeq          171
       135: aload         5
       137: invokeinterface #187,  1          // InterfaceMethod java/util/Iterator.next:()Ljava/lang/Object;
       142: checkcast     #191                // class kr/moonseungjun/villageguardians/VillageEquipmentShop$Offer
       145: astore        6
       147: aload         6
       149: aload_0
       150: invokevirtual #193                // Method kr/moonseungjun/villageguardians/VillageEquipmentShop$Offer.matches:(Lnet/minecraft/world/item/ItemStack;)Z
       153: ifeq          168
       156: iconst_1
       157: aload         6
       159: invokevirtual #196                // Method kr/moonseungjun/villageguardians/VillageEquipmentShop$Offer.cost:()I
       162: iconst_3
       163: idiv
       164: invokestatic  #199                // Method java/lang/Math.max:(II)I
       167: ireturn
       168: goto          125
       171: iconst_0
       172: ireturn

  private static int adjustedPayout(net.minecraft.server.level.ServerPlayer, int);
    Code:
         0: aload_0
         1: invokestatic  #202                // Method kr/moonseungjun/villageguardians/VillageSkillTreeSystem.coinRewardMultiplier:(Lnet/minecraft/server/level/ServerPlayer;)F
         4: invokestatic  #208                // Method kr/moonseungjun/villageguardians/VillageDefenseResearchSystem.lootValueMultiplier:()F
         7: fmul
         8: fstore_2
         9: iconst_1
        10: iload_1
        11: i2f
        12: fload_2
        13: fmul
        14: invokestatic  #214                // Method java/lang/Math.round:(F)I
        17: invokestatic  #199                // Method java/lang/Math.max:(II)I
        20: ireturn

  private static java.lang.String displayName(net.minecraft.world.item.ItemStack);
    Code:
         0: aload_0
         1: invokestatic  #114                // Method plainName:(Lnet/minecraft/world/item/ItemStack;)Ljava/lang/String;
         4: astore_1
         5: aload_1
         6: invokevirtual #218                // Method java/lang/String.isBlank:()Z
         9: ifeq          24
        12: aload_0
        13: invokevirtual #223                // Method net/minecraft/world/item/ItemStack.getHoverName:()Lnet/minecraft/network/chat/Component;
        16: invokeinterface #227,  1          // InterfaceMethod net/minecraft/network/chat/Component.getString:()Ljava/lang/String;
        21: goto          25
        24: aload_1
        25: areturn

  private static java.lang.String plainName(net.minecraft.world.item.ItemStack);
    Code:
         0: aload_0
         1: getstatic     #126                // Field net/minecraft/core/component/DataComponents.CUSTOM_NAME:Lnet/minecraft/core/component/DataComponentType;
         4: invokevirtual #132                // Method net/minecraft/world/item/ItemStack.get:(Lnet/minecraft/core/component/DataComponentType;)Ljava/lang/Object;
         7: checkcast     #228                // class net/minecraft/network/chat/Component
        10: astore_1
        11: aload_1
        12: ifnonnull     20
        15: ldc           #233                // String
        17: goto          29
        20: aload_1
        21: invokeinterface #227,  1          // InterfaceMethod net/minecraft/network/chat/Component.getString:()Ljava/lang/String;
        26: invokestatic  #235                // Method net/minecraft/ChatFormatting.stripFormatting:(Ljava/lang/String;)Ljava/lang/String;
        29: areturn

  static {};
    Code:
         0: new           #240                // class java/util/LinkedHashMap
         3: dup
         4: invokespecial #242                // Method java/util/LinkedHashMap."<init>":()V
         7: putstatic     #136                // Field LEGACY_PRICES:Ljava/util/Map;
        10: new           #240                // class java/util/LinkedHashMap
        13: dup
        14: invokespecial #242                // Method java/util/LinkedHashMap."<init>":()V
        17: putstatic     #117                // Field NAMED_PRICES:Ljava/util/Map;
        20: getstatic     #136                // Field LEGACY_PRICES:Ljava/util/Map;
        23: getstatic     #243                // Field net/minecraft/world/item/Items.ROTTEN_FLESH:Lnet/minecraft/world/item/Item;
        26: iconst_1
        27: invokestatic  #164                // Method java/lang/Integer.valueOf:(I)Ljava/lang/Integer;
        30: invokeinterface #249,  3          // InterfaceMethod java/util/Map.put:(Ljava/lang/Object;Ljava/lang/Object;)Ljava/lang/Object;
        35: pop
        36: getstatic     #136                // Field LEGACY_PRICES:Ljava/util/Map;
        39: getstatic     #252                // Field net/minecraft/world/item/Items.BONE:Lnet/minecraft/world/item/Item;
        42: iconst_2
        43: invokestatic  #164                // Method java/lang/Integer.valueOf:(I)Ljava/lang/Integer;
        46: invokeinterface #249,  3          // InterfaceMethod java/util/Map.put:(Ljava/lang/Object;Ljava/lang/Object;)Ljava/lang/Object;
        51: pop
        52: getstatic     #136                // Field LEGACY_PRICES:Ljava/util/Map;
        55: getstatic     #255                // Field net/minecraft/world/item/Items.STRING:Lnet/minecraft/world/item/Item;
        58: iconst_2
        59: invokestatic  #164                // Method java/lang/Integer.valueOf:(I)Ljava/lang/Integer;
        62: invokeinterface #249,  3          // InterfaceMethod java/util/Map.put:(Ljava/lang/Object;Ljava/lang/Object;)Ljava/lang/Object;
        67: pop
        68: getstatic     #136                // Field LEGACY_PRICES:Ljava/util/Map;
        71: getstatic     #258                // Field net/minecraft/world/item/Items.SPIDER_EYE:Lnet/minecraft/world/item/Item;
        74: iconst_3
        75: invokestatic  #164                // Method java/lang/Integer.valueOf:(I)Ljava/lang/Integer;
        78: invokeinterface #249,  3          // InterfaceMethod java/util/Map.put:(Ljava/lang/Object;Ljava/lang/Object;)Ljava/lang/Object;
        83: pop
        84: getstatic     #136                // Field LEGACY_PRICES:Ljava/util/Map;
        87: getstatic     #261                // Field net/minecraft/world/item/Items.GUNPOWDER:Lnet/minecraft/world/item/Item;
        90: iconst_4
        91: invokestatic  #164                // Method java/lang/Integer.valueOf:(I)Ljava/lang/Integer;
        94: invokeinterface #249,  3          // InterfaceMethod java/util/Map.put:(Ljava/lang/Object;Ljava/lang/Object;)Ljava/lang/Object;
        99: pop
       100: getstatic     #136                // Field LEGACY_PRICES:Ljava/util/Map;
       103: getstatic     #264                // Field net/minecraft/world/item/Items.SLIME_BALL:Lnet/minecraft/world/item/Item;
       106: iconst_4
       107: invokestatic  #164                // Method java/lang/Integer.valueOf:(I)Ljava/lang/Integer;
       110: invokeinterface #249,  3          // InterfaceMethod java/util/Map.put:(Ljava/lang/Object;Ljava/lang/Object;)Ljava/lang/Object;
       115: pop
       116: getstatic     #136                // Field LEGACY_PRICES:Ljava/util/Map;
       119: getstatic     #267                // Field net/minecraft/world/item/Items.ENDER_PEARL:Lnet/minecraft/world/item/Item;
       122: bipush        10
       124: invokestatic  #164                // Method java/lang/Integer.valueOf:(I)Ljava/lang/Integer;
       127: invokeinterface #249,  3          // InterfaceMethod java/util/Map.put:(Ljava/lang/Object;Ljava/lang/Object;)Ljava/lang/Object;
       132: pop
       133: getstatic     #136                // Field LEGACY_PRICES:Ljava/util/Map;
       136: getstatic     #270                // Field net/minecraft/world/item/Items.BLAZE_ROD:Lnet/minecraft/world/item/Item;
       139: bipush        12
       141: invokestatic  #164                // Method java/lang/Integer.valueOf:(I)Ljava/lang/Integer;
       144: invokeinterface #249,  3          // InterfaceMethod java/util/Map.put:(Ljava/lang/Object;Ljava/lang/Object;)Ljava/lang/Object;
       149: pop
       150: getstatic     #117                // Field NAMED_PRICES:Ljava/util/Map;
       153: ldc_w         #273                // String [판매용] 금 간 오크 송곳니
       156: iconst_3
       157: invokestatic  #164                // Method java/lang/Integer.valueOf:(I)Ljava/lang/Integer;
       160: invokeinterface #249,  3          // InterfaceMethod java/util/Map.put:(Ljava/lang/Object;Ljava/lang/Object;)Ljava/lang/Object;
       165: pop
       166: getstatic     #117                // Field NAMED_PRICES:Ljava/util/Map;
       169: ldc_w         #275                // String [판매용] 찢긴 전투 끈
       172: iconst_3
       173: invokestatic  #164                // Method java/lang/Integer.valueOf:(I)Ljava/lang/Integer;
       176: invokeinterface #249,  3          // InterfaceMethod java/util/Map.put:(Ljava/lang/Object;Ljava/lang/Object;)Ljava/lang/Object;
       181: pop
       182: getstatic     #117                // Field NAMED_PRICES:Ljava/util/Map;
       185: ldc_w         #277                // String [판매용] 응고된 마력낭
       188: iconst_5
       189: invokestatic  #164                // Method java/lang/Integer.valueOf:(I)Ljava/lang/Integer;
       192: invokeinterface #249,  3          // InterfaceMethod java/util/Map.put:(Ljava/lang/Object;Ljava/lang/Object;)Ljava/lang/Object;
       197: pop
       198: getstatic     #117                // Field NAMED_PRICES:Ljava/util/Map;
       201: ldc_w         #279                // String [판매용] 폭파병 화약 주머니
       204: bipush        7
       206: invokestatic  #164                // Method java/lang/Integer.valueOf:(I)Ljava/lang/Integer;
       209: invokeinterface #249,  3          // InterfaceMethod java/util/Map.put:(Ljava/lang/Object;Ljava/lang/Object;)Ljava/lang/Object;
       214: pop
       215: getstatic     #117                // Field NAMED_PRICES:Ljava/util/Map;
       218: ldc_w         #281                // String [판매용] 뒤틀린 지휘핵
       221: bipush        18
       223: invokestatic  #164                // Method java/lang/Integer.valueOf:(I)Ljava/lang/Integer;
       226: invokeinterface #249,  3          // InterfaceMethod java/util/Map.put:(Ljava/lang/Object;Ljava/lang/Object;)Ljava/lang/Object;
       231: pop
       232: getstatic     #117                // Field NAMED_PRICES:Ljava/util/Map;
       235: ldc_w         #283                // String [판매용] 전쟁 주술봉 파편
       238: bipush        22
       240: invokestatic  #164                // Method java/lang/Integer.valueOf:(I)Ljava/lang/Integer;
       243: invokeinterface #249,  3          // InterfaceMethod java/util/Map.put:(Ljava/lang/Object;Ljava/lang/Object;)Ljava/lang/Object;
       248: pop
       249: getstatic     #117                // Field NAMED_PRICES:Ljava/util/Map;
       252: ldc_w         #285                // String 수호 화살
       255: iconst_1
       256: invokestatic  #164                // Method java/lang/Integer.valueOf:(I)Ljava/lang/Integer;
       259: invokeinterface #249,  3          // InterfaceMethod java/util/Map.put:(Ljava/lang/Object;Ljava/lang/Object;)Ljava/lang/Object;
       264: pop
       265: getstatic     #117                // Field NAMED_PRICES:Ljava/util/Map;
       268: ldc_w         #287                // String 전투 건량
       271: iconst_3
       272: invokestatic  #164                // Method java/lang/Integer.valueOf:(I)Ljava/lang/Integer;
       275: invokeinterface #249,  3          // InterfaceMethod java/util/Map.put:(Ljava/lang/Object;Ljava/lang/Object;)Ljava/lang/Object;
       280: pop
       281: getstatic     #117                // Field NAMED_PRICES:Ljava/util/Map;
       284: ldc_w         #289                // String 마을 배급빵
       287: iconst_2
       288: invokestatic  #164                // Method java/lang/Integer.valueOf:(I)Ljava/lang/Integer;
       291: invokeinterface #249,  3          // InterfaceMethod java/util/Map.put:(Ljava/lang/Object;Ljava/lang/Object;)Ljava/lang/Object;
       296: pop
       297: return
}
Compiled from "VillageRelicSystem.java"
public final class kr.moonseungjun.villageguardians.VillageRelicSystem {
  private static final java.lang.String SEP;

  private static final java.lang.String OFFER_SEP;

  private static final java.util.Map<java.util.UUID, java.lang.Integer> OWNED;

  private static final java.util.Map<java.util.UUID, java.lang.String> PENDING;

  private static kr.moonseungjun.villageguardians.VillageRelicData savedData;

  private kr.moonseungjun.villageguardians.VillageRelicSystem();
    Code:
         0: aload_0
         1: invokespecial #1                  // Method java/lang/Object."<init>":()V
         4: return

  public static synchronized void initializeServer(net.minecraft.server.MinecraftServer);
    Code:
         0: aload_0
         1: invokevirtual #7                  // Method net/minecraft/server/MinecraftServer.overworld:()Lnet/minecraft/server/level/ServerLevel;
         4: invokevirtual #13                 // Method net/minecraft/server/level/ServerLevel.getDataStorage:()Lnet/minecraft/world/level/storage/SavedDataStorage;
         7: getstatic     #19                 // Field kr/moonseungjun/villageguardians/VillageRelicData.TYPE:Lnet/minecraft/world/level/saveddata/SavedDataType;
        10: invokevirtual #25                 // Method net/minecraft/world/level/storage/SavedDataStorage.computeIfAbsent:(Lnet/minecraft/world/level/saveddata/SavedDataType;)Lnet/minecraft/world/level/saveddata/SavedData;
        13: checkcast     #20                 // class kr/moonseungjun/villageguardians/VillageRelicData
        16: putstatic     #31                 // Field savedData:Lkr/moonseungjun/villageguardians/VillageRelicData;
        19: getstatic     #37                 // Field OWNED:Ljava/util/Map;
        22: invokeinterface #41,  1           // InterfaceMethod java/util/Map.clear:()V
        27: getstatic     #46                 // Field PENDING:Ljava/util/Map;
        30: invokeinterface #41,  1           // InterfaceMethod java/util/Map.clear:()V
        35: getstatic     #31                 // Field savedData:Lkr/moonseungjun/villageguardians/VillageRelicData;
        38: invokevirtual #49                 // Method kr/moonseungjun/villageguardians/VillageRelicData.owned:()Ljava/util/Map;
        41: invokedynamic #53,  0             // InvokeDynamic #0:accept:()Ljava/util/function/BiConsumer;
        46: invokeinterface #57,  2           // InterfaceMethod java/util/Map.forEach:(Ljava/util/function/BiConsumer;)V
        51: getstatic     #31                 // Field savedData:Lkr/moonseungjun/villageguardians/VillageRelicData;
        54: invokevirtual #61                 // Method kr/moonseungjun/villageguardians/VillageRelicData.pending:()Ljava/util/Map;
        57: invokedynamic #64,  0             // InvokeDynamic #1:accept:()Ljava/util/function/BiConsumer;
        62: invokeinterface #57,  2           // InterfaceMethod java/util/Map.forEach:(Ljava/util/function/BiConsumer;)V
        67: invokestatic  #65                 // Method persist:()V
        70: return

  public static synchronized void offerToParty(net.minecraft.server.MinecraftServer);
    Code:
         0: invokestatic  #68                 // Method kr/moonseungjun/villageguardians/VillageCouncilState.currentDay:()I
         3: istore_1
         4: aload_0
         5: invokevirtual #74                 // Method net/minecraft/server/MinecraftServer.getPlayerList:()Lnet/minecraft/server/players/PlayerList;
         8: invokevirtual #78                 // Method net/minecraft/server/players/PlayerList.getPlayers:()Ljava/util/List;
        11: invokeinterface #84,  1           // InterfaceMethod java/util/List.iterator:()Ljava/util/Iterator;
        16: astore_2
        17: aload_2
        18: invokeinterface #90,  1           // InterfaceMethod java/util/Iterator.hasNext:()Z
        23: ifeq          165
        26: aload_2
        27: invokeinterface #96,  1           // InterfaceMethod java/util/Iterator.next:()Ljava/lang/Object;
        32: checkcast     #100                // class net/minecraft/server/level/ServerPlayer
        35: astore_3
        36: aload_3
        37: iload_1
        38: invokestatic  #102                // Method choicesFor:(Lnet/minecraft/server/level/ServerPlayer;I)Ljava/util/List;
        41: astore        4
        43: aload         4
        45: invokeinterface #106,  1          // InterfaceMethod java/util/List.isEmpty:()Z
        50: ifeq          56
        53: goto          17
        56: aload         4
        58: invokeinterface #109,  1          // InterfaceMethod java/util/List.stream:()Ljava/util/stream/Stream;
        63: invokedynamic #113,  0            // InvokeDynamic #2:apply:()Ljava/util/function/Function;
        68: invokeinterface #117,  2          // InterfaceMethod java/util/stream/Stream.map:(Ljava/util/function/Function;)Ljava/util/stream/Stream;
        73: invokedynamic #123,  0            // InvokeDynamic #3:apply:()Ljava/util/function/BinaryOperator;
        78: invokeinterface #126,  2          // InterfaceMethod java/util/stream/Stream.reduce:(Ljava/util/function/BinaryOperator;)Ljava/util/Optional;
        83: ldc           #130                // String
        85: invokevirtual #132                // Method java/util/Optional.orElse:(Ljava/lang/Object;)Ljava/lang/Object;
        88: checkcast     #138                // class java/lang/String
        91: astore        5
        93: getstatic     #46                 // Field PENDING:Ljava/util/Map;
        96: aload_3
        97: invokevirtual #140                // Method net/minecraft/server/level/ServerPlayer.getUUID:()Ljava/util/UUID;
       100: ldc           #130                // String
       102: invokeinterface #144,  3          // InterfaceMethod java/util/Map.getOrDefault:(Ljava/lang/Object;Ljava/lang/Object;)Ljava/lang/Object;
       107: checkcast     #138                // class java/lang/String
       110: astore        6
       112: getstatic     #46                 // Field PENDING:Ljava/util/Map;
       115: aload_3
       116: invokevirtual #140                // Method net/minecraft/server/level/ServerPlayer.getUUID:()Ljava/util/UUID;
       119: aload         6
       121: invokevirtual #148                // Method java/lang/String.isBlank:()Z
       124: ifeq          132
       127: aload         5
       129: goto          141
       132: aload         6
       134: aload         5
       136: invokedynamic #151,  0            // InvokeDynamic #4:makeConcatWithConstants:(Ljava/lang/String;Ljava/lang/String;)Ljava/lang/String;
       141: invokeinterface #155,  3          // InterfaceMethod java/util/Map.put:(Ljava/lang/Object;Ljava/lang/Object;)Ljava/lang/Object;
       146: pop
       147: invokestatic  #65                 // Method persist:()V
       150: aload         6
       152: invokevirtual #148                // Method java/lang/String.isBlank:()Z
       155: ifeq          162
       158: aload_3
       159: invokestatic  #158                // Method openChoice:(Lnet/minecraft/server/level/ServerPlayer;)V
       162: goto          17
       165: return

  public static synchronized void openChoice(net.minecraft.server.level.ServerPlayer);
    Code:
         0: aload_0
         1: invokestatic  #162                // Method pendingChoices:(Lnet/minecraft/server/level/ServerPlayer;)Ljava/util/List;
         4: astore_1
         5: aload_1
         6: invokeinterface #106,  1          // InterfaceMethod java/util/List.isEmpty:()Z
        11: ifeq          15
        14: return
        15: new           #166                // class java/util/ArrayList
        18: dup
        19: invokespecial #168                // Method java/util/ArrayList."<init>":()V
        22: astore_2
        23: new           #166                // class java/util/ArrayList
        26: dup
        27: invokespecial #168                // Method java/util/ArrayList."<init>":()V
        30: astore_3
        31: aload_1
        32: invokeinterface #84,  1           // InterfaceMethod java/util/List.iterator:()Ljava/util/Iterator;
        37: astore        4
        39: aload         4
        41: invokeinterface #90,  1           // InterfaceMethod java/util/Iterator.hasNext:()Z
        46: ifeq          103
        49: aload         4
        51: invokeinterface #96,  1           // InterfaceMethod java/util/Iterator.next:()Ljava/lang/Object;
        56: checkcast     #169                // class kr/moonseungjun/villageguardians/VillageRelicSystem$Relic
        59: astore        5
        61: aload_2
        62: aload         5
        64: invokevirtual #171                // Method kr/moonseungjun/villageguardians/VillageRelicSystem$Relic.id:()Ljava/lang/String;
        67: invokedynamic #175,  0            // InvokeDynamic #5:makeConcatWithConstants:(Ljava/lang/String;)Ljava/lang/String;
        72: invokeinterface #178,  2          // InterfaceMethod java/util/List.add:(Ljava/lang/Object;)Z
        77: pop
        78: aload_3
        79: aload         5
        81: invokevirtual #182                // Method kr/moonseungjun/villageguardians/VillageRelicSystem$Relic.displayName:()Ljava/lang/String;
        84: aload         5
        86: invokevirtual #185                // Method kr/moonseungjun/villageguardians/VillageRelicSystem$Relic.description:()Ljava/lang/String;
        89: invokedynamic #188,  0            // InvokeDynamic #6:makeConcatWithConstants:(Ljava/lang/String;Ljava/lang/String;)Ljava/lang/String;
        94: invokeinterface #178,  2          // InterfaceMethod java/util/List.add:(Ljava/lang/Object;)Z
        99: pop
       100: goto          39
       103: aload_0
       104: new           #189                // class kr/moonseungjun/villageguardians/VillageNetwork$OpenVillageUiPayload
       107: dup
       108: ldc           #191                // String relic_choice
       110: ldc           #193                // String 보스 유물 선택
       112: ldc           #195                // String 보스를 쓰러뜨렸습니다. 세 유물 중 하나를 선택하면 이 플레이어에게 영구 적용됩니다.
       114: ldc           #197                // String \u001f
       116: aload_2
       117: invokestatic  #199                // Method java/lang/String.join:(Ljava/lang/CharSequence;Ljava/lang/Iterable;)Ljava/lang/String;
       120: ldc           #197                // String \u001f
       122: aload_3
       123: invokestatic  #199                // Method java/lang/String.join:(Ljava/lang/CharSequence;Ljava/lang/Iterable;)Ljava/lang/String;
       126: invokespecial #203                // Method kr/moonseungjun/villageguardians/VillageNetwork$OpenVillageUiPayload."<init>":(Ljava/lang/String;Ljava/lang/String;Ljava/lang/String;Ljava/lang/String;Ljava/lang/String;)V
       129: invokestatic  #206                // Method kr/moonseungjun/villageguardians/VillageNetwork.open:(Lnet/minecraft/server/level/ServerPlayer;Lkr/moonseungjun/villageguardians/VillageNetwork$OpenVillageUiPayload;)V
       132: return

  public static synchronized void openCollection(net.minecraft.server.level.ServerPlayer);
    Code:
         0: aload_0
         1: invokestatic  #212                // Method ownedCount:(Lnet/minecraft/server/level/ServerPlayer;)I
         4: istore_1
         5: new           #166                // class java/util/ArrayList
         8: dup
         9: invokespecial #168                // Method java/util/ArrayList."<init>":()V
        12: astore_2
        13: invokestatic  #216                // Method kr/moonseungjun/villageguardians/VillageRelicSystem$Relic.values:()[Lkr/moonseungjun/villageguardians/VillageRelicSystem$Relic;
        16: astore_3
        17: aload_3
        18: arraylength
        19: istore        4
        21: iconst_0
        22: istore        5
        24: iload         5
        26: iload         4
        28: if_icmpge     111
        31: aload_3
        32: iload         5
        34: aaload
        35: astore        6
        37: aload_0
        38: aload         6
        40: invokestatic  #220                // Method has:(Lnet/minecraft/server/level/ServerPlayer;Lkr/moonseungjun/villageguardians/VillageRelicSystem$Relic;)Z
        43: istore        7
        45: aload_2
        46: ldc           #224                // String |
        48: iconst_5
        49: anewarray     #226                // class java/lang/CharSequence
        52: dup
        53: iconst_0
        54: ldc           #228                // String relic
        56: aastore
        57: dup
        58: iconst_1
        59: aload         6
        61: invokevirtual #171                // Method kr/moonseungjun/villageguardians/VillageRelicSystem$Relic.id:()Ljava/lang/String;
        64: aastore
        65: dup
        66: iconst_2
        67: iload         7
        69: ifeq          77
        72: ldc           #230                // String owned
        74: goto          79
        77: ldc           #231                // String locked
        79: aastore
        80: dup
        81: iconst_3
        82: aload         6
        84: invokevirtual #182                // Method kr/moonseungjun/villageguardians/VillageRelicSystem$Relic.displayName:()Ljava/lang/String;
        87: aastore
        88: dup
        89: iconst_4
        90: aload         6
        92: invokevirtual #185                // Method kr/moonseungjun/villageguardians/VillageRelicSystem$Relic.description:()Ljava/lang/String;
        95: aastore
        96: invokestatic  #233                // Method java/lang/String.join:(Ljava/lang/CharSequence;[Ljava/lang/CharSequence;)Ljava/lang/String;
        99: invokeinterface #178,  2          // InterfaceMethod java/util/List.add:(Ljava/lang/Object;)Z
       104: pop
       105: iinc          5, 1
       108: goto          24
       111: iload_1
       112: invokestatic  #216                // Method kr/moonseungjun/villageguardians/VillageRelicSystem$Relic.values:()[Lkr/moonseungjun/villageguardians/VillageRelicSystem$Relic;
       115: arraylength
       116: aload_0
       117: invokestatic  #236                // Method aggregateSummary:(Lnet/minecraft/server/level/ServerPlayer;)Ljava/lang/String;
       120: invokedynamic #240,  0            // InvokeDynamic #7:makeConcatWithConstants:(IILjava/lang/String;)Ljava/lang/String;
       125: astore_3
       126: aload_0
       127: new           #189                // class kr/moonseungjun/villageguardians/VillageNetwork$OpenVillageUiPayload
       130: dup
       131: ldc           #243                // String relic_collection
       133: ldc           #245                // String 획득 유물
       135: aload_3
       136: ldc           #130                // String
       138: ldc           #197                // String \u001f
       140: aload_2
       141: invokestatic  #199                // Method java/lang/String.join:(Ljava/lang/CharSequence;Ljava/lang/Iterable;)Ljava/lang/String;
       144: invokespecial #203                // Method kr/moonseungjun/villageguardians/VillageNetwork$OpenVillageUiPayload."<init>":(Ljava/lang/String;Ljava/lang/String;Ljava/lang/String;Ljava/lang/String;Ljava/lang/String;)V
       147: invokestatic  #206                // Method kr/moonseungjun/villageguardians/VillageNetwork.open:(Lnet/minecraft/server/level/ServerPlayer;Lkr/moonseungjun/villageguardians/VillageNetwork$OpenVillageUiPayload;)V
       150: return

  public static synchronized java.lang.String select(net.minecraft.server.level.ServerPlayer, java.lang.String);
    Code:
         0: aload_1
         1: invokestatic  #247                // Method kr/moonseungjun/villageguardians/VillageRelicSystem$Relic.fromId:(Ljava/lang/String;)Lkr/moonseungjun/villageguardians/VillageRelicSystem$Relic;
         4: astore_2
         5: aload_2
         6: ifnonnull     12
         9: ldc           #251                // String 알 수 없는 유물입니다.
        11: areturn
        12: aload_0
        13: invokestatic  #162                // Method pendingChoices:(Lnet/minecraft/server/level/ServerPlayer;)Ljava/util/List;
        16: astore_3
        17: aload_3
        18: aload_2
        19: invokeinterface #253,  2          // InterfaceMethod java/util/List.contains:(Ljava/lang/Object;)Z
        24: ifne          31
        27: ldc_w         #256                // String 현재 제시된 유물이 아닙니다.
        30: areturn
        31: getstatic     #37                 // Field OWNED:Ljava/util/Map;
        34: aload_0
        35: invokevirtual #140                // Method net/minecraft/server/level/ServerPlayer.getUUID:()Ljava/util/UUID;
        38: iconst_0
        39: invokestatic  #258                // Method java/lang/Integer.valueOf:(I)Ljava/lang/Integer;
        42: invokeinterface #144,  3          // InterfaceMethod java/util/Map.getOrDefault:(Ljava/lang/Object;Ljava/lang/Object;)Ljava/lang/Object;
        47: checkcast     #259                // class java/lang/Integer
        50: invokevirtual #264                // Method java/lang/Integer.intValue:()I
        53: istore        4
        55: getstatic     #37                 // Field OWNED:Ljava/util/Map;
        58: aload_0
        59: invokevirtual #140                // Method net/minecraft/server/level/ServerPlayer.getUUID:()Ljava/util/UUID;
        62: iload         4
        64: aload_2
        65: invokevirtual #267                // Method kr/moonseungjun/villageguardians/VillageRelicSystem$Relic.bit:()I
        68: ior
        69: invokestatic  #270                // Method sanitizeMask:(I)I
        72: invokestatic  #258                // Method java/lang/Integer.valueOf:(I)Ljava/lang/Integer;
        75: invokeinterface #155,  3          // InterfaceMethod java/util/Map.put:(Ljava/lang/Object;Ljava/lang/Object;)Ljava/lang/Object;
        80: pop
        81: aload_0
        82: invokevirtual #140                // Method net/minecraft/server/level/ServerPlayer.getUUID:()Ljava/util/UUID;
        85: invokestatic  #274                // Method consumePendingOffer:(Ljava/util/UUID;)V
        88: invokestatic  #65                 // Method persist:()V
        91: aload_2
        92: invokevirtual #182                // Method kr/moonseungjun/villageguardians/VillageRelicSystem$Relic.displayName:()Ljava/lang/String;
        95: aload_2
        96: invokevirtual #185                // Method kr/moonseungjun/villageguardians/VillageRelicSystem$Relic.description:()Ljava/lang/String;
        99: invokedynamic #278,  0            // InvokeDynamic #8:makeConcatWithConstants:(Ljava/lang/String;Ljava/lang/String;)Ljava/lang/String;
       104: areturn

  public static synchronized boolean hasPendingChoice(net.minecraft.server.level.ServerPlayer);
    Code:
         0: aload_0
         1: ifnull        20
         4: aload_0
         5: invokestatic  #162                // Method pendingChoices:(Lnet/minecraft/server/level/ServerPlayer;)Ljava/util/List;
         8: invokeinterface #106,  1          // InterfaceMethod java/util/List.isEmpty:()Z
        13: ifne          20
        16: iconst_1
        17: goto          21
        20: iconst_0
        21: ireturn

  public static synchronized boolean has(net.minecraft.server.level.ServerPlayer, kr.moonseungjun.villageguardians.VillageRelicSystem$Relic);
    Code:
         0: aload_0
         1: ifnull        42
         4: aload_1
         5: ifnull        42
         8: getstatic     #37                 // Field OWNED:Ljava/util/Map;
        11: aload_0
        12: invokevirtual #140                // Method net/minecraft/server/level/ServerPlayer.getUUID:()Ljava/util/UUID;
        15: iconst_0
        16: invokestatic  #258                // Method java/lang/Integer.valueOf:(I)Ljava/lang/Integer;
        19: invokeinterface #144,  3          // InterfaceMethod java/util/Map.getOrDefault:(Ljava/lang/Object;Ljava/lang/Object;)Ljava/lang/Object;
        24: checkcast     #259                // class java/lang/Integer
        27: invokevirtual #264                // Method java/lang/Integer.intValue:()I
        30: aload_1
        31: invokevirtual #267                // Method kr/moonseungjun/villageguardians/VillageRelicSystem$Relic.bit:()I
        34: iand
        35: ifeq          42
        38: iconst_1
        39: goto          43
        42: iconst_0
        43: ireturn

  public static synchronized int ownedCount(net.minecraft.server.level.ServerPlayer);
    Code:
         0: aload_0
         1: ifnonnull     6
         4: iconst_0
         5: ireturn
         6: getstatic     #37                 // Field OWNED:Ljava/util/Map;
         9: aload_0
        10: invokevirtual #140                // Method net/minecraft/server/level/ServerPlayer.getUUID:()Ljava/util/UUID;
        13: iconst_0
        14: invokestatic  #258                // Method java/lang/Integer.valueOf:(I)Ljava/lang/Integer;
        17: invokeinterface #144,  3          // InterfaceMethod java/util/Map.getOrDefault:(Ljava/lang/Object;Ljava/lang/Object;)Ljava/lang/Object;
        22: checkcast     #259                // class java/lang/Integer
        25: invokevirtual #264                // Method java/lang/Integer.intValue:()I
        28: invokestatic  #270                // Method sanitizeMask:(I)I
        31: invokestatic  #279                // Method java/lang/Integer.bitCount:(I)I
        34: ireturn

  public static synchronized void resetForNewGame();
    Code:
         0: getstatic     #37                 // Field OWNED:Ljava/util/Map;
         3: invokeinterface #41,  1           // InterfaceMethod java/util/Map.clear:()V
         8: getstatic     #46                 // Field PENDING:Ljava/util/Map;
        11: invokeinterface #41,  1           // InterfaceMethod java/util/Map.clear:()V
        16: invokestatic  #65                 // Method persist:()V
        19: return

  public static float meleeMultiplier(net.minecraft.server.level.ServerPlayer);
    Code:
         0: fconst_1
         1: fstore_1
         2: aload_0
         3: getstatic     #282                // Field kr/moonseungjun/villageguardians/VillageRelicSystem$Relic.WAR_SIGIL:Lkr/moonseungjun/villageguardians/VillageRelicSystem$Relic;
         6: invokestatic  #220                // Method has:(Lnet/minecraft/server/level/ServerPlayer;Lkr/moonseungjun/villageguardians/VillageRelicSystem$Relic;)Z
         9: ifeq          18
        12: fload_1
        13: ldc_w         #286                // float 1.15f
        16: fmul
        17: fstore_1
        18: aload_0
        19: getstatic     #287                // Field kr/moonseungjun/villageguardians/VillageRelicSystem$Relic.EXECUTION_EDGE:Lkr/moonseungjun/villageguardians/VillageRelicSystem$Relic;
        22: invokestatic  #220                // Method has:(Lnet/minecraft/server/level/ServerPlayer;Lkr/moonseungjun/villageguardians/VillageRelicSystem$Relic;)Z
        25: ifeq          34
        28: fload_1
        29: ldc_w         #290                // float 1.1f
        32: fmul
        33: fstore_1
        34: aload_0
        35: getstatic     #291                // Field kr/moonseungjun/villageguardians/VillageRelicSystem$Relic.BLOOD_CHALICE:Lkr/moonseungjun/villageguardians/VillageRelicSystem$Relic;
        38: invokestatic  #220                // Method has:(Lnet/minecraft/server/level/ServerPlayer;Lkr/moonseungjun/villageguardians/VillageRelicSystem$Relic;)Z
        41: ifeq          50
        44: fload_1
        45: ldc_w         #294                // float 1.08f
        48: fmul
        49: fstore_1
        50: aload_0
        51: getstatic     #295                // Field kr/moonseungjun/villageguardians/VillageRelicSystem$Relic.STORM_FEATHER:Lkr/moonseungjun/villageguardians/VillageRelicSystem$Relic;
        54: invokestatic  #220                // Method has:(Lnet/minecraft/server/level/ServerPlayer;Lkr/moonseungjun/villageguardians/VillageRelicSystem$Relic;)Z
        57: ifeq          66
        60: fload_1
        61: ldc_w         #298                // float 1.05f
        64: fmul
        65: fstore_1
        66: fload_1
        67: freturn

  public static float projectileMultiplier(net.minecraft.server.level.ServerPlayer);
    Code:
         0: fconst_1
         1: fstore_1
         2: aload_0
         3: getstatic     #299                // Field kr/moonseungjun/villageguardians/VillageRelicSystem$Relic.HUNTERS_EYE:Lkr/moonseungjun/villageguardians/VillageRelicSystem$Relic;
         6: invokestatic  #220                // Method has:(Lnet/minecraft/server/level/ServerPlayer;Lkr/moonseungjun/villageguardians/VillageRelicSystem$Relic;)Z
         9: ifeq          18
        12: fload_1
        13: ldc_w         #302                // float 1.18f
        16: fmul
        17: fstore_1
        18: aload_0
        19: getstatic     #282                // Field kr/moonseungjun/villageguardians/VillageRelicSystem$Relic.WAR_SIGIL:Lkr/moonseungjun/villageguardians/VillageRelicSystem$Relic;
        22: invokestatic  #220                // Method has:(Lnet/minecraft/server/level/ServerPlayer;Lkr/moonseungjun/villageguardians/VillageRelicSystem$Relic;)Z
        25: ifeq          34
        28: fload_1
        29: ldc_w         #294                // float 1.08f
        32: fmul
        33: fstore_1
        34: aload_0
        35: getstatic     #295                // Field kr/moonseungjun/villageguardians/VillageRelicSystem$Relic.STORM_FEATHER:Lkr/moonseungjun/villageguardians/VillageRelicSystem$Relic;
        38: invokestatic  #220                // Method has:(Lnet/minecraft/server/level/ServerPlayer;Lkr/moonseungjun/villageguardians/VillageRelicSystem$Relic;)Z
        41: ifeq          50
        44: fload_1
        45: ldc_w         #290                // float 1.1f
        48: fmul
        49: fstore_1
        50: fload_1
        51: freturn

  public static float incomingMultiplier(net.minecraft.server.level.ServerPlayer);
    Code:
         0: fconst_1
         1: fstore_1
         2: aload_0
         3: getstatic     #303                // Field kr/moonseungjun/villageguardians/VillageRelicSystem$Relic.WARD_STONE:Lkr/moonseungjun/villageguardians/VillageRelicSystem$Relic;
         6: invokestatic  #220                // Method has:(Lnet/minecraft/server/level/ServerPlayer;Lkr/moonseungjun/villageguardians/VillageRelicSystem$Relic;)Z
         9: ifeq          18
        12: fload_1
        13: ldc_w         #306                // float 0.86f
        16: fmul
        17: fstore_1
        18: aload_0
        19: getstatic     #307                // Field kr/moonseungjun/villageguardians/VillageRelicSystem$Relic.LAST_LIGHT:Lkr/moonseungjun/villageguardians/VillageRelicSystem$Relic;
        22: invokestatic  #220                // Method has:(Lnet/minecraft/server/level/ServerPlayer;Lkr/moonseungjun/villageguardians/VillageRelicSystem$Relic;)Z
        25: ifeq          34
        28: fload_1
        29: ldc_w         #310                // float 0.92f
        32: fmul
        33: fstore_1
        34: aload_0
        35: getstatic     #311                // Field kr/moonseungjun/villageguardians/VillageRelicSystem$Relic.BASTION_CORE:Lkr/moonseungjun/villageguardians/VillageRelicSystem$Relic;
        38: invokestatic  #220                // Method has:(Lnet/minecraft/server/level/ServerPlayer;Lkr/moonseungjun/villageguardians/VillageRelicSystem$Relic;)Z
        41: ifeq          50
        44: fload_1
        45: ldc_w         #314                // float 0.9f
        48: fmul
        49: fstore_1
        50: aload_0
        51: getstatic     #295                // Field kr/moonseungjun/villageguardians/VillageRelicSystem$Relic.STORM_FEATHER:Lkr/moonseungjun/villageguardians/VillageRelicSystem$Relic;
        54: invokestatic  #220                // Method has:(Lnet/minecraft/server/level/ServerPlayer;Lkr/moonseungjun/villageguardians/VillageRelicSystem$Relic;)Z
        57: ifeq          66
        60: fload_1
        61: ldc_w         #315                // float 0.96f
        64: fmul
        65: fstore_1
        66: fload_1
        67: freturn

  public static float skillMultiplier(net.minecraft.server.level.ServerPlayer);
    Code:
         0: fconst_1
         1: fstore_1
         2: aload_0
         3: getstatic     #316                // Field kr/moonseungjun/villageguardians/VillageRelicSystem$Relic.ARCANE_HEART:Lkr/moonseungjun/villageguardians/VillageRelicSystem$Relic;
         6: invokestatic  #220                // Method has:(Lnet/minecraft/server/level/ServerPlayer;Lkr/moonseungjun/villageguardians/VillageRelicSystem$Relic;)Z
         9: ifeq          18
        12: fload_1
        13: ldc_w         #319                // float 1.2f
        16: fmul
        17: fstore_1
        18: aload_0
        19: getstatic     #307                // Field kr/moonseungjun/villageguardians/VillageRelicSystem$Relic.LAST_LIGHT:Lkr/moonseungjun/villageguardians/VillageRelicSystem$Relic;
        22: invokestatic  #220                // Method has:(Lnet/minecraft/server/level/ServerPlayer;Lkr/moonseungjun/villageguardians/VillageRelicSystem$Relic;)Z
        25: ifeq          34
        28: fload_1
        29: ldc_w         #294                // float 1.08f
        32: fmul
        33: fstore_1
        34: aload_0
        35: getstatic     #320                // Field kr/moonseungjun/villageguardians/VillageRelicSystem$Relic.DAWN_PRISM:Lkr/moonseungjun/villageguardians/VillageRelicSystem$Relic;
        38: invokestatic  #220                // Method has:(Lnet/minecraft/server/level/ServerPlayer;Lkr/moonseungjun/villageguardians/VillageRelicSystem$Relic;)Z
        41: ifeq          50
        44: fload_1
        45: ldc_w         #323                // float 1.12f
        48: fmul
        49: fstore_1
        50: fload_1
        51: freturn

  public static float executionMultiplier(net.minecraft.server.level.ServerPlayer, float, float);
    Code:
         0: aload_0
         1: getstatic     #287                // Field kr/moonseungjun/villageguardians/VillageRelicSystem$Relic.EXECUTION_EDGE:Lkr/moonseungjun/villageguardians/VillageRelicSystem$Relic;
         4: invokestatic  #220                // Method has:(Lnet/minecraft/server/level/ServerPlayer;Lkr/moonseungjun/villageguardians/VillageRelicSystem$Relic;)Z
         7: ifeq          16
        10: fload_2
        11: fconst_0
        12: fcmpg
        13: ifgt          18
        16: fconst_1
        17: freturn
        18: fload_1
        19: fload_2
        20: ldc_w         #324                // float 0.3f
        23: fmul
        24: fcmpg
        25: ifgt          34
        28: ldc_w         #319                // float 1.2f
        31: goto          35
        34: fconst_1
        35: freturn

  public static int cooldownReductionSeconds(net.minecraft.server.level.ServerPlayer);
    Code:
         0: aload_0
         1: getstatic     #325                // Field kr/moonseungjun/villageguardians/VillageRelicSystem$Relic.CHRONO_SHARD:Lkr/moonseungjun/villageguardians/VillageRelicSystem$Relic;
         4: invokestatic  #220                // Method has:(Lnet/minecraft/server/level/ServerPlayer;Lkr/moonseungjun/villageguardians/VillageRelicSystem$Relic;)Z
         7: ifeq          14
        10: iconst_4
        11: goto          15
        14: iconst_0
        15: ireturn

  public static float vanguardLifeStealBonus(net.minecraft.server.level.ServerPlayer);
    Code:
         0: aload_0
         1: getstatic     #291                // Field kr/moonseungjun/villageguardians/VillageRelicSystem$Relic.BLOOD_CHALICE:Lkr/moonseungjun/villageguardians/VillageRelicSystem$Relic;
         4: invokestatic  #220                // Method has:(Lnet/minecraft/server/level/ServerPlayer;Lkr/moonseungjun/villageguardians/VillageRelicSystem$Relic;)Z
         7: ifeq          16
        10: ldc_w         #328                // float 0.04f
        13: goto          17
        16: fconst_0
        17: freturn

  public static synchronized java.lang.String summary(net.minecraft.server.level.ServerPlayer);
    Code:
         0: new           #166                // class java/util/ArrayList
         3: dup
         4: invokespecial #168                // Method java/util/ArrayList."<init>":()V
         7: astore_1
         8: invokestatic  #216                // Method kr/moonseungjun/villageguardians/VillageRelicSystem$Relic.values:()[Lkr/moonseungjun/villageguardians/VillageRelicSystem$Relic;
        11: astore_2
        12: aload_2
        13: arraylength
        14: istore_3
        15: iconst_0
        16: istore        4
        18: iload         4
        20: iload_3
        21: if_icmpge     57
        24: aload_2
        25: iload         4
        27: aaload
        28: astore        5
        30: aload_0
        31: aload         5
        33: invokestatic  #220                // Method has:(Lnet/minecraft/server/level/ServerPlayer;Lkr/moonseungjun/villageguardians/VillageRelicSystem$Relic;)Z
        36: ifeq          51
        39: aload_1
        40: aload         5
        42: invokevirtual #182                // Method kr/moonseungjun/villageguardians/VillageRelicSystem$Relic.displayName:()Ljava/lang/String;
        45: invokeinterface #178,  2          // InterfaceMethod java/util/List.add:(Ljava/lang/Object;)Z
        50: pop
        51: iinc          4, 1
        54: goto          18
        57: aload_1
        58: invokeinterface #106,  1          // InterfaceMethod java/util/List.isEmpty:()Z
        63: ifeq          72
        66: ldc_w         #329                // String 없음
        69: goto          79
        72: ldc_w         #331                // String  ·
        75: aload_1
        76: invokestatic  #199                // Method java/lang/String.join:(Ljava/lang/CharSequence;Ljava/lang/Iterable;)Ljava/lang/String;
        79: areturn

  public static java.lang.String aggregateSummary(net.minecraft.server.level.ServerPlayer);
    Code:
         0: aload_0
         1: invokestatic  #333                // Method meleeMultiplier:(Lnet/minecraft/server/level/ServerPlayer;)F
         4: fconst_1
         5: fsub
         6: invokestatic  #337                // Method roundedPercent:(F)I
         9: istore_1
        10: aload_0
        11: invokestatic  #341                // Method projectileMultiplier:(Lnet/minecraft/server/level/ServerPlayer;)F
        14: fconst_1
        15: fsub
        16: invokestatic  #337                // Method roundedPercent:(F)I
        19: istore_2
        20: aload_0
        21: invokestatic  #344                // Method skillMultiplier:(Lnet/minecraft/server/level/ServerPlayer;)F
        24: fconst_1
        25: fsub
        26: invokestatic  #337                // Method roundedPercent:(F)I
        29: istore_3
        30: fconst_1
        31: aload_0
        32: invokestatic  #347                // Method incomingMultiplier:(Lnet/minecraft/server/level/ServerPlayer;)F
        35: fsub
        36: invokestatic  #337                // Method roundedPercent:(F)I
        39: istore        4
        41: aload_0
        42: invokestatic  #350                // Method cooldownReductionSeconds:(Lnet/minecraft/server/level/ServerPlayer;)I
        45: istore        5
        47: aload_0
        48: invokestatic  #353                // Method vanguardLifeStealBonus:(Lnet/minecraft/server/level/ServerPlayer;)F
        51: ldc_w         #356                // float 100.0f
        54: fmul
        55: invokestatic  #357                // Method java/lang/Math.round:(F)I
        58: istore        6
        60: new           #166                // class java/util/ArrayList
        63: dup
        64: invokespecial #168                // Method java/util/ArrayList."<init>":()V
        67: astore        7
        69: iload_1
        70: ifle          87
        73: aload         7
        75: iload_1
        76: invokedynamic #362,  0            // InvokeDynamic #9:makeConcatWithConstants:(I)Ljava/lang/String;
        81: invokeinterface #178,  2          // InterfaceMethod java/util/List.add:(Ljava/lang/Object;)Z
        86: pop
        87: iload_2
        88: ifle          105
        91: aload         7
        93: iload_2
        94: invokedynamic #365,  0            // InvokeDynamic #10:makeConcatWithConstants:(I)Ljava/lang/String;
        99: invokeinterface #178,  2          // InterfaceMethod java/util/List.add:(Ljava/lang/Object;)Z
       104: pop
       105: iload_3
       106: ifle          123
       109: aload         7
       111: iload_3
       112: invokedynamic #366,  0            // InvokeDynamic #11:makeConcatWithConstants:(I)Ljava/lang/String;
       117: invokeinterface #178,  2          // InterfaceMethod java/util/List.add:(Ljava/lang/Object;)Z
       122: pop
       123: iload         4
       125: ifle          143
       128: aload         7
       130: iload         4
       132: invokedynamic #367,  0            // InvokeDynamic #12:makeConcatWithConstants:(I)Ljava/lang/String;
       137: invokeinterface #178,  2          // InterfaceMethod java/util/List.add:(Ljava/lang/Object;)Z
       142: pop
       143: iload         5
       145: ifle          163
       148: aload         7
       150: iload         5
       152: invokedynamic #368,  0            // InvokeDynamic #13:makeConcatWithConstants:(I)Ljava/lang/String;
       157: invokeinterface #178,  2          // InterfaceMethod java/util/List.add:(Ljava/lang/Object;)Z
       162: pop
       163: iload         6
       165: ifle          183
       168: aload         7
       170: iload         6
       172: invokedynamic #369,  0            // InvokeDynamic #14:makeConcatWithConstants:(I)Ljava/lang/String;
       177: invokeinterface #178,  2          // InterfaceMethod java/util/List.add:(Ljava/lang/Object;)Z
       182: pop
       183: aload_0
       184: getstatic     #287                // Field kr/moonseungjun/villageguardians/VillageRelicSystem$Relic.EXECUTION_EDGE:Lkr/moonseungjun/villageguardians/VillageRelicSystem$Relic;
       187: invokestatic  #220                // Method has:(Lnet/minecraft/server/level/ServerPlayer;Lkr/moonseungjun/villageguardians/VillageRelicSystem$Relic;)Z
       190: ifeq          204
       193: aload         7
       195: ldc_w         #370                // String 체력 30% 이하 적 추가 피해 +20%
       198: invokeinterface #178,  2          // InterfaceMethod java/util/List.add:(Ljava/lang/Object;)Z
       203: pop
       204: aload         7
       206: invokeinterface #106,  1          // InterfaceMethod java/util/List.isEmpty:()Z
       211: ifeq          220
       214: ldc_w         #372                // String 현재 적용 중인 유물 효과 없음
       217: goto          228
       220: ldc_w         #331                // String  ·
       223: aload         7
       225: invokestatic  #199                // Method java/lang/String.join:(Ljava/lang/CharSequence;Ljava/lang/Iterable;)Ljava/lang/String;
       228: areturn

  private static int roundedPercent(float);
    Code:
         0: iconst_0
         1: fload_0
         2: ldc_w         #356                // float 100.0f
         5: fmul
         6: invokestatic  #357                // Method java/lang/Math.round:(F)I
         9: invokestatic  #374                // Method java/lang/Math.max:(II)I
        12: ireturn

  private static java.util.List<kr.moonseungjun.villageguardians.VillageRelicSystem$Relic> choicesFor(net.minecraft.server.level.ServerPlayer, int);
    Code:
         0: new           #166                // class java/util/ArrayList
         3: dup
         4: invokespecial #168                // Method java/util/ArrayList."<init>":()V
         7: astore_2
         8: getstatic     #37                 // Field OWNED:Ljava/util/Map;
        11: aload_0
        12: invokevirtual #140                // Method net/minecraft/server/level/ServerPlayer.getUUID:()Ljava/util/UUID;
        15: iconst_0
        16: invokestatic  #258                // Method java/lang/Integer.valueOf:(I)Ljava/lang/Integer;
        19: invokeinterface #144,  3          // InterfaceMethod java/util/Map.getOrDefault:(Ljava/lang/Object;Ljava/lang/Object;)Ljava/lang/Object;
        24: checkcast     #259                // class java/lang/Integer
        27: invokevirtual #264                // Method java/lang/Integer.intValue:()I
        30: istore_3
        31: aload_0
        32: invokevirtual #140                // Method net/minecraft/server/level/ServerPlayer.getUUID:()Ljava/util/UUID;
        35: invokestatic  #378                // Method pendingRelics:(Ljava/util/UUID;)Ljava/util/Set;
        38: astore        4
        40: invokestatic  #216                // Method kr/moonseungjun/villageguardians/VillageRelicSystem$Relic.values:()[Lkr/moonseungjun/villageguardians/VillageRelicSystem$Relic;
        43: astore        5
        45: aload         5
        47: arraylength
        48: istore        6
        50: iconst_0
        51: istore        7
        53: iload         7
        55: iload         6
        57: if_icmpge     104
        60: aload         5
        62: iload         7
        64: aaload
        65: astore        8
        67: iload_3
        68: aload         8
        70: invokevirtual #267                // Method kr/moonseungjun/villageguardians/VillageRelicSystem$Relic.bit:()I
        73: iand
        74: ifne          98
        77: aload         4
        79: aload         8
        81: invokeinterface #382,  2          // InterfaceMethod java/util/Set.contains:(Ljava/lang/Object;)Z
        86: ifne          98
        89: aload_2
        90: aload         8
        92: invokeinterface #178,  2          // InterfaceMethod java/util/List.add:(Ljava/lang/Object;)Z
        97: pop
        98: iinc          7, 1
       101: goto          53
       104: aload_2
       105: invokeinterface #106,  1          // InterfaceMethod java/util/List.isEmpty:()Z
       110: ifeq          117
       113: invokestatic  #385                // InterfaceMethod java/util/List.of:()Ljava/util/List;
       116: areturn
       117: new           #166                // class java/util/ArrayList
       120: dup
       121: invokespecial #168                // Method java/util/ArrayList."<init>":()V
       124: astore        5
       126: aload_0
       127: invokevirtual #140                // Method net/minecraft/server/level/ServerPlayer.getUUID:()Ljava/util/UUID;
       130: invokevirtual #388                // Method java/util/UUID.hashCode:()I
       133: bipush        31
       135: imul
       136: iload_1
       137: bipush        17
       139: imul
       140: iadd
       141: iload_3
       142: invokestatic  #279                // Method java/lang/Integer.bitCount:(I)I
       145: bipush        13
       147: imul
       148: iadd
       149: aload         4
       151: invokeinterface #393,  1          // InterfaceMethod java/util/Set.size:()I
       156: bipush        19
       158: imul
       159: iadd
       160: istore        6
       162: aload_2
       163: invokeinterface #106,  1          // InterfaceMethod java/util/List.isEmpty:()Z
       168: ifne          228
       171: aload         5
       173: invokeinterface #396,  1          // InterfaceMethod java/util/List.size:()I
       178: iconst_3
       179: if_icmpge     228
       182: iload         6
       184: aload         5
       186: invokeinterface #396,  1          // InterfaceMethod java/util/List.size:()I
       191: bipush        37
       193: imul
       194: iadd
       195: aload_2
       196: invokeinterface #396,  1          // InterfaceMethod java/util/List.size:()I
       201: invokestatic  #397                // Method java/lang/Math.floorMod:(II)I
       204: istore        7
       206: aload         5
       208: aload_2
       209: iload         7
       211: invokeinterface #400,  2          // InterfaceMethod java/util/List.remove:(I)Ljava/lang/Object;
       216: checkcast     #169                // class kr/moonseungjun/villageguardians/VillageRelicSystem$Relic
       219: invokeinterface #178,  2          // InterfaceMethod java/util/List.add:(Ljava/lang/Object;)Z
       224: pop
       225: goto          162
       228: aload         5
       230: areturn

  private static java.util.List<kr.moonseungjun.villageguardians.VillageRelicSystem$Relic> pendingChoices(net.minecraft.server.level.ServerPlayer);
    Code:
         0: aload_0
         1: ifnonnull     8
         4: invokestatic  #385                // InterfaceMethod java/util/List.of:()Ljava/util/List;
         7: areturn
         8: getstatic     #46                 // Field PENDING:Ljava/util/Map;
        11: aload_0
        12: invokevirtual #140                // Method net/minecraft/server/level/ServerPlayer.getUUID:()Ljava/util/UUID;
        15: ldc           #130                // String
        17: invokeinterface #144,  3          // InterfaceMethod java/util/Map.getOrDefault:(Ljava/lang/Object;Ljava/lang/Object;)Ljava/lang/Object;
        22: checkcast     #138                // class java/lang/String
        25: astore_1
        26: aload_1
        27: invokevirtual #148                // Method java/lang/String.isBlank:()Z
        30: ifeq          37
        33: invokestatic  #385                // InterfaceMethod java/util/List.of:()Ljava/util/List;
        36: areturn
        37: aload_1
        38: ldc_w         #404                // String ;
        41: iconst_2
        42: invokevirtual #406                // Method java/lang/String.split:(Ljava/lang/String;I)[Ljava/lang/String;
        45: iconst_0
        46: aaload
        47: astore_2
        48: new           #166                // class java/util/ArrayList
        51: dup
        52: invokespecial #168                // Method java/util/ArrayList."<init>":()V
        55: astore_3
        56: aload_2
        57: ldc_w         #410                // String ,
        60: invokevirtual #412                // Method java/lang/String.split:(Ljava/lang/String;)[Ljava/lang/String;
        63: astore        4
        65: aload         4
        67: arraylength
        68: istore        5
        70: iconst_0
        71: istore        6
        73: iload         6
        75: iload         5
        77: if_icmpge     114
        80: aload         4
        82: iload         6
        84: aaload
        85: astore        7
        87: aload         7
        89: invokestatic  #247                // Method kr/moonseungjun/villageguardians/VillageRelicSystem$Relic.fromId:(Ljava/lang/String;)Lkr/moonseungjun/villageguardians/VillageRelicSystem$Relic;
        92: astore        8
        94: aload         8
        96: ifnull        108
        99: aload_3
       100: aload         8
       102: invokeinterface #178,  2          // InterfaceMethod java/util/List.add:(Ljava/lang/Object;)Z
       107: pop
       108: iinc          6, 1
       111: goto          73
       114: aload_3
       115: areturn

  private static java.util.Set<kr.moonseungjun.villageguardians.VillageRelicSystem$Relic> pendingRelics(java.util.UUID);
    Code:
         0: ldc           #169                // class kr/moonseungjun/villageguardians/VillageRelicSystem$Relic
         2: invokestatic  #415                // Method java/util/EnumSet.noneOf:(Ljava/lang/Class;)Ljava/util/EnumSet;
         5: astore_1
         6: getstatic     #46                 // Field PENDING:Ljava/util/Map;
         9: aload_0
        10: ldc           #130                // String
        12: invokeinterface #144,  3          // InterfaceMethod java/util/Map.getOrDefault:(Ljava/lang/Object;Ljava/lang/Object;)Ljava/lang/Object;
        17: checkcast     #138                // class java/lang/String
        20: astore_2
        21: aload_2
        22: invokevirtual #148                // Method java/lang/String.isBlank:()Z
        25: ifeq          30
        28: aload_1
        29: areturn
        30: aload_2
        31: ldc_w         #404                // String ;
        34: invokevirtual #412                // Method java/lang/String.split:(Ljava/lang/String;)[Ljava/lang/String;
        37: astore_3
        38: aload_3
        39: arraylength
        40: istore        4
        42: iconst_0
        43: istore        5
        45: iload         5
        47: iload         4
        49: if_icmpge     123
        52: aload_3
        53: iload         5
        55: aaload
        56: astore        6
        58: aload         6
        60: ldc_w         #410                // String ,
        63: invokevirtual #412                // Method java/lang/String.split:(Ljava/lang/String;)[Ljava/lang/String;
        66: astore        7
        68: aload         7
        70: arraylength
        71: istore        8
        73: iconst_0
        74: istore        9
        76: iload         9
        78: iload         8
        80: if_icmpge     117
        83: aload         7
        85: iload         9
        87: aaload
        88: astore        10
        90: aload         10
        92: invokestatic  #247                // Method kr/moonseungjun/villageguardians/VillageRelicSystem$Relic.fromId:(Ljava/lang/String;)Lkr/moonseungjun/villageguardians/VillageRelicSystem$Relic;
        95: astore        11
        97: aload         11
        99: ifnull        111
       102: aload_1
       103: aload         11
       105: invokeinterface #421,  2          // InterfaceMethod java/util/Set.add:(Ljava/lang/Object;)Z
       110: pop
       111: iinc          9, 1
       114: goto          76
       117: iinc          5, 1
       120: goto          45
       123: aload_1
       124: areturn

  private static void consumePendingOffer(java.util.UUID);
    Code:
         0: getstatic     #46                 // Field PENDING:Ljava/util/Map;
         3: aload_0
         4: ldc           #130                // String
         6: invokeinterface #144,  3          // InterfaceMethod java/util/Map.getOrDefault:(Ljava/lang/Object;Ljava/lang/Object;)Ljava/lang/Object;
        11: checkcast     #138                // class java/lang/String
        14: astore_1
        15: aload_1
        16: invokevirtual #148                // Method java/lang/String.isBlank:()Z
        19: ifeq          33
        22: getstatic     #46                 // Field PENDING:Ljava/util/Map;
        25: aload_0
        26: invokeinterface #422,  2          // InterfaceMethod java/util/Map.remove:(Ljava/lang/Object;)Ljava/lang/Object;
        31: pop
        32: return
        33: aload_1
        34: ldc_w         #404                // String ;
        37: invokevirtual #424                // Method java/lang/String.indexOf:(Ljava/lang/String;)I
        40: istore_2
        41: iload_2
        42: iflt          60
        45: iload_2
        46: ldc_w         #404                // String ;
        49: invokevirtual #428                // Method java/lang/String.length:()I
        52: iadd
        53: aload_1
        54: invokevirtual #428                // Method java/lang/String.length:()I
        57: if_icmplt     73
        60: getstatic     #46                 // Field PENDING:Ljava/util/Map;
        63: aload_0
        64: invokeinterface #422,  2          // InterfaceMethod java/util/Map.remove:(Ljava/lang/Object;)Ljava/lang/Object;
        69: pop
        70: goto          95
        73: getstatic     #46                 // Field PENDING:Ljava/util/Map;
        76: aload_0
        77: aload_1
        78: iload_2
        79: ldc_w         #404                // String ;
        82: invokevirtual #428                // Method java/lang/String.length:()I
        85: iadd
        86: invokevirtual #431                // Method java/lang/String.substring:(I)Ljava/lang/String;
        89: invokeinterface #155,  3          // InterfaceMethod java/util/Map.put:(Ljava/lang/Object;Ljava/lang/Object;)Ljava/lang/Object;
        94: pop
        95: return

  private static int sanitizeMask(int);
    Code:
         0: iconst_1
         1: invokestatic  #216                // Method kr/moonseungjun/villageguardians/VillageRelicSystem$Relic.values:()[Lkr/moonseungjun/villageguardians/VillageRelicSystem$Relic;
         4: arraylength
         5: ishl
         6: iconst_1
         7: isub
         8: istore_1
         9: iload_0
        10: iload_1
        11: iand
        12: ireturn

  private static void persist();
    Code:
         0: getstatic     #31                 // Field savedData:Lkr/moonseungjun/villageguardians/VillageRelicData;
         3: ifnonnull     7
         6: return
         7: new           #434                // class java/util/LinkedHashMap
        10: dup
        11: invokespecial #436                // Method java/util/LinkedHashMap."<init>":()V
        14: astore_0
        15: getstatic     #37                 // Field OWNED:Ljava/util/Map;
        18: aload_0
        19: invokedynamic #437,  0            // InvokeDynamic #15:accept:(Ljava/util/Map;)Ljava/util/function/BiConsumer;
        24: invokeinterface #57,  2           // InterfaceMethod java/util/Map.forEach:(Ljava/util/function/BiConsumer;)V
        29: new           #434                // class java/util/LinkedHashMap
        32: dup
        33: invokespecial #436                // Method java/util/LinkedHashMap."<init>":()V
        36: astore_1
        37: getstatic     #46                 // Field PENDING:Ljava/util/Map;
        40: aload_1
        41: invokedynamic #440,  0            // InvokeDynamic #16:accept:(Ljava/util/Map;)Ljava/util/function/BiConsumer;
        46: invokeinterface #57,  2           // InterfaceMethod java/util/Map.forEach:(Ljava/util/function/BiConsumer;)V
        51: getstatic     #31                 // Field savedData:Lkr/moonseungjun/villageguardians/VillageRelicData;
        54: aload_0
        55: aload_1
        56: invokevirtual #441                // Method kr/moonseungjun/villageguardians/VillageRelicData.replace:(Ljava/util/Map;Ljava/util/Map;)V
        59: return

  private static void parseUuid(java.lang.String, java.util.function.Consumer<java.util.UUID>);
    Code:
         0: aload_1
         1: aload_0
         2: invokestatic  #445                // Method java/util/UUID.fromString:(Ljava/lang/String;)Ljava/util/UUID;
         5: invokeinterface #449,  2          // InterfaceMethod java/util/function/Consumer.accept:(Ljava/lang/Object;)V
        10: goto          14
        13: astore_2
        14: return
      Exception table:
         from    to  target type
             0    10    13   Class java/lang/IllegalArgumentException

  private static void lambda$persist$1(java.util.Map, java.util.UUID, java.lang.String);
    Code:
         0: aload_0
         1: aload_1
         2: invokevirtual #456                // Method java/util/UUID.toString:()Ljava/lang/String;
         5: aload_2
         6: invokeinterface #155,  3          // InterfaceMethod java/util/Map.put:(Ljava/lang/Object;Ljava/lang/Object;)Ljava/lang/Object;
        11: pop
        12: return

  private static void lambda$persist$0(java.util.Map, java.util.UUID, java.lang.Integer);
    Code:
         0: aload_0
         1: aload_1
         2: invokevirtual #456                // Method java/util/UUID.toString:()Ljava/lang/String;
         5: aload_2
         6: invokevirtual #264                // Method java/lang/Integer.intValue:()I
         9: invokestatic  #270                // Method sanitizeMask:(I)I
        12: invokestatic  #258                // Method java/lang/Integer.valueOf:(I)Ljava/lang/Integer;
        15: invokeinterface #155,  3          // InterfaceMethod java/util/Map.put:(Ljava/lang/Object;Ljava/lang/Object;)Ljava/lang/Object;
        20: pop
        21: return

  private static java.lang.String lambda$offerToParty$0(java.lang.String, java.lang.String);
    Code:
         0: aload_0
         1: aload_1
         2: invokedynamic #459,  0            // InvokeDynamic #17:makeConcatWithConstants:(Ljava/lang/String;Ljava/lang/String;)Ljava/lang/String;
         7: areturn

  private static void lambda$initializeServer$2(java.lang.String, java.lang.String);
    Code:
         0: aload_0
         1: aload_1
         2: invokedynamic #460,  0            // InvokeDynamic #18:accept:(Ljava/lang/String;)Ljava/util/function/Consumer;
         7: invokestatic  #463                // Method parseUuid:(Ljava/lang/String;Ljava/util/function/Consumer;)V
        10: return

  private static void lambda$initializeServer$3(java.lang.String, java.util.UUID);
    Code:
         0: getstatic     #46                 // Field PENDING:Ljava/util/Map;
         3: aload_1
         4: aload_0
         5: invokeinterface #155,  3          // InterfaceMethod java/util/Map.put:(Ljava/lang/Object;Ljava/lang/Object;)Ljava/lang/Object;
        10: pop
        11: return

  private static void lambda$initializeServer$0(java.lang.String, java.lang.Integer);
    Code:
         0: aload_0
         1: aload_1
         2: invokedynamic #467,  0            // InvokeDynamic #19:accept:(Ljava/lang/Integer;)Ljava/util/function/Consumer;
         7: invokestatic  #463                // Method parseUuid:(Ljava/lang/String;Ljava/util/function/Consumer;)V
        10: return

  private static void lambda$initializeServer$1(java.lang.Integer, java.util.UUID);
    Code:
         0: getstatic     #37                 // Field OWNED:Ljava/util/Map;
         3: aload_1
         4: aload_0
         5: invokevirtual #264                // Method java/lang/Integer.intValue:()I
         8: invokestatic  #270                // Method sanitizeMask:(I)I
        11: invokestatic  #258                // Method java/lang/Integer.valueOf:(I)Ljava/lang/Integer;
        14: invokeinterface #155,  3          // InterfaceMethod java/util/Map.put:(Ljava/lang/Object;Ljava/lang/Object;)Ljava/lang/Object;
        19: pop
        20: return

  static {};
    Code:
         0: new           #434                // class java/util/LinkedHashMap
         3: dup
         4: invokespecial #436                // Method java/util/LinkedHashMap."<init>":()V
         7: putstatic     #37                 // Field OWNED:Ljava/util/Map;
        10: new           #434                // class java/util/LinkedHashMap
        13: dup
        14: invokespecial #436                // Method java/util/LinkedHashMap."<init>":()V
        17: putstatic     #46                 // Field PENDING:Ljava/util/Map;
        20: return
}
Compiled from "VillageRaidSystem.java"
public final class kr.moonseungjun.villageguardians.VillageRaidSystem {
  private static final java.util.Set<java.util.UUID> ACTIVE_ENEMIES;

  private static final java.util.Map<java.util.UUID, kr.moonseungjun.villageguardians.VillageEnemyArchetypeSystem$Archetype> ACTIVE_ARCHETYPES;

  private static final int FIRST_WAVE_COUNTDOWN_TICKS;

  private static final int BETWEEN_WAVE_TICKS;

  private static final int FORCED_NEXT_WAVE_TICKS;

  private static final int MAX_ACTIVE_ENEMIES;

  private static final int STRUCTURE_ATTACK_INTERVAL;

  private static final double PLAYER_PRIORITY_RANGE;

  private static final java.lang.String RAID_TEAM_NAME;

  private static final java.lang.String RAID_ENEMY_TAG;

  private static boolean active;

  private static int wave;

  private static int maxWaves;

  private static int countdownTicks;

  private static int betweenWaveTicks;

  private static int waveElapsedTicks;

  private static int structureAttackTicks;

  private static int abilityTicks;

  private static kr.moonseungjun.villageguardians.VillageWaveTrait currentTrait;

  private kr.moonseungjun.villageguardians.VillageRaidSystem();
    Code:
         0: aload_0
         1: invokespecial #1                  // Method java/lang/Object."<init>":()V
         4: return

  public static void resetTransientState(net.minecraft.server.MinecraftServer);
    Code:
         0: aload_0
         1: invokestatic  #7                  // Method discardTaggedRaidEnemies:(Lnet/minecraft/server/MinecraftServer;)V
         4: invokestatic  #13                 // Method clearState:()V
         7: aload_0
         8: invokestatic  #16                 // Method ensureRaidTeam:(Lnet/minecraft/server/MinecraftServer;)Lnet/minecraft/world/scores/PlayerTeam;
        11: pop
        12: invokestatic  #20                 // Method kr/moonseungjun/villageguardians/VillageCouncilState.currentPhase:()Lkr/moonseungjun/villageguardians/VillageTimePhase;
        15: getstatic     #26                 // Field kr/moonseungjun/villageguardians/VillageTimePhase.NIGHT:Lkr/moonseungjun/villageguardians/VillageTimePhase;
        18: if_acmpne     31
        21: invokestatic  #32                 // Method kr/moonseungjun/villageguardians/VillageProgressionSystem.isGameOver:()Z
        24: ifne          31
        27: aload_0
        28: invokestatic  #38                 // Method scheduleRaid:(Lnet/minecraft/server/MinecraftServer;)V
        31: return

  public static void resetAfterRestart(net.minecraft.server.MinecraftServer);
    Code:
         0: aload_0
         1: invokestatic  #41                 // Method discardEnemies:(Lnet/minecraft/server/MinecraftServer;)V
         4: invokestatic  #13                 // Method clearState:()V
         7: return

  public static void onPhaseChanged(net.minecraft.server.MinecraftServer, kr.moonseungjun.villageguardians.VillageTimePhase);
    Code:
         0: aload_1
         1: getstatic     #26                 // Field kr/moonseungjun/villageguardians/VillageTimePhase.NIGHT:Lkr/moonseungjun/villageguardians/VillageTimePhase;
         4: if_acmpne     11
         7: aload_0
         8: invokestatic  #38                 // Method scheduleRaid:(Lnet/minecraft/server/MinecraftServer;)V
        11: return

  public static void tick(net.minecraft.server.MinecraftServer);
    Code:
         0: invokestatic  #32                 // Method kr/moonseungjun/villageguardians/VillageProgressionSystem.isGameOver:()Z
         3: ifeq          7
         6: return
         7: getstatic     #44                 // Field countdownTicks:I
        10: ifle          40
        13: getstatic     #44                 // Field countdownTicks:I
        16: iconst_1
        17: isub
        18: putstatic     #44                 // Field countdownTicks:I
        21: getstatic     #44                 // Field countdownTicks:I
        24: ifne          39
        27: iconst_1
        28: putstatic     #48                 // Field active:Z
        31: iconst_1
        32: putstatic     #52                 // Field wave:I
        35: aload_0
        36: invokestatic  #55                 // Method spawnWave:(Lnet/minecraft/server/MinecraftServer;)V
        39: return
        40: getstatic     #48                 // Field active:Z
        43: ifne          47
        46: return
        47: aload_0
        48: invokestatic  #58                 // Method purgeMissingEnemies:(Lnet/minecraft/server/MinecraftServer;)V
        51: aload_0
        52: invokestatic  #61                 // Method directEnemies:(Lnet/minecraft/server/MinecraftServer;)V
        55: invokestatic  #32                 // Method kr/moonseungjun/villageguardians/VillageProgressionSystem.isGameOver:()Z
        58: ifeq          62
        61: return
        62: getstatic     #64                 // Field waveElapsedTicks:I
        65: iconst_1
        66: iadd
        67: putstatic     #64                 // Field waveElapsedTicks:I
        70: getstatic     #52                 // Field wave:I
        73: getstatic     #67                 // Field maxWaves:I
        76: if_icmplt     95
        79: getstatic     #70                 // Field ACTIVE_ENEMIES:Ljava/util/Set;
        82: invokeinterface #74,  1           // InterfaceMethod java/util/Set.isEmpty:()Z
        87: ifeq          94
        90: aload_0
        91: invokestatic  #79                 // Method finishVictory:(Lnet/minecraft/server/MinecraftServer;)V
        94: return
        95: getstatic     #70                 // Field ACTIVE_ENEMIES:Ljava/util/Set;
        98: invokeinterface #74,  1           // InterfaceMethod java/util/Set.isEmpty:()Z
       103: ifeq          163
       106: getstatic     #82                 // Field betweenWaveTicks:I
       109: ifgt          131
       112: bipush        120
       114: putstatic     #82                 // Field betweenWaveTicks:I
       117: aload_0
       118: invokevirtual #85                 // Method net/minecraft/server/MinecraftServer.getPlayerList:()Lnet/minecraft/server/players/PlayerList;
       121: ldc           #91                 // String §e[습격] §f현재 웨이브 정리 완료. 다음 웨이브까지 6초입니다.
       123: invokestatic  #93                 // InterfaceMethod net/minecraft/network/chat/Component.literal:(Ljava/lang/String;)Lnet/minecraft/network/chat/MutableComponent;
       126: iconst_0
       127: invokevirtual #99                 // Method net/minecraft/server/players/PlayerList.broadcastSystemMessage:(Lnet/minecraft/network/chat/Component;Z)V
       130: return
       131: getstatic     #82                 // Field betweenWaveTicks:I
       134: iconst_1
       135: isub
       136: putstatic     #82                 // Field betweenWaveTicks:I
       139: getstatic     #82                 // Field betweenWaveTicks:I
       142: ifne          162
       145: getstatic     #52                 // Field wave:I
       148: iconst_1
       149: iadd
       150: putstatic     #52                 // Field wave:I
       153: aload_0
       154: iconst_0
       155: invokestatic  #105                // Method kr/moonseungjun/villageguardians/VillageProgressionSystem.healRaidParty:(Lnet/minecraft/server/MinecraftServer;Z)V
       158: aload_0
       159: invokestatic  #55                 // Method spawnWave:(Lnet/minecraft/server/MinecraftServer;)V
       162: return
       163: iconst_0
       164: putstatic     #82                 // Field betweenWaveTicks:I
       167: getstatic     #64                 // Field waveElapsedTicks:I
       170: sipush        1200
       173: if_icmplt     217
       176: getstatic     #52                 // Field wave:I
       179: iconst_1
       180: iadd
       181: putstatic     #52                 // Field wave:I
       184: aload_0
       185: iconst_0
       186: invokestatic  #105                // Method kr/moonseungjun/villageguardians/VillageProgressionSystem.healRaidParty:(Lnet/minecraft/server/MinecraftServer;Z)V
       189: aload_0
       190: invokevirtual #85                 // Method net/minecraft/server/MinecraftServer.getPlayerList:()Lnet/minecraft/server/players/PlayerList;
       193: getstatic     #70                 // Field ACTIVE_ENEMIES:Ljava/util/Set;
       196: invokeinterface #109,  1          // InterfaceMethod java/util/Set.size:()I
       201: invokedynamic #113,  0            // InvokeDynamic #0:makeConcatWithConstants:(I)Ljava/lang/String;
       206: invokestatic  #93                 // InterfaceMethod net/minecraft/network/chat/Component.literal:(Ljava/lang/String;)Lnet/minecraft/network/chat/MutableComponent;
       209: iconst_0
       210: invokevirtual #99                 // Method net/minecraft/server/players/PlayerList.broadcastSystemMessage:(Lnet/minecraft/network/chat/Component;Z)V
       213: aload_0
       214: invokestatic  #55                 // Method spawnWave:(Lnet/minecraft/server/MinecraftServer;)V
       217: return

  public static void onLivingDeath(net.neoforged.neoforge.event.entity.living.LivingDeathEvent);
    Code:
         0: aload_0
         1: invokevirtual #117                // Method net/neoforged/neoforge/event/entity/living/LivingDeathEvent.getEntity:()Lnet/minecraft/world/entity/LivingEntity;
         4: invokevirtual #123                // Method net/minecraft/world/entity/LivingEntity.getUUID:()Ljava/util/UUID;
         7: astore_1
         8: getstatic     #70                 // Field ACTIVE_ENEMIES:Ljava/util/Set;
        11: aload_1
        12: invokeinterface #129,  2          // InterfaceMethod java/util/Set.remove:(Ljava/lang/Object;)Z
        17: ifne          21
        20: return
        21: aload_0
        22: invokevirtual #117                // Method net/neoforged/neoforge/event/entity/living/LivingDeathEvent.getEntity:()Lnet/minecraft/world/entity/LivingEntity;
        25: invokevirtual #133                // Method net/minecraft/world/entity/LivingEntity.level:()Lnet/minecraft/world/level/Level;
        28: invokevirtual #137                // Method net/minecraft/world/level/Level.getServer:()Lnet/minecraft/server/MinecraftServer;
        31: astore_2
        32: aload_2
        33: ifnull        45
        36: aload_2
        37: aload_1
        38: aload_0
        39: invokevirtual #117                // Method net/neoforged/neoforge/event/entity/living/LivingDeathEvent.getEntity:()Lnet/minecraft/world/entity/LivingEntity;
        42: invokestatic  #143                // Method releaseEnemy:(Lnet/minecraft/server/MinecraftServer;Ljava/util/UUID;Lnet/minecraft/world/entity/Entity;)V
        45: return

  public static boolean isActiveEnemy(java.util.UUID);
    Code:
         0: getstatic     #70                 // Field ACTIVE_ENEMIES:Ljava/util/Set;
         3: aload_0
         4: invokeinterface #147,  2          // InterfaceMethod java/util/Set.contains:(Ljava/lang/Object;)Z
         9: ireturn

  public static boolean isRaidEnemy(net.minecraft.world.entity.Entity);
    Code:
         0: aload_0
         1: ifnonnull     6
         4: iconst_0
         5: ireturn
         6: getstatic     #70                 // Field ACTIVE_ENEMIES:Ljava/util/Set;
         9: aload_0
        10: invokevirtual #150                // Method net/minecraft/world/entity/Entity.getUUID:()Ljava/util/UUID;
        13: invokeinterface #147,  2          // InterfaceMethod java/util/Set.contains:(Ljava/lang/Object;)Z
        18: ifne          36
        21: getstatic     #153                // Field ACTIVE_ARCHETYPES:Ljava/util/Map;
        24: aload_0
        25: invokevirtual #150                // Method net/minecraft/world/entity/Entity.getUUID:()Ljava/util/UUID;
        28: invokeinterface #157,  2          // InterfaceMethod java/util/Map.containsKey:(Ljava/lang/Object;)Z
        33: ifeq          38
        36: iconst_1
        37: ireturn
        38: aload_0
        39: invokevirtual #162                // Method net/minecraft/world/entity/Entity.getCustomName:()Lnet/minecraft/network/chat/Component;
        42: astore_1
        43: aload_1
        44: ifnonnull     49
        47: iconst_0
        48: ireturn
        49: aload_1
        50: invokeinterface #166,  1          // InterfaceMethod net/minecraft/network/chat/Component.getString:()Ljava/lang/String;
        55: astore_2
        56: aload_2
        57: ldc           #170                // String 웨이브
        59: invokevirtual #172                // Method java/lang/String.contains:(Ljava/lang/CharSequence;)Z
        62: ifeq          67
        65: iconst_1
        66: ireturn
        67: invokestatic  #177                // Method kr/moonseungjun/villageguardians/VillageEnemyArchetypeSystem$Archetype.values:()[Lkr/moonseungjun/villageguardians/VillageEnemyArchetypeSystem$Archetype;
        70: astore_3
        71: aload_3
        72: arraylength
        73: istore        4
        75: iconst_0
        76: istore        5
        78: iload         5
        80: iload         4
        82: if_icmpge     119
        85: aload_3
        86: iload         5
        88: aaload
        89: astore        6
        91: aload         6
        93: invokestatic  #183                // Method kr/moonseungjun/villageguardians/VillageEnemyArchetypeSystem.isBoss:(Lkr/moonseungjun/villageguardians/VillageEnemyArchetypeSystem$Archetype;)Z
        96: ifeq          113
        99: aload_2
       100: aload         6
       102: invokevirtual #189                // Method kr/moonseungjun/villageguardians/VillageEnemyArchetypeSystem$Archetype.displayName:()Ljava/lang/String;
       105: invokevirtual #172                // Method java/lang/String.contains:(Ljava/lang/CharSequence;)Z
       108: ifeq          113
       111: iconst_1
       112: ireturn
       113: iinc          5, 1
       116: goto          78
       119: iconst_0
       120: ireturn

  public static boolean isBossEnemy(net.minecraft.world.entity.Mob);
    Code:
         0: aload_0
         1: invokestatic  #192                // Method archetypeOf:(Lnet/minecraft/world/entity/Mob;)Lkr/moonseungjun/villageguardians/VillageEnemyArchetypeSystem$Archetype;
         4: astore_1
         5: aload_1
         6: ifnull        20
         9: aload_1
        10: invokestatic  #183                // Method kr/moonseungjun/villageguardians/VillageEnemyArchetypeSystem.isBoss:(Lkr/moonseungjun/villageguardians/VillageEnemyArchetypeSystem$Archetype;)Z
        13: ifeq          20
        16: iconst_1
        17: goto          21
        20: iconst_0
        21: ireturn

  public static kr.moonseungjun.villageguardians.VillageEnemyArchetypeSystem$Archetype archetypeOf(net.minecraft.world.entity.Mob);
    Code:
         0: aload_0
         1: ifnonnull     8
         4: aconst_null
         5: goto          23
         8: getstatic     #153                // Field ACTIVE_ARCHETYPES:Ljava/util/Map;
        11: aload_0
        12: invokevirtual #196                // Method net/minecraft/world/entity/Mob.getUUID:()Ljava/util/UUID;
        15: invokeinterface #199,  2          // InterfaceMethod java/util/Map.get:(Ljava/lang/Object;)Ljava/lang/Object;
        20: checkcast     #178                // class kr/moonseungjun/villageguardians/VillageEnemyArchetypeSystem$Archetype
        23: areturn

  public static kr.moonseungjun.villageguardians.VillageWaveTrait currentTrait();
    Code:
         0: getstatic     #203                // Field currentTrait:Lkr/moonseungjun/villageguardians/VillageWaveTrait;
         3: areturn

  public static boolean isActive();
    Code:
         0: getstatic     #48                 // Field active:Z
         3: ireturn

  public static boolean isRaidLocked();
    Code:
         0: getstatic     #48                 // Field active:Z
         3: ifne          12
         6: getstatic     #44                 // Field countdownTicks:I
         9: ifle          16
        12: iconst_1
        13: goto          17
        16: iconst_0
        17: ireturn

  public static java.lang.String status();
    Code:
         0: invokestatic  #32                 // Method kr/moonseungjun/villageguardians/VillageProgressionSystem.isGameOver:()Z
         3: ifeq          9
         6: ldc           #207                // String §c마을 방어 실패 상태
         8: areturn
         9: getstatic     #44                 // Field countdownTicks:I
        12: ifle          34
        15: iconst_1
        16: getstatic     #44                 // Field countdownTicks:I
        19: bipush        19
        21: iadd
        22: bipush        20
        24: idiv
        25: invokestatic  #209                // Method java/lang/Math.max:(II)I
        28: invokedynamic #215,  0            // InvokeDynamic #1:makeConcatWithConstants:(I)Ljava/lang/String;
        33: areturn
        34: getstatic     #48                 // Field active:Z
        37: ifeq          131
        40: ldc           #216                // String
        42: astore_0
        43: getstatic     #52                 // Field wave:I
        46: getstatic     #67                 // Field maxWaves:I
        49: if_icmpge     104
        52: getstatic     #70                 // Field ACTIVE_ENEMIES:Ljava/util/Set;
        55: invokeinterface #74,  1           // InterfaceMethod java/util/Set.isEmpty:()Z
        60: ifeq          75
        63: getstatic     #82                 // Field betweenWaveTicks:I
        66: ifle          75
        69: getstatic     #82                 // Field betweenWaveTicks:I
        72: goto          86
        75: iconst_0
        76: sipush        1200
        79: getstatic     #64                 // Field waveElapsedTicks:I
        82: isub
        83: invokestatic  #209                // Method java/lang/Math.max:(II)I
        86: istore_1
        87: iconst_1
        88: iload_1
        89: bipush        19
        91: iadd
        92: bipush        20
        94: idiv
        95: invokestatic  #209                // Method java/lang/Math.max:(II)I
        98: invokedynamic #218,  0            // InvokeDynamic #2:makeConcatWithConstants:(I)Ljava/lang/String;
       103: astore_0
       104: getstatic     #52                 // Field wave:I
       107: getstatic     #67                 // Field maxWaves:I
       110: getstatic     #203                // Field currentTrait:Lkr/moonseungjun/villageguardians/VillageWaveTrait;
       113: invokevirtual #219                // Method kr/moonseungjun/villageguardians/VillageWaveTrait.displayName:()Ljava/lang/String;
       116: getstatic     #70                 // Field ACTIVE_ENEMIES:Ljava/util/Set;
       119: invokeinterface #109,  1          // InterfaceMethod java/util/Set.size:()I
       124: aload_0
       125: invokedynamic #222,  0            // InvokeDynamic #3:makeConcatWithConstants:(IILjava/lang/String;ILjava/lang/String;)Ljava/lang/String;
       130: areturn
       131: ldc           #225                // String 현재 안전합니다. 밤으로 전환하면 북쪽 성문 습격이 시작됩니다.
       133: areturn

  public static net.minecraft.world.entity.Mob nearestActiveEnemy(net.minecraft.server.level.ServerLevel, net.minecraft.core.BlockPos, double);
    Code:
         0: aload_0
         1: aload_1
         2: invokestatic  #227                // Method net/minecraft/world/phys/Vec3.atCenterOf:(Lnet/minecraft/core/Vec3i;)Lnet/minecraft/world/phys/Vec3;
         5: dload_2
         6: iconst_1
         7: aconst_null
         8: invokestatic  #233                // Method activeEnemiesNear:(Lnet/minecraft/server/level/ServerLevel;Lnet/minecraft/world/phys/Vec3;DILjava/util/UUID;)Ljava/util/List;
        11: astore        4
        13: aload         4
        15: invokeinterface #237,  1          // InterfaceMethod java/util/List.isEmpty:()Z
        20: ifeq          27
        23: aconst_null
        24: goto          37
        27: aload         4
        29: invokeinterface #240,  1          // InterfaceMethod java/util/List.getFirst:()Ljava/lang/Object;
        34: checkcast     #197                // class net/minecraft/world/entity/Mob
        37: areturn

  public static java.util.List<net.minecraft.world.entity.Mob> activeEnemiesNear(net.minecraft.server.level.ServerLevel, net.minecraft.world.phys.Vec3, double, int, java.util.UUID);
    Code:
         0: dload_2
         1: dload_2
         2: dmul
         3: dstore        6
         5: new           #244                // class java/util/ArrayList
         8: dup
         9: invokespecial #246                // Method java/util/ArrayList."<init>":()V
        12: astore        8
        14: getstatic     #70                 // Field ACTIVE_ENEMIES:Ljava/util/Set;
        17: invokeinterface #247,  1          // InterfaceMethod java/util/Set.iterator:()Ljava/util/Iterator;
        22: astore        9
        24: aload         9
        26: invokeinterface #251,  1          // InterfaceMethod java/util/Iterator.hasNext:()Z
        31: ifeq          123
        34: aload         9
        36: invokeinterface #256,  1          // InterfaceMethod java/util/Iterator.next:()Ljava/lang/Object;
        41: checkcast     #259                // class java/util/UUID
        44: astore        10
        46: aload         5
        48: ifnull        64
        51: aload         5
        53: aload         10
        55: invokevirtual #261                // Method java/util/UUID.equals:(Ljava/lang/Object;)Z
        58: ifeq          64
        61: goto          24
        64: aload_0
        65: aload         10
        67: invokevirtual #264                // Method net/minecraft/server/level/ServerLevel.getEntity:(Ljava/util/UUID;)Lnet/minecraft/world/entity/Entity;
        70: astore        11
        72: aload         11
        74: instanceof    #197                // class net/minecraft/world/entity/Mob
        77: ifeq          120
        80: aload         11
        82: checkcast     #197                // class net/minecraft/world/entity/Mob
        85: astore        12
        87: aload         12
        89: invokevirtual #269                // Method net/minecraft/world/entity/Mob.isAlive:()Z
        92: ifeq          120
        95: aload         12
        97: invokevirtual #272                // Method net/minecraft/world/entity/Mob.position:()Lnet/minecraft/world/phys/Vec3;
       100: aload_1
       101: invokevirtual #276                // Method net/minecraft/world/phys/Vec3.distanceToSqr:(Lnet/minecraft/world/phys/Vec3;)D
       104: dload         6
       106: dcmpg
       107: ifgt          120
       110: aload         8
       112: aload         12
       114: invokeinterface #280,  2          // InterfaceMethod java/util/List.add:(Ljava/lang/Object;)Z
       119: pop
       120: goto          24
       123: aload         8
       125: aload_1
       126: invokedynamic #283,  0            // InvokeDynamic #4:applyAsDouble:(Lnet/minecraft/world/phys/Vec3;)Ljava/util/function/ToDoubleFunction;
       131: invokestatic  #287                // InterfaceMethod java/util/Comparator.comparingDouble:(Ljava/util/function/ToDoubleFunction;)Ljava/util/Comparator;
       134: invokeinterface #293,  2          // InterfaceMethod java/util/List.sort:(Ljava/util/Comparator;)V
       139: aload         8
       141: invokeinterface #297,  1          // InterfaceMethod java/util/List.size:()I
       146: iconst_0
       147: iload         4
       149: invokestatic  #209                // Method java/lang/Math.max:(II)I
       152: if_icmple     177
       155: new           #244                // class java/util/ArrayList
       158: dup
       159: aload         8
       161: iconst_0
       162: iconst_0
       163: iload         4
       165: invokestatic  #209                // Method java/lang/Math.max:(II)I
       168: invokeinterface #298,  3          // InterfaceMethod java/util/List.subList:(II)Ljava/util/List;
       173: invokespecial #302                // Method java/util/ArrayList."<init>":(Ljava/util/Collection;)V
       176: areturn
       177: aload         8
       179: areturn

  public static void triggerGameOver(net.minecraft.server.MinecraftServer);
    Code:
         0: aload_0
         1: invokestatic  #41                 // Method discardEnemies:(Lnet/minecraft/server/MinecraftServer;)V
         4: invokestatic  #13                 // Method clearState:()V
         7: aload_0
         8: invokevirtual #85                 // Method net/minecraft/server/MinecraftServer.getPlayerList:()Lnet/minecraft/server/players/PlayerList;
        11: ldc_w         #305                // String §4[게임 오버] §f마을 회관이 파괴되었습니다.
        14: invokestatic  #93                 // InterfaceMethod net/minecraft/network/chat/Component.literal:(Ljava/lang/String;)Lnet/minecraft/network/chat/MutableComponent;
        17: iconst_0
        18: invokevirtual #99                 // Method net/minecraft/server/players/PlayerList.broadcastSystemMessage:(Lnet/minecraft/network/chat/Component;Z)V
        21: aload_0
        22: invokestatic  #307                // Method kr/moonseungjun/villageguardians/VillageUiService.openGameOverForAll:(Lnet/minecraft/server/MinecraftServer;)V
        25: return

  public static int previewMaxWaves(int);
    Code:
         0: bipush        8
         2: iconst_3
         3: iconst_0
         4: iload_0
         5: iconst_1
         6: isub
         7: invokestatic  #209                // Method java/lang/Math.max:(II)I
        10: iconst_2
        11: idiv
        12: iadd
        13: invokestatic  #312                // Method java/lang/Math.min:(II)I
        16: ireturn

  public static int previewWaveCount(int, int, int, kr.moonseungjun.villageguardians.VillageWaveTrait);
    Code:
         0: iconst_4
         1: iload_1
         2: iconst_2
         3: imul
         4: iadd
         5: iconst_1
         6: iload_2
         7: invokestatic  #209                // Method java/lang/Math.max:(II)I
        10: iconst_2
        11: imul
        12: iadd
        13: bipush        30
        15: iload_0
        16: iconst_2
        17: imul
        18: invokestatic  #312                // Method java/lang/Math.min:(II)I
        21: iadd
        22: iload_0
        23: invokestatic  #315                // Method kr/moonseungjun/villageguardians/VillageWarfrontSystem.countBonus:(I)I
        26: iadd
        27: istore        4
        29: aload_3
        30: iload         4
        32: invokevirtual #321                // Method kr/moonseungjun/villageguardians/VillageWaveTrait.adjustedCount:(I)I
        35: ireturn

  public static int previewBossCount(int, int, int, int);
    Code:
         0: iconst_0
         1: iload_3
         2: invokestatic  #209                // Method java/lang/Math.max:(II)I
         5: iload_0
         6: iload_1
         7: iload_2
         8: invokestatic  #324                // Method kr/moonseungjun/villageguardians/VillageWarfrontSystem.bonusBossCount:(III)I
        11: invokestatic  #312                // Method java/lang/Math.min:(II)I
        14: ireturn

  private static void scheduleRaid(net.minecraft.server.MinecraftServer);
    Code:
         0: invokestatic  #328                // Method isRaidLocked:()Z
         3: ifne          12
         6: invokestatic  #32                 // Method kr/moonseungjun/villageguardians/VillageProgressionSystem.isGameOver:()Z
         9: ifeq          13
        12: return
        13: invokestatic  #331                // Method kr/moonseungjun/villageguardians/VillageCouncilState.currentDay:()I
        16: istore_1
        17: iload_1
        18: invokestatic  #334                // Method previewMaxWaves:(I)I
        21: putstatic     #67                 // Field maxWaves:I
        24: sipush        240
        27: putstatic     #44                 // Field countdownTicks:I
        30: iconst_0
        31: putstatic     #52                 // Field wave:I
        34: iconst_0
        35: putstatic     #82                 // Field betweenWaveTicks:I
        38: iconst_0
        39: putstatic     #64                 // Field waveElapsedTicks:I
        42: getstatic     #337                // Field kr/moonseungjun/villageguardians/VillageWaveTrait.STANDARD:Lkr/moonseungjun/villageguardians/VillageWaveTrait;
        45: putstatic     #203                // Field currentTrait:Lkr/moonseungjun/villageguardians/VillageWaveTrait;
        48: iload_1
        49: invokestatic  #340                // Method kr/moonseungjun/villageguardians/VillageWarfrontSystem.milestoneHint:(I)Ljava/lang/String;
        52: astore_2
        53: aload_0
        54: invokevirtual #85                 // Method net/minecraft/server/MinecraftServer.getPlayerList:()Lnet/minecraft/server/players/PlayerList;
        57: iload_1
        58: iload_1
        59: invokestatic  #343                // Method kr/moonseungjun/villageguardians/VillageWarfrontSystem.dayTitle:(I)Ljava/lang/String;
        62: getstatic     #67                 // Field maxWaves:I
        65: aload_2
        66: invokevirtual #346                // Method java/lang/String.isBlank:()Z
        69: ifeq          77
        72: ldc           #216                // String
        74: goto          83
        77: aload_2
        78: invokedynamic #349,  0            // InvokeDynamic #5:makeConcatWithConstants:(Ljava/lang/String;)Ljava/lang/String;
        83: invokedynamic #352,  0            // InvokeDynamic #6:makeConcatWithConstants:(ILjava/lang/String;ILjava/lang/String;)Ljava/lang/String;
        88: invokestatic  #93                 // InterfaceMethod net/minecraft/network/chat/Component.literal:(Ljava/lang/String;)Lnet/minecraft/network/chat/MutableComponent;
        91: iconst_0
        92: invokevirtual #99                 // Method net/minecraft/server/players/PlayerList.broadcastSystemMessage:(Lnet/minecraft/network/chat/Component;Z)V
        95: return

  private static void spawnWave(net.minecraft.server.MinecraftServer);
    Code:
         0: aload_0
         1: invokevirtual #355                // Method net/minecraft/server/MinecraftServer.overworld:()Lnet/minecraft/server/level/ServerLevel;
         4: astore_1
         5: invokestatic  #359                // Method kr/moonseungjun/villageguardians/VillageWorldSystem.northSpawnOrigin:()Lnet/minecraft/core/BlockPos;
         8: astore_2
         9: aload_0
        10: invokestatic  #365                // Method kr/moonseungjun/villageguardians/VillageProgressionSystem.plannedRaidPlayerCount:(Lnet/minecraft/server/MinecraftServer;)I
        13: istore_3
        14: invokestatic  #331                // Method kr/moonseungjun/villageguardians/VillageCouncilState.currentDay:()I
        17: istore        4
        19: iload         4
        21: getstatic     #52                 // Field wave:I
        24: invokestatic  #369                // Method kr/moonseungjun/villageguardians/VillageWaveTrait.select:(II)Lkr/moonseungjun/villageguardians/VillageWaveTrait;
        27: putstatic     #203                // Field currentTrait:Lkr/moonseungjun/villageguardians/VillageWaveTrait;
        30: iload         4
        32: getstatic     #52                 // Field wave:I
        35: iload_3
        36: getstatic     #203                // Field currentTrait:Lkr/moonseungjun/villageguardians/VillageWaveTrait;
        39: invokestatic  #373                // Method previewWaveCount:(IIILkr/moonseungjun/villageguardians/VillageWaveTrait;)I
        42: istore        5
        44: iconst_0
        45: bipush        100
        47: getstatic     #70                 // Field ACTIVE_ENEMIES:Ljava/util/Set;
        50: invokeinterface #109,  1          // InterfaceMethod java/util/Set.size:()I
        55: isub
        56: invokestatic  #209                // Method java/lang/Math.max:(II)I
        59: istore        6
        61: iload         5
        63: iload         6
        65: invokestatic  #312                // Method java/lang/Math.min:(II)I
        68: istore        7
        70: iload         7
        72: iload         4
        74: getstatic     #52                 // Field wave:I
        77: getstatic     #67                 // Field maxWaves:I
        80: invokestatic  #324                // Method kr/moonseungjun/villageguardians/VillageWarfrontSystem.bonusBossCount:(III)I
        83: invokestatic  #312                // Method java/lang/Math.min:(II)I
        86: istore        8
        88: getstatic     #70                 // Field ACTIVE_ENEMIES:Ljava/util/Set;
        91: invokeinterface #109,  1          // InterfaceMethod java/util/Set.size:()I
        96: istore        9
        98: aload_0
        99: invokestatic  #16                 // Method ensureRaidTeam:(Lnet/minecraft/server/MinecraftServer;)Lnet/minecraft/world/scores/PlayerTeam;
       102: astore        10
       104: iconst_0
       105: istore        11
       107: iload         11
       109: iload         7
       111: if_icmpge     391
       114: iload         11
       116: iload         8
       118: if_icmpge     125
       121: iconst_1
       122: goto          126
       125: iconst_0
       126: istore        12
       128: aload_1
       129: iload         4
       131: getstatic     #52                 // Field wave:I
       134: iload         11
       136: iload         12
       138: getstatic     #203                // Field currentTrait:Lkr/moonseungjun/villageguardians/VillageWaveTrait;
       141: invokestatic  #377                // Method kr/moonseungjun/villageguardians/VillageEnemyArchetypeSystem.create:(Lnet/minecraft/server/level/ServerLevel;IIIZLkr/moonseungjun/villageguardians/VillageWaveTrait;)Lkr/moonseungjun/villageguardians/VillageEnemyArchetypeSystem$SpawnedEnemy;
       144: astore        13
       146: aload         13
       148: ifnull        385
       151: aload         13
       153: invokevirtual #381                // Method kr/moonseungjun/villageguardians/VillageEnemyArchetypeSystem$SpawnedEnemy.mob:()Lnet/minecraft/world/entity/Mob;
       156: ifnonnull     162
       159: goto          385
       162: aload         13
       164: invokevirtual #381                // Method kr/moonseungjun/villageguardians/VillageEnemyArchetypeSystem$SpawnedEnemy.mob:()Lnet/minecraft/world/entity/Mob;
       167: astore        14
       169: iload         11
       171: bipush        9
       173: idiv
       174: istore        15
       176: iload         11
       178: bipush        9
       180: irem
       181: iconst_4
       182: isub
       183: istore        16
       185: aload_2
       186: iload         16
       188: iconst_2
       189: imul
       190: iconst_0
       191: iload         15
       193: ineg
       194: iconst_3
       195: imul
       196: invokevirtual #387                // Method net/minecraft/core/BlockPos.offset:(III)Lnet/minecraft/core/BlockPos;
       199: astore        17
       201: aload         14
       203: aload         17
       205: invokevirtual #393                // Method net/minecraft/core/BlockPos.getX:()I
       208: i2d
       209: ldc2_w        #396                // double 0.5d
       212: dadd
       213: aload         17
       215: invokevirtual #398                // Method net/minecraft/core/BlockPos.getY:()I
       218: i2d
       219: aload         17
       221: invokevirtual #401                // Method net/minecraft/core/BlockPos.getZ:()I
       224: i2d
       225: ldc2_w        #396                // double 0.5d
       228: dadd
       229: invokevirtual #404                // Method net/minecraft/world/entity/Mob.snapTo:(DDD)V
       232: aload         14
       234: aload_1
       235: aload_1
       236: aload         17
       238: invokevirtual #408                // Method net/minecraft/server/level/ServerLevel.getCurrentDifficultyAt:(Lnet/minecraft/core/BlockPos;)Lnet/minecraft/world/DifficultyInstance;
       241: getstatic     #412                // Field net/minecraft/world/entity/EntitySpawnReason.EVENT:Lnet/minecraft/world/entity/EntitySpawnReason;
       244: aconst_null
       245: invokevirtual #418                // Method net/minecraft/world/entity/Mob.finalizeSpawn:(Lnet/minecraft/world/level/ServerLevelAccessor;Lnet/minecraft/world/DifficultyInstance;Lnet/minecraft/world/entity/EntitySpawnReason;Lnet/minecraft/world/entity/SpawnGroupData;)Lnet/minecraft/world/entity/SpawnGroupData;
       248: pop
       249: aload         14
       251: iload         4
       253: getstatic     #52                 // Field wave:I
       256: iload         12
       258: invokestatic  #422                // Method applyScaling:(Lnet/minecraft/world/entity/Mob;IIZ)V
       261: aload_1
       262: aload         14
       264: aload         13
       266: invokevirtual #426                // Method kr/moonseungjun/villageguardians/VillageEnemyArchetypeSystem$SpawnedEnemy.archetype:()Lkr/moonseungjun/villageguardians/VillageEnemyArchetypeSystem$Archetype;
       269: getstatic     #203                // Field currentTrait:Lkr/moonseungjun/villageguardians/VillageWaveTrait;
       272: iload         4
       274: getstatic     #52                 // Field wave:I
       277: iload         12
       279: invokestatic  #430                // Method kr/moonseungjun/villageguardians/VillageEnemyArchetypeSystem.configure:(Lnet/minecraft/server/level/ServerLevel;Lnet/minecraft/world/entity/Mob;Lkr/moonseungjun/villageguardians/VillageEnemyArchetypeSystem$Archetype;Lkr/moonseungjun/villageguardians/VillageWaveTrait;IIZ)V
       282: iload         12
       284: ifeq          300
       287: aload_1
       288: aload         14
       290: iload         4
       292: getstatic     #52                 // Field wave:I
       295: iload         11
       297: invokestatic  #434                // Method kr/moonseungjun/villageguardians/VillageBossAspectSystem.configure:(Lnet/minecraft/server/level/ServerLevel;Lnet/minecraft/world/entity/Mob;III)V
       300: aload         14
       302: ldc_w         #439                // String villageguardians_raid_enemy
       305: invokevirtual #441                // Method net/minecraft/world/entity/Mob.addTag:(Ljava/lang/String;)Z
       308: pop
       309: aload         14
       311: invokestatic  #445                // Method kr/moonseungjun/villageguardians/VillageWorldSystem.markAllowedGameMob:(Lnet/minecraft/world/entity/Mob;)V
       314: aload_0
       315: invokevirtual #449                // Method net/minecraft/server/MinecraftServer.getScoreboard:()Lnet/minecraft/server/ServerScoreboard;
       318: aload         14
       320: invokevirtual #453                // Method net/minecraft/world/entity/Mob.getScoreboardName:()Ljava/lang/String;
       323: aload         10
       325: invokevirtual #456                // Method net/minecraft/server/ServerScoreboard.addPlayerToTeam:(Ljava/lang/String;Lnet/minecraft/world/scores/PlayerTeam;)Z
       328: pop
       329: aload_1
       330: aload         14
       332: invokevirtual #462                // Method net/minecraft/server/level/ServerLevel.addFreshEntity:(Lnet/minecraft/world/entity/Entity;)Z
       335: ifeq          374
       338: getstatic     #70                 // Field ACTIVE_ENEMIES:Ljava/util/Set;
       341: aload         14
       343: invokevirtual #196                // Method net/minecraft/world/entity/Mob.getUUID:()Ljava/util/UUID;
       346: invokeinterface #466,  2          // InterfaceMethod java/util/Set.add:(Ljava/lang/Object;)Z
       351: pop
       352: getstatic     #153                // Field ACTIVE_ARCHETYPES:Ljava/util/Map;
       355: aload         14
       357: invokevirtual #196                // Method net/minecraft/world/entity/Mob.getUUID:()Ljava/util/UUID;
       360: aload         13
       362: invokevirtual #426                // Method kr/moonseungjun/villageguardians/VillageEnemyArchetypeSystem$SpawnedEnemy.archetype:()Lkr/moonseungjun/villageguardians/VillageEnemyArchetypeSystem$Archetype;
       365: invokeinterface #467,  3          // InterfaceMethod java/util/Map.put:(Ljava/lang/Object;Ljava/lang/Object;)Ljava/lang/Object;
       370: pop
       371: goto          385
       374: aload_0
       375: aload         14
       377: invokevirtual #196                // Method net/minecraft/world/entity/Mob.getUUID:()Ljava/util/UUID;
       380: aload         14
       382: invokestatic  #143                // Method releaseEnemy:(Lnet/minecraft/server/MinecraftServer;Ljava/util/UUID;Lnet/minecraft/world/entity/Entity;)V
       385: iinc          11, 1
       388: goto          107
       391: iconst_0
       392: putstatic     #64                 // Field waveElapsedTicks:I
       395: iconst_0
       396: putstatic     #82                 // Field betweenWaveTicks:I
       399: iconst_0
       400: putstatic     #471                // Field structureAttackTicks:I
       403: getstatic     #70                 // Field ACTIVE_ENEMIES:Ljava/util/Set;
       406: invokeinterface #109,  1          // InterfaceMethod java/util/Set.size:()I
       411: iload         9
       413: isub
       414: istore        11
       416: iload         7
       418: iload         5
       420: if_icmpge     429
       423: ldc_w         #474                // String  §7(전장 개체 상한 적용)
       426: goto          431
       429: ldc           #216                // String
       431: astore        12
       433: aload_0
       434: invokevirtual #85                 // Method net/minecraft/server/MinecraftServer.getPlayerList:()Lnet/minecraft/server/players/PlayerList;
       437: getstatic     #52                 // Field wave:I
       440: getstatic     #67                 // Field maxWaves:I
       443: getstatic     #203                // Field currentTrait:Lkr/moonseungjun/villageguardians/VillageWaveTrait;
       446: invokevirtual #219                // Method kr/moonseungjun/villageguardians/VillageWaveTrait.displayName:()Ljava/lang/String;
       449: iload         11
       451: getstatic     #70                 // Field ACTIVE_ENEMIES:Ljava/util/Set;
       454: invokeinterface #109,  1          // InterfaceMethod java/util/Set.size:()I
       459: aload         12
       461: getstatic     #203                // Field currentTrait:Lkr/moonseungjun/villageguardians/VillageWaveTrait;
       464: invokevirtual #476                // Method kr/moonseungjun/villageguardians/VillageWaveTrait.description:()Ljava/lang/String;
       467: getstatic     #203                // Field currentTrait:Lkr/moonseungjun/villageguardians/VillageWaveTrait;
       470: invokevirtual #479                // Method kr/moonseungjun/villageguardians/VillageWaveTrait.counterHint:()Ljava/lang/String;
       473: invokedynamic #482,  0            // InvokeDynamic #7:makeConcatWithConstants:(IILjava/lang/String;IILjava/lang/String;Ljava/lang/String;Ljava/lang/String;)Ljava/lang/String;
       478: invokestatic  #93                 // InterfaceMethod net/minecraft/network/chat/Component.literal:(Ljava/lang/String;)Lnet/minecraft/network/chat/MutableComponent;
       481: iconst_0
       482: invokevirtual #99                 // Method net/minecraft/server/players/PlayerList.broadcastSystemMessage:(Lnet/minecraft/network/chat/Component;Z)V
       485: return

  private static void applyScaling(net.minecraft.world.entity.Mob, int, int, boolean);
    Code:
         0: ldc_w         #485                // int 36000
         3: istore        4
         5: bipush        9
         7: iconst_0
         8: iload_1
         9: iconst_1
        10: isub
        11: iconst_3
        12: idiv
        13: iload_2
        14: iconst_4
        15: idiv
        16: iadd
        17: iconst_0
        18: iload_1
        19: bipush        20
        21: isub
        22: invokestatic  #209                // Method java/lang/Math.max:(II)I
        25: bipush        8
        27: idiv
        28: iadd
        29: invokestatic  #209                // Method java/lang/Math.max:(II)I
        32: invokestatic  #312                // Method java/lang/Math.min:(II)I
        35: istore        5
        37: iconst_5
        38: iconst_0
        39: iload_1
        40: iconst_1
        41: isub
        42: iconst_5
        43: idiv
        44: iconst_0
        45: iload_1
        46: bipush        25
        48: isub
        49: invokestatic  #209                // Method java/lang/Math.max:(II)I
        52: bipush        10
        54: idiv
        55: iadd
        56: invokestatic  #209                // Method java/lang/Math.max:(II)I
        59: invokestatic  #312                // Method java/lang/Math.min:(II)I
        62: istore        6
        64: iload         5
        66: ifgt          73
        69: iload_3
        70: ifeq          107
        73: aload_0
        74: new           #486                // class net/minecraft/world/effect/MobEffectInstance
        77: dup
        78: getstatic     #488                // Field net/minecraft/world/effect/MobEffects.HEALTH_BOOST:Lnet/minecraft/core/Holder;
        81: iload         4
        83: bipush        11
        85: iload         5
        87: iload_3
        88: ifeq          95
        91: iconst_3
        92: goto          96
        95: iconst_0
        96: iadd
        97: invokestatic  #312                // Method java/lang/Math.min:(II)I
       100: invokespecial #494                // Method net/minecraft/world/effect/MobEffectInstance."<init>":(Lnet/minecraft/core/Holder;II)V
       103: invokevirtual #497                // Method net/minecraft/world/entity/Mob.addEffect:(Lnet/minecraft/world/effect/MobEffectInstance;)Z
       106: pop
       107: iload         6
       109: ifgt          116
       112: iload_3
       113: ifeq          150
       116: aload_0
       117: new           #486                // class net/minecraft/world/effect/MobEffectInstance
       120: dup
       121: getstatic     #501                // Field net/minecraft/world/effect/MobEffects.STRENGTH:Lnet/minecraft/core/Holder;
       124: iload         4
       126: bipush        6
       128: iload         6
       130: iload_3
       131: ifeq          138
       134: iconst_1
       135: goto          139
       138: iconst_0
       139: iadd
       140: invokestatic  #312                // Method java/lang/Math.min:(II)I
       143: invokespecial #494                // Method net/minecraft/world/effect/MobEffectInstance."<init>":(Lnet/minecraft/core/Holder;II)V
       146: invokevirtual #497                // Method net/minecraft/world/entity/Mob.addEffect:(Lnet/minecraft/world/effect/MobEffectInstance;)Z
       149: pop
       150: iload_1
       151: iconst_5
       152: if_icmplt     185
       155: aload_0
       156: new           #486                // class net/minecraft/world/effect/MobEffectInstance
       159: dup
       160: getstatic     #504                // Field net/minecraft/world/effect/MobEffects.SPEED:Lnet/minecraft/core/Holder;
       163: iload         4
       165: iconst_3
       166: iconst_0
       167: iload_1
       168: iconst_3
       169: isub
       170: iconst_4
       171: idiv
       172: invokestatic  #209                // Method java/lang/Math.max:(II)I
       175: invokestatic  #312                // Method java/lang/Math.min:(II)I
       178: invokespecial #494                // Method net/minecraft/world/effect/MobEffectInstance."<init>":(Lnet/minecraft/core/Holder;II)V
       181: invokevirtual #497                // Method net/minecraft/world/entity/Mob.addEffect:(Lnet/minecraft/world/effect/MobEffectInstance;)Z
       184: pop
       185: iload_1
       186: bipush        18
       188: if_icmplt     219
       191: aload_0
       192: new           #486                // class net/minecraft/world/effect/MobEffectInstance
       195: dup
       196: getstatic     #507                // Field net/minecraft/world/effect/MobEffects.ABSORPTION:Lnet/minecraft/core/Holder;
       199: iload         4
       201: iconst_4
       202: iload_1
       203: bipush        15
       205: isub
       206: bipush        8
       208: idiv
       209: invokestatic  #312                // Method java/lang/Math.min:(II)I
       212: invokespecial #494                // Method net/minecraft/world/effect/MobEffectInstance."<init>":(Lnet/minecraft/core/Holder;II)V
       215: invokevirtual #497                // Method net/minecraft/world/entity/Mob.addEffect:(Lnet/minecraft/world/effect/MobEffectInstance;)Z
       218: pop
       219: iload_3
       220: ifeq          246
       223: aload_0
       224: new           #486                // class net/minecraft/world/effect/MobEffectInstance
       227: dup
       228: getstatic     #510                // Field net/minecraft/world/effect/MobEffects.RESISTANCE:Lnet/minecraft/core/Holder;
       231: iload         4
       233: iconst_1
       234: invokespecial #494                // Method net/minecraft/world/effect/MobEffectInstance."<init>":(Lnet/minecraft/core/Holder;II)V
       237: invokevirtual #497                // Method net/minecraft/world/entity/Mob.addEffect:(Lnet/minecraft/world/effect/MobEffectInstance;)Z
       240: pop
       241: aload_0
       242: iconst_1
       243: invokevirtual #513                // Method net/minecraft/world/entity/Mob.setGlowingTag:(Z)V
       246: return

  private static void directEnemies(net.minecraft.server.MinecraftServer);
    Code:
         0: aload_0
         1: invokevirtual #355                // Method net/minecraft/server/MinecraftServer.overworld:()Lnet/minecraft/server/level/ServerLevel;
         4: astore_1
         5: getstatic     #471                // Field structureAttackTicks:I
         8: iconst_1
         9: iadd
        10: putstatic     #471                // Field structureAttackTicks:I
        13: getstatic     #517                // Field abilityTicks:I
        16: iconst_1
        17: iadd
        18: putstatic     #517                // Field abilityTicks:I
        21: getstatic     #471                // Field structureAttackTicks:I
        24: bipush        18
        26: if_icmplt     33
        29: iconst_1
        30: goto          34
        33: iconst_0
        34: istore_2
        35: iload_2
        36: ifeq          43
        39: iconst_0
        40: putstatic     #471                // Field structureAttackTicks:I
        43: invokestatic  #520                // Method kr/moonseungjun/villageguardians/VillageCouncilState.villageCenter:()Ljava/util/Optional;
        46: aconst_null
        47: invokevirtual #524                // Method java/util/Optional.orElse:(Ljava/lang/Object;)Ljava/lang/Object;
        50: checkcast     #388                // class net/minecraft/core/BlockPos
        53: astore_3
        54: aload_1
        55: invokestatic  #529                // Method kr/moonseungjun/villageguardians/VillageWorldSystem.isNorthGatePassable:(Lnet/minecraft/server/level/ServerLevel;)Z
        58: ifne          70
        61: getstatic     #533                // Field kr/moonseungjun/villageguardians/VillageProgressionSystem$Building.WALLS:Lkr/moonseungjun/villageguardians/VillageProgressionSystem$Building;
        64: invokestatic  #539                // Method kr/moonseungjun/villageguardians/VillageProgressionSystem.isOperational:(Lkr/moonseungjun/villageguardians/VillageProgressionSystem$Building;)Z
        67: ifne          74
        70: iconst_1
        71: goto          75
        74: iconst_0
        75: istore        4
        77: new           #543                // class java/util/HashSet
        80: dup
        81: getstatic     #70                 // Field ACTIVE_ENEMIES:Ljava/util/Set;
        84: invokespecial #545                // Method java/util/HashSet."<init>":(Ljava/util/Collection;)V
        87: invokevirtual #546                // Method java/util/HashSet.iterator:()Ljava/util/Iterator;
        90: astore        5
        92: aload         5
        94: invokeinterface #251,  1          // InterfaceMethod java/util/Iterator.hasNext:()Z
        99: ifeq          587
       102: aload         5
       104: invokeinterface #256,  1          // InterfaceMethod java/util/Iterator.next:()Ljava/lang/Object;
       109: checkcast     #259                // class java/util/UUID
       112: astore        6
       114: aload_1
       115: aload         6
       117: invokevirtual #264                // Method net/minecraft/server/level/ServerLevel.getEntity:(Ljava/util/UUID;)Lnet/minecraft/world/entity/Entity;
       120: astore        7
       122: aload         7
       124: instanceof    #197                // class net/minecraft/world/entity/Mob
       127: ifeq          92
       130: aload         7
       132: checkcast     #197                // class net/minecraft/world/entity/Mob
       135: astore        8
       137: aload         8
       139: invokevirtual #269                // Method net/minecraft/world/entity/Mob.isAlive:()Z
       142: ifne          148
       145: goto          92
       148: getstatic     #153                // Field ACTIVE_ARCHETYPES:Ljava/util/Map;
       151: aload         6
       153: getstatic     #547                // Field kr/moonseungjun/villageguardians/VillageEnemyArchetypeSystem$Archetype.GRUNT:Lkr/moonseungjun/villageguardians/VillageEnemyArchetypeSystem$Archetype;
       156: invokeinterface #551,  3          // InterfaceMethod java/util/Map.getOrDefault:(Ljava/lang/Object;Ljava/lang/Object;)Ljava/lang/Object;
       161: checkcast     #178                // class kr/moonseungjun/villageguardians/VillageEnemyArchetypeSystem$Archetype
       164: astore        9
       166: aload_0
       167: aload         8
       169: invokestatic  #554                // Method updateEnemyOutline:(Lnet/minecraft/server/MinecraftServer;Lnet/minecraft/world/entity/Mob;)V
       172: aload_1
       173: aload_0
       174: aload         8
       176: aload         9
       178: getstatic     #203                // Field currentTrait:Lkr/moonseungjun/villageguardians/VillageWaveTrait;
       181: getstatic     #517                // Field abilityTicks:I
       184: invokestatic  #558                // Method kr/moonseungjun/villageguardians/VillageEnemyArchetypeSystem.tickAbility:(Lnet/minecraft/server/level/ServerLevel;Lnet/minecraft/server/MinecraftServer;Lnet/minecraft/world/entity/Mob;Lkr/moonseungjun/villageguardians/VillageEnemyArchetypeSystem$Archetype;Lkr/moonseungjun/villageguardians/VillageWaveTrait;I)V
       187: aload         9
       189: invokestatic  #183                // Method kr/moonseungjun/villageguardians/VillageEnemyArchetypeSystem.isBoss:(Lkr/moonseungjun/villageguardians/VillageEnemyArchetypeSystem$Archetype;)Z
       192: ifeq          205
       195: aload_1
       196: aload_0
       197: aload         8
       199: getstatic     #517                // Field abilityTicks:I
       202: invokestatic  #562                // Method kr/moonseungjun/villageguardians/VillageBossAspectSystem.tick:(Lnet/minecraft/server/level/ServerLevel;Lnet/minecraft/server/MinecraftServer;Lnet/minecraft/world/entity/Mob;I)V
       205: iload         4
       207: ifeq          227
       210: aload         9
       212: invokestatic  #566                // Method kr/moonseungjun/villageguardians/VillageEnemyArchetypeSystem.ignoresNearbyPlayersUntilInside:(Lkr/moonseungjun/villageguardians/VillageEnemyArchetypeSystem$Archetype;)Z
       215: ifne          227
       218: aload_0
       219: aload         8
       221: invokestatic  #569                // Method nearestPriorityPlayer:(Lnet/minecraft/server/MinecraftServer;Lnet/minecraft/world/entity/Mob;)Lnet/minecraft/server/level/ServerPlayer;
       224: goto          228
       227: aconst_null
       228: astore        10
       230: aload         10
       232: ifnull        272
       235: aload         8
       237: aload         10
       239: invokevirtual #573                // Method net/minecraft/world/entity/Mob.setTarget:(Lnet/minecraft/world/entity/LivingEntity;)V
       242: aload         8
       244: invokevirtual #577                // Method net/minecraft/world/entity/Mob.getNavigation:()Lnet/minecraft/world/entity/ai/navigation/PathNavigation;
       247: aload         10
       249: invokevirtual #581                // Method net/minecraft/server/level/ServerPlayer.getX:()D
       252: aload         10
       254: invokevirtual #586                // Method net/minecraft/server/level/ServerPlayer.getY:()D
       257: aload         10
       259: invokevirtual #588                // Method net/minecraft/server/level/ServerPlayer.getZ:()D
       262: ldc2_w        #590                // double 1.18d
       265: invokevirtual #592                // Method net/minecraft/world/entity/ai/navigation/PathNavigation.moveTo:(DDDD)Z
       268: pop
       269: goto          92
       272: aload         8
       274: aconst_null
       275: invokevirtual #573                // Method net/minecraft/world/entity/Mob.setTarget:(Lnet/minecraft/world/entity/LivingEntity;)V
       278: iload         4
       280: ifeq          353
       283: aload_3
       284: ifnull        353
       287: aload         8
       289: invokevirtual #598                // Method net/minecraft/world/entity/Mob.getZ:()D
       292: aload_3
       293: invokevirtual #401                // Method net/minecraft/core/BlockPos.getZ:()I
       296: bipush        76
       298: isub
       299: bipush        8
       301: iadd
       302: i2d
       303: dcmpg
       304: ifge          353
       307: invokestatic  #599                // Method kr/moonseungjun/villageguardians/VillageWorldSystem.northInnerApproach:()Lnet/minecraft/core/BlockPos;
       310: astore        11
       312: aload         8
       314: invokevirtual #577                // Method net/minecraft/world/entity/Mob.getNavigation:()Lnet/minecraft/world/entity/ai/navigation/PathNavigation;
       317: aload         11
       319: invokevirtual #393                // Method net/minecraft/core/BlockPos.getX:()I
       322: i2d
       323: ldc2_w        #396                // double 0.5d
       326: dadd
       327: aload         11
       329: invokevirtual #398                // Method net/minecraft/core/BlockPos.getY:()I
       332: i2d
       333: aload         11
       335: invokevirtual #401                // Method net/minecraft/core/BlockPos.getZ:()I
       338: i2d
       339: ldc2_w        #396                // double 0.5d
       342: dadd
       343: ldc2_w        #602                // double 1.12d
       346: invokevirtual #592                // Method net/minecraft/world/entity/ai/navigation/PathNavigation.moveTo:(DDDD)Z
       349: pop
       350: goto          92
       353: aload_3
       354: aload         8
       356: invokevirtual #604                // Method net/minecraft/world/entity/Mob.blockPosition:()Lnet/minecraft/core/BlockPos;
       359: iload         4
       361: aload         9
       363: invokestatic  #607                // Method chooseTarget:(Lnet/minecraft/core/BlockPos;Lnet/minecraft/core/BlockPos;ZLkr/moonseungjun/villageguardians/VillageEnemyArchetypeSystem$Archetype;)Lkr/moonseungjun/villageguardians/VillageProgressionSystem$Building;
       366: astore        11
       368: aload         11
       370: ifnull        92
       373: aload_3
       374: ifnonnull     380
       377: goto          92
       380: aload_3
       381: aload         11
       383: aload         8
       385: invokevirtual #604                // Method net/minecraft/world/entity/Mob.blockPosition:()Lnet/minecraft/core/BlockPos;
       388: invokestatic  #611                // Method kr/moonseungjun/villageguardians/VillageFortressBuildings.attackPoint:(Lnet/minecraft/core/BlockPos;Lkr/moonseungjun/villageguardians/VillageProgressionSystem$Building;Lnet/minecraft/core/BlockPos;)Lnet/minecraft/core/BlockPos;
       391: astore        12
       393: aload         8
       395: invokevirtual #617                // Method net/minecraft/world/entity/Mob.getLookControl:()Lnet/minecraft/world/entity/ai/control/LookControl;
       398: aload         12
       400: invokevirtual #393                // Method net/minecraft/core/BlockPos.getX:()I
       403: i2d
       404: ldc2_w        #396                // double 0.5d
       407: dadd
       408: aload         12
       410: invokevirtual #398                // Method net/minecraft/core/BlockPos.getY:()I
       413: i2d
       414: dconst_1
       415: dadd
       416: aload         12
       418: invokevirtual #401                // Method net/minecraft/core/BlockPos.getZ:()I
       421: i2d
       422: ldc2_w        #396                // double 0.5d
       425: dadd
       426: invokevirtual #621                // Method net/minecraft/world/entity/ai/control/LookControl.setLookAt:(DDD)V
       429: aload         8
       431: invokevirtual #577                // Method net/minecraft/world/entity/Mob.getNavigation:()Lnet/minecraft/world/entity/ai/navigation/PathNavigation;
       434: aload         12
       436: invokevirtual #393                // Method net/minecraft/core/BlockPos.getX:()I
       439: i2d
       440: ldc2_w        #396                // double 0.5d
       443: dadd
       444: aload         12
       446: invokevirtual #398                // Method net/minecraft/core/BlockPos.getY:()I
       449: i2d
       450: aload         12
       452: invokevirtual #401                // Method net/minecraft/core/BlockPos.getZ:()I
       455: i2d
       456: ldc2_w        #396                // double 0.5d
       459: dadd
       460: ldc2_w        #626                // double 1.08d
       463: invokevirtual #592                // Method net/minecraft/world/entity/ai/navigation/PathNavigation.moveTo:(DDDD)Z
       466: pop
       467: iload_2
       468: ifeq          584
       471: aload_3
       472: aload         11
       474: aload         8
       476: invokevirtual #604                // Method net/minecraft/world/entity/Mob.blockPosition:()Lnet/minecraft/core/BlockPos;
       479: invokestatic  #628                // Method kr/moonseungjun/villageguardians/VillageFortressBuildings.isTouchingStructure:(Lnet/minecraft/core/BlockPos;Lkr/moonseungjun/villageguardians/VillageProgressionSystem$Building;Lnet/minecraft/core/BlockPos;)Z
       482: ifeq          584
       485: aload         8
       487: getstatic     #632                // Field net/minecraft/world/InteractionHand.MAIN_HAND:Lnet/minecraft/world/InteractionHand;
       490: invokevirtual #638                // Method net/minecraft/world/entity/Mob.swing:(Lnet/minecraft/world/InteractionHand;)V
       493: invokestatic  #331                // Method kr/moonseungjun/villageguardians/VillageCouncilState.currentDay:()I
       496: istore        13
       498: getstatic     #203                // Field currentTrait:Lkr/moonseungjun/villageguardians/VillageWaveTrait;
       501: invokevirtual #642                // Method kr/moonseungjun/villageguardians/VillageWaveTrait.structureDamageMultiplier:()F
       504: iload         13
       506: invokestatic  #646                // Method kr/moonseungjun/villageguardians/VillageWarfrontSystem.structureDamageMultiplier:(I)F
       509: fmul
       510: aload         9
       512: invokestatic  #649                // Method kr/moonseungjun/villageguardians/VillageEnemyArchetypeSystem.structureDamageMultiplier:(Lkr/moonseungjun/villageguardians/VillageEnemyArchetypeSystem$Archetype;)F
       515: fmul
       516: aload         8
       518: invokestatic  #652                // Method kr/moonseungjun/villageguardians/VillageBossAspectSystem.structureMultiplier:(Lnet/minecraft/world/entity/Mob;)F
       521: fmul
       522: fstore        14
       524: iconst_1
       525: bipush        7
       527: getstatic     #52                 // Field wave:I
       530: iconst_2
       531: imul
       532: iadd
       533: bipush        24
       535: iload         13
       537: invokestatic  #312                // Method java/lang/Math.min:(II)I
       540: iadd
       541: aload         9
       543: invokestatic  #183                // Method kr/moonseungjun/villageguardians/VillageEnemyArchetypeSystem.isBoss:(Lkr/moonseungjun/villageguardians/VillageEnemyArchetypeSystem$Archetype;)Z
       546: ifeq          554
       549: bipush        18
       551: goto          555
       554: iconst_0
       555: iadd
       556: i2f
       557: fload         14
       559: fmul
       560: invokestatic  #656                // Method java/lang/Math.round:(F)I
       563: invokestatic  #209                // Method java/lang/Math.max:(II)I
       566: istore        15
       568: aload_0
       569: aload         11
       571: iload         15
       573: invokestatic  #660                // Method kr/moonseungjun/villageguardians/VillageProgressionSystem.damageBuilding:(Lnet/minecraft/server/MinecraftServer;Lkr/moonseungjun/villageguardians/VillageProgressionSystem$Building;I)V
       576: aload_1
       577: aload         8
       579: aload         9
       581: invokestatic  #664                // Method kr/moonseungjun/villageguardians/VillageEnemyArchetypeSystem.onStructureHit:(Lnet/minecraft/server/level/ServerLevel;Lnet/minecraft/world/entity/Mob;Lkr/moonseungjun/villageguardians/VillageEnemyArchetypeSystem$Archetype;)V
       584: goto          92
       587: return

  private static net.minecraft.server.level.ServerPlayer nearestPriorityPlayer(net.minecraft.server.MinecraftServer, net.minecraft.world.entity.Mob);
    Code:
         0: aconst_null
         1: astore_2
         2: ldc2_w        #668                // double 256.0d
         5: dstore_3
         6: aload_0
         7: invokevirtual #85                 // Method net/minecraft/server/MinecraftServer.getPlayerList:()Lnet/minecraft/server/players/PlayerList;
        10: invokevirtual #670                // Method net/minecraft/server/players/PlayerList.getPlayers:()Ljava/util/List;
        13: invokeinterface #674,  1          // InterfaceMethod java/util/List.iterator:()Ljava/util/Iterator;
        18: astore        5
        20: aload         5
        22: invokeinterface #251,  1          // InterfaceMethod java/util/Iterator.hasNext:()Z
        27: ifeq          128
        30: aload         5
        32: invokeinterface #256,  1          // InterfaceMethod java/util/Iterator.next:()Ljava/lang/Object;
        37: checkcast     #582                // class net/minecraft/server/level/ServerPlayer
        40: astore        6
        42: aload         6
        44: invokevirtual #675                // Method net/minecraft/server/level/ServerPlayer.level:()Lnet/minecraft/server/level/ServerLevel;
        47: aload_1
        48: invokevirtual #677                // Method net/minecraft/world/entity/Mob.level:()Lnet/minecraft/world/level/Level;
        51: if_acmpne     20
        54: aload         6
        56: invokevirtual #678                // Method net/minecraft/server/level/ServerPlayer.isAlive:()Z
        59: ifeq          20
        62: aload         6
        64: invokevirtual #679                // Method net/minecraft/server/level/ServerPlayer.isSpectator:()Z
        67: ifeq          73
        70: goto          20
        73: aload         6
        75: invokestatic  #682                // Method kr/moonseungjun/villageguardians/VillageLocationRules.isEnemyIgnoredElevation:(Lnet/minecraft/server/level/ServerPlayer;)Z
        78: ifne          20
        81: aload         6
        83: invokevirtual #586                // Method net/minecraft/server/level/ServerPlayer.getY:()D
        86: aload_1
        87: invokevirtual #688                // Method net/minecraft/world/entity/Mob.getY:()D
        90: dsub
        91: invokestatic  #689                // Method java/lang/Math.abs:(D)D
        94: ldc2_w        #693                // double 3.5d
        97: dcmpl
        98: ifle          104
       101: goto          20
       104: aload         6
       106: aload_1
       107: invokevirtual #695                // Method net/minecraft/server/level/ServerPlayer.distanceToSqr:(Lnet/minecraft/world/entity/Entity;)D
       110: dstore        7
       112: dload         7
       114: dload_3
       115: dcmpg
       116: ifgt          125
       119: dload         7
       121: dstore_3
       122: aload         6
       124: astore_2
       125: goto          20
       128: aload_2
       129: areturn

  private static kr.moonseungjun.villageguardians.VillageProgressionSystem$Building chooseTarget(net.minecraft.core.BlockPos, net.minecraft.core.BlockPos, boolean, kr.moonseungjun.villageguardians.VillageEnemyArchetypeSystem$Archetype);
    Code:
         0: iload_2
         1: ifne          17
         4: getstatic     #533                // Field kr/moonseungjun/villageguardians/VillageProgressionSystem$Building.WALLS:Lkr/moonseungjun/villageguardians/VillageProgressionSystem$Building;
         7: invokestatic  #539                // Method kr/moonseungjun/villageguardians/VillageProgressionSystem.isOperational:(Lkr/moonseungjun/villageguardians/VillageProgressionSystem$Building;)Z
        10: ifeq          17
        13: getstatic     #533                // Field kr/moonseungjun/villageguardians/VillageProgressionSystem$Building.WALLS:Lkr/moonseungjun/villageguardians/VillageProgressionSystem$Building;
        16: areturn
        17: aload_3
        18: invokestatic  #698                // Method kr/moonseungjun/villageguardians/VillageEnemyArchetypeSystem.prefersTower:(Lkr/moonseungjun/villageguardians/VillageEnemyArchetypeSystem$Archetype;)Z
        21: ifeq          37
        24: getstatic     #533                // Field kr/moonseungjun/villageguardians/VillageProgressionSystem$Building.WALLS:Lkr/moonseungjun/villageguardians/VillageProgressionSystem$Building;
        27: invokestatic  #539                // Method kr/moonseungjun/villageguardians/VillageProgressionSystem.isOperational:(Lkr/moonseungjun/villageguardians/VillageProgressionSystem$Building;)Z
        30: ifeq          37
        33: getstatic     #533                // Field kr/moonseungjun/villageguardians/VillageProgressionSystem$Building.WALLS:Lkr/moonseungjun/villageguardians/VillageProgressionSystem$Building;
        36: areturn
        37: aload_0
        38: ifnonnull     43
        41: aconst_null
        42: areturn
        43: aconst_null
        44: astore        4
        46: ldc2_w        #703                // long 9223372036854775807l
        49: lstore        5
        51: invokestatic  #705                // Method kr/moonseungjun/villageguardians/VillageProgressionSystem$Building.values:()[Lkr/moonseungjun/villageguardians/VillageProgressionSystem$Building;
        54: astore        7
        56: aload         7
        58: arraylength
        59: istore        8
        61: iconst_0
        62: istore        9
        64: iload         9
        66: iload         8
        68: if_icmpge     128
        71: aload         7
        73: iload         9
        75: aaload
        76: astore        10
        78: aload         10
        80: getstatic     #533                // Field kr/moonseungjun/villageguardians/VillageProgressionSystem$Building.WALLS:Lkr/moonseungjun/villageguardians/VillageProgressionSystem$Building;
        83: if_acmpeq     122
        86: aload         10
        88: invokestatic  #539                // Method kr/moonseungjun/villageguardians/VillageProgressionSystem.isOperational:(Lkr/moonseungjun/villageguardians/VillageProgressionSystem$Building;)Z
        91: ifne          97
        94: goto          122
        97: aload_0
        98: aload         10
       100: aload_1
       101: invokestatic  #708                // Method kr/moonseungjun/villageguardians/VillageFortressBuildings.distanceSquaredToStructure:(Lnet/minecraft/core/BlockPos;Lkr/moonseungjun/villageguardians/VillageProgressionSystem$Building;Lnet/minecraft/core/BlockPos;)J
       104: lstore        11
       106: lload         11
       108: lload         5
       110: lcmp
       111: ifge          122
       114: lload         11
       116: lstore        5
       118: aload         10
       120: astore        4
       122: iinc          9, 1
       125: goto          64
       128: aload         4
       130: areturn

  private static void updateEnemyOutline(net.minecraft.server.MinecraftServer, net.minecraft.world.entity.Mob);
    Code:
         0: iconst_0
         1: istore_2
         2: aload_0
         3: invokevirtual #85                 // Method net/minecraft/server/MinecraftServer.getPlayerList:()Lnet/minecraft/server/players/PlayerList;
         6: invokevirtual #670                // Method net/minecraft/server/players/PlayerList.getPlayers:()Ljava/util/List;
         9: invokeinterface #674,  1          // InterfaceMethod java/util/List.iterator:()Ljava/util/Iterator;
        14: astore_3
        15: aload_3
        16: invokeinterface #251,  1          // InterfaceMethod java/util/Iterator.hasNext:()Z
        21: ifeq          85
        24: aload_3
        25: invokeinterface #256,  1          // InterfaceMethod java/util/Iterator.next:()Ljava/lang/Object;
        30: checkcast     #582                // class net/minecraft/server/level/ServerPlayer
        33: astore        4
        35: aload         4
        37: invokevirtual #675                // Method net/minecraft/server/level/ServerPlayer.level:()Lnet/minecraft/server/level/ServerLevel;
        40: aload_1
        41: invokevirtual #677                // Method net/minecraft/world/entity/Mob.level:()Lnet/minecraft/world/level/Level;
        44: if_acmpne     82
        47: aload         4
        49: invokevirtual #678                // Method net/minecraft/server/level/ServerPlayer.isAlive:()Z
        52: ifeq          82
        55: aload         4
        57: aload_1
        58: invokevirtual #695                // Method net/minecraft/server/level/ServerPlayer.distanceToSqr:(Lnet/minecraft/world/entity/Entity;)D
        61: ldc2_w        #712                // double 25600.0d
        64: dcmpg
        65: ifgt          82
        68: aload         4
        70: aload_1
        71: invokevirtual #714                // Method net/minecraft/server/level/ServerPlayer.hasLineOfSight:(Lnet/minecraft/world/entity/Entity;)Z
        74: ifeq          82
        77: iconst_1
        78: istore_2
        79: goto          85
        82: goto          15
        85: aload_1
        86: aload_1
        87: invokestatic  #717                // Method isBossEnemy:(Lnet/minecraft/world/entity/Mob;)Z
        90: ifne          97
        93: iload_2
        94: ifne          101
        97: iconst_1
        98: goto          102
       101: iconst_0
       102: invokevirtual #513                // Method net/minecraft/world/entity/Mob.setGlowingTag:(Z)V
       105: return

  private static net.minecraft.world.scores.PlayerTeam ensureRaidTeam(net.minecraft.server.MinecraftServer);
    Code:
         0: aload_0
         1: invokevirtual #449                // Method net/minecraft/server/MinecraftServer.getScoreboard:()Lnet/minecraft/server/ServerScoreboard;
         4: ldc_w         #721                // String vg_raid
         7: invokevirtual #723                // Method net/minecraft/server/ServerScoreboard.getPlayerTeam:(Ljava/lang/String;)Lnet/minecraft/world/scores/PlayerTeam;
        10: astore_1
        11: aload_1
        12: ifnonnull     26
        15: aload_0
        16: invokevirtual #449                // Method net/minecraft/server/MinecraftServer.getScoreboard:()Lnet/minecraft/server/ServerScoreboard;
        19: ldc_w         #721                // String vg_raid
        22: invokevirtual #727                // Method net/minecraft/server/ServerScoreboard.addPlayerTeam:(Ljava/lang/String;)Lnet/minecraft/world/scores/PlayerTeam;
        25: astore_1
        26: aload_1
        27: ldc_w         #730                // String red
        30: invokestatic  #732                // Method net/minecraft/world/scores/TeamColor.byName:(Ljava/lang/String;)Lnet/minecraft/world/scores/TeamColor;
        33: invokestatic  #738                // Method java/util/Optional.of:(Ljava/lang/Object;)Ljava/util/Optional;
        36: invokevirtual #742                // Method net/minecraft/world/scores/PlayerTeam.setColor:(Ljava/util/Optional;)V
        39: aload_1
        40: iconst_0
        41: invokevirtual #748                // Method net/minecraft/world/scores/PlayerTeam.setAllowFriendlyFire:(Z)V
        44: aload_1
        45: areturn

  private static void purgeMissingEnemies(net.minecraft.server.MinecraftServer);
    Code:
         0: getstatic     #70                 // Field ACTIVE_ENEMIES:Ljava/util/Set;
         3: invokeinterface #247,  1          // InterfaceMethod java/util/Set.iterator:()Ljava/util/Iterator;
         8: astore_1
         9: aload_1
        10: invokeinterface #251,  1          // InterfaceMethod java/util/Iterator.hasNext:()Z
        15: ifeq          78
        18: aload_1
        19: invokeinterface #256,  1          // InterfaceMethod java/util/Iterator.next:()Ljava/lang/Object;
        24: checkcast     #259                // class java/util/UUID
        27: astore_2
        28: aload_0
        29: invokevirtual #355                // Method net/minecraft/server/MinecraftServer.overworld:()Lnet/minecraft/server/level/ServerLevel;
        32: aload_2
        33: invokevirtual #264                // Method net/minecraft/server/level/ServerLevel.getEntity:(Ljava/util/UUID;)Lnet/minecraft/world/entity/Entity;
        36: astore_3
        37: aload_3
        38: ifnonnull     56
        41: aload_0
        42: aload_2
        43: aconst_null
        44: invokestatic  #143                // Method releaseEnemy:(Lnet/minecraft/server/MinecraftServer;Ljava/util/UUID;Lnet/minecraft/world/entity/Entity;)V
        47: aload_1
        48: invokeinterface #751,  1          // InterfaceMethod java/util/Iterator.remove:()V
        53: goto          75
        56: aload_3
        57: invokevirtual #753                // Method net/minecraft/world/entity/Entity.isAlive:()Z
        60: ifne          75
        63: aload_0
        64: aload_2
        65: aload_3
        66: invokestatic  #143                // Method releaseEnemy:(Lnet/minecraft/server/MinecraftServer;Ljava/util/UUID;Lnet/minecraft/world/entity/Entity;)V
        69: aload_1
        70: invokeinterface #751,  1          // InterfaceMethod java/util/Iterator.remove:()V
        75: goto          9
        78: return

  private static void finishVictory(net.minecraft.server.MinecraftServer);
    Code:
         0: invokestatic  #331                // Method kr/moonseungjun/villageguardians/VillageCouncilState.currentDay:()I
         3: istore_1
         4: iload_1
         5: invokestatic  #754                // Method kr/moonseungjun/villageguardians/VillageWarfrontSystem.rewardMultiplier:(I)F
         8: fstore_2
         9: sipush        140
        12: iload_1
        13: bipush        32
        15: imul
        16: iadd
        17: invokestatic  #757                // Method kr/moonseungjun/villageguardians/VillageProgressionSystem.raidRewardMultiplierPercent:()I
        20: imul
        21: i2f
        22: ldc_w         #760                // float 100.0f
        25: fdiv
        26: fload_2
        27: fmul
        28: invokestatic  #656                // Method java/lang/Math.round:(F)I
        31: istore_3
        32: bipush        52
        34: iload_1
        35: bipush        18
        37: imul
        38: iadd
        39: invokestatic  #761                // Method kr/moonseungjun/villageguardians/VillageProgressionSystem.barracksLevel:()I
        42: bipush        10
        44: imul
        45: iadd
        46: i2f
        47: fload_2
        48: fmul
        49: invokestatic  #656                // Method java/lang/Math.round:(F)I
        52: istore        4
        54: bipush        42
        56: iload_1
        57: bipush        9
        59: imul
        60: iadd
        61: i2f
        62: fload_2
        63: fmul
        64: invokestatic  #656                // Method java/lang/Math.round:(F)I
        67: istore        5
        69: invokestatic  #13                 // Method clearState:()V
        72: aload_0
        73: iload_3
        74: iload_1
        75: invokedynamic #764,  0            // InvokeDynamic #8:makeConcatWithConstants:(I)Ljava/lang/String;
        80: invokestatic  #765                // Method kr/moonseungjun/villageguardians/VillageProgressionSystem.addSupplies:(Lnet/minecraft/server/MinecraftServer;ILjava/lang/String;)V
        83: aload_0
        84: iload         5
        86: invokestatic  #769                // Method kr/moonseungjun/villageguardians/VillageProgressionSystem.awardRaidCoins:(Lnet/minecraft/server/MinecraftServer;I)V
        89: aload_0
        90: invokevirtual #85                 // Method net/minecraft/server/MinecraftServer.getPlayerList:()Lnet/minecraft/server/players/PlayerList;
        93: invokevirtual #670                // Method net/minecraft/server/players/PlayerList.getPlayers:()Ljava/util/List;
        96: invokeinterface #674,  1          // InterfaceMethod java/util/List.iterator:()Ljava/util/Iterator;
       101: astore        6
       103: aload         6
       105: invokeinterface #251,  1          // InterfaceMethod java/util/Iterator.hasNext:()Z
       110: ifeq          141
       113: aload         6
       115: invokeinterface #256,  1          // InterfaceMethod java/util/Iterator.next:()Ljava/lang/Object;
       120: checkcast     #582                // class net/minecraft/server/level/ServerPlayer
       123: astore        7
       125: aload         7
       127: iload         4
       129: invokestatic  #773                // Method kr/moonseungjun/villageguardians/VillageCouncilState.grantExperience:(Lnet/minecraft/server/level/ServerPlayer;I)Lkr/moonseungjun/villageguardians/VillageCouncilState$ExperienceResult;
       132: pop
       133: aload         7
       135: invokestatic  #777                // Method kr/moonseungjun/villageguardians/VillageRpgSystem.refreshPlayerPassive:(Lnet/minecraft/server/level/ServerPlayer;)V
       138: goto          103
       141: aload_0
       142: iconst_1
       143: invokestatic  #105                // Method kr/moonseungjun/villageguardians/VillageProgressionSystem.healRaidParty:(Lnet/minecraft/server/MinecraftServer;Z)V
       146: aload_0
       147: invokestatic  #783                // Method kr/moonseungjun/villageguardians/VillageCouncilState.completeRaid:(Lnet/minecraft/server/MinecraftServer;)V
       150: aload_0
       151: invokestatic  #786                // Method kr/moonseungjun/villageguardians/VillageUiService.openRepairSummaryForAll:(Lnet/minecraft/server/MinecraftServer;)V
       154: return

  public static boolean shouldDiscardStaleRaidEnemy(net.minecraft.world.entity.Mob);
    Code:
         0: aload_0
         1: ifnull        45
         4: aload_0
         5: invokevirtual #789                // Method net/minecraft/world/entity/Mob.entityTags:()Ljava/util/Set;
         8: ldc_w         #439                // String villageguardians_raid_enemy
        11: invokeinterface #147,  2          // InterfaceMethod java/util/Set.contains:(Ljava/lang/Object;)Z
        16: ifeq          45
        19: getstatic     #70                 // Field ACTIVE_ENEMIES:Ljava/util/Set;
        22: aload_0
        23: invokevirtual #196                // Method net/minecraft/world/entity/Mob.getUUID:()Ljava/util/UUID;
        26: invokeinterface #147,  2          // InterfaceMethod java/util/Set.contains:(Ljava/lang/Object;)Z
        31: ifne          45
        34: aload_0
        35: invokestatic  #793                // Method kr/moonseungjun/villageguardians/VillageWorldSystem.isAllowedGameMob:(Lnet/minecraft/world/entity/Mob;)Z
        38: ifne          45
        41: iconst_1
        42: goto          46
        45: iconst_0
        46: ireturn

  private static void discardTaggedRaidEnemies(net.minecraft.server.MinecraftServer);
    Code:
         0: aload_0
         1: ifnonnull     5
         4: return
         5: aload_0
         6: invokevirtual #355                // Method net/minecraft/server/MinecraftServer.overworld:()Lnet/minecraft/server/level/ServerLevel;
         9: astore_1
        10: invokestatic  #520                // Method kr/moonseungjun/villageguardians/VillageCouncilState.villageCenter:()Ljava/util/Optional;
        13: aconst_null
        14: invokevirtual #524                // Method java/util/Optional.orElse:(Ljava/lang/Object;)Ljava/lang/Object;
        17: checkcast     #388                // class net/minecraft/core/BlockPos
        20: astore_2
        21: aload_2
        22: ifnonnull     26
        25: return
        26: ldc2_w        #796                // double 352.0d
        29: dstore_3
        30: new           #798                // class net/minecraft/world/phys/AABB
        33: dup
        34: aload_2
        35: invokespecial #800                // Method net/minecraft/world/phys/AABB."<init>":(Lnet/minecraft/core/BlockPos;)V
        38: dload_3
        39: ldc2_w        #803                // double 128.0d
        42: dload_3
        43: invokevirtual #805                // Method net/minecraft/world/phys/AABB.inflate:(DDD)Lnet/minecraft/world/phys/AABB;
        46: astore        5
        48: aload_1
        49: ldc           #197                // class net/minecraft/world/entity/Mob
        51: aload         5
        53: invokedynamic #809,  0            // InvokeDynamic #9:test:()Ljava/util/function/Predicate;
        58: invokevirtual #813                // Method net/minecraft/server/level/ServerLevel.getEntitiesOfClass:(Ljava/lang/Class;Lnet/minecraft/world/phys/AABB;Ljava/util/function/Predicate;)Ljava/util/List;
        61: invokeinterface #674,  1          // InterfaceMethod java/util/List.iterator:()Ljava/util/Iterator;
        66: astore        6
        68: aload         6
        70: invokeinterface #251,  1          // InterfaceMethod java/util/Iterator.hasNext:()Z
        75: ifeq          109
        78: aload         6
        80: invokeinterface #256,  1          // InterfaceMethod java/util/Iterator.next:()Ljava/lang/Object;
        85: checkcast     #197                // class net/minecraft/world/entity/Mob
        88: astore        7
        90: aload_0
        91: aload         7
        93: invokevirtual #196                // Method net/minecraft/world/entity/Mob.getUUID:()Ljava/util/UUID;
        96: aload         7
        98: invokestatic  #143                // Method releaseEnemy:(Lnet/minecraft/server/MinecraftServer;Ljava/util/UUID;Lnet/minecraft/world/entity/Entity;)V
       101: aload         7
       103: invokevirtual #817                // Method net/minecraft/world/entity/Mob.discard:()V
       106: goto          68
       109: return

  private static void discardEnemies(net.minecraft.server.MinecraftServer);
    Code:
         0: new           #543                // class java/util/HashSet
         3: dup
         4: getstatic     #70                 // Field ACTIVE_ENEMIES:Ljava/util/Set;
         7: invokespecial #545                // Method java/util/HashSet."<init>":(Ljava/util/Collection;)V
        10: invokevirtual #546                // Method java/util/HashSet.iterator:()Ljava/util/Iterator;
        13: astore_1
        14: aload_1
        15: invokeinterface #251,  1          // InterfaceMethod java/util/Iterator.hasNext:()Z
        20: ifeq          59
        23: aload_1
        24: invokeinterface #256,  1          // InterfaceMethod java/util/Iterator.next:()Ljava/lang/Object;
        29: checkcast     #259                // class java/util/UUID
        32: astore_2
        33: aload_0
        34: invokevirtual #355                // Method net/minecraft/server/MinecraftServer.overworld:()Lnet/minecraft/server/level/ServerLevel;
        37: aload_2
        38: invokevirtual #264                // Method net/minecraft/server/level/ServerLevel.getEntity:(Ljava/util/UUID;)Lnet/minecraft/world/entity/Entity;
        41: astore_3
        42: aload_0
        43: aload_2
        44: aload_3
        45: invokestatic  #143                // Method releaseEnemy:(Lnet/minecraft/server/MinecraftServer;Ljava/util/UUID;Lnet/minecraft/world/entity/Entity;)V
        48: aload_3
        49: ifnull        56
        52: aload_3
        53: invokevirtual #820                // Method net/minecraft/world/entity/Entity.discard:()V
        56: goto          14
        59: return

  private static void releaseEnemy(net.minecraft.server.MinecraftServer, java.util.UUID, net.minecraft.world.entity.Entity);
    Code:
         0: getstatic     #153                // Field ACTIVE_ARCHETYPES:Ljava/util/Map;
         3: aload_1
         4: invokeinterface #821,  2          // InterfaceMethod java/util/Map.remove:(Ljava/lang/Object;)Ljava/lang/Object;
         9: pop
        10: aload_1
        11: invokestatic  #823                // Method kr/moonseungjun/villageguardians/VillageBossAspectSystem.forget:(Ljava/util/UUID;)V
        14: aload_1
        15: invokestatic  #827                // Method kr/moonseungjun/villageguardians/VillageWorldSystem.unmarkAllowedGameMob:(Ljava/util/UUID;)V
        18: aload_1
        19: invokestatic  #830                // Method kr/moonseungjun/villageguardians/VillageHealthDisplaySystem.forgetEnemy:(Ljava/util/UUID;)V
        22: aload_2
        23: ifnull        58
        26: aload_2
        27: iconst_0
        28: invokevirtual #835                // Method net/minecraft/world/entity/Entity.setGlowingTag:(Z)V
        31: aload_0
        32: invokevirtual #449                // Method net/minecraft/server/MinecraftServer.getScoreboard:()Lnet/minecraft/server/ServerScoreboard;
        35: ldc_w         #721                // String vg_raid
        38: invokevirtual #723                // Method net/minecraft/server/ServerScoreboard.getPlayerTeam:(Ljava/lang/String;)Lnet/minecraft/world/scores/PlayerTeam;
        41: astore_3
        42: aload_3
        43: ifnull        58
        46: aload_0
        47: invokevirtual #449                // Method net/minecraft/server/MinecraftServer.getScoreboard:()Lnet/minecraft/server/ServerScoreboard;
        50: aload_2
        51: invokevirtual #836                // Method net/minecraft/world/entity/Entity.getScoreboardName:()Ljava/lang/String;
        54: aload_3
        55: invokevirtual #837                // Method net/minecraft/server/ServerScoreboard.removePlayerFromTeam:(Ljava/lang/String;Lnet/minecraft/world/scores/PlayerTeam;)V
        58: return

  private static void clearState();
    Code:
         0: getstatic     #70                 // Field ACTIVE_ENEMIES:Ljava/util/Set;
         3: invokeinterface #841,  1          // InterfaceMethod java/util/Set.clear:()V
         8: getstatic     #153                // Field ACTIVE_ARCHETYPES:Ljava/util/Map;
        11: invokeinterface #844,  1          // InterfaceMethod java/util/Map.clear:()V
        16: invokestatic  #845                // Method kr/moonseungjun/villageguardians/VillageBossAspectSystem.reset:()V
        19: iconst_0
        20: putstatic     #48                 // Field active:Z
        23: iconst_0
        24: putstatic     #52                 // Field wave:I
        27: iconst_0
        28: putstatic     #67                 // Field maxWaves:I
        31: iconst_0
        32: putstatic     #44                 // Field countdownTicks:I
        35: iconst_0
        36: putstatic     #82                 // Field betweenWaveTicks:I
        39: iconst_0
        40: putstatic     #64                 // Field waveElapsedTicks:I
        43: iconst_0
        44: putstatic     #471                // Field structureAttackTicks:I
        47: iconst_0
        48: putstatic     #517                // Field abilityTicks:I
        51: getstatic     #337                // Field kr/moonseungjun/villageguardians/VillageWaveTrait.STANDARD:Lkr/moonseungjun/villageguardians/VillageWaveTrait;
        54: putstatic     #203                // Field currentTrait:Lkr/moonseungjun/villageguardians/VillageWaveTrait;
        57: return

  private static boolean lambda$discardTaggedRaidEnemies$0(net.minecraft.world.entity.Mob);
    Code:
         0: aload_0
         1: invokevirtual #789                // Method net/minecraft/world/entity/Mob.entityTags:()Ljava/util/Set;
         4: ldc_w         #439                // String villageguardians_raid_enemy
         7: invokeinterface #147,  2          // InterfaceMethod java/util/Set.contains:(Ljava/lang/Object;)Z
        12: ireturn

  private static double lambda$activeEnemiesNear$0(net.minecraft.world.phys.Vec3, net.minecraft.world.entity.Mob);
    Code:
         0: aload_1
         1: invokevirtual #272                // Method net/minecraft/world/entity/Mob.position:()Lnet/minecraft/world/phys/Vec3;
         4: aload_0
         5: invokevirtual #276                // Method net/minecraft/world/phys/Vec3.distanceToSqr:(Lnet/minecraft/world/phys/Vec3;)D
         8: dreturn

  static {};
    Code:
         0: new           #543                // class java/util/HashSet
         3: dup
         4: invokespecial #848                // Method java/util/HashSet."<init>":()V
         7: putstatic     #70                 // Field ACTIVE_ENEMIES:Ljava/util/Set;
        10: new           #849                // class java/util/HashMap
        13: dup
        14: invokespecial #851                // Method java/util/HashMap."<init>":()V
        17: putstatic     #153                // Field ACTIVE_ARCHETYPES:Ljava/util/Map;
        20: getstatic     #337                // Field kr/moonseungjun/villageguardians/VillageWaveTrait.STANDARD:Lkr/moonseungjun/villageguardians/VillageWaveTrait;
        23: putstatic     #203                // Field currentTrait:Lkr/moonseungjun/villageguardians/VillageWaveTrait;
        26: return
}
Compiled from "VillageRespawnSystem.java"
public final class kr.moonseungjun.villageguardians.VillageRespawnSystem {
  public static final int RESPAWN_DELAY_TICKS;

  private static final java.util.Map<java.util.UUID, java.lang.Long> RESPAWN_AT;

  private kr.moonseungjun.villageguardians.VillageRespawnSystem();
    Code:
         0: aload_0
         1: invokespecial #1                  // Method java/lang/Object."<init>":()V
         4: return

  public static void reset();
    Code:
         0: getstatic     #7                  // Field RESPAWN_AT:Ljava/util/Map;
         3: invokeinterface #13,  1           // InterfaceMethod java/util/Map.clear:()V
         8: return

  public static boolean isDowned(net.minecraft.server.level.ServerPlayer);
    Code:
         0: getstatic     #7                  // Field RESPAWN_AT:Ljava/util/Map;
         3: aload_0
         4: invokevirtual #18                 // Method net/minecraft/server/level/ServerPlayer.getUUID:()Ljava/util/UUID;
         7: invokeinterface #24,  2           // InterfaceMethod java/util/Map.containsKey:(Ljava/lang/Object;)Z
        12: ireturn

  public static void onLogin(net.minecraft.server.level.ServerPlayer);
    Code:
         0: aload_0
         1: invokestatic  #28                 // Method isDowned:(Lnet/minecraft/server/level/ServerPlayer;)Z
         4: ifeq          15
         7: aload_0
         8: getstatic     #32                 // Field net/minecraft/world/level/GameType.SPECTATOR:Lnet/minecraft/world/level/GameType;
        11: invokevirtual #38                 // Method net/minecraft/server/level/ServerPlayer.setGameMode:(Lnet/minecraft/world/level/GameType;)Z
        14: pop
        15: return

  public static boolean handleFinalDamage(net.neoforged.neoforge.event.entity.living.LivingDamageEvent$Pre);
    Code:
         0: aload_0
         1: invokevirtual #42                 // Method net/neoforged/neoforge/event/entity/living/LivingDamageEvent$Pre.getEntity:()Lnet/minecraft/world/entity/LivingEntity;
         4: astore_2
         5: aload_2
         6: instanceof    #19                 // class net/minecraft/server/level/ServerPlayer
         9: ifeq          20
        12: aload_2
        13: checkcast     #19                 // class net/minecraft/server/level/ServerPlayer
        16: astore_1
        17: goto          22
        20: iconst_0
        21: ireturn
        22: aload_1
        23: invokestatic  #28                 // Method isDowned:(Lnet/minecraft/server/level/ServerPlayer;)Z
        26: ifeq          36
        29: aload_0
        30: fconst_0
        31: invokevirtual #48                 // Method net/neoforged/neoforge/event/entity/living/LivingDamageEvent$Pre.setNewDamage:(F)V
        34: iconst_1
        35: ireturn
        36: aload_1
        37: invokevirtual #52                 // Method net/minecraft/server/level/ServerPlayer.getHealth:()F
        40: fconst_0
        41: aload_1
        42: invokevirtual #56                 // Method net/minecraft/server/level/ServerPlayer.getAbsorptionAmount:()F
        45: invokestatic  #59                 // Method java/lang/Math.max:(FF)F
        48: fadd
        49: fstore_2
        50: aload_0
        51: invokevirtual #65                 // Method net/neoforged/neoforge/event/entity/living/LivingDamageEvent$Pre.getNewDamage:()F
        54: fload_2
        55: fcmpg
        56: ifge          61
        59: iconst_0
        60: ireturn
        61: aload_1
        62: invokevirtual #68                 // Method net/minecraft/server/level/ServerPlayer.level:()Lnet/minecraft/server/level/ServerLevel;
        65: invokevirtual #72                 // Method net/minecraft/server/level/ServerLevel.getServer:()Lnet/minecraft/server/MinecraftServer;
        68: astore_3
        69: aload_3
        70: ifnonnull     75
        73: iconst_0
        74: ireturn
        75: aload_0
        76: fconst_0
        77: invokevirtual #48                 // Method net/neoforged/neoforge/event/entity/living/LivingDamageEvent$Pre.setNewDamage:(F)V
        80: aload_1
        81: fconst_0
        82: invokevirtual #78                 // Method net/minecraft/server/level/ServerPlayer.setAbsorptionAmount:(F)V
        85: aload_1
        86: fconst_1
        87: invokevirtual #81                 // Method net/minecraft/server/level/ServerPlayer.setHealth:(F)V
        90: aload_1
        91: iconst_0
        92: invokevirtual #84                 // Method net/minecraft/server/level/ServerPlayer.setRemainingFireTicks:(I)V
        95: aload_1
        96: getstatic     #88                 // Field net/minecraft/world/phys/Vec3.ZERO:Lnet/minecraft/world/phys/Vec3;
        99: invokevirtual #94                 // Method net/minecraft/server/level/ServerPlayer.setDeltaMovement:(Lnet/minecraft/world/phys/Vec3;)V
       102: aload_1
       103: getstatic     #32                 // Field net/minecraft/world/level/GameType.SPECTATOR:Lnet/minecraft/world/level/GameType;
       106: invokevirtual #38                 // Method net/minecraft/server/level/ServerPlayer.setGameMode:(Lnet/minecraft/world/level/GameType;)Z
       109: pop
       110: invokestatic  #98                 // Method kr/moonseungjun/villageguardians/VillageProgressionSystem.respawnDelayTicks:()I
       113: istore        4
       115: getstatic     #7                  // Field RESPAWN_AT:Ljava/util/Map;
       118: aload_1
       119: invokevirtual #18                 // Method net/minecraft/server/level/ServerPlayer.getUUID:()Ljava/util/UUID;
       122: aload_3
       123: invokevirtual #104                // Method net/minecraft/server/MinecraftServer.overworld:()Lnet/minecraft/server/level/ServerLevel;
       126: invokevirtual #109                // Method net/minecraft/server/level/ServerLevel.getGameTime:()J
       129: iload         4
       131: i2l
       132: ladd
       133: invokestatic  #113                // Method java/lang/Long.valueOf:(J)Ljava/lang/Long;
       136: invokeinterface #119,  3          // InterfaceMethod java/util/Map.put:(Ljava/lang/Object;Ljava/lang/Object;)Ljava/lang/Object;
       141: pop
       142: aload_1
       143: iload         4
       145: bipush        20
       147: idiv
       148: invokedynamic #123,  0            // InvokeDynamic #0:makeConcatWithConstants:(I)Ljava/lang/String;
       153: invokestatic  #127                // InterfaceMethod net/minecraft/network/chat/Component.literal:(Ljava/lang/String;)Lnet/minecraft/network/chat/MutableComponent;
       156: invokevirtual #133                // Method net/minecraft/server/level/ServerPlayer.sendSystemMessage:(Lnet/minecraft/network/chat/Component;)V
       159: iconst_1
       160: ireturn

  public static void tick(net.minecraft.server.MinecraftServer);
    Code:
         0: aload_0
         1: invokevirtual #104                // Method net/minecraft/server/MinecraftServer.overworld:()Lnet/minecraft/server/level/ServerLevel;
         4: invokevirtual #109                // Method net/minecraft/server/level/ServerLevel.getGameTime:()J
         7: lstore_1
         8: getstatic     #7                  // Field RESPAWN_AT:Ljava/util/Map;
        11: invokeinterface #137,  1          // InterfaceMethod java/util/Map.entrySet:()Ljava/util/Set;
        16: invokeinterface #141,  1          // InterfaceMethod java/util/Set.iterator:()Ljava/util/Iterator;
        21: astore_3
        22: aload_3
        23: invokeinterface #147,  1          // InterfaceMethod java/util/Iterator.hasNext:()Z
        28: ifeq          234
        31: aload_3
        32: invokeinterface #153,  1          // InterfaceMethod java/util/Iterator.next:()Ljava/lang/Object;
        37: checkcast     #157                // class java/util/Map$Entry
        40: astore        4
        42: aload_0
        43: invokevirtual #159                // Method net/minecraft/server/MinecraftServer.getPlayerList:()Lnet/minecraft/server/players/PlayerList;
        46: aload         4
        48: invokeinterface #163,  1          // InterfaceMethod java/util/Map$Entry.getKey:()Ljava/lang/Object;
        53: checkcast     #166                // class java/util/UUID
        56: invokevirtual #168                // Method net/minecraft/server/players/PlayerList.getPlayer:(Ljava/util/UUID;)Lnet/minecraft/server/level/ServerPlayer;
        59: astore        5
        61: aload         5
        63: ifnonnull     69
        66: goto          22
        69: lload_1
        70: aload         4
        72: invokeinterface #174,  1          // InterfaceMethod java/util/Map$Entry.getValue:()Ljava/lang/Object;
        77: checkcast     #114                // class java/lang/Long
        80: invokevirtual #177                // Method java/lang/Long.longValue:()J
        83: lcmp
        84: ifge          107
        87: aload         5
        89: invokevirtual #180                // Method net/minecraft/server/level/ServerPlayer.isSpectator:()Z
        92: ifne          22
        95: aload         5
        97: getstatic     #32                 // Field net/minecraft/world/level/GameType.SPECTATOR:Lnet/minecraft/world/level/GameType;
       100: invokevirtual #38                 // Method net/minecraft/server/level/ServerPlayer.setGameMode:(Lnet/minecraft/world/level/GameType;)Z
       103: pop
       104: goto          22
       107: aload         5
       109: aload_0
       110: invokestatic  #183                // Method teleportToVillage:(Lnet/minecraft/server/level/ServerPlayer;Lnet/minecraft/server/MinecraftServer;)V
       113: aload         5
       115: getstatic     #187                // Field net/minecraft/world/level/GameType.ADVENTURE:Lnet/minecraft/world/level/GameType;
       118: invokevirtual #38                 // Method net/minecraft/server/level/ServerPlayer.setGameMode:(Lnet/minecraft/world/level/GameType;)Z
       121: pop
       122: aload         5
       124: aload         5
       126: invokevirtual #190                // Method net/minecraft/server/level/ServerPlayer.getMaxHealth:()F
       129: invokevirtual #81                 // Method net/minecraft/server/level/ServerPlayer.setHealth:(F)V
       132: aload         5
       134: fconst_0
       135: invokevirtual #78                 // Method net/minecraft/server/level/ServerPlayer.setAbsorptionAmount:(F)V
       138: aload         5
       140: invokevirtual #193                // Method net/minecraft/server/level/ServerPlayer.getFoodData:()Lnet/minecraft/world/food/FoodData;
       143: bipush        20
       145: invokevirtual #197                // Method net/minecraft/world/food/FoodData.setFoodLevel:(I)V
       148: aload         5
       150: invokevirtual #193                // Method net/minecraft/server/level/ServerPlayer.getFoodData:()Lnet/minecraft/world/food/FoodData;
       153: ldc           #202                // float 5.0f
       155: invokevirtual #203                // Method net/minecraft/world/food/FoodData.setSaturation:(F)V
       158: aload         5
       160: iconst_0
       161: invokevirtual #84                 // Method net/minecraft/server/level/ServerPlayer.setRemainingFireTicks:(I)V
       164: aload         5
       166: getstatic     #88                 // Field net/minecraft/world/phys/Vec3.ZERO:Lnet/minecraft/world/phys/Vec3;
       169: invokevirtual #94                 // Method net/minecraft/server/level/ServerPlayer.setDeltaMovement:(Lnet/minecraft/world/phys/Vec3;)V
       172: aload         5
       174: new           #206                // class net/minecraft/world/effect/MobEffectInstance
       177: dup
       178: getstatic     #208                // Field net/minecraft/world/effect/MobEffects.RESISTANCE:Lnet/minecraft/core/Holder;
       181: bipush        100
       183: iconst_4
       184: invokespecial #214                // Method net/minecraft/world/effect/MobEffectInstance."<init>":(Lnet/minecraft/core/Holder;II)V
       187: invokevirtual #217                // Method net/minecraft/server/level/ServerPlayer.addEffect:(Lnet/minecraft/world/effect/MobEffectInstance;)Z
       190: pop
       191: aload         5
       193: new           #206                // class net/minecraft/world/effect/MobEffectInstance
       196: dup
       197: getstatic     #221                // Field net/minecraft/world/effect/MobEffects.REGENERATION:Lnet/minecraft/core/Holder;
       200: bipush        100
       202: iconst_1
       203: invokespecial #214                // Method net/minecraft/world/effect/MobEffectInstance."<init>":(Lnet/minecraft/core/Holder;II)V
       206: invokevirtual #217                // Method net/minecraft/server/level/ServerPlayer.addEffect:(Lnet/minecraft/world/effect/MobEffectInstance;)Z
       209: pop
       210: aload         5
       212: invokestatic  #224                // Method kr/moonseungjun/villageguardians/VillageRpgSystem.refreshPlayerPassive:(Lnet/minecraft/server/level/ServerPlayer;)V
       215: aload         5
       217: ldc           #230                // String §a[부활] §f마을 광장에서 복귀했습니다. 5초 동안 강한 피해 저항을 얻습니다.
       219: invokestatic  #127                // InterfaceMethod net/minecraft/network/chat/Component.literal:(Ljava/lang/String;)Lnet/minecraft/network/chat/MutableComponent;
       222: invokevirtual #133                // Method net/minecraft/server/level/ServerPlayer.sendSystemMessage:(Lnet/minecraft/network/chat/Component;)V
       225: aload_3
       226: invokeinterface #232,  1          // InterfaceMethod java/util/Iterator.remove:()V
       231: goto          22
       234: return

  public static boolean reviveNow(net.minecraft.server.level.ServerPlayer, java.lang.String);
    Code:
         0: aload_0
         1: ifnull        11
         4: aload_0
         5: invokestatic  #28                 // Method isDowned:(Lnet/minecraft/server/level/ServerPlayer;)Z
         8: ifne          13
        11: iconst_0
        12: ireturn
        13: aload_0
        14: invokevirtual #68                 // Method net/minecraft/server/level/ServerPlayer.level:()Lnet/minecraft/server/level/ServerLevel;
        17: invokevirtual #72                 // Method net/minecraft/server/level/ServerLevel.getServer:()Lnet/minecraft/server/MinecraftServer;
        20: astore_2
        21: aload_2
        22: ifnonnull     27
        25: iconst_0
        26: ireturn
        27: getstatic     #7                  // Field RESPAWN_AT:Ljava/util/Map;
        30: aload_0
        31: invokevirtual #18                 // Method net/minecraft/server/level/ServerPlayer.getUUID:()Ljava/util/UUID;
        34: invokeinterface #235,  2          // InterfaceMethod java/util/Map.remove:(Ljava/lang/Object;)Ljava/lang/Object;
        39: pop
        40: aload_0
        41: aload_2
        42: invokestatic  #183                // Method teleportToVillage:(Lnet/minecraft/server/level/ServerPlayer;Lnet/minecraft/server/MinecraftServer;)V
        45: aload_0
        46: getstatic     #187                // Field net/minecraft/world/level/GameType.ADVENTURE:Lnet/minecraft/world/level/GameType;
        49: invokevirtual #38                 // Method net/minecraft/server/level/ServerPlayer.setGameMode:(Lnet/minecraft/world/level/GameType;)Z
        52: pop
        53: aload_0
        54: aload_0
        55: invokevirtual #190                // Method net/minecraft/server/level/ServerPlayer.getMaxHealth:()F
        58: invokevirtual #81                 // Method net/minecraft/server/level/ServerPlayer.setHealth:(F)V
        61: aload_0
        62: ldc           #238                // float 8.0f
        64: invokevirtual #78                 // Method net/minecraft/server/level/ServerPlayer.setAbsorptionAmount:(F)V
        67: aload_0
        68: invokevirtual #193                // Method net/minecraft/server/level/ServerPlayer.getFoodData:()Lnet/minecraft/world/food/FoodData;
        71: bipush        20
        73: invokevirtual #197                // Method net/minecraft/world/food/FoodData.setFoodLevel:(I)V
        76: aload_0
        77: invokevirtual #193                // Method net/minecraft/server/level/ServerPlayer.getFoodData:()Lnet/minecraft/world/food/FoodData;
        80: ldc           #202                // float 5.0f
        82: invokevirtual #203                // Method net/minecraft/world/food/FoodData.setSaturation:(F)V
        85: aload_0
        86: iconst_0
        87: invokevirtual #84                 // Method net/minecraft/server/level/ServerPlayer.setRemainingFireTicks:(I)V
        90: aload_0
        91: getstatic     #88                 // Field net/minecraft/world/phys/Vec3.ZERO:Lnet/minecraft/world/phys/Vec3;
        94: invokevirtual #94                 // Method net/minecraft/server/level/ServerPlayer.setDeltaMovement:(Lnet/minecraft/world/phys/Vec3;)V
        97: aload_0
        98: new           #206                // class net/minecraft/world/effect/MobEffectInstance
       101: dup
       102: getstatic     #208                // Field net/minecraft/world/effect/MobEffects.RESISTANCE:Lnet/minecraft/core/Holder;
       105: bipush        120
       107: iconst_4
       108: invokespecial #214                // Method net/minecraft/world/effect/MobEffectInstance."<init>":(Lnet/minecraft/core/Holder;II)V
       111: invokevirtual #217                // Method net/minecraft/server/level/ServerPlayer.addEffect:(Lnet/minecraft/world/effect/MobEffectInstance;)Z
       114: pop
       115: aload_0
       116: new           #206                // class net/minecraft/world/effect/MobEffectInstance
       119: dup
       120: getstatic     #221                // Field net/minecraft/world/effect/MobEffects.REGENERATION:Lnet/minecraft/core/Holder;
       123: bipush        120
       125: iconst_2
       126: invokespecial #214                // Method net/minecraft/world/effect/MobEffectInstance."<init>":(Lnet/minecraft/core/Holder;II)V
       129: invokevirtual #217                // Method net/minecraft/server/level/ServerPlayer.addEffect:(Lnet/minecraft/world/effect/MobEffectInstance;)Z
       132: pop
       133: aload_0
       134: invokestatic  #224                // Method kr/moonseungjun/villageguardians/VillageRpgSystem.refreshPlayerPassive:(Lnet/minecraft/server/level/ServerPlayer;)V
       137: aload_0
       138: aload_1
       139: invokedynamic #239,  0            // InvokeDynamic #1:makeConcatWithConstants:(Ljava/lang/String;)Ljava/lang/String;
       144: invokestatic  #127                // InterfaceMethod net/minecraft/network/chat/Component.literal:(Ljava/lang/String;)Lnet/minecraft/network/chat/MutableComponent;
       147: invokevirtual #133                // Method net/minecraft/server/level/ServerPlayer.sendSystemMessage:(Lnet/minecraft/network/chat/Component;)V
       150: iconst_1
       151: ireturn

  private static void teleportToVillage(net.minecraft.server.level.ServerPlayer, net.minecraft.server.MinecraftServer);
    Code:
         0: aload_1
         1: invokevirtual #104                // Method net/minecraft/server/MinecraftServer.overworld:()Lnet/minecraft/server/level/ServerLevel;
         4: astore_2
         5: invokestatic  #242                // Method kr/moonseungjun/villageguardians/VillageCouncilState.villageCenter:()Ljava/util/Optional;
         8: aload_0
         9: invokevirtual #248                // Method net/minecraft/server/level/ServerPlayer.blockPosition:()Lnet/minecraft/core/BlockPos;
        12: invokevirtual #252                // Method java/util/Optional.orElse:(Ljava/lang/Object;)Ljava/lang/Object;
        15: checkcast     #257                // class net/minecraft/core/BlockPos
        18: astore_3
        19: aconst_null
        20: astore        4
        22: bipush        12
        24: istore        5
        26: iload         5
        28: bipush        22
        30: if_icmpgt     120
        33: aload         4
        35: ifnonnull     120
        38: bipush        -5
        40: istore        6
        42: iload         6
        44: iconst_5
        45: if_icmpgt     114
        48: aload_3
        49: iload         6
        51: iconst_0
        52: iload         5
        54: invokevirtual #259                // Method net/minecraft/core/BlockPos.offset:(III)Lnet/minecraft/core/BlockPos;
        57: astore        7
        59: aload_2
        60: aload         7
        62: invokevirtual #263                // Method net/minecraft/server/level/ServerLevel.getBlockState:(Lnet/minecraft/core/BlockPos;)Lnet/minecraft/world/level/block/state/BlockState;
        65: invokevirtual #267                // Method net/minecraft/world/level/block/state/BlockState.isAir:()Z
        68: ifeq          108
        71: aload_2
        72: aload         7
        74: invokevirtual #272                // Method net/minecraft/core/BlockPos.above:()Lnet/minecraft/core/BlockPos;
        77: invokevirtual #263                // Method net/minecraft/server/level/ServerLevel.getBlockState:(Lnet/minecraft/core/BlockPos;)Lnet/minecraft/world/level/block/state/BlockState;
        80: invokevirtual #267                // Method net/minecraft/world/level/block/state/BlockState.isAir:()Z
        83: ifeq          108
        86: aload_2
        87: aload         7
        89: invokevirtual #275                // Method net/minecraft/core/BlockPos.below:()Lnet/minecraft/core/BlockPos;
        92: invokevirtual #263                // Method net/minecraft/server/level/ServerLevel.getBlockState:(Lnet/minecraft/core/BlockPos;)Lnet/minecraft/world/level/block/state/BlockState;
        95: invokevirtual #267                // Method net/minecraft/world/level/block/state/BlockState.isAir:()Z
        98: ifne          108
       101: aload         7
       103: astore        4
       105: goto          114
       108: iinc          6, 1
       111: goto          42
       114: iinc          5, 1
       117: goto          26
       120: aload         4
       122: ifnonnull     131
       125: aload_3
       126: invokevirtual #272                // Method net/minecraft/core/BlockPos.above:()Lnet/minecraft/core/BlockPos;
       129: astore        4
       131: aload_0
       132: aload_2
       133: aload         4
       135: invokevirtual #278                // Method net/minecraft/core/BlockPos.getX:()I
       138: i2d
       139: ldc2_w        #281                // double 0.5d
       142: dadd
       143: aload         4
       145: invokevirtual #283                // Method net/minecraft/core/BlockPos.getY:()I
       148: i2d
       149: aload         4
       151: invokevirtual #286                // Method net/minecraft/core/BlockPos.getZ:()I
       154: i2d
       155: ldc2_w        #281                // double 0.5d
       158: dadd
       159: invokestatic  #289                // InterfaceMethod java/util/Set.of:()Ljava/util/Set;
       162: ldc_w         #292                // float 180.0f
       165: fconst_0
       166: iconst_1
       167: invokevirtual #293                // Method net/minecraft/server/level/ServerPlayer.teleportTo:(Lnet/minecraft/server/level/ServerLevel;DDDLjava/util/Set;FFZ)Z
       170: pop
       171: return

  public static int remainingSeconds(net.minecraft.server.level.ServerPlayer);
    Code:
         0: aload_0
         1: invokevirtual #68                 // Method net/minecraft/server/level/ServerPlayer.level:()Lnet/minecraft/server/level/ServerLevel;
         4: invokevirtual #72                 // Method net/minecraft/server/level/ServerLevel.getServer:()Lnet/minecraft/server/MinecraftServer;
         7: astore_1
         8: getstatic     #7                  // Field RESPAWN_AT:Ljava/util/Map;
        11: aload_0
        12: invokevirtual #18                 // Method net/minecraft/server/level/ServerPlayer.getUUID:()Ljava/util/UUID;
        15: invokeinterface #297,  2          // InterfaceMethod java/util/Map.get:(Ljava/lang/Object;)Ljava/lang/Object;
        20: checkcast     #114                // class java/lang/Long
        23: astore_2
        24: aload_1
        25: ifnull        32
        28: aload_2
        29: ifnonnull     34
        32: iconst_0
        33: ireturn
        34: lconst_0
        35: aload_2
        36: invokevirtual #177                // Method java/lang/Long.longValue:()J
        39: aload_1
        40: invokevirtual #104                // Method net/minecraft/server/MinecraftServer.overworld:()Lnet/minecraft/server/level/ServerLevel;
        43: invokevirtual #109                // Method net/minecraft/server/level/ServerLevel.getGameTime:()J
        46: lsub
        47: invokestatic  #300                // Method java/lang/Math.max:(JJ)J
        50: lstore_3
        51: iconst_1
        52: lload_3
        53: ldc2_w        #303                // long 19l
        56: ladd
        57: ldc2_w        #305                // long 20l
        60: ldiv
        61: l2i
        62: invokestatic  #307                // Method java/lang/Math.max:(II)I
        65: ireturn

  public static java.lang.String hudText(net.minecraft.server.level.ServerPlayer);
    Code:
         0: aload_0
         1: invokestatic  #310                // Method remainingSeconds:(Lnet/minecraft/server/level/ServerPlayer;)I
         4: invokedynamic #314,  0            // InvokeDynamic #2:makeConcatWithConstants:(I)Ljava/lang/String;
         9: areturn

  static {};
    Code:
         0: new           #315                // class java/util/HashMap
         3: dup
         4: invokespecial #317                // Method java/util/HashMap."<init>":()V
         7: putstatic     #7                  // Field RESPAWN_AT:Ljava/util/Map;
        10: return
}
Compiled from "VillageRoleSkillSystem.java"
public final class kr.moonseungjun.villageguardians.VillageRoleSkillSystem {
  private static final java.util.Map<java.lang.String, java.lang.Integer> TREE_MASKS;

  private static final java.util.Map<java.lang.String, java.lang.Integer> SKILL_MASKS;

  private static final java.util.Map<java.lang.String, java.lang.String> EQUIPPED_SKILLS;

  private static final java.util.Map<java.lang.String, java.lang.Long> READY_AT;

  private static kr.moonseungjun.villageguardians.VillageRoleProgressData savedData;

  private kr.moonseungjun.villageguardians.VillageRoleSkillSystem();
    Code:
         0: aload_0
         1: invokespecial #1                  // Method java/lang/Object."<init>":()V
         4: return

  public static synchronized void initializeServer(net.minecraft.server.MinecraftServer);
    Code:
         0: aload_0
         1: invokevirtual #7                  // Method net/minecraft/server/MinecraftServer.overworld:()Lnet/minecraft/server/level/ServerLevel;
         4: invokevirtual #13                 // Method net/minecraft/server/level/ServerLevel.getDataStorage:()Lnet/minecraft/world/level/storage/SavedDataStorage;
         7: getstatic     #19                 // Field kr/moonseungjun/villageguardians/VillageRoleProgressData.TYPE:Lnet/minecraft/world/level/saveddata/SavedDataType;
        10: invokevirtual #25                 // Method net/minecraft/world/level/storage/SavedDataStorage.computeIfAbsent:(Lnet/minecraft/world/level/saveddata/SavedDataType;)Lnet/minecraft/world/level/saveddata/SavedData;
        13: checkcast     #20                 // class kr/moonseungjun/villageguardians/VillageRoleProgressData
        16: putstatic     #31                 // Field savedData:Lkr/moonseungjun/villageguardians/VillageRoleProgressData;
        19: getstatic     #37                 // Field TREE_MASKS:Ljava/util/Map;
        22: invokeinterface #41,  1           // InterfaceMethod java/util/Map.clear:()V
        27: getstatic     #37                 // Field TREE_MASKS:Ljava/util/Map;
        30: getstatic     #31                 // Field savedData:Lkr/moonseungjun/villageguardians/VillageRoleProgressData;
        33: invokevirtual #46                 // Method kr/moonseungjun/villageguardians/VillageRoleProgressData.treeMasks:()Ljava/util/Map;
        36: invokeinterface #50,  2           // InterfaceMethod java/util/Map.putAll:(Ljava/util/Map;)V
        41: getstatic     #54                 // Field SKILL_MASKS:Ljava/util/Map;
        44: invokeinterface #41,  1           // InterfaceMethod java/util/Map.clear:()V
        49: getstatic     #54                 // Field SKILL_MASKS:Ljava/util/Map;
        52: getstatic     #31                 // Field savedData:Lkr/moonseungjun/villageguardians/VillageRoleProgressData;
        55: invokevirtual #57                 // Method kr/moonseungjun/villageguardians/VillageRoleProgressData.skillMasks:()Ljava/util/Map;
        58: invokeinterface #50,  2           // InterfaceMethod java/util/Map.putAll:(Ljava/util/Map;)V
        63: getstatic     #60                 // Field EQUIPPED_SKILLS:Ljava/util/Map;
        66: invokeinterface #41,  1           // InterfaceMethod java/util/Map.clear:()V
        71: getstatic     #60                 // Field EQUIPPED_SKILLS:Ljava/util/Map;
        74: getstatic     #31                 // Field savedData:Lkr/moonseungjun/villageguardians/VillageRoleProgressData;
        77: invokevirtual #63                 // Method kr/moonseungjun/villageguardians/VillageRoleProgressData.equippedSkills:()Ljava/util/Map;
        80: invokeinterface #50,  2           // InterfaceMethod java/util/Map.putAll:(Ljava/util/Map;)V
        85: getstatic     #66                 // Field READY_AT:Ljava/util/Map;
        88: invokeinterface #41,  1           // InterfaceMethod java/util/Map.clear:()V
        93: invokestatic  #69                 // Method sanitizeLoadouts:()V
        96: invokestatic  #72                 // Method persist:()V
        99: return

  public static synchronized void resetTransientState();
    Code:
         0: getstatic     #66                 // Field READY_AT:Ljava/util/Map;
         3: invokeinterface #41,  1           // InterfaceMethod java/util/Map.clear:()V
         8: return

  public static synchronized boolean hasNode(net.minecraft.server.level.ServerPlayer, kr.moonseungjun.villageguardians.VillageRole, kr.moonseungjun.villageguardians.VillageRoleSkillSystem$RoleNode);
    Code:
         0: getstatic     #37                 // Field TREE_MASKS:Ljava/util/Map;
         3: aload_0
         4: invokevirtual #75                 // Method net/minecraft/server/level/ServerPlayer.getUUID:()Ljava/util/UUID;
         7: aload_1
         8: invokestatic  #81                 // Method roleKey:(Ljava/util/UUID;Lkr/moonseungjun/villageguardians/VillageRole;)Ljava/lang/String;
        11: iconst_0
        12: invokestatic  #85                 // Method java/lang/Integer.valueOf:(I)Ljava/lang/Integer;
        15: invokeinterface #91,  3           // InterfaceMethod java/util/Map.getOrDefault:(Ljava/lang/Object;Ljava/lang/Object;)Ljava/lang/Object;
        20: checkcast     #86                 // class java/lang/Integer
        23: invokevirtual #95                 // Method java/lang/Integer.intValue:()I
        26: istore_3
        27: iload_3
        28: aload_2
        29: invokevirtual #99                 // Method kr/moonseungjun/villageguardians/VillageRoleSkillSystem$RoleNode.ordinal:()I
        32: invokestatic  #104                // Method bit:(I)I
        35: iand
        36: ifeq          43
        39: iconst_1
        40: goto          44
        43: iconst_0
        44: ireturn

  public static synchronized int branchRank(net.minecraft.server.level.ServerPlayer, kr.moonseungjun.villageguardians.VillageRole, kr.moonseungjun.villageguardians.VillageRoleSkillSystem$RoleBranch);
    Code:
         0: iconst_0
         1: istore_3
         2: invokestatic  #108                // Method kr/moonseungjun/villageguardians/VillageRoleSkillSystem$RoleNode.values:()[Lkr/moonseungjun/villageguardians/VillageRoleSkillSystem$RoleNode;
         5: astore        4
         7: aload         4
         9: arraylength
        10: istore        5
        12: iconst_0
        13: istore        6
        15: iload         6
        17: iload         5
        19: if_icmpge     57
        22: aload         4
        24: iload         6
        26: aaload
        27: astore        7
        29: aload         7
        31: invokevirtual #112                // Method kr/moonseungjun/villageguardians/VillageRoleSkillSystem$RoleNode.branch:()Lkr/moonseungjun/villageguardians/VillageRoleSkillSystem$RoleBranch;
        34: aload_2
        35: if_acmpne     51
        38: aload_0
        39: aload_1
        40: aload         7
        42: invokestatic  #116                // Method hasNode:(Lnet/minecraft/server/level/ServerPlayer;Lkr/moonseungjun/villageguardians/VillageRole;Lkr/moonseungjun/villageguardians/VillageRoleSkillSystem$RoleNode;)Z
        45: ifeq          51
        48: iinc          3, 1
        51: iinc          6, 1
        54: goto          15
        57: iload_3
        58: ireturn

  public static float durationMultiplier(net.minecraft.server.level.ServerPlayer, kr.moonseungjun.villageguardians.VillageRole);
    Code:
         0: aload_0
         1: aload_1
         2: getstatic     #120                // Field kr/moonseungjun/villageguardians/VillageRoleSkillSystem$RoleBranch.DURATION:Lkr/moonseungjun/villageguardians/VillageRoleSkillSystem$RoleBranch;
         5: invokestatic  #126                // Method branchRank:(Lnet/minecraft/server/level/ServerPlayer;Lkr/moonseungjun/villageguardians/VillageRole;Lkr/moonseungjun/villageguardians/VillageRoleSkillSystem$RoleBranch;)I
         8: istore_2
         9: iconst_3
        10: iload_2
        11: invokestatic  #130                // Method java/lang/Math.min:(II)I
        14: i2f
        15: ldc           #136                // float 0.16f
        17: fmul
        18: iconst_0
        19: iload_2
        20: iconst_3
        21: isub
        22: invokestatic  #137                // Method java/lang/Math.max:(II)I
        25: i2f
        26: ldc           #140                // float 0.11f
        28: fmul
        29: fadd
        30: fstore_3
        31: fconst_1
        32: fload_3
        33: fadd
        34: freturn

  public static float powerMultiplier(net.minecraft.server.level.ServerPlayer, kr.moonseungjun.villageguardians.VillageRole);
    Code:
         0: aload_0
         1: aload_1
         2: getstatic     #141                // Field kr/moonseungjun/villageguardians/VillageRoleSkillSystem$RoleBranch.POWER:Lkr/moonseungjun/villageguardians/VillageRoleSkillSystem$RoleBranch;
         5: invokestatic  #126                // Method branchRank:(Lnet/minecraft/server/level/ServerPlayer;Lkr/moonseungjun/villageguardians/VillageRole;Lkr/moonseungjun/villageguardians/VillageRoleSkillSystem$RoleBranch;)I
         8: istore_2
         9: iconst_3
        10: iload_2
        11: invokestatic  #130                // Method java/lang/Math.min:(II)I
        14: i2f
        15: ldc           #144                // float 0.14f
        17: fmul
        18: iload_2
        19: iconst_3
        20: if_icmplt     28
        23: ldc           #145                // float 0.08f
        25: goto          29
        28: fconst_0
        29: fadd
        30: iconst_0
        31: iload_2
        32: iconst_3
        33: isub
        34: invokestatic  #137                // Method java/lang/Math.max:(II)I
        37: i2f
        38: ldc           #140                // float 0.11f
        40: fmul
        41: fadd
        42: fstore_3
        43: fconst_1
        44: fload_3
        45: fadd
        46: freturn

  public static int specialRank(net.minecraft.server.level.ServerPlayer, kr.moonseungjun.villageguardians.VillageRole);
    Code:
         0: aload_0
         1: aload_1
         2: getstatic     #146                // Field kr/moonseungjun/villageguardians/VillageRoleSkillSystem$RoleBranch.SPECIAL:Lkr/moonseungjun/villageguardians/VillageRoleSkillSystem$RoleBranch;
         5: invokestatic  #126                // Method branchRank:(Lnet/minecraft/server/level/ServerPlayer;Lkr/moonseungjun/villageguardians/VillageRole;Lkr/moonseungjun/villageguardians/VillageRoleSkillSystem$RoleBranch;)I
         8: ireturn

  public static int roleTreeCooldownReductionSeconds(net.minecraft.server.level.ServerPlayer, kr.moonseungjun.villageguardians.VillageRole);
    Code:
         0: aload_0
         1: aload_1
         2: getstatic     #120                // Field kr/moonseungjun/villageguardians/VillageRoleSkillSystem$RoleBranch.DURATION:Lkr/moonseungjun/villageguardians/VillageRoleSkillSystem$RoleBranch;
         5: invokestatic  #126                // Method branchRank:(Lnet/minecraft/server/level/ServerPlayer;Lkr/moonseungjun/villageguardians/VillageRole;Lkr/moonseungjun/villageguardians/VillageRoleSkillSystem$RoleBranch;)I
         8: istore_2
         9: aload_0
        10: aload_1
        11: getstatic     #146                // Field kr/moonseungjun/villageguardians/VillageRoleSkillSystem$RoleBranch.SPECIAL:Lkr/moonseungjun/villageguardians/VillageRoleSkillSystem$RoleBranch;
        14: invokestatic  #126                // Method branchRank:(Lnet/minecraft/server/level/ServerPlayer;Lkr/moonseungjun/villageguardians/VillageRole;Lkr/moonseungjun/villageguardians/VillageRoleSkillSystem$RoleBranch;)I
        17: istore_3
        18: iconst_0
        19: iload_2
        20: iconst_3
        21: isub
        22: invokestatic  #137                // Method java/lang/Math.max:(II)I
        25: iconst_0
        26: iload_3
        27: iconst_3
        28: isub
        29: invokestatic  #137                // Method java/lang/Math.max:(II)I
        32: iadd
        33: ireturn

  public static java.util.List<kr.moonseungjun.villageguardians.VillageRoleSkillSystem$RoleNode> nodes();
    Code:
         0: invokestatic  #108                // Method kr/moonseungjun/villageguardians/VillageRoleSkillSystem$RoleNode.values:()[Lkr/moonseungjun/villageguardians/VillageRoleSkillSystem$RoleNode;
         3: invokestatic  #149                // Method java/util/Arrays.stream:([Ljava/lang/Object;)Ljava/util/stream/Stream;
         6: invokedynamic #155,  0            // InvokeDynamic #0:compare:()Ljava/util/Comparator;
        11: invokeinterface #159,  2          // InterfaceMethod java/util/stream/Stream.sorted:(Ljava/util/Comparator;)Ljava/util/stream/Stream;
        16: invokeinterface #165,  1          // InterfaceMethod java/util/stream/Stream.toList:()Ljava/util/List;
        21: areturn

  public static synchronized java.lang.String purchaseNode(net.minecraft.server.level.ServerPlayer, kr.moonseungjun.villageguardians.VillageRole, java.lang.String);
    Code:
         0: aload_0
         1: invokevirtual #75                 // Method net/minecraft/server/level/ServerPlayer.getUUID:()Ljava/util/UUID;
         4: invokestatic  #169                // Method kr/moonseungjun/villageguardians/VillageCouncilState.roleOf:(Ljava/util/UUID;)Ljava/util/Optional;
         7: aconst_null
         8: invokevirtual #175                // Method java/util/Optional.orElse:(Ljava/lang/Object;)Ljava/lang/Object;
        11: aload_1
        12: if_acmpeq     18
        15: ldc           #181                // String 현재 배치된 직업의 성장 경로만 습득할 수 있습니다.
        17: areturn
        18: aload_2
        19: invokestatic  #183                // Method kr/moonseungjun/villageguardians/VillageRoleSkillSystem$RoleNode.parse:(Ljava/lang/String;)Ljava/util/Optional;
        22: aconst_null
        23: invokevirtual #175                // Method java/util/Optional.orElse:(Ljava/lang/Object;)Ljava/lang/Object;
        26: checkcast     #100                // class kr/moonseungjun/villageguardians/VillageRoleSkillSystem$RoleNode
        29: astore_3
        30: aload_3
        31: ifnonnull     37
        34: ldc           #187                // String 알 수 없는 직업 성장 노드입니다.
        36: areturn
        37: aload_0
        38: aload_1
        39: aload_3
        40: invokestatic  #116                // Method hasNode:(Lnet/minecraft/server/level/ServerPlayer;Lkr/moonseungjun/villageguardians/VillageRole;Lkr/moonseungjun/villageguardians/VillageRoleSkillSystem$RoleNode;)Z
        43: ifeq          57
        46: aload_3
        47: aload_1
        48: invokevirtual #189                // Method kr/moonseungjun/villageguardians/VillageRoleSkillSystem$RoleNode.title:(Lkr/moonseungjun/villageguardians/VillageRole;)Ljava/lang/String;
        51: invokedynamic #193,  0            // InvokeDynamic #1:makeConcatWithConstants:(Ljava/lang/String;)Ljava/lang/String;
        56: areturn
        57: aload_3
        58: invokevirtual #197                // Method kr/moonseungjun/villageguardians/VillageRoleSkillSystem$RoleNode.prerequisite:()Lkr/moonseungjun/villageguardians/VillageRoleSkillSystem$RoleNode;
        61: ifnull        90
        64: aload_0
        65: aload_1
        66: aload_3
        67: invokevirtual #197                // Method kr/moonseungjun/villageguardians/VillageRoleSkillSystem$RoleNode.prerequisite:()Lkr/moonseungjun/villageguardians/VillageRoleSkillSystem$RoleNode;
        70: invokestatic  #116                // Method hasNode:(Lnet/minecraft/server/level/ServerPlayer;Lkr/moonseungjun/villageguardians/VillageRole;Lkr/moonseungjun/villageguardians/VillageRoleSkillSystem$RoleNode;)Z
        73: ifne          90
        76: aload_3
        77: invokevirtual #197                // Method kr/moonseungjun/villageguardians/VillageRoleSkillSystem$RoleNode.prerequisite:()Lkr/moonseungjun/villageguardians/VillageRoleSkillSystem$RoleNode;
        80: aload_1
        81: invokevirtual #189                // Method kr/moonseungjun/villageguardians/VillageRoleSkillSystem$RoleNode.title:(Lkr/moonseungjun/villageguardians/VillageRole;)Ljava/lang/String;
        84: invokedynamic #201,  0            // InvokeDynamic #2:makeConcatWithConstants:(Ljava/lang/String;)Ljava/lang/String;
        89: areturn
        90: aload_0
        91: invokevirtual #75                 // Method net/minecraft/server/level/ServerPlayer.getUUID:()Ljava/util/UUID;
        94: invokestatic  #202                // Method kr/moonseungjun/villageguardians/VillageCouncilState.levelOf:(Ljava/util/UUID;)I
        97: istore        4
        99: iload         4
       101: aload_3
       102: invokevirtual #206                // Method kr/moonseungjun/villageguardians/VillageRoleSkillSystem$RoleNode.requiredLevel:()I
       105: if_icmpge     120
       108: aload_3
       109: invokevirtual #206                // Method kr/moonseungjun/villageguardians/VillageRoleSkillSystem$RoleNode.requiredLevel:()I
       112: iload         4
       114: invokedynamic #209,  0            // InvokeDynamic #3:makeConcatWithConstants:(II)Ljava/lang/String;
       119: areturn
       120: aload_0
       121: aload_3
       122: invokevirtual #212                // Method kr/moonseungjun/villageguardians/VillageRoleSkillSystem$RoleNode.coinCost:()I
       125: invokestatic  #215                // Method kr/moonseungjun/villageguardians/VillageProgressionSystem.spendCoins:(Lnet/minecraft/server/level/ServerPlayer;I)Z
       128: ifne          145
       131: aload_3
       132: invokevirtual #212                // Method kr/moonseungjun/villageguardians/VillageRoleSkillSystem$RoleNode.coinCost:()I
       135: aload_0
       136: invokestatic  #221                // Method kr/moonseungjun/villageguardians/VillageProgressionSystem.coins:(Lnet/minecraft/server/level/ServerPlayer;)I
       139: invokedynamic #225,  0            // InvokeDynamic #4:makeConcatWithConstants:(II)Ljava/lang/String;
       144: areturn
       145: aload_0
       146: invokevirtual #75                 // Method net/minecraft/server/level/ServerPlayer.getUUID:()Ljava/util/UUID;
       149: aload_1
       150: invokestatic  #81                 // Method roleKey:(Ljava/util/UUID;Lkr/moonseungjun/villageguardians/VillageRole;)Ljava/lang/String;
       153: astore        5
       155: getstatic     #37                 // Field TREE_MASKS:Ljava/util/Map;
       158: aload         5
       160: getstatic     #37                 // Field TREE_MASKS:Ljava/util/Map;
       163: aload         5
       165: iconst_0
       166: invokestatic  #85                 // Method java/lang/Integer.valueOf:(I)Ljava/lang/Integer;
       169: invokeinterface #91,  3           // InterfaceMethod java/util/Map.getOrDefault:(Ljava/lang/Object;Ljava/lang/Object;)Ljava/lang/Object;
       174: checkcast     #86                 // class java/lang/Integer
       177: invokevirtual #95                 // Method java/lang/Integer.intValue:()I
       180: aload_3
       181: invokevirtual #99                 // Method kr/moonseungjun/villageguardians/VillageRoleSkillSystem$RoleNode.ordinal:()I
       184: invokestatic  #104                // Method bit:(I)I
       187: ior
       188: invokestatic  #85                 // Method java/lang/Integer.valueOf:(I)Ljava/lang/Integer;
       191: invokeinterface #226,  3          // InterfaceMethod java/util/Map.put:(Ljava/lang/Object;Ljava/lang/Object;)Ljava/lang/Object;
       196: pop
       197: invokestatic  #72                 // Method persist:()V
       200: aload_3
       201: aload_1
       202: invokevirtual #189                // Method kr/moonseungjun/villageguardians/VillageRoleSkillSystem$RoleNode.title:(Lkr/moonseungjun/villageguardians/VillageRole;)Ljava/lang/String;
       205: aload_0
       206: invokestatic  #221                // Method kr/moonseungjun/villageguardians/VillageProgressionSystem.coins:(Lnet/minecraft/server/level/ServerPlayer;)I
       209: invokedynamic #229,  0            // InvokeDynamic #5:makeConcatWithConstants:(Ljava/lang/String;I)Ljava/lang/String;
       214: areturn

  public static java.lang.String nodeStatus(net.minecraft.server.level.ServerPlayer, kr.moonseungjun.villageguardians.VillageRole, kr.moonseungjun.villageguardians.VillageRoleSkillSystem$RoleNode);
    Code:
         0: aload_0
         1: aload_1
         2: aload_2
         3: invokestatic  #116                // Method hasNode:(Lnet/minecraft/server/level/ServerPlayer;Lkr/moonseungjun/villageguardians/VillageRole;Lkr/moonseungjun/villageguardians/VillageRoleSkillSystem$RoleNode;)Z
         6: ifeq          12
         9: ldc           #232                // String 습득
        11: areturn
        12: aload_2
        13: invokevirtual #197                // Method kr/moonseungjun/villageguardians/VillageRoleSkillSystem$RoleNode.prerequisite:()Lkr/moonseungjun/villageguardians/VillageRoleSkillSystem$RoleNode;
        16: ifnull        34
        19: aload_0
        20: aload_1
        21: aload_2
        22: invokevirtual #197                // Method kr/moonseungjun/villageguardians/VillageRoleSkillSystem$RoleNode.prerequisite:()Lkr/moonseungjun/villageguardians/VillageRoleSkillSystem$RoleNode;
        25: invokestatic  #116                // Method hasNode:(Lnet/minecraft/server/level/ServerPlayer;Lkr/moonseungjun/villageguardians/VillageRole;Lkr/moonseungjun/villageguardians/VillageRoleSkillSystem$RoleNode;)Z
        28: ifne          34
        31: ldc           #234                // String 선행 필요
        33: areturn
        34: aload_0
        35: invokevirtual #75                 // Method net/minecraft/server/level/ServerPlayer.getUUID:()Ljava/util/UUID;
        38: invokestatic  #202                // Method kr/moonseungjun/villageguardians/VillageCouncilState.levelOf:(Ljava/util/UUID;)I
        41: istore_3
        42: iload_3
        43: aload_2
        44: invokevirtual #206                // Method kr/moonseungjun/villageguardians/VillageRoleSkillSystem$RoleNode.requiredLevel:()I
        47: if_icmpge     60
        50: aload_2
        51: invokevirtual #206                // Method kr/moonseungjun/villageguardians/VillageRoleSkillSystem$RoleNode.requiredLevel:()I
        54: invokedynamic #236,  0            // InvokeDynamic #6:makeConcatWithConstants:(I)Ljava/lang/String;
        59: areturn
        60: aload_0
        61: invokestatic  #221                // Method kr/moonseungjun/villageguardians/VillageProgressionSystem.coins:(Lnet/minecraft/server/level/ServerPlayer;)I
        64: aload_2
        65: invokevirtual #212                // Method kr/moonseungjun/villageguardians/VillageRoleSkillSystem$RoleNode.coinCost:()I
        68: if_icmpge     81
        71: aload_2
        72: invokevirtual #212                // Method kr/moonseungjun/villageguardians/VillageRoleSkillSystem$RoleNode.coinCost:()I
        75: invokedynamic #239,  0            // InvokeDynamic #7:makeConcatWithConstants:(I)Ljava/lang/String;
        80: areturn
        81: ldc           #240                // String 습득 가능
        83: areturn

  public static synchronized boolean hasSkill(net.minecraft.server.level.ServerPlayer, kr.moonseungjun.villageguardians.VillageRoleSkillSystem$ActiveSkill);
    Code:
         0: getstatic     #54                 // Field SKILL_MASKS:Ljava/util/Map;
         3: aload_0
         4: invokevirtual #75                 // Method net/minecraft/server/level/ServerPlayer.getUUID:()Ljava/util/UUID;
         7: aload_1
         8: invokevirtual #242                // Method kr/moonseungjun/villageguardians/VillageRoleSkillSystem$ActiveSkill.role:()Lkr/moonseungjun/villageguardians/VillageRole;
        11: invokestatic  #81                 // Method roleKey:(Ljava/util/UUID;Lkr/moonseungjun/villageguardians/VillageRole;)Ljava/lang/String;
        14: iconst_0
        15: invokestatic  #85                 // Method java/lang/Integer.valueOf:(I)Ljava/lang/Integer;
        18: invokeinterface #91,  3           // InterfaceMethod java/util/Map.getOrDefault:(Ljava/lang/Object;Ljava/lang/Object;)Ljava/lang/Object;
        23: checkcast     #86                 // class java/lang/Integer
        26: invokevirtual #95                 // Method java/lang/Integer.intValue:()I
        29: istore_2
        30: iload_2
        31: aload_1
        32: invokevirtual #248                // Method kr/moonseungjun/villageguardians/VillageRoleSkillSystem$ActiveSkill.roleIndex:()I
        35: invokestatic  #104                // Method bit:(I)I
        38: iand
        39: ifeq          46
        42: iconst_1
        43: goto          47
        46: iconst_0
        47: ireturn

  public static synchronized java.lang.String unlockSkill(net.minecraft.server.level.ServerPlayer, java.lang.String);
    Code:
         0: aload_1
         1: invokestatic  #251                // Method kr/moonseungjun/villageguardians/VillageRoleSkillSystem$ActiveSkill.parse:(Ljava/lang/String;)Ljava/util/Optional;
         4: aconst_null
         5: invokevirtual #175                // Method java/util/Optional.orElse:(Ljava/lang/Object;)Ljava/lang/Object;
         8: checkcast     #243                // class kr/moonseungjun/villageguardians/VillageRoleSkillSystem$ActiveSkill
        11: astore_2
        12: aload_2
        13: ifnonnull     19
        16: ldc           #252                // String 알 수 없는 직업 기술입니다.
        18: areturn
        19: aload_0
        20: invokevirtual #75                 // Method net/minecraft/server/level/ServerPlayer.getUUID:()Ljava/util/UUID;
        23: invokestatic  #169                // Method kr/moonseungjun/villageguardians/VillageCouncilState.roleOf:(Ljava/util/UUID;)Ljava/util/Optional;
        26: aconst_null
        27: invokevirtual #175                // Method java/util/Optional.orElse:(Ljava/lang/Object;)Ljava/lang/Object;
        30: checkcast     #254                // class kr/moonseungjun/villageguardians/VillageRole
        33: astore_3
        34: aload_3
        35: aload_2
        36: invokevirtual #242                // Method kr/moonseungjun/villageguardians/VillageRoleSkillSystem$ActiveSkill.role:()Lkr/moonseungjun/villageguardians/VillageRole;
        39: if_acmpeq     46
        42: ldc_w         #256                // String 현재 직업의 기술만 습득할 수 있습니다.
        45: areturn
        46: aload_0
        47: aload_2
        48: invokestatic  #258                // Method hasSkill:(Lnet/minecraft/server/level/ServerPlayer;Lkr/moonseungjun/villageguardians/VillageRoleSkillSystem$ActiveSkill;)Z
        51: ifeq          64
        54: aload_2
        55: invokevirtual #262                // Method kr/moonseungjun/villageguardians/VillageRoleSkillSystem$ActiveSkill.displayName:()Ljava/lang/String;
        58: invokedynamic #193,  0            // InvokeDynamic #1:makeConcatWithConstants:(Ljava/lang/String;)Ljava/lang/String;
        63: areturn
        64: aload_0
        65: invokevirtual #75                 // Method net/minecraft/server/level/ServerPlayer.getUUID:()Ljava/util/UUID;
        68: invokestatic  #202                // Method kr/moonseungjun/villageguardians/VillageCouncilState.levelOf:(Ljava/util/UUID;)I
        71: istore        4
        73: iload         4
        75: aload_2
        76: invokevirtual #266                // Method kr/moonseungjun/villageguardians/VillageRoleSkillSystem$ActiveSkill.requiredLevel:()I
        79: if_icmpge     94
        82: aload_2
        83: invokevirtual #266                // Method kr/moonseungjun/villageguardians/VillageRoleSkillSystem$ActiveSkill.requiredLevel:()I
        86: iload         4
        88: invokedynamic #209,  0            // InvokeDynamic #3:makeConcatWithConstants:(II)Ljava/lang/String;
        93: areturn
        94: aload_0
        95: aload_2
        96: invokevirtual #267                // Method kr/moonseungjun/villageguardians/VillageRoleSkillSystem$ActiveSkill.coinCost:()I
        99: invokestatic  #215                // Method kr/moonseungjun/villageguardians/VillageProgressionSystem.spendCoins:(Lnet/minecraft/server/level/ServerPlayer;I)Z
       102: ifne          119
       105: aload_2
       106: invokevirtual #267                // Method kr/moonseungjun/villageguardians/VillageRoleSkillSystem$ActiveSkill.coinCost:()I
       109: aload_0
       110: invokestatic  #221                // Method kr/moonseungjun/villageguardians/VillageProgressionSystem.coins:(Lnet/minecraft/server/level/ServerPlayer;)I
       113: invokedynamic #225,  0            // InvokeDynamic #4:makeConcatWithConstants:(II)Ljava/lang/String;
       118: areturn
       119: aload_0
       120: invokevirtual #75                 // Method net/minecraft/server/level/ServerPlayer.getUUID:()Ljava/util/UUID;
       123: aload_2
       124: invokevirtual #242                // Method kr/moonseungjun/villageguardians/VillageRoleSkillSystem$ActiveSkill.role:()Lkr/moonseungjun/villageguardians/VillageRole;
       127: invokestatic  #81                 // Method roleKey:(Ljava/util/UUID;Lkr/moonseungjun/villageguardians/VillageRole;)Ljava/lang/String;
       130: astore        5
       132: getstatic     #54                 // Field SKILL_MASKS:Ljava/util/Map;
       135: aload         5
       137: getstatic     #54                 // Field SKILL_MASKS:Ljava/util/Map;
       140: aload         5
       142: iconst_0
       143: invokestatic  #85                 // Method java/lang/Integer.valueOf:(I)Ljava/lang/Integer;
       146: invokeinterface #91,  3           // InterfaceMethod java/util/Map.getOrDefault:(Ljava/lang/Object;Ljava/lang/Object;)Ljava/lang/Object;
       151: checkcast     #86                 // class java/lang/Integer
       154: invokevirtual #95                 // Method java/lang/Integer.intValue:()I
       157: aload_2
       158: invokevirtual #248                // Method kr/moonseungjun/villageguardians/VillageRoleSkillSystem$ActiveSkill.roleIndex:()I
       161: invokestatic  #104                // Method bit:(I)I
       164: ior
       165: invokestatic  #85                 // Method java/lang/Integer.valueOf:(I)Ljava/lang/Integer;
       168: invokeinterface #226,  3          // InterfaceMethod java/util/Map.put:(Ljava/lang/Object;Ljava/lang/Object;)Ljava/lang/Object;
       173: pop
       174: aload_0
       175: aload_2
       176: invokestatic  #268                // Method equipIntoFirstFreeSlot:(Lnet/minecraft/server/level/ServerPlayer;Lkr/moonseungjun/villageguardians/VillageRoleSkillSystem$ActiveSkill;)V
       179: invokestatic  #72                 // Method persist:()V
       182: aload_2
       183: invokevirtual #262                // Method kr/moonseungjun/villageguardians/VillageRoleSkillSystem$ActiveSkill.displayName:()Ljava/lang/String;
       186: invokedynamic #272,  0            // InvokeDynamic #8:makeConcatWithConstants:(Ljava/lang/String;)Ljava/lang/String;
       191: areturn

  public static synchronized java.lang.String equipSkill(net.minecraft.server.level.ServerPlayer, java.lang.String, int);
    Code:
         0: aload_1
         1: invokestatic  #251                // Method kr/moonseungjun/villageguardians/VillageRoleSkillSystem$ActiveSkill.parse:(Ljava/lang/String;)Ljava/util/Optional;
         4: aconst_null
         5: invokevirtual #175                // Method java/util/Optional.orElse:(Ljava/lang/Object;)Ljava/lang/Object;
         8: checkcast     #243                // class kr/moonseungjun/villageguardians/VillageRoleSkillSystem$ActiveSkill
        11: astore_3
        12: aload_0
        13: invokevirtual #75                 // Method net/minecraft/server/level/ServerPlayer.getUUID:()Ljava/util/UUID;
        16: invokestatic  #169                // Method kr/moonseungjun/villageguardians/VillageCouncilState.roleOf:(Ljava/util/UUID;)Ljava/util/Optional;
        19: aconst_null
        20: invokevirtual #175                // Method java/util/Optional.orElse:(Ljava/lang/Object;)Ljava/lang/Object;
        23: checkcast     #254                // class kr/moonseungjun/villageguardians/VillageRole
        26: astore        4
        28: aload_3
        29: ifnull        46
        32: aload         4
        34: ifnull        46
        37: aload_3
        38: invokevirtual #242                // Method kr/moonseungjun/villageguardians/VillageRoleSkillSystem$ActiveSkill.role:()Lkr/moonseungjun/villageguardians/VillageRole;
        41: aload         4
        43: if_acmpeq     50
        46: ldc_w         #273                // String 현재 직업에 맞지 않는 기술입니다.
        49: areturn
        50: aload_0
        51: aload_3
        52: invokestatic  #258                // Method hasSkill:(Lnet/minecraft/server/level/ServerPlayer;Lkr/moonseungjun/villageguardians/VillageRoleSkillSystem$ActiveSkill;)Z
        55: ifne          62
        58: ldc_w         #275                // String 먼저 해당 기술을 습득해야 합니다.
        61: areturn
        62: iload_2
        63: iconst_1
        64: if_icmpne     71
        67: iconst_1
        68: goto          72
        71: iconst_0
        72: istore        5
        74: iload         5
        76: ifne          83
        79: iconst_1
        80: goto          84
        83: iconst_0
        84: istore        6
        86: aload_0
        87: invokevirtual #75                 // Method net/minecraft/server/level/ServerPlayer.getUUID:()Ljava/util/UUID;
        90: aload         4
        92: iload         6
        94: invokestatic  #277                // Method loadoutKey:(Ljava/util/UUID;Lkr/moonseungjun/villageguardians/VillageRole;I)Ljava/lang/String;
        97: astore        7
        99: aload_3
       100: invokevirtual #281                // Method kr/moonseungjun/villageguardians/VillageRoleSkillSystem$ActiveSkill.id:()Ljava/lang/String;
       103: getstatic     #60                 // Field EQUIPPED_SKILLS:Ljava/util/Map;
       106: aload         7
       108: invokeinterface #284,  2          // InterfaceMethod java/util/Map.get:(Ljava/lang/Object;)Ljava/lang/Object;
       113: invokevirtual #287                // Method java/lang/String.equals:(Ljava/lang/Object;)Z
       116: ifeq          130
       119: getstatic     #60                 // Field EQUIPPED_SKILLS:Ljava/util/Map;
       122: aload         7
       124: invokeinterface #293,  2          // InterfaceMethod java/util/Map.remove:(Ljava/lang/Object;)Ljava/lang/Object;
       129: pop
       130: getstatic     #60                 // Field EQUIPPED_SKILLS:Ljava/util/Map;
       133: aload_0
       134: invokevirtual #75                 // Method net/minecraft/server/level/ServerPlayer.getUUID:()Ljava/util/UUID;
       137: aload         4
       139: iload         5
       141: invokestatic  #277                // Method loadoutKey:(Ljava/util/UUID;Lkr/moonseungjun/villageguardians/VillageRole;I)Ljava/lang/String;
       144: aload_3
       145: invokevirtual #281                // Method kr/moonseungjun/villageguardians/VillageRoleSkillSystem$ActiveSkill.id:()Ljava/lang/String;
       148: invokeinterface #226,  3          // InterfaceMethod java/util/Map.put:(Ljava/lang/Object;Ljava/lang/Object;)Ljava/lang/Object;
       153: pop
       154: invokestatic  #72                 // Method persist:()V
       157: aload_3
       158: invokevirtual #262                // Method kr/moonseungjun/villageguardians/VillageRoleSkillSystem$ActiveSkill.displayName:()Ljava/lang/String;
       161: iload         5
       163: iconst_1
       164: iadd
       165: invokedynamic #296,  0            // InvokeDynamic #9:makeConcatWithConstants:(Ljava/lang/String;I)Ljava/lang/String;
       170: areturn

  public static synchronized java.util.Optional<kr.moonseungjun.villageguardians.VillageRoleSkillSystem$ActiveSkill> equippedSkill(net.minecraft.server.level.ServerPlayer, int);
    Code:
         0: aload_0
         1: invokestatic  #297                // Method kr/moonseungjun/villageguardians/VillageSkillTestSystem.isEnabled:(Lnet/minecraft/server/level/ServerPlayer;)Z
         4: ifeq          13
         7: aload_0
         8: iload_1
         9: invokestatic  #303                // Method kr/moonseungjun/villageguardians/VillageSkillTestSystem.equippedSkill:(Lnet/minecraft/server/level/ServerPlayer;I)Ljava/util/Optional;
        12: areturn
        13: aload_0
        14: invokevirtual #75                 // Method net/minecraft/server/level/ServerPlayer.getUUID:()Ljava/util/UUID;
        17: invokestatic  #169                // Method kr/moonseungjun/villageguardians/VillageCouncilState.roleOf:(Ljava/util/UUID;)Ljava/util/Optional;
        20: aconst_null
        21: invokevirtual #175                // Method java/util/Optional.orElse:(Ljava/lang/Object;)Ljava/lang/Object;
        24: checkcast     #254                // class kr/moonseungjun/villageguardians/VillageRole
        27: astore_2
        28: aload_2
        29: ifnonnull     36
        32: invokestatic  #307                // Method java/util/Optional.empty:()Ljava/util/Optional;
        35: areturn
        36: getstatic     #60                 // Field EQUIPPED_SKILLS:Ljava/util/Map;
        39: aload_0
        40: invokevirtual #75                 // Method net/minecraft/server/level/ServerPlayer.getUUID:()Ljava/util/UUID;
        43: aload_2
        44: iload_1
        45: iconst_1
        46: if_icmpne     53
        49: iconst_1
        50: goto          54
        53: iconst_0
        54: invokestatic  #277                // Method loadoutKey:(Ljava/util/UUID;Lkr/moonseungjun/villageguardians/VillageRole;I)Ljava/lang/String;
        57: invokeinterface #284,  2          // InterfaceMethod java/util/Map.get:(Ljava/lang/Object;)Ljava/lang/Object;
        62: checkcast     #288                // class java/lang/String
        65: invokestatic  #251                // Method kr/moonseungjun/villageguardians/VillageRoleSkillSystem$ActiveSkill.parse:(Ljava/lang/String;)Ljava/util/Optional;
        68: aload_2
        69: aload_0
        70: invokedynamic #311,  0            // InvokeDynamic #10:test:(Lkr/moonseungjun/villageguardians/VillageRole;Lnet/minecraft/server/level/ServerPlayer;)Ljava/util/function/Predicate;
        75: invokevirtual #315                // Method java/util/Optional.filter:(Ljava/util/function/Predicate;)Ljava/util/Optional;
        78: areturn

  public static java.lang.String loadoutSummary(net.minecraft.server.level.ServerPlayer);
    Code:
         0: aload_0
         1: iconst_0
         2: invokestatic  #319                // Method equippedSkill:(Lnet/minecraft/server/level/ServerPlayer;I)Ljava/util/Optional;
         5: invokedynamic #320,  0            // InvokeDynamic #11:apply:()Ljava/util/function/Function;
        10: invokevirtual #324                // Method java/util/Optional.map:(Ljava/util/function/Function;)Ljava/util/Optional;
        13: ldc_w         #328                // String 비어 있음
        16: invokevirtual #175                // Method java/util/Optional.orElse:(Ljava/lang/Object;)Ljava/lang/Object;
        19: checkcast     #288                // class java/lang/String
        22: astore_1
        23: aload_0
        24: iconst_1
        25: invokestatic  #319                // Method equippedSkill:(Lnet/minecraft/server/level/ServerPlayer;I)Ljava/util/Optional;
        28: invokedynamic #320,  0            // InvokeDynamic #11:apply:()Ljava/util/function/Function;
        33: invokevirtual #324                // Method java/util/Optional.map:(Ljava/util/function/Function;)Ljava/util/Optional;
        36: ldc_w         #328                // String 비어 있음
        39: invokevirtual #175                // Method java/util/Optional.orElse:(Ljava/lang/Object;)Ljava/lang/Object;
        42: checkcast     #288                // class java/lang/String
        45: astore_2
        46: aload_1
        47: aload_2
        48: invokedynamic #330,  0            // InvokeDynamic #12:makeConcatWithConstants:(Ljava/lang/String;Ljava/lang/String;)Ljava/lang/String;
        53: areturn

  public static synchronized int cooldownRemainingSeconds(net.minecraft.server.level.ServerPlayer, int);
    Code:
         0: aload_0
         1: ifnull        11
         4: aload_0
         5: invokestatic  #297                // Method kr/moonseungjun/villageguardians/VillageSkillTestSystem.isEnabled:(Lnet/minecraft/server/level/ServerPlayer;)Z
         8: ifeq          13
        11: iconst_0
        12: ireturn
        13: aload_0
        14: iload_1
        15: invokestatic  #319                // Method equippedSkill:(Lnet/minecraft/server/level/ServerPlayer;I)Ljava/util/Optional;
        18: aconst_null
        19: invokevirtual #175                // Method java/util/Optional.orElse:(Ljava/lang/Object;)Ljava/lang/Object;
        22: checkcast     #243                // class kr/moonseungjun/villageguardians/VillageRoleSkillSystem$ActiveSkill
        25: astore_2
        26: aload_2
        27: ifnonnull     32
        30: iconst_0
        31: ireturn
        32: getstatic     #66                 // Field READY_AT:Ljava/util/Map;
        35: aload_0
        36: invokevirtual #75                 // Method net/minecraft/server/level/ServerPlayer.getUUID:()Ljava/util/UUID;
        39: invokestatic  #333                // Method java/lang/String.valueOf:(Ljava/lang/Object;)Ljava/lang/String;
        42: aload_2
        43: invokevirtual #281                // Method kr/moonseungjun/villageguardians/VillageRoleSkillSystem$ActiveSkill.id:()Ljava/lang/String;
        46: invokedynamic #336,  0            // InvokeDynamic #13:makeConcatWithConstants:(Ljava/lang/String;Ljava/lang/String;)Ljava/lang/String;
        51: lconst_0
        52: invokestatic  #337                // Method java/lang/Long.valueOf:(J)Ljava/lang/Long;
        55: invokeinterface #91,  3           // InterfaceMethod java/util/Map.getOrDefault:(Ljava/lang/Object;Ljava/lang/Object;)Ljava/lang/Object;
        60: checkcast     #338                // class java/lang/Long
        63: invokevirtual #342                // Method java/lang/Long.longValue:()J
        66: invokestatic  #346                // Method java/lang/System.currentTimeMillis:()J
        69: lsub
        70: lstore_3
        71: lload_3
        72: lconst_0
        73: lcmp
        74: ifgt          81
        77: iconst_0
        78: goto          95
        81: lconst_1
        82: lload_3
        83: ldc2_w        #351                // long 999l
        86: ladd
        87: ldc2_w        #353                // long 1000l
        90: ldiv
        91: invokestatic  #355                // Method java/lang/Math.max:(JJ)J
        94: l2i
        95: ireturn

  public static synchronized float cooldownProgress(net.minecraft.server.level.ServerPlayer, int);
    Code:
         0: aload_0
         1: iload_1
         2: invokestatic  #319                // Method equippedSkill:(Lnet/minecraft/server/level/ServerPlayer;I)Ljava/util/Optional;
         5: aconst_null
         6: invokevirtual #175                // Method java/util/Optional.orElse:(Ljava/lang/Object;)Ljava/lang/Object;
         9: checkcast     #243                // class kr/moonseungjun/villageguardians/VillageRoleSkillSystem$ActiveSkill
        12: astore_2
        13: aload_2
        14: ifnull        24
        17: aload_0
        18: invokestatic  #297                // Method kr/moonseungjun/villageguardians/VillageSkillTestSystem.isEnabled:(Lnet/minecraft/server/level/ServerPlayer;)Z
        21: ifeq          26
        24: fconst_0
        25: freturn
        26: aload_0
        27: invokevirtual #75                 // Method net/minecraft/server/level/ServerPlayer.getUUID:()Ljava/util/UUID;
        30: invokestatic  #169                // Method kr/moonseungjun/villageguardians/VillageCouncilState.roleOf:(Ljava/util/UUID;)Ljava/util/Optional;
        33: aconst_null
        34: invokevirtual #175                // Method java/util/Optional.orElse:(Ljava/lang/Object;)Ljava/lang/Object;
        37: checkcast     #254                // class kr/moonseungjun/villageguardians/VillageRole
        40: astore_3
        41: aload_3
        42: ifnonnull     47
        45: fconst_0
        46: freturn
        47: aload_0
        48: aload_3
        49: aload_2
        50: invokestatic  #358                // Method effectiveCooldownSeconds:(Lnet/minecraft/server/level/ServerPlayer;Lkr/moonseungjun/villageguardians/VillageRole;Lkr/moonseungjun/villageguardians/VillageRoleSkillSystem$ActiveSkill;)I
        53: istore        4
        55: aload_0
        56: iload_1
        57: invokestatic  #362                // Method cooldownRemainingSeconds:(Lnet/minecraft/server/level/ServerPlayer;I)I
        60: istore        5
        62: iload         4
        64: ifgt          71
        67: fconst_0
        68: goto          86
        71: fconst_0
        72: fconst_1
        73: iload         5
        75: i2f
        76: iload         4
        78: i2f
        79: fdiv
        80: invokestatic  #366                // Method java/lang/Math.min:(FF)F
        83: invokestatic  #369                // Method java/lang/Math.max:(FF)F
        86: freturn

  public static java.lang.String hudSlotText(net.minecraft.server.level.ServerPlayer, int);
    Code:
         0: iload_1
         1: ifne          10
         4: ldc_w         #371                // String §b{SKILL1}
         7: goto          13
        10: ldc_w         #373                // String §d{SKILL2}
        13: astore_2
        14: aload_0
        15: iload_1
        16: invokestatic  #319                // Method equippedSkill:(Lnet/minecraft/server/level/ServerPlayer;I)Ljava/util/Optional;
        19: aconst_null
        20: invokevirtual #175                // Method java/util/Optional.orElse:(Ljava/lang/Object;)Ljava/lang/Object;
        23: checkcast     #243                // class kr/moonseungjun/villageguardians/VillageRoleSkillSystem$ActiveSkill
        26: astore_3
        27: aload_3
        28: ifnonnull     38
        31: aload_2
        32: invokedynamic #375,  0            // InvokeDynamic #14:makeConcatWithConstants:(Ljava/lang/String;)Ljava/lang/String;
        37: areturn
        38: aload_0
        39: iload_1
        40: invokestatic  #362                // Method cooldownRemainingSeconds:(Lnet/minecraft/server/level/ServerPlayer;I)I
        43: istore        4
        45: iload         4
        47: ifgt          61
        50: aload_2
        51: aload_3
        52: invokevirtual #262                // Method kr/moonseungjun/villageguardians/VillageRoleSkillSystem$ActiveSkill.displayName:()Ljava/lang/String;
        55: invokedynamic #376,  0            // InvokeDynamic #15:makeConcatWithConstants:(Ljava/lang/String;Ljava/lang/String;)Ljava/lang/String;
        60: areturn
        61: aload_0
        62: iload_1
        63: invokestatic  #377                // Method cooldownProgress:(Lnet/minecraft/server/level/ServerPlayer;I)F
        66: fstore        5
        68: iconst_0
        69: iconst_5
        70: fconst_1
        71: fload         5
        73: fsub
        74: ldc_w         #381                // float 5.0f
        77: fmul
        78: invokestatic  #382                // Method java/lang/Math.round:(F)I
        81: invokestatic  #130                // Method java/lang/Math.min:(II)I
        84: invokestatic  #137                // Method java/lang/Math.max:(II)I
        87: istore        6
        89: ldc_w         #386                // String ■
        92: iload         6
        94: invokevirtual #388                // Method java/lang/String.repeat:(I)Ljava/lang/String;
        97: ldc_w         #391                // String □
       100: iconst_5
       101: iload         6
       103: isub
       104: invokevirtual #388                // Method java/lang/String.repeat:(I)Ljava/lang/String;
       107: invokedynamic #393,  0            // InvokeDynamic #16:makeConcatWithConstants:(Ljava/lang/String;Ljava/lang/String;)Ljava/lang/String;
       112: astore        7
       114: aload_2
       115: aload_3
       116: invokevirtual #262                // Method kr/moonseungjun/villageguardians/VillageRoleSkillSystem$ActiveSkill.displayName:()Ljava/lang/String;
       119: iload         4
       121: aload         7
       123: invokedynamic #394,  0            // InvokeDynamic #17:makeConcatWithConstants:(Ljava/lang/String;Ljava/lang/String;ILjava/lang/String;)Ljava/lang/String;
       128: areturn

  public static kr.moonseungjun.villageguardians.VillageRoleSkillSystem$ScalingCoverage scalingCoverage(kr.moonseungjun.villageguardians.VillageRoleSkillSystem$ActiveSkill);
    Code:
         0: aload_0
         1: ifnonnull     18
         4: new           #397                // class kr/moonseungjun/villageguardians/VillageRoleSkillSystem$ScalingCoverage
         7: dup
         8: iconst_0
         9: iconst_0
        10: iconst_0
        11: ldc_w         #399                // String 기술 없음
        14: invokespecial #401                // Method kr/moonseungjun/villageguardians/VillageRoleSkillSystem$ScalingCoverage."<init>":(ZZZLjava/lang/String;)V
        17: areturn
        18: aload_0
        19: invokevirtual #404                // Method kr/moonseungjun/villageguardians/VillageRoleSkillSystem$ActiveSkill.ordinal:()I
        22: tableswitch   { // 0 to 19
                       0: 126
                       1: 142
                       2: 158
                       3: 174
                       4: 190
                       5: 206
                       6: 222
                       7: 238
                       8: 254
                       9: 270
                      10: 286
                      11: 302
                      12: 318
                      13: 334
                      14: 350
                      15: 366
                      16: 382
                      17: 398
                      18: 414
                      19: 430
                 default: 116
            }
       116: new           #405                // class java/lang/MatchException
       119: dup
       120: aconst_null
       121: aconst_null
       122: invokespecial #407                // Method java/lang/MatchException."<init>":(Ljava/lang/String;Ljava/lang/Throwable;)V
       125: athrow
       126: new           #397                // class kr/moonseungjun/villageguardians/VillageRoleSkillSystem$ScalingCoverage
       129: dup
       130: iconst_1
       131: iconst_1
       132: iconst_1
       133: ldc_w         #410                // String 위력=틱 피해 · 지속=회전 시간 · 특수=범위/대상/밀치기
       136: invokespecial #401                // Method kr/moonseungjun/villageguardians/VillageRoleSkillSystem$ScalingCoverage."<init>":(ZZZLjava/lang/String;)V
       139: goto          443
       142: new           #397                // class kr/moonseungjun/villageguardians/VillageRoleSkillSystem$ScalingCoverage
       145: dup
       146: iconst_1
       147: iconst_1
       148: iconst_1
       149: ldc_w         #412                // String 위력=공격 증폭 · 지속=버프 시간 · 특수=효과 단계/아군 강화
       152: invokespecial #401                // Method kr/moonseungjun/villageguardians/VillageRoleSkillSystem$ScalingCoverage."<init>":(ZZZLjava/lang/String;)V
       155: goto          443
       158: new           #397                // class kr/moonseungjun/villageguardians/VillageRoleSkillSystem$ScalingCoverage
       161: dup
       162: iconst_1
       163: iconst_1
       164: iconst_1
       165: ldc_w         #414                // String 위력=검기 피해 · 지속=검기 횟수 · 특수=검기 크기/사거리
       168: invokespecial #401                // Method kr/moonseungjun/villageguardians/VillageRoleSkillSystem$ScalingCoverage."<init>":(ZZZLjava/lang/String;)V
       171: goto          443
       174: new           #397                // class kr/moonseungjun/villageguardians/VillageRoleSkillSystem$ScalingCoverage
       177: dup
       178: iconst_1
       179: iconst_1
       180: iconst_1
       181: ldc_w         #416                // String 위력=강하 피해 · 지속=균열 약화 시간 · 특수=범위/제어
       184: invokespecial #401                // Method kr/moonseungjun/villageguardians/VillageRoleSkillSystem$ScalingCoverage."<init>":(ZZZLjava/lang/String;)V
       187: goto          443
       190: new           #397                // class kr/moonseungjun/villageguardians/VillageRoleSkillSystem$ScalingCoverage
       193: dup
       194: iconst_1
       195: iconst_1
       196: iconst_1
       197: ldc_w         #418                // String 위력=본체/추가 화살 피해 · 지속=준비 시간 · 특수=장전/추가 화살 수
       200: invokespecial #401                // Method kr/moonseungjun/villageguardians/VillageRoleSkillSystem$ScalingCoverage."<init>":(ZZZLjava/lang/String;)V
       203: goto          443
       206: new           #397                // class kr/moonseungjun/villageguardians/VillageRoleSkillSystem$ScalingCoverage
       209: dup
       210: iconst_1
       211: iconst_1
       212: iconst_1
       213: ldc_w         #420                // String 위력=추적/도탄 피해 · 지속=준비 시간 · 특수=도탄 반경/대상 수
       216: invokespecial #401                // Method kr/moonseungjun/villageguardians/VillageRoleSkillSystem$ScalingCoverage."<init>":(ZZZLjava/lang/String;)V
       219: goto          443
       222: new           #397                // class kr/moonseungjun/villageguardians/VillageRoleSkillSystem$ScalingCoverage
       225: dup
       226: iconst_1
       227: iconst_1
       228: iconst_1
       229: ldc_w         #422                // String 위력=화살비 피해 · 지속=준비/장판 시간 · 특수=범위/화상
       232: invokespecial #401                // Method kr/moonseungjun/villageguardians/VillageRoleSkillSystem$ScalingCoverage."<init>":(ZZZLjava/lang/String;)V
       235: goto          443
       238: new           #397                // class kr/moonseungjun/villageguardians/VillageRoleSkillSystem$ScalingCoverage
       241: dup
       242: iconst_1
       243: iconst_1
       244: iconst_1
       245: ldc_w         #424                // String 위력=대궁 피해 · 지속=준비 시간 · 특수=크기/관통 범위
       248: invokespecial #401                // Method kr/moonseungjun/villageguardians/VillageRoleSkillSystem$ScalingCoverage."<init>":(ZZZLjava/lang/String;)V
       251: goto          443
       254: new           #397                // class kr/moonseungjun/villageguardians/VillageRoleSkillSystem$ScalingCoverage
       257: dup
       258: iconst_1
       259: iconst_1
       260: iconst_1
       261: ldc_w         #426                // String 위력=폭발 피해 · 지속=비행 사거리 · 특수=폭발 범위/화상
       264: invokespecial #401                // Method kr/moonseungjun/villageguardians/VillageRoleSkillSystem$ScalingCoverage."<init>":(ZZZLjava/lang/String;)V
       267: goto          443
       270: new           #397                // class kr/moonseungjun/villageguardians/VillageRoleSkillSystem$ScalingCoverage
       273: dup
       274: iconst_1
       275: iconst_1
       276: iconst_1
       277: ldc_w         #428                // String 위력=지속 피해 · 지속=장판 시간 · 특수=범위/사거리
       280: invokespecial #401                // Method kr/moonseungjun/villageguardians/VillageRoleSkillSystem$ScalingCoverage."<init>":(ZZZLjava/lang/String;)V
       283: goto          443
       286: new           #397                // class kr/moonseungjun/villageguardians/VillageRoleSkillSystem$ScalingCoverage
       289: dup
       290: iconst_1
       291: iconst_1
       292: iconst_1
       293: ldc_w         #430                // String 위력=회랑 피해 · 지속=토네이도 시간 · 특수=범위/제어
       296: invokespecial #401                // Method kr/moonseungjun/villageguardians/VillageRoleSkillSystem$ScalingCoverage."<init>":(ZZZLjava/lang/String;)V
       299: goto          443
       302: new           #397                // class kr/moonseungjun/villageguardians/VillageRoleSkillSystem$ScalingCoverage
       305: dup
       306: iconst_1
       307: iconst_1
       308: iconst_1
       309: ldc_w         #432                // String 위력=낙뢰 피해 · 지속=폭격 시간 · 특수=범위/낙뢰 대상
       312: invokespecial #401                // Method kr/moonseungjun/villageguardians/VillageRoleSkillSystem$ScalingCoverage."<init>":(ZZZLjava/lang/String;)V
       315: goto          443
       318: new           #397                // class kr/moonseungjun/villageguardians/VillageRoleSkillSystem$ScalingCoverage
       321: dup
       322: iconst_1
       323: iconst_1
       324: iconst_1
       325: ldc_w         #434                // String 위력=즉시 회복 · 지속=재생/보호막 시간 · 특수=보호막 강도
       328: invokespecial #401                // Method kr/moonseungjun/villageguardians/VillageRoleSkillSystem$ScalingCoverage."<init>":(ZZZLjava/lang/String;)V
       331: goto          443
       334: new           #397                // class kr/moonseungjun/villageguardians/VillageRoleSkillSystem$ScalingCoverage
       337: dup
       338: iconst_1
       339: iconst_1
       340: iconst_1
       341: ldc_w         #436                // String 위력=회복량 · 지속=정화 후 보호 시간 · 특수=보호막/정화 범위
       344: invokespecial #401                // Method kr/moonseungjun/villageguardians/VillageRoleSkillSystem$ScalingCoverage."<init>":(ZZZLjava/lang/String;)V
       347: goto          443
       350: new           #397                // class kr/moonseungjun/villageguardians/VillageRoleSkillSystem$ScalingCoverage
       353: dup
       354: iconst_1
       355: iconst_1
       356: iconst_1
       357: ldc_w         #438                // String 위력=틱 회복 · 지속=성역 시간 · 특수=범위/보호
       360: invokespecial #401                // Method kr/moonseungjun/villageguardians/VillageRoleSkillSystem$ScalingCoverage."<init>":(ZZZLjava/lang/String;)V
       363: goto          443
       366: new           #397                // class kr/moonseungjun/villageguardians/VillageRoleSkillSystem$ScalingCoverage
       369: dup
       370: iconst_1
       371: iconst_1
       372: iconst_1
       373: ldc_w         #440                // String 위력=전체 회복 · 지속=보호막/재생 시간 · 특수=보호막 강도/부활
       376: invokespecial #401                // Method kr/moonseungjun/villageguardians/VillageRoleSkillSystem$ScalingCoverage."<init>":(ZZZLjava/lang/String;)V
       379: goto          443
       382: new           #397                // class kr/moonseungjun/villageguardians/VillageRoleSkillSystem$ScalingCoverage
       385: dup
       386: iconst_1
       387: iconst_1
       388: iconst_1
       389: ldc_w         #442                // String 위력=돌진 피해 · 지속=돌진 거리 · 특수=방패 폭/밀치기
       392: invokespecial #401                // Method kr/moonseungjun/villageguardians/VillageRoleSkillSystem$ScalingCoverage."<init>":(ZZZLjava/lang/String;)V
       395: goto          443
       398: new           #397                // class kr/moonseungjun/villageguardians/VillageRoleSkillSystem$ScalingCoverage
       401: dup
       402: iconst_1
       403: iconst_1
       404: iconst_1
       405: ldc_w         #444                // String 위력=함성 피해 · 지속=도발/약화 시간 · 특수=범위/약화 단계
       408: invokespecial #401                // Method kr/moonseungjun/villageguardians/VillageRoleSkillSystem$ScalingCoverage."<init>":(ZZZLjava/lang/String;)V
       411: goto          443
       414: new           #397                // class kr/moonseungjun/villageguardians/VillageRoleSkillSystem$ScalingCoverage
       417: dup
       418: iconst_1
       419: iconst_1
       420: iconst_1
       421: ldc_w         #446                // String 위력=보호막/접촉 피해 · 지속=태세 시간 · 특수=방패 범위/밀치기
       424: invokespecial #401                // Method kr/moonseungjun/villageguardians/VillageRoleSkillSystem$ScalingCoverage."<init>":(ZZZLjava/lang/String;)V
       427: goto          443
       430: new           #397                // class kr/moonseungjun/villageguardians/VillageRoleSkillSystem$ScalingCoverage
       433: dup
       434: iconst_1
       435: iconst_1
       436: iconst_1
       437: ldc_w         #448                // String 위력=보호막/진군 피해 · 지속=진군 시간 · 특수=방패 범위/저항
       440: invokespecial #401                // Method kr/moonseungjun/villageguardians/VillageRoleSkillSystem$ScalingCoverage."<init>":(ZZZLjava/lang/String;)V
       443: areturn

  public static boolean allSkillBranchesConnected();
    Code:
         0: invokestatic  #450                // Method kr/moonseungjun/villageguardians/VillageRoleSkillSystem$ActiveSkill.values:()[Lkr/moonseungjun/villageguardians/VillageRoleSkillSystem$ActiveSkill;
         3: invokestatic  #149                // Method java/util/Arrays.stream:([Ljava/lang/Object;)Ljava/util/stream/Stream;
         6: invokedynamic #453,  0            // InvokeDynamic #18:test:()Ljava/util/function/Predicate;
        11: invokeinterface #456,  2          // InterfaceMethod java/util/stream/Stream.allMatch:(Ljava/util/function/Predicate;)Z
        16: ireturn

  public static java.util.List<kr.moonseungjun.villageguardians.VillageRoleSkillSystem$ActiveSkill> skillsFor(kr.moonseungjun.villageguardians.VillageRole);
    Code:
         0: invokestatic  #450                // Method kr/moonseungjun/villageguardians/VillageRoleSkillSystem$ActiveSkill.values:()[Lkr/moonseungjun/villageguardians/VillageRoleSkillSystem$ActiveSkill;
         3: invokestatic  #149                // Method java/util/Arrays.stream:([Ljava/lang/Object;)Ljava/util/stream/Stream;
         6: aload_0
         7: invokedynamic #460,  0            // InvokeDynamic #19:test:(Lkr/moonseungjun/villageguardians/VillageRole;)Ljava/util/function/Predicate;
        12: invokeinterface #463,  2          // InterfaceMethod java/util/stream/Stream.filter:(Ljava/util/function/Predicate;)Ljava/util/stream/Stream;
        17: invokeinterface #165,  1          // InterfaceMethod java/util/stream/Stream.toList:()Ljava/util/List;
        22: areturn

  public static java.lang.String skillStatus(net.minecraft.server.level.ServerPlayer, kr.moonseungjun.villageguardians.VillageRoleSkillSystem$ActiveSkill);
    Code:
         0: aload_0
         1: aload_1
         2: invokestatic  #258                // Method hasSkill:(Lnet/minecraft/server/level/ServerPlayer;Lkr/moonseungjun/villageguardians/VillageRoleSkillSystem$ActiveSkill;)Z
         5: ifeq          32
         8: aload_0
         9: aload_1
        10: invokestatic  #466                // Method equippedSlot:(Lnet/minecraft/server/level/ServerPlayer;Lkr/moonseungjun/villageguardians/VillageRoleSkillSystem$ActiveSkill;)I
        13: istore_2
        14: iload_2
        15: iflt          29
        18: iload_2
        19: iconst_1
        20: iadd
        21: invokedynamic #470,  0            // InvokeDynamic #20:makeConcatWithConstants:(I)Ljava/lang/String;
        26: goto          31
        29: ldc           #232                // String 습득
        31: areturn
        32: aload_0
        33: invokevirtual #75                 // Method net/minecraft/server/level/ServerPlayer.getUUID:()Ljava/util/UUID;
        36: invokestatic  #202                // Method kr/moonseungjun/villageguardians/VillageCouncilState.levelOf:(Ljava/util/UUID;)I
        39: istore_2
        40: iload_2
        41: aload_1
        42: invokevirtual #266                // Method kr/moonseungjun/villageguardians/VillageRoleSkillSystem$ActiveSkill.requiredLevel:()I
        45: if_icmpge     58
        48: aload_1
        49: invokevirtual #266                // Method kr/moonseungjun/villageguardians/VillageRoleSkillSystem$ActiveSkill.requiredLevel:()I
        52: invokedynamic #236,  0            // InvokeDynamic #6:makeConcatWithConstants:(I)Ljava/lang/String;
        57: areturn
        58: aload_0
        59: invokestatic  #221                // Method kr/moonseungjun/villageguardians/VillageProgressionSystem.coins:(Lnet/minecraft/server/level/ServerPlayer;)I
        62: aload_1
        63: invokevirtual #267                // Method kr/moonseungjun/villageguardians/VillageRoleSkillSystem$ActiveSkill.coinCost:()I
        66: if_icmpge     79
        69: aload_1
        70: invokevirtual #267                // Method kr/moonseungjun/villageguardians/VillageRoleSkillSystem$ActiveSkill.coinCost:()I
        73: invokedynamic #239,  0            // InvokeDynamic #7:makeConcatWithConstants:(I)Ljava/lang/String;
        78: areturn
        79: ldc           #240                // String 습득 가능
        81: areturn

  public static int equippedSlot(net.minecraft.server.level.ServerPlayer, kr.moonseungjun.villageguardians.VillageRoleSkillSystem$ActiveSkill);
    Code:
         0: iconst_0
         1: istore_2
         2: iload_2
         3: iconst_2
         4: if_icmpge     28
         7: aload_0
         8: iload_2
         9: invokestatic  #319                // Method equippedSkill:(Lnet/minecraft/server/level/ServerPlayer;I)Ljava/util/Optional;
        12: aconst_null
        13: invokevirtual #175                // Method java/util/Optional.orElse:(Ljava/lang/Object;)Ljava/lang/Object;
        16: aload_1
        17: if_acmpne     22
        20: iload_2
        21: ireturn
        22: iinc          2, 1
        25: goto          2
        28: iconst_m1
        29: ireturn

  public static java.lang.String useEquippedSkill(net.minecraft.server.level.ServerPlayer, int);
    Code:
         0: aload_0
         1: invokestatic  #297                // Method kr/moonseungjun/villageguardians/VillageSkillTestSystem.isEnabled:(Lnet/minecraft/server/level/ServerPlayer;)Z
         4: istore_2
         5: iload_2
         6: ifeq          16
         9: aload_0
        10: invokestatic  #471                // Method kr/moonseungjun/villageguardians/VillageSkillTestSystem.selectedRole:(Lnet/minecraft/server/level/ServerPlayer;)Lkr/moonseungjun/villageguardians/VillageRole;
        13: goto          30
        16: aload_0
        17: invokevirtual #75                 // Method net/minecraft/server/level/ServerPlayer.getUUID:()Ljava/util/UUID;
        20: invokestatic  #169                // Method kr/moonseungjun/villageguardians/VillageCouncilState.roleOf:(Ljava/util/UUID;)Ljava/util/Optional;
        23: aconst_null
        24: invokevirtual #175                // Method java/util/Optional.orElse:(Ljava/lang/Object;)Ljava/lang/Object;
        27: checkcast     #254                // class kr/moonseungjun/villageguardians/VillageRole
        30: astore_3
        31: aload_3
        32: ifnonnull     39
        35: ldc_w         #475                // String 마을 회관에서 직업을 먼저 배치해야 합니다.
        38: areturn
        39: aload_0
        40: iload_1
        41: invokestatic  #319                // Method equippedSkill:(Lnet/minecraft/server/level/ServerPlayer;I)Ljava/util/Optional;
        44: aconst_null
        45: invokevirtual #175                // Method java/util/Optional.orElse:(Ljava/lang/Object;)Ljava/lang/Object;
        48: checkcast     #243                // class kr/moonseungjun/villageguardians/VillageRoleSkillSystem$ActiveSkill
        51: astore        4
        53: aload         4
        55: ifnonnull     82
        58: iload_2
        59: ifeq          73
        62: iload_1
        63: iconst_1
        64: iadd
        65: invokedynamic #477,  0            // InvokeDynamic #21:makeConcatWithConstants:(I)Ljava/lang/String;
        70: goto          81
        73: iload_1
        74: iconst_1
        75: iadd
        76: invokedynamic #478,  0            // InvokeDynamic #22:makeConcatWithConstants:(I)Ljava/lang/String;
        81: areturn
        82: aload_0
        83: invokevirtual #479                // Method net/minecraft/server/level/ServerPlayer.level:()Lnet/minecraft/server/level/ServerLevel;
        86: astore        6
        88: aload         6
        90: instanceof    #14                 // class net/minecraft/server/level/ServerLevel
        93: ifeq          103
        96: aload         6
        98: astore        5
       100: goto          107
       103: ldc_w         #482                // String 현재 월드에서는 기술을 사용할 수 없습니다.
       106: areturn
       107: invokestatic  #346                // Method java/lang/System.currentTimeMillis:()J
       110: lstore        6
       112: aload_0
       113: invokevirtual #75                 // Method net/minecraft/server/level/ServerPlayer.getUUID:()Ljava/util/UUID;
       116: invokestatic  #333                // Method java/lang/String.valueOf:(Ljava/lang/Object;)Ljava/lang/String;
       119: aload         4
       121: invokevirtual #281                // Method kr/moonseungjun/villageguardians/VillageRoleSkillSystem$ActiveSkill.id:()Ljava/lang/String;
       124: invokedynamic #336,  0            // InvokeDynamic #13:makeConcatWithConstants:(Ljava/lang/String;Ljava/lang/String;)Ljava/lang/String;
       129: astore        8
       131: iload_2
       132: ifne          193
       135: getstatic     #66                 // Field READY_AT:Ljava/util/Map;
       138: aload         8
       140: lconst_0
       141: invokestatic  #337                // Method java/lang/Long.valueOf:(J)Ljava/lang/Long;
       144: invokeinterface #91,  3           // InterfaceMethod java/util/Map.getOrDefault:(Ljava/lang/Object;Ljava/lang/Object;)Ljava/lang/Object;
       149: checkcast     #338                // class java/lang/Long
       152: invokevirtual #342                // Method java/lang/Long.longValue:()J
       155: lstore        9
       157: lload         9
       159: lload         6
       161: lcmp
       162: ifle          193
       165: aload         4
       167: invokevirtual #262                // Method kr/moonseungjun/villageguardians/VillageRoleSkillSystem$ActiveSkill.displayName:()Ljava/lang/String;
       170: lconst_1
       171: lload         9
       173: lload         6
       175: lsub
       176: ldc2_w        #351                // long 999l
       179: ladd
       180: ldc2_w        #353                // long 1000l
       183: ldiv
       184: invokestatic  #355                // Method java/lang/Math.max:(JJ)J
       187: invokedynamic #484,  0            // InvokeDynamic #23:makeConcatWithConstants:(Ljava/lang/String;J)Ljava/lang/String;
       192: areturn
       193: aload_0
       194: aload_3
       195: invokestatic  #487                // Method powerMultiplier:(Lnet/minecraft/server/level/ServerPlayer;Lkr/moonseungjun/villageguardians/VillageRole;)F
       198: aload_0
       199: invokestatic  #491                // Method kr/moonseungjun/villageguardians/VillageProgressionSystem.learnedSkillDamageMultiplier:(Lnet/minecraft/server/level/ServerPlayer;)F
       202: fmul
       203: aload_0
       204: invokestatic  #495                // Method kr/moonseungjun/villageguardians/VillageEquipmentShop.roleSkillMultiplier:(Lnet/minecraft/server/level/ServerPlayer;)F
       207: fmul
       208: aload_0
       209: invokestatic  #500                // Method kr/moonseungjun/villageguardians/VillageRelicSystem.skillMultiplier:(Lnet/minecraft/server/level/ServerPlayer;)F
       212: fmul
       213: fstore        9
       215: aload_0
       216: aload_3
       217: invokestatic  #505                // Method durationMultiplier:(Lnet/minecraft/server/level/ServerPlayer;Lkr/moonseungjun/villageguardians/VillageRole;)F
       220: fstore        10
       222: aload_0
       223: aload_3
       224: invokestatic  #508                // Method specialRank:(Lnet/minecraft/server/level/ServerPlayer;Lkr/moonseungjun/villageguardians/VillageRole;)I
       227: istore        11
       229: aload         5
       231: aload_0
       232: aload         4
       234: fload         9
       236: fload         10
       238: iload         11
       240: invokestatic  #512                // Method cast:(Lnet/minecraft/server/level/ServerLevel;Lnet/minecraft/server/level/ServerPlayer;Lkr/moonseungjun/villageguardians/VillageRoleSkillSystem$ActiveSkill;FFI)V
       243: iload_2
       244: ifeq          258
       247: aload         4
       249: invokevirtual #262                // Method kr/moonseungjun/villageguardians/VillageRoleSkillSystem$ActiveSkill.displayName:()Ljava/lang/String;
       252: invokedynamic #516,  0            // InvokeDynamic #24:makeConcatWithConstants:(Ljava/lang/String;)Ljava/lang/String;
       257: areturn
       258: aload_0
       259: aload_3
       260: aload         4
       262: invokestatic  #358                // Method effectiveCooldownSeconds:(Lnet/minecraft/server/level/ServerPlayer;Lkr/moonseungjun/villageguardians/VillageRole;Lkr/moonseungjun/villageguardians/VillageRoleSkillSystem$ActiveSkill;)I
       265: istore        12
       267: getstatic     #66                 // Field READY_AT:Ljava/util/Map;
       270: aload         8
       272: lload         6
       274: iload         12
       276: i2l
       277: ldc2_w        #353                // long 1000l
       280: lmul
       281: ladd
       282: invokestatic  #337                // Method java/lang/Long.valueOf:(J)Ljava/lang/Long;
       285: invokeinterface #226,  3          // InterfaceMethod java/util/Map.put:(Ljava/lang/Object;Ljava/lang/Object;)Ljava/lang/Object;
       290: pop
       291: aload         4
       293: invokevirtual #262                // Method kr/moonseungjun/villageguardians/VillageRoleSkillSystem$ActiveSkill.displayName:()Ljava/lang/String;
       296: iload         12
       298: invokedynamic #517,  0            // InvokeDynamic #25:makeConcatWithConstants:(Ljava/lang/String;I)Ljava/lang/String;
       303: areturn

  private static int effectiveCooldownSeconds(net.minecraft.server.level.ServerPlayer, kr.moonseungjun.villageguardians.VillageRole, kr.moonseungjun.villageguardians.VillageRoleSkillSystem$ActiveSkill);
    Code:
         0: iconst_2
         1: aload_2
         2: invokevirtual #518                // Method kr/moonseungjun/villageguardians/VillageRoleSkillSystem$ActiveSkill.baseCooldownSeconds:()I
         5: i2f
         6: ldc_w         #521                // float 0.2f
         9: fmul
        10: invokestatic  #382                // Method java/lang/Math.round:(F)I
        13: invokestatic  #137                // Method java/lang/Math.max:(II)I
        16: istore_3
        17: iload_3
        18: aload_2
        19: invokevirtual #518                // Method kr/moonseungjun/villageguardians/VillageRoleSkillSystem$ActiveSkill.baseCooldownSeconds:()I
        22: aload_0
        23: invokestatic  #522                // Method kr/moonseungjun/villageguardians/VillageProgressionSystem.skillCooldownReductionSeconds:(Lnet/minecraft/server/level/ServerPlayer;)I
        26: isub
        27: aload_0
        28: invokestatic  #525                // Method kr/moonseungjun/villageguardians/VillageSkillTreeSystem.cooldownReductionSeconds:(Lnet/minecraft/server/level/ServerPlayer;)I
        31: isub
        32: aload_0
        33: invokestatic  #530                // Method kr/moonseungjun/villageguardians/VillageSkillTreeSystem.mobilityCooldownReductionSeconds:(Lnet/minecraft/server/level/ServerPlayer;)I
        36: isub
        37: aload_0
        38: aload_1
        39: invokestatic  #533                // Method roleTreeCooldownReductionSeconds:(Lnet/minecraft/server/level/ServerPlayer;Lkr/moonseungjun/villageguardians/VillageRole;)I
        42: isub
        43: aload_0
        44: invokestatic  #536                // Method kr/moonseungjun/villageguardians/VillageEquipmentShop.cooldownReductionSeconds:(Lnet/minecraft/server/level/ServerPlayer;)I
        47: isub
        48: aload_0
        49: invokestatic  #537                // Method kr/moonseungjun/villageguardians/VillageRelicSystem.cooldownReductionSeconds:(Lnet/minecraft/server/level/ServerPlayer;)I
        52: isub
        53: invokestatic  #137                // Method java/lang/Math.max:(II)I
        56: ireturn

  public static java.lang.String useTestSkill(net.minecraft.server.level.ServerPlayer, java.lang.String);
    Code:
         0: aload_0
         1: invokestatic  #297                // Method kr/moonseungjun/villageguardians/VillageSkillTestSystem.isEnabled:(Lnet/minecraft/server/level/ServerPlayer;)Z
         4: ifne          11
         7: ldc_w         #538                // String 먼저 기술 시험 모드를 활성화해야 합니다.
        10: areturn
        11: aload_1
        12: invokestatic  #251                // Method kr/moonseungjun/villageguardians/VillageRoleSkillSystem$ActiveSkill.parse:(Ljava/lang/String;)Ljava/util/Optional;
        15: aconst_null
        16: invokevirtual #175                // Method java/util/Optional.orElse:(Ljava/lang/Object;)Ljava/lang/Object;
        19: checkcast     #243                // class kr/moonseungjun/villageguardians/VillageRoleSkillSystem$ActiveSkill
        22: astore_2
        23: aload_0
        24: invokestatic  #471                // Method kr/moonseungjun/villageguardians/VillageSkillTestSystem.selectedRole:(Lnet/minecraft/server/level/ServerPlayer;)Lkr/moonseungjun/villageguardians/VillageRole;
        27: astore_3
        28: aload_2
        29: ifnull        40
        32: aload_2
        33: invokevirtual #242                // Method kr/moonseungjun/villageguardians/VillageRoleSkillSystem$ActiveSkill.role:()Lkr/moonseungjun/villageguardians/VillageRole;
        36: aload_3
        37: if_acmpeq     44
        40: ldc_w         #540                // String 현재 시험 직업의 기술만 시험할 수 있습니다.
        43: areturn
        44: aload_0
        45: invokevirtual #479                // Method net/minecraft/server/level/ServerPlayer.level:()Lnet/minecraft/server/level/ServerLevel;
        48: astore        5
        50: aload         5
        52: instanceof    #14                 // class net/minecraft/server/level/ServerLevel
        55: ifeq          65
        58: aload         5
        60: astore        4
        62: goto          69
        65: ldc_w         #542                // String 현재 월드에서는 시험할 수 없습니다.
        68: areturn
        69: aload         4
        71: aload_0
        72: aload_2
        73: aload_0
        74: aload_3
        75: invokestatic  #487                // Method powerMultiplier:(Lnet/minecraft/server/level/ServerPlayer;Lkr/moonseungjun/villageguardians/VillageRole;)F
        78: aload_0
        79: invokestatic  #491                // Method kr/moonseungjun/villageguardians/VillageProgressionSystem.learnedSkillDamageMultiplier:(Lnet/minecraft/server/level/ServerPlayer;)F
        82: fmul
        83: aload_0
        84: invokestatic  #500                // Method kr/moonseungjun/villageguardians/VillageRelicSystem.skillMultiplier:(Lnet/minecraft/server/level/ServerPlayer;)F
        87: fmul
        88: aload_0
        89: aload_3
        90: invokestatic  #505                // Method durationMultiplier:(Lnet/minecraft/server/level/ServerPlayer;Lkr/moonseungjun/villageguardians/VillageRole;)F
        93: aload_0
        94: aload_3
        95: invokestatic  #508                // Method specialRank:(Lnet/minecraft/server/level/ServerPlayer;Lkr/moonseungjun/villageguardians/VillageRole;)I
        98: invokestatic  #512                // Method cast:(Lnet/minecraft/server/level/ServerLevel;Lnet/minecraft/server/level/ServerPlayer;Lkr/moonseungjun/villageguardians/VillageRoleSkillSystem$ActiveSkill;FFI)V
       101: aload_2
       102: invokevirtual #262                // Method kr/moonseungjun/villageguardians/VillageRoleSkillSystem$ActiveSkill.displayName:()Ljava/lang/String;
       105: invokedynamic #544,  0            // InvokeDynamic #26:makeConcatWithConstants:(Ljava/lang/String;)Ljava/lang/String;
       110: areturn

  public static synchronized void resetForNewGame();
    Code:
         0: getstatic     #37                 // Field TREE_MASKS:Ljava/util/Map;
         3: invokeinterface #41,  1           // InterfaceMethod java/util/Map.clear:()V
         8: getstatic     #54                 // Field SKILL_MASKS:Ljava/util/Map;
        11: invokeinterface #41,  1           // InterfaceMethod java/util/Map.clear:()V
        16: getstatic     #60                 // Field EQUIPPED_SKILLS:Ljava/util/Map;
        19: invokeinterface #41,  1           // InterfaceMethod java/util/Map.clear:()V
        24: getstatic     #66                 // Field READY_AT:Ljava/util/Map;
        27: invokeinterface #41,  1           // InterfaceMethod java/util/Map.clear:()V
        32: invokestatic  #72                 // Method persist:()V
        35: return

  private static void cast(net.minecraft.server.level.ServerLevel, net.minecraft.server.level.ServerPlayer, kr.moonseungjun.villageguardians.VillageRoleSkillSystem$ActiveSkill, float, float, int);
    Code:
         0: aload_2
         1: invokevirtual #404                // Method kr/moonseungjun/villageguardians/VillageRoleSkillSystem$ActiveSkill.ordinal:()I
         4: tableswitch   { // 0 to 19
                       0: 100
                       1: 114
                       2: 128
                       3: 142
                       4: 156
                       5: 170
                       6: 184
                       7: 198
                       8: 212
                       9: 226
                      10: 240
                      11: 254
                      12: 268
                      13: 282
                      14: 296
                      15: 310
                      16: 324
                      17: 338
                      18: 352
                      19: 366
                 default: 377
            }
       100: aload_0
       101: aload_1
       102: aload_2
       103: fload_3
       104: fload         4
       106: iload         5
       108: invokestatic  #545                // Method kr/moonseungjun/villageguardians/VillageRoleAbilitySystem.cast:(Lnet/minecraft/server/level/ServerLevel;Lnet/minecraft/server/level/ServerPlayer;Lkr/moonseungjun/villageguardians/VillageRoleSkillSystem$ActiveSkill;FFI)V
       111: goto          377
       114: aload_0
       115: aload_1
       116: aload_2
       117: fload_3
       118: fload         4
       120: iload         5
       122: invokestatic  #545                // Method kr/moonseungjun/villageguardians/VillageRoleAbilitySystem.cast:(Lnet/minecraft/server/level/ServerLevel;Lnet/minecraft/server/level/ServerPlayer;Lkr/moonseungjun/villageguardians/VillageRoleSkillSystem$ActiveSkill;FFI)V
       125: goto          377
       128: aload_0
       129: aload_1
       130: aload_2
       131: fload_3
       132: fload         4
       134: iload         5
       136: invokestatic  #545                // Method kr/moonseungjun/villageguardians/VillageRoleAbilitySystem.cast:(Lnet/minecraft/server/level/ServerLevel;Lnet/minecraft/server/level/ServerPlayer;Lkr/moonseungjun/villageguardians/VillageRoleSkillSystem$ActiveSkill;FFI)V
       139: goto          377
       142: aload_0
       143: aload_1
       144: aload_2
       145: fload_3
       146: fload         4
       148: iload         5
       150: invokestatic  #545                // Method kr/moonseungjun/villageguardians/VillageRoleAbilitySystem.cast:(Lnet/minecraft/server/level/ServerLevel;Lnet/minecraft/server/level/ServerPlayer;Lkr/moonseungjun/villageguardians/VillageRoleSkillSystem$ActiveSkill;FFI)V
       153: goto          377
       156: aload_0
       157: aload_1
       158: aload_2
       159: fload_3
       160: fload         4
       162: iload         5
       164: invokestatic  #545                // Method kr/moonseungjun/villageguardians/VillageRoleAbilitySystem.cast:(Lnet/minecraft/server/level/ServerLevel;Lnet/minecraft/server/level/ServerPlayer;Lkr/moonseungjun/villageguardians/VillageRoleSkillSystem$ActiveSkill;FFI)V
       167: goto          377
       170: aload_0
       171: aload_1
       172: aload_2
       173: fload_3
       174: fload         4
       176: iload         5
       178: invokestatic  #545                // Method kr/moonseungjun/villageguardians/VillageRoleAbilitySystem.cast:(Lnet/minecraft/server/level/ServerLevel;Lnet/minecraft/server/level/ServerPlayer;Lkr/moonseungjun/villageguardians/VillageRoleSkillSystem$ActiveSkill;FFI)V
       181: goto          377
       184: aload_0
       185: aload_1
       186: aload_2
       187: fload_3
       188: fload         4
       190: iload         5
       192: invokestatic  #545                // Method kr/moonseungjun/villageguardians/VillageRoleAbilitySystem.cast:(Lnet/minecraft/server/level/ServerLevel;Lnet/minecraft/server/level/ServerPlayer;Lkr/moonseungjun/villageguardians/VillageRoleSkillSystem$ActiveSkill;FFI)V
       195: goto          377
       198: aload_0
       199: aload_1
       200: aload_2
       201: fload_3
       202: fload         4
       204: iload         5
       206: invokestatic  #545                // Method kr/moonseungjun/villageguardians/VillageRoleAbilitySystem.cast:(Lnet/minecraft/server/level/ServerLevel;Lnet/minecraft/server/level/ServerPlayer;Lkr/moonseungjun/villageguardians/VillageRoleSkillSystem$ActiveSkill;FFI)V
       209: goto          377
       212: aload_0
       213: aload_1
       214: aload_2
       215: fload_3
       216: fload         4
       218: iload         5
       220: invokestatic  #545                // Method kr/moonseungjun/villageguardians/VillageRoleAbilitySystem.cast:(Lnet/minecraft/server/level/ServerLevel;Lnet/minecraft/server/level/ServerPlayer;Lkr/moonseungjun/villageguardians/VillageRoleSkillSystem$ActiveSkill;FFI)V
       223: goto          377
       226: aload_0
       227: aload_1
       228: aload_2
       229: fload_3
       230: fload         4
       232: iload         5
       234: invokestatic  #545                // Method kr/moonseungjun/villageguardians/VillageRoleAbilitySystem.cast:(Lnet/minecraft/server/level/ServerLevel;Lnet/minecraft/server/level/ServerPlayer;Lkr/moonseungjun/villageguardians/VillageRoleSkillSystem$ActiveSkill;FFI)V
       237: goto          377
       240: aload_0
       241: aload_1
       242: aload_2
       243: fload_3
       244: fload         4
       246: iload         5
       248: invokestatic  #545                // Method kr/moonseungjun/villageguardians/VillageRoleAbilitySystem.cast:(Lnet/minecraft/server/level/ServerLevel;Lnet/minecraft/server/level/ServerPlayer;Lkr/moonseungjun/villageguardians/VillageRoleSkillSystem$ActiveSkill;FFI)V
       251: goto          377
       254: aload_0
       255: aload_1
       256: aload_2
       257: fload_3
       258: fload         4
       260: iload         5
       262: invokestatic  #545                // Method kr/moonseungjun/villageguardians/VillageRoleAbilitySystem.cast:(Lnet/minecraft/server/level/ServerLevel;Lnet/minecraft/server/level/ServerPlayer;Lkr/moonseungjun/villageguardians/VillageRoleSkillSystem$ActiveSkill;FFI)V
       265: goto          377
       268: aload_0
       269: aload_1
       270: aload_2
       271: fload_3
       272: fload         4
       274: iload         5
       276: invokestatic  #545                // Method kr/moonseungjun/villageguardians/VillageRoleAbilitySystem.cast:(Lnet/minecraft/server/level/ServerLevel;Lnet/minecraft/server/level/ServerPlayer;Lkr/moonseungjun/villageguardians/VillageRoleSkillSystem$ActiveSkill;FFI)V
       279: goto          377
       282: aload_0
       283: aload_1
       284: aload_2
       285: fload_3
       286: fload         4
       288: iload         5
       290: invokestatic  #545                // Method kr/moonseungjun/villageguardians/VillageRoleAbilitySystem.cast:(Lnet/minecraft/server/level/ServerLevel;Lnet/minecraft/server/level/ServerPlayer;Lkr/moonseungjun/villageguardians/VillageRoleSkillSystem$ActiveSkill;FFI)V
       293: goto          377
       296: aload_0
       297: aload_1
       298: aload_2
       299: fload_3
       300: fload         4
       302: iload         5
       304: invokestatic  #545                // Method kr/moonseungjun/villageguardians/VillageRoleAbilitySystem.cast:(Lnet/minecraft/server/level/ServerLevel;Lnet/minecraft/server/level/ServerPlayer;Lkr/moonseungjun/villageguardians/VillageRoleSkillSystem$ActiveSkill;FFI)V
       307: goto          377
       310: aload_0
       311: aload_1
       312: aload_2
       313: fload_3
       314: fload         4
       316: iload         5
       318: invokestatic  #545                // Method kr/moonseungjun/villageguardians/VillageRoleAbilitySystem.cast:(Lnet/minecraft/server/level/ServerLevel;Lnet/minecraft/server/level/ServerPlayer;Lkr/moonseungjun/villageguardians/VillageRoleSkillSystem$ActiveSkill;FFI)V
       321: goto          377
       324: aload_0
       325: aload_1
       326: aload_2
       327: fload_3
       328: fload         4
       330: iload         5
       332: invokestatic  #545                // Method kr/moonseungjun/villageguardians/VillageRoleAbilitySystem.cast:(Lnet/minecraft/server/level/ServerLevel;Lnet/minecraft/server/level/ServerPlayer;Lkr/moonseungjun/villageguardians/VillageRoleSkillSystem$ActiveSkill;FFI)V
       335: goto          377
       338: aload_0
       339: aload_1
       340: aload_2
       341: fload_3
       342: fload         4
       344: iload         5
       346: invokestatic  #545                // Method kr/moonseungjun/villageguardians/VillageRoleAbilitySystem.cast:(Lnet/minecraft/server/level/ServerLevel;Lnet/minecraft/server/level/ServerPlayer;Lkr/moonseungjun/villageguardians/VillageRoleSkillSystem$ActiveSkill;FFI)V
       349: goto          377
       352: aload_0
       353: aload_1
       354: aload_2
       355: fload_3
       356: fload         4
       358: iload         5
       360: invokestatic  #545                // Method kr/moonseungjun/villageguardians/VillageRoleAbilitySystem.cast:(Lnet/minecraft/server/level/ServerLevel;Lnet/minecraft/server/level/ServerPlayer;Lkr/moonseungjun/villageguardians/VillageRoleSkillSystem$ActiveSkill;FFI)V
       363: goto          377
       366: aload_0
       367: aload_1
       368: aload_2
       369: fload_3
       370: fload         4
       372: iload         5
       374: invokestatic  #545                // Method kr/moonseungjun/villageguardians/VillageRoleAbilitySystem.cast:(Lnet/minecraft/server/level/ServerLevel;Lnet/minecraft/server/level/ServerPlayer;Lkr/moonseungjun/villageguardians/VillageRoleSkillSystem$ActiveSkill;FFI)V
       377: return

  private static java.util.List<net.minecraft.world.entity.Mob> damageArea(net.minecraft.server.level.ServerLevel, net.minecraft.server.level.ServerPlayer, double, int, float, int, boolean);
    Code:
         0: aload_1
         1: invokestatic  #297                // Method kr/moonseungjun/villageguardians/VillageSkillTestSystem.isEnabled:(Lnet/minecraft/server/level/ServerPlayer;)Z
         4: ifeq          21
         7: aload_0
         8: aload_1
         9: dload_2
        10: iload         4
        12: iload         6
        14: iadd
        15: invokestatic  #548                // Method kr/moonseungjun/villageguardians/VillageSkillTestSystem.targetsNear:(Lnet/minecraft/server/level/ServerLevel;Lnet/minecraft/server/level/ServerPlayer;DI)Ljava/util/List;
        18: goto          36
        21: aload_0
        22: aload_1
        23: invokevirtual #552                // Method net/minecraft/server/level/ServerPlayer.position:()Lnet/minecraft/world/phys/Vec3;
        26: dload_2
        27: iload         4
        29: iload         6
        31: iadd
        32: aconst_null
        33: invokestatic  #556                // Method kr/moonseungjun/villageguardians/VillageRaidSystem.activeEnemiesNear:(Lnet/minecraft/server/level/ServerLevel;Lnet/minecraft/world/phys/Vec3;DILjava/util/UUID;)Ljava/util/List;
        36: astore        8
        38: iconst_0
        39: istore        9
        41: aload         8
        43: invokeinterface #562,  1          // InterfaceMethod java/util/List.iterator:()Ljava/util/Iterator;
        48: astore        10
        50: aload         10
        52: invokeinterface #568,  1          // InterfaceMethod java/util/Iterator.hasNext:()Z
        57: ifeq          172
        60: aload         10
        62: invokeinterface #574,  1          // InterfaceMethod java/util/Iterator.next:()Ljava/lang/Object;
        67: checkcast     #578                // class net/minecraft/world/entity/Mob
        70: astore        11
        72: aload         11
        74: invokevirtual #580                // Method net/minecraft/world/entity/Mob.isAlive:()Z
        77: ifne          83
        80: goto          50
        83: fload         5
        85: fstore        12
        87: iload         6
        89: iconst_3
        90: if_icmplt     119
        93: aload         11
        95: invokevirtual #583                // Method net/minecraft/world/entity/Mob.getHealth:()F
        98: aload         11
       100: invokevirtual #587                // Method net/minecraft/world/entity/Mob.getMaxHealth:()F
       103: ldc_w         #590                // float 0.3f
       106: fmul
       107: fcmpg
       108: ifgt          119
       111: fload         12
       113: ldc_w         #591                // float 1.28f
       116: fmul
       117: fstore        12
       119: aload         11
       121: aload_0
       122: aload_0
       123: invokevirtual #592                // Method net/minecraft/server/level/ServerLevel.damageSources:()Lnet/minecraft/world/damagesource/DamageSources;
       126: invokevirtual #596                // Method net/minecraft/world/damagesource/DamageSources.magic:()Lnet/minecraft/world/damagesource/DamageSource;
       129: fload         12
       131: invokevirtual #602                // Method net/minecraft/world/entity/Mob.hurtServer:(Lnet/minecraft/server/level/ServerLevel;Lnet/minecraft/world/damagesource/DamageSource;F)Z
       134: pop
       135: iload         6
       137: iconst_2
       138: if_icmplt     166
       141: aload         11
       143: new           #606                // class net/minecraft/world/effect/MobEffectInstance
       146: dup
       147: getstatic     #608                // Field net/minecraft/world/effect/MobEffects.WEAKNESS:Lnet/minecraft/core/Holder;
       150: bipush        50
       152: iload         6
       154: bipush        20
       156: imul
       157: iadd
       158: iconst_0
       159: invokespecial #614                // Method net/minecraft/world/effect/MobEffectInstance."<init>":(Lnet/minecraft/core/Holder;II)V
       162: invokevirtual #617                // Method net/minecraft/world/entity/Mob.addEffect:(Lnet/minecraft/world/effect/MobEffectInstance;)Z
       165: pop
       166: iinc          9, 1
       169: goto          50
       172: iload         7
       174: ifeq          213
       177: iload         6
       179: iconst_1
       180: if_icmplt     213
       183: iload         9
       185: ifle          213
       188: aload_1
       189: ldc_w         #621                // float 8.0f
       192: iload         9
       194: i2f
       195: ldc_w         #622                // float 0.55f
       198: iload         6
       200: i2f
       201: ldc_w         #521                // float 0.2f
       204: fmul
       205: fadd
       206: fmul
       207: invokestatic  #366                // Method java/lang/Math.min:(FF)F
       210: invokevirtual #623                // Method net/minecraft/server/level/ServerPlayer.heal:(F)V
       213: aload         8
       215: areturn

  private static void healAllies(net.minecraft.server.level.ServerPlayer, double, float, int, int, boolean);
    Code:
         0: aload_0
         1: dload_1
         2: invokestatic  #627                // Method allies:(Lnet/minecraft/server/level/ServerPlayer;D)Ljava/util/List;
         5: invokeinterface #562,  1          // InterfaceMethod java/util/List.iterator:()Ljava/util/Iterator;
        10: astore        7
        12: aload         7
        14: invokeinterface #568,  1          // InterfaceMethod java/util/Iterator.hasNext:()Z
        19: ifeq          104
        22: aload         7
        24: invokeinterface #574,  1          // InterfaceMethod java/util/Iterator.next:()Ljava/lang/Object;
        29: checkcast     #76                 // class net/minecraft/server/level/ServerPlayer
        32: astore        8
        34: aload         8
        36: fload_3
        37: invokevirtual #623                // Method net/minecraft/server/level/ServerPlayer.heal:(F)V
        40: aload         8
        42: new           #606                // class net/minecraft/world/effect/MobEffectInstance
        45: dup
        46: getstatic     #631                // Field net/minecraft/world/effect/MobEffects.REGENERATION:Lnet/minecraft/core/Holder;
        49: iload         4
        51: iconst_2
        52: iload         5
        54: invokestatic  #130                // Method java/lang/Math.min:(II)I
        57: invokespecial #614                // Method net/minecraft/world/effect/MobEffectInstance."<init>":(Lnet/minecraft/core/Holder;II)V
        60: invokevirtual #634                // Method net/minecraft/server/level/ServerPlayer.addEffect:(Lnet/minecraft/world/effect/MobEffectInstance;)Z
        63: pop
        64: iload         6
        66: ifne          75
        69: iload         5
        71: iconst_2
        72: if_icmplt     101
        75: aload         8
        77: new           #606                // class net/minecraft/world/effect/MobEffectInstance
        80: dup
        81: getstatic     #635                // Field net/minecraft/world/effect/MobEffects.ABSORPTION:Lnet/minecraft/core/Holder;
        84: iload         4
        86: iconst_4
        87: iconst_1
        88: iload         5
        90: iadd
        91: invokestatic  #130                // Method java/lang/Math.min:(II)I
        94: invokespecial #614                // Method net/minecraft/world/effect/MobEffectInstance."<init>":(Lnet/minecraft/core/Holder;II)V
        97: invokevirtual #634                // Method net/minecraft/server/level/ServerPlayer.addEffect:(Lnet/minecraft/world/effect/MobEffectInstance;)Z
       100: pop
       101: goto          12
       104: return

  private static java.util.List<net.minecraft.server.level.ServerPlayer> allies(net.minecraft.server.level.ServerPlayer, double);
    Code:
         0: aload_0
         1: invokevirtual #479                // Method net/minecraft/server/level/ServerPlayer.level:()Lnet/minecraft/server/level/ServerLevel;
         4: invokevirtual #638                // Method net/minecraft/server/level/ServerLevel.getServer:()Lnet/minecraft/server/MinecraftServer;
         7: astore_3
         8: aload_3
         9: ifnonnull     17
        12: aload_0
        13: invokestatic  #642                // InterfaceMethod java/util/List.of:(Ljava/lang/Object;)Ljava/util/List;
        16: areturn
        17: dload_1
        18: dload_1
        19: dmul
        20: dstore        4
        22: aload_3
        23: invokevirtual #646                // Method net/minecraft/server/MinecraftServer.getPlayerList:()Lnet/minecraft/server/players/PlayerList;
        26: invokevirtual #650                // Method net/minecraft/server/players/PlayerList.getPlayers:()Ljava/util/List;
        29: invokeinterface #655,  1          // InterfaceMethod java/util/List.stream:()Ljava/util/stream/Stream;
        34: aload_0
        35: dload         4
        37: invokedynamic #658,  0            // InvokeDynamic #27:test:(Lnet/minecraft/server/level/ServerPlayer;D)Ljava/util/function/Predicate;
        42: invokeinterface #463,  2          // InterfaceMethod java/util/stream/Stream.filter:(Ljava/util/function/Predicate;)Ljava/util/stream/Stream;
        47: invokeinterface #165,  1          // InterfaceMethod java/util/stream/Stream.toList:()Ljava/util/List;
        52: areturn

  private static void equipIntoFirstFreeSlot(net.minecraft.server.level.ServerPlayer, kr.moonseungjun.villageguardians.VillageRoleSkillSystem$ActiveSkill);
    Code:
         0: iconst_0
         1: istore_2
         2: iload_2
         3: iconst_2
         4: if_icmpge     71
         7: aload_0
         8: invokevirtual #75                 // Method net/minecraft/server/level/ServerPlayer.getUUID:()Ljava/util/UUID;
        11: aload_1
        12: invokevirtual #242                // Method kr/moonseungjun/villageguardians/VillageRoleSkillSystem$ActiveSkill.role:()Lkr/moonseungjun/villageguardians/VillageRole;
        15: iload_2
        16: invokestatic  #277                // Method loadoutKey:(Ljava/util/UUID;Lkr/moonseungjun/villageguardians/VillageRole;I)Ljava/lang/String;
        19: astore_3
        20: getstatic     #60                 // Field EQUIPPED_SKILLS:Ljava/util/Map;
        23: aload_3
        24: invokeinterface #661,  2          // InterfaceMethod java/util/Map.containsKey:(Ljava/lang/Object;)Z
        29: ifeq          50
        32: getstatic     #60                 // Field EQUIPPED_SKILLS:Ljava/util/Map;
        35: aload_3
        36: invokeinterface #284,  2          // InterfaceMethod java/util/Map.get:(Ljava/lang/Object;)Ljava/lang/Object;
        41: checkcast     #288                // class java/lang/String
        44: invokevirtual #664                // Method java/lang/String.isBlank:()Z
        47: ifeq          65
        50: getstatic     #60                 // Field EQUIPPED_SKILLS:Ljava/util/Map;
        53: aload_3
        54: aload_1
        55: invokevirtual #281                // Method kr/moonseungjun/villageguardians/VillageRoleSkillSystem$ActiveSkill.id:()Ljava/lang/String;
        58: invokeinterface #226,  3          // InterfaceMethod java/util/Map.put:(Ljava/lang/Object;Ljava/lang/Object;)Ljava/lang/Object;
        63: pop
        64: return
        65: iinc          2, 1
        68: goto          2
        71: return

  private static void sanitizeLoadouts();
    Code:
         0: getstatic     #60                 // Field EQUIPPED_SKILLS:Ljava/util/Map;
         3: invokeinterface #667,  1          // InterfaceMethod java/util/Map.entrySet:()Ljava/util/Set;
         8: invokedynamic #671,  0            // InvokeDynamic #28:test:()Ljava/util/function/Predicate;
        13: invokeinterface #672,  2          // InterfaceMethod java/util/Set.removeIf:(Ljava/util/function/Predicate;)Z
        18: pop
        19: return

  private static java.lang.String roleKey(java.util.UUID, kr.moonseungjun.villageguardians.VillageRole);
    Code:
         0: aload_0
         1: invokestatic  #333                // Method java/lang/String.valueOf:(Ljava/lang/Object;)Ljava/lang/String;
         4: aload_1
         5: invokevirtual #677                // Method kr/moonseungjun/villageguardians/VillageRole.id:()Ljava/lang/String;
         8: invokedynamic #336,  0            // InvokeDynamic #13:makeConcatWithConstants:(Ljava/lang/String;Ljava/lang/String;)Ljava/lang/String;
        13: areturn

  private static java.lang.String loadoutKey(java.util.UUID, kr.moonseungjun.villageguardians.VillageRole, int);
    Code:
         0: aload_0
         1: invokestatic  #333                // Method java/lang/String.valueOf:(Ljava/lang/Object;)Ljava/lang/String;
         4: aload_1
         5: invokevirtual #677                // Method kr/moonseungjun/villageguardians/VillageRole.id:()Ljava/lang/String;
         8: iload_2
         9: iconst_1
        10: if_icmpne     17
        13: iconst_1
        14: goto          18
        17: iconst_0
        18: invokedynamic #678,  0            // InvokeDynamic #29:makeConcatWithConstants:(Ljava/lang/String;Ljava/lang/String;I)Ljava/lang/String;
        23: areturn

  private static int bit(int);
    Code:
         0: iconst_1
         1: iconst_0
         2: bipush        30
         4: iload_0
         5: invokestatic  #130                // Method java/lang/Math.min:(II)I
         8: invokestatic  #137                // Method java/lang/Math.max:(II)I
        11: ishl
        12: ireturn

  private static void persist();
    Code:
         0: getstatic     #31                 // Field savedData:Lkr/moonseungjun/villageguardians/VillageRoleProgressData;
         3: ifnull        21
         6: getstatic     #31                 // Field savedData:Lkr/moonseungjun/villageguardians/VillageRoleProgressData;
         9: getstatic     #37                 // Field TREE_MASKS:Ljava/util/Map;
        12: getstatic     #54                 // Field SKILL_MASKS:Ljava/util/Map;
        15: getstatic     #60                 // Field EQUIPPED_SKILLS:Ljava/util/Map;
        18: invokevirtual #681                // Method kr/moonseungjun/villageguardians/VillageRoleProgressData.replace:(Ljava/util/Map;Ljava/util/Map;Ljava/util/Map;)V
        21: return

  private static boolean lambda$sanitizeLoadouts$0(java.util.Map$Entry);
    Code:
         0: aload_0
         1: invokeinterface #685,  1          // InterfaceMethod java/util/Map$Entry.getValue:()Ljava/lang/Object;
         6: checkcast     #288                // class java/lang/String
         9: invokestatic  #251                // Method kr/moonseungjun/villageguardians/VillageRoleSkillSystem$ActiveSkill.parse:(Ljava/lang/String;)Ljava/util/Optional;
        12: aconst_null
        13: invokevirtual #175                // Method java/util/Optional.orElse:(Ljava/lang/Object;)Ljava/lang/Object;
        16: checkcast     #243                // class kr/moonseungjun/villageguardians/VillageRoleSkillSystem$ActiveSkill
        19: astore_1
        20: aload_1
        21: ifnonnull     26
        24: iconst_1
        25: ireturn
        26: aload_0
        27: invokeinterface #690,  1          // InterfaceMethod java/util/Map$Entry.getKey:()Ljava/lang/Object;
        32: checkcast     #288                // class java/lang/String
        35: ldc_w         #693                // String \\|
        38: iconst_m1
        39: invokevirtual #695                // Method java/lang/String.split:(Ljava/lang/String;I)[Ljava/lang/String;
        42: astore_2
        43: aload_2
        44: arraylength
        45: iconst_3
        46: if_icmpne     66
        49: aload_2
        50: iconst_1
        51: aaload
        52: invokestatic  #699                // Method kr/moonseungjun/villageguardians/VillageRole.parse:(Ljava/lang/String;)Ljava/util/Optional;
        55: aconst_null
        56: invokevirtual #175                // Method java/util/Optional.orElse:(Ljava/lang/Object;)Ljava/lang/Object;
        59: aload_1
        60: invokevirtual #242                // Method kr/moonseungjun/villageguardians/VillageRoleSkillSystem$ActiveSkill.role:()Lkr/moonseungjun/villageguardians/VillageRole;
        63: if_acmpeq     70
        66: iconst_1
        67: goto          71
        70: iconst_0
        71: ireturn

  private static boolean lambda$allies$0(net.minecraft.server.level.ServerPlayer, double, net.minecraft.server.level.ServerPlayer);
    Code:
         0: aload_3
         1: invokevirtual #479                // Method net/minecraft/server/level/ServerPlayer.level:()Lnet/minecraft/server/level/ServerLevel;
         4: aload_0
         5: invokevirtual #479                // Method net/minecraft/server/level/ServerPlayer.level:()Lnet/minecraft/server/level/ServerLevel;
         8: if_acmpne     25
        11: aload_3
        12: aload_0
        13: invokevirtual #700                // Method net/minecraft/server/level/ServerPlayer.distanceToSqr:(Lnet/minecraft/world/entity/Entity;)D
        16: dload_1
        17: dcmpg
        18: ifgt          25
        21: iconst_1
        22: goto          26
        25: iconst_0
        26: ireturn

  private static boolean lambda$skillsFor$0(kr.moonseungjun.villageguardians.VillageRole, kr.moonseungjun.villageguardians.VillageRoleSkillSystem$ActiveSkill);
    Code:
         0: aload_1
         1: invokevirtual #242                // Method kr/moonseungjun/villageguardians/VillageRoleSkillSystem$ActiveSkill.role:()Lkr/moonseungjun/villageguardians/VillageRole;
         4: aload_0
         5: if_acmpne     12
         8: iconst_1
         9: goto          13
        12: iconst_0
        13: ireturn

  private static boolean lambda$allSkillBranchesConnected$0(kr.moonseungjun.villageguardians.VillageRoleSkillSystem$ActiveSkill);
    Code:
         0: aload_0
         1: invokestatic  #704                // Method scalingCoverage:(Lkr/moonseungjun/villageguardians/VillageRoleSkillSystem$ActiveSkill;)Lkr/moonseungjun/villageguardians/VillageRoleSkillSystem$ScalingCoverage;
         4: invokevirtual #708                // Method kr/moonseungjun/villageguardians/VillageRoleSkillSystem$ScalingCoverage.complete:()Z
         7: ireturn

  private static boolean lambda$equippedSkill$0(kr.moonseungjun.villageguardians.VillageRole, net.minecraft.server.level.ServerPlayer, kr.moonseungjun.villageguardians.VillageRoleSkillSystem$ActiveSkill);
    Code:
         0: aload_2
         1: invokevirtual #242                // Method kr/moonseungjun/villageguardians/VillageRoleSkillSystem$ActiveSkill.role:()Lkr/moonseungjun/villageguardians/VillageRole;
         4: aload_0
         5: if_acmpne     20
         8: aload_1
         9: aload_2
        10: invokestatic  #258                // Method hasSkill:(Lnet/minecraft/server/level/ServerPlayer;Lkr/moonseungjun/villageguardians/VillageRoleSkillSystem$ActiveSkill;)Z
        13: ifeq          20
        16: iconst_1
        17: goto          21
        20: iconst_0
        21: ireturn

  private static int lambda$nodes$0(kr.moonseungjun.villageguardians.VillageRoleSkillSystem$RoleNode, kr.moonseungjun.villageguardians.VillageRoleSkillSystem$RoleNode);
    Code:
         0: aload_0
         1: invokevirtual #112                // Method kr/moonseungjun/villageguardians/VillageRoleSkillSystem$RoleNode.branch:()Lkr/moonseungjun/villageguardians/VillageRoleSkillSystem$RoleBranch;
         4: invokevirtual #711                // Method kr/moonseungjun/villageguardians/VillageRoleSkillSystem$RoleBranch.ordinal:()I
         7: aload_1
         8: invokevirtual #112                // Method kr/moonseungjun/villageguardians/VillageRoleSkillSystem$RoleNode.branch:()Lkr/moonseungjun/villageguardians/VillageRoleSkillSystem$RoleBranch;
        11: invokevirtual #711                // Method kr/moonseungjun/villageguardians/VillageRoleSkillSystem$RoleBranch.ordinal:()I
        14: invokestatic  #712                // Method java/lang/Integer.compare:(II)I
        17: istore_2
        18: iload_2
        19: ifeq          26
        22: iload_2
        23: goto          37
        26: aload_0
        27: invokevirtual #714                // Method kr/moonseungjun/villageguardians/VillageRoleSkillSystem$RoleNode.tier:()I
        30: aload_1
        31: invokevirtual #714                // Method kr/moonseungjun/villageguardians/VillageRoleSkillSystem$RoleNode.tier:()I
        34: invokestatic  #712                // Method java/lang/Integer.compare:(II)I
        37: ireturn

  static {};
    Code:
         0: new           #717                // class java/util/LinkedHashMap
         3: dup
         4: invokespecial #719                // Method java/util/LinkedHashMap."<init>":()V
         7: putstatic     #37                 // Field TREE_MASKS:Ljava/util/Map;
        10: new           #717                // class java/util/LinkedHashMap
        13: dup
        14: invokespecial #719                // Method java/util/LinkedHashMap."<init>":()V
        17: putstatic     #54                 // Field SKILL_MASKS:Ljava/util/Map;
        20: new           #717                // class java/util/LinkedHashMap
        23: dup
        24: invokespecial #719                // Method java/util/LinkedHashMap."<init>":()V
        27: putstatic     #60                 // Field EQUIPPED_SKILLS:Ljava/util/Map;
        30: new           #717                // class java/util/LinkedHashMap
        33: dup
        34: invokespecial #719                // Method java/util/LinkedHashMap."<init>":()V
        37: putstatic     #66                 // Field READY_AT:Ljava/util/Map;
        40: return
}
Compiled from "VillageEquipmentIdentity.java"
public final class kr.moonseungjun.villageguardians.VillageEquipmentIdentity {
  private static final java.lang.String KEY_MARKER;

  private static final java.lang.String KEY_RARITY;

  private static final java.lang.String KEY_ENHANCEMENT;

  private static final java.lang.String KEY_OFFER;

  private kr.moonseungjun.villageguardians.VillageEquipmentIdentity();
    Code:
         0: aload_0
         1: invokespecial #1                  // Method java/lang/Object."<init>":()V
         4: return

  public static void stampRarity(net.minecraft.world.item.ItemStack, java.lang.String, int);
    Code:
         0: aload_0
         1: ifnull        11
         4: aload_0
         5: invokevirtual #7                  // Method net/minecraft/world/item/ItemStack.isEmpty:()Z
         8: ifeq          12
        11: return
        12: aload_0
        13: invokestatic  #13                 // Method tagCopy:(Lnet/minecraft/world/item/ItemStack;)Lnet/minecraft/nbt/CompoundTag;
        16: astore_3
        17: aload_3
        18: ldc           #19                 // String villageguardians_equipment
        20: iconst_1
        21: invokevirtual #21                 // Method net/minecraft/nbt/CompoundTag.putBoolean:(Ljava/lang/String;Z)V
        24: aload_3
        25: ldc           #27                 // String villageguardians_rarity
        27: aload_1
        28: ifnonnull     36
        31: ldc           #29                 // String
        33: goto          37
        36: aload_1
        37: invokevirtual #31                 // Method net/minecraft/nbt/CompoundTag.putString:(Ljava/lang/String;Ljava/lang/String;)V
        40: aload_3
        41: ldc           #35                 // String villageguardians_enhancement
        43: iconst_0
        44: iload_2
        45: invokestatic  #37                 // Method java/lang/Math.max:(II)I
        48: invokevirtual #43                 // Method net/minecraft/nbt/CompoundTag.putInt:(Ljava/lang/String;I)V
        51: aload_0
        52: getstatic     #47                 // Field net/minecraft/core/component/DataComponents.CUSTOM_DATA:Lnet/minecraft/core/component/DataComponentType;
        55: aload_3
        56: invokestatic  #53                 // Method net/minecraft/world/item/component/CustomData.of:(Lnet/minecraft/nbt/CompoundTag;)Lnet/minecraft/world/item/component/CustomData;
        59: invokevirtual #59                 // Method net/minecraft/world/item/ItemStack.set:(Lnet/minecraft/core/component/DataComponentType;Ljava/lang/Object;)Ljava/lang/Object;
        62: pop
        63: return

  public static void stampOffer(net.minecraft.world.item.ItemStack, java.lang.String);
    Code:
         0: aload_0
         1: ifnull        11
         4: aload_0
         5: invokevirtual #7                  // Method net/minecraft/world/item/ItemStack.isEmpty:()Z
         8: ifeq          12
        11: return
        12: aload_0
        13: invokestatic  #13                 // Method tagCopy:(Lnet/minecraft/world/item/ItemStack;)Lnet/minecraft/nbt/CompoundTag;
        16: astore_2
        17: aload_2
        18: ldc           #19                 // String villageguardians_equipment
        20: iconst_1
        21: invokevirtual #21                 // Method net/minecraft/nbt/CompoundTag.putBoolean:(Ljava/lang/String;Z)V
        24: aload_2
        25: ldc           #63                 // String villageguardians_offer
        27: aload_1
        28: ifnonnull     36
        31: ldc           #29                 // String
        33: goto          37
        36: aload_1
        37: invokevirtual #31                 // Method net/minecraft/nbt/CompoundTag.putString:(Ljava/lang/String;Ljava/lang/String;)V
        40: aload_0
        41: getstatic     #47                 // Field net/minecraft/core/component/DataComponents.CUSTOM_DATA:Lnet/minecraft/core/component/DataComponentType;
        44: aload_2
        45: invokestatic  #53                 // Method net/minecraft/world/item/component/CustomData.of:(Lnet/minecraft/nbt/CompoundTag;)Lnet/minecraft/world/item/component/CustomData;
        48: invokevirtual #59                 // Method net/minecraft/world/item/ItemStack.set:(Lnet/minecraft/core/component/DataComponentType;Ljava/lang/Object;)Ljava/lang/Object;
        51: pop
        52: return

  public static boolean stamped(net.minecraft.world.item.ItemStack);
    Code:
         0: aload_0
         1: ifnull        11
         4: aload_0
         5: invokevirtual #7                  // Method net/minecraft/world/item/ItemStack.isEmpty:()Z
         8: ifeq          13
        11: iconst_0
        12: ireturn
        13: aload_0
        14: getstatic     #47                 // Field net/minecraft/core/component/DataComponents.CUSTOM_DATA:Lnet/minecraft/core/component/DataComponentType;
        17: invokevirtual #65                 // Method net/minecraft/world/item/ItemStack.get:(Lnet/minecraft/core/component/DataComponentType;)Ljava/lang/Object;
        20: checkcast     #54                 // class net/minecraft/world/item/component/CustomData
        23: astore_1
        24: aload_1
        25: ifnull        45
        28: aload_1
        29: invokevirtual #69                 // Method net/minecraft/world/item/component/CustomData.copyTag:()Lnet/minecraft/nbt/CompoundTag;
        32: ldc           #19                 // String villageguardians_equipment
        34: iconst_0
        35: invokevirtual #73                 // Method net/minecraft/nbt/CompoundTag.getBooleanOr:(Ljava/lang/String;Z)Z
        38: ifeq          45
        41: iconst_1
        42: goto          46
        45: iconst_0
        46: ireturn

  public static java.lang.String rarity(net.minecraft.world.item.ItemStack);
    Code:
         0: aload_0
         1: invokestatic  #77                 // Method stamped:(Lnet/minecraft/world/item/ItemStack;)Z
         4: ifne          10
         7: ldc           #29                 // String
         9: areturn
        10: aload_0
        11: getstatic     #47                 // Field net/minecraft/core/component/DataComponents.CUSTOM_DATA:Lnet/minecraft/core/component/DataComponentType;
        14: invokevirtual #65                 // Method net/minecraft/world/item/ItemStack.get:(Lnet/minecraft/core/component/DataComponentType;)Ljava/lang/Object;
        17: checkcast     #54                 // class net/minecraft/world/item/component/CustomData
        20: astore_1
        21: aload_1
        22: ifnonnull     30
        25: ldc           #29                 // String
        27: goto          41
        30: aload_1
        31: invokevirtual #69                 // Method net/minecraft/world/item/component/CustomData.copyTag:()Lnet/minecraft/nbt/CompoundTag;
        34: ldc           #27                 // String villageguardians_rarity
        36: ldc           #29                 // String
        38: invokevirtual #81                 // Method net/minecraft/nbt/CompoundTag.getStringOr:(Ljava/lang/String;Ljava/lang/String;)Ljava/lang/String;
        41: areturn

  public static int enhancement(net.minecraft.world.item.ItemStack);
    Code:
         0: aload_0
         1: invokestatic  #77                 // Method stamped:(Lnet/minecraft/world/item/ItemStack;)Z
         4: ifne          9
         7: iconst_m1
         8: ireturn
         9: aload_0
        10: getstatic     #47                 // Field net/minecraft/core/component/DataComponents.CUSTOM_DATA:Lnet/minecraft/core/component/DataComponentType;
        13: invokevirtual #65                 // Method net/minecraft/world/item/ItemStack.get:(Lnet/minecraft/core/component/DataComponentType;)Ljava/lang/Object;
        16: checkcast     #54                 // class net/minecraft/world/item/component/CustomData
        19: astore_1
        20: aload_1
        21: ifnonnull     28
        24: iconst_m1
        25: goto          42
        28: iconst_0
        29: aload_1
        30: invokevirtual #69                 // Method net/minecraft/world/item/component/CustomData.copyTag:()Lnet/minecraft/nbt/CompoundTag;
        33: ldc           #35                 // String villageguardians_enhancement
        35: iconst_0
        36: invokevirtual #85                 // Method net/minecraft/nbt/CompoundTag.getIntOr:(Ljava/lang/String;I)I
        39: invokestatic  #37                 // Method java/lang/Math.max:(II)I
        42: ireturn

  public static java.lang.String offer(net.minecraft.world.item.ItemStack);
    Code:
         0: aload_0
         1: invokestatic  #77                 // Method stamped:(Lnet/minecraft/world/item/ItemStack;)Z
         4: ifne          10
         7: ldc           #29                 // String
         9: areturn
        10: aload_0
        11: getstatic     #47                 // Field net/minecraft/core/component/DataComponents.CUSTOM_DATA:Lnet/minecraft/core/component/DataComponentType;
        14: invokevirtual #65                 // Method net/minecraft/world/item/ItemStack.get:(Lnet/minecraft/core/component/DataComponentType;)Ljava/lang/Object;
        17: checkcast     #54                 // class net/minecraft/world/item/component/CustomData
        20: astore_1
        21: aload_1
        22: ifnonnull     30
        25: ldc           #29                 // String
        27: goto          41
        30: aload_1
        31: invokevirtual #69                 // Method net/minecraft/world/item/component/CustomData.copyTag:()Lnet/minecraft/nbt/CompoundTag;
        34: ldc           #63                 // String villageguardians_offer
        36: ldc           #29                 // String
        38: invokevirtual #81                 // Method net/minecraft/nbt/CompoundTag.getStringOr:(Ljava/lang/String;Ljava/lang/String;)Ljava/lang/String;
        41: areturn

  public static boolean canReadLegacyName(net.minecraft.world.item.ItemStack);
    Code:
         0: aload_0
         1: ifnull        18
         4: aload_0
         5: invokevirtual #7                  // Method net/minecraft/world/item/ItemStack.isEmpty:()Z
         8: ifne          18
        11: aload_0
        12: invokestatic  #77                 // Method stamped:(Lnet/minecraft/world/item/ItemStack;)Z
        15: ifeq          20
        18: iconst_0
        19: ireturn
        20: aload_0
        21: getstatic     #89                 // Field net/minecraft/core/component/DataComponents.REPAIR_COST:Lnet/minecraft/core/component/DataComponentType;
        24: invokevirtual #65                 // Method net/minecraft/world/item/ItemStack.get:(Lnet/minecraft/core/component/DataComponentType;)Ljava/lang/Object;
        27: checkcast     #92                 // class java/lang/Integer
        30: astore_1
        31: aload_1
        32: ifnull        42
        35: aload_1
        36: invokevirtual #94                 // Method java/lang/Integer.intValue:()I
        39: ifgt          46
        42: iconst_1
        43: goto          47
        46: iconst_0
        47: ireturn

  private static net.minecraft.nbt.CompoundTag tagCopy(net.minecraft.world.item.ItemStack);
    Code:
         0: aload_0
         1: getstatic     #47                 // Field net/minecraft/core/component/DataComponents.CUSTOM_DATA:Lnet/minecraft/core/component/DataComponentType;
         4: invokevirtual #65                 // Method net/minecraft/world/item/ItemStack.get:(Lnet/minecraft/core/component/DataComponentType;)Ljava/lang/Object;
         7: checkcast     #54                 // class net/minecraft/world/item/component/CustomData
        10: astore_1
        11: aload_1
        12: ifnonnull     25
        15: new           #22                 // class net/minecraft/nbt/CompoundTag
        18: dup
        19: invokespecial #98                 // Method net/minecraft/nbt/CompoundTag."<init>":()V
        22: goto          29
        25: aload_1
        26: invokevirtual #69                 // Method net/minecraft/world/item/component/CustomData.copyTag:()Lnet/minecraft/nbt/CompoundTag;
        29: areturn
}
Compiled from "VillageMercenarySnapshotData.java"
public final class kr.moonseungjun.villageguardians.VillageMercenarySnapshotData extends net.minecraft.world.level.saveddata.SavedData {
  private static final com.mojang.serialization.Codec<kr.moonseungjun.villageguardians.VillageMercenarySnapshotData> CODEC;

  public static final net.minecraft.world.level.saveddata.SavedDataType<kr.moonseungjun.villageguardians.VillageMercenarySnapshotData> TYPE;

  private java.util.Map<java.lang.String, java.lang.String> entries;

  public kr.moonseungjun.villageguardians.VillageMercenarySnapshotData();
    Code:
         0: aload_0
         1: invokestatic  #1                  // InterfaceMethod java/util/Map.of:()Ljava/util/Map;
         4: invokespecial #7                  // Method "<init>":(Ljava/util/Map;)V
         7: return

  private kr.moonseungjun.villageguardians.VillageMercenarySnapshotData(java.util.Map<java.lang.String, java.lang.String>);
    Code:
         0: aload_0
         1: invokespecial #13                 // Method net/minecraft/world/level/saveddata/SavedData."<init>":()V
         4: aload_0
         5: new           #18                 // class java/util/LinkedHashMap
         8: dup
         9: aload_1
        10: invokespecial #20                 // Method java/util/LinkedHashMap."<init>":(Ljava/util/Map;)V
        13: putfield      #21                 // Field entries:Ljava/util/Map;
        16: return

  public java.util.Map<java.lang.String, java.lang.String> entries();
    Code:
         0: new           #18                 // class java/util/LinkedHashMap
         3: dup
         4: aload_0
         5: getfield      #21                 // Field entries:Ljava/util/Map;
         8: invokespecial #20                 // Method java/util/LinkedHashMap."<init>":(Ljava/util/Map;)V
        11: areturn

  public void replace(java.util.Map<java.lang.String, java.lang.String>);
    Code:
         0: aload_0
         1: new           #18                 // class java/util/LinkedHashMap
         4: dup
         5: aload_1
         6: invokespecial #20                 // Method java/util/LinkedHashMap."<init>":(Ljava/util/Map;)V
         9: putfield      #21                 // Field entries:Ljava/util/Map;
        12: aload_0
        13: invokevirtual #25                 // Method setDirty:()V
        16: return

  private static com.mojang.serialization.Codec lambda$static$1(net.minecraft.server.level.ServerLevel);
    Code:
         0: getstatic     #28                 // Field CODEC:Lcom/mojang/serialization/Codec;
         3: areturn

  private static kr.moonseungjun.villageguardians.VillageMercenarySnapshotData lambda$static$0(net.minecraft.server.level.ServerLevel);
    Code:
         0: new           #8                  // class kr/moonseungjun/villageguardians/VillageMercenarySnapshotData
         3: dup
         4: invokespecial #32                 // Method "<init>":()V
         7: areturn

  static {};
    Code:
         0: getstatic     #33                 // Field com/mojang/serialization/Codec.STRING:Lcom/mojang/serialization/codecs/PrimitiveCodec;
         3: getstatic     #33                 // Field com/mojang/serialization/Codec.STRING:Lcom/mojang/serialization/codecs/PrimitiveCodec;
         6: invokestatic  #39                 // InterfaceMethod com/mojang/serialization/Codec.unboundedMap:(Lcom/mojang/serialization/Codec;Lcom/mojang/serialization/Codec;)Lcom/mojang/serialization/codecs/UnboundedMapCodec;
         9: invokedynamic #43,  0             // InvokeDynamic #0:apply:()Ljava/util/function/Function;
        14: invokedynamic #47,  0             // InvokeDynamic #1:apply:()Ljava/util/function/Function;
        19: invokevirtual #48                 // Method com/mojang/serialization/codecs/UnboundedMapCodec.xmap:(Ljava/util/function/Function;Ljava/util/function/Function;)Lcom/mojang/serialization/Codec;
        22: putstatic     #28                 // Field CODEC:Lcom/mojang/serialization/Codec;
        25: new           #54                 // class net/minecraft/world/level/saveddata/SavedDataType
        28: dup
        29: ldc           #58                 // String villageguardians
        31: ldc           #60                 // String village_mercenary_night_snapshot
        33: invokestatic  #62                 // Method net/minecraft/resources/Identifier.fromNamespaceAndPath:(Ljava/lang/String;Ljava/lang/String;)Lnet/minecraft/resources/Identifier;
        36: invokedynamic #68,  0             // InvokeDynamic #2:create:()Lnet/minecraft/world/level/saveddata/SavedDataType$Factory;
        41: invokedynamic #72,  0             // InvokeDynamic #3:create:()Lnet/minecraft/world/level/saveddata/SavedDataType$Factory;
        46: invokespecial #73                 // Method net/minecraft/world/level/saveddata/SavedDataType."<init>":(Lnet/minecraft/resources/Identifier;Lnet/minecraft/world/level/saveddata/SavedDataType$Factory;Lnet/minecraft/world/level/saveddata/SavedDataType$Factory;)V
        49: putstatic     #76                 // Field TYPE:Lnet/minecraft/world/level/saveddata/SavedDataType;
        52: return
}
