Compiled from "VillageRelicSystem.java"
public final class kr.moonseungjun.villageguardians.VillageRelicSystem {
  private static final java.lang.String SEP;

  private static final java.util.Map<java.util.UUID, java.lang.Integer> OWNED;

  private static final java.util.Map<java.util.UUID, java.lang.String> PENDING;

  private static kr.moonseungjun.villageguardians.VillageRelicData savedData;

  private kr.moonseungjun.villageguardians.VillageRelicSystem();
    Code:
         0: aload_0
         1: invokespecial #1                  // Method java/lang/Object."<init>":()V
         4: return

  public static synchronized void initializeServer(net.minecraft.server.MinecraftServer);
    Code:
         0: aload_0
         1: invokevirtual #7                  // Method net/minecraft/server/MinecraftServer.overworld:()Lnet/minecraft/server/level/ServerLevel;
         4: invokevirtual #13                 // Method net/minecraft/server/level/ServerLevel.getDataStorage:()Lnet/minecraft/world/level/storage/SavedDataStorage;
         7: getstatic     #19                 // Field kr/moonseungjun/villageguardians/VillageRelicData.TYPE:Lnet/minecraft/world/level/saveddata/SavedDataType;
        10: invokevirtual #25                 // Method net/minecraft/world/level/storage/SavedDataStorage.computeIfAbsent:(Lnet/minecraft/world/level/saveddata/SavedDataType;)Lnet/minecraft/world/level/saveddata/SavedData;
        13: checkcast     #20                 // class kr/moonseungjun/villageguardians/VillageRelicData
        16: putstatic     #31                 // Field savedData:Lkr/moonseungjun/villageguardians/VillageRelicData;
        19: getstatic     #37                 // Field OWNED:Ljava/util/Map;
        22: invokeinterface #41,  1           // InterfaceMethod java/util/Map.clear:()V
        27: getstatic     #46                 // Field PENDING:Ljava/util/Map;
        30: invokeinterface #41,  1           // InterfaceMethod java/util/Map.clear:()V
        35: getstatic     #31                 // Field savedData:Lkr/moonseungjun/villageguardians/VillageRelicData;
        38: invokevirtual #49                 // Method kr/moonseungjun/villageguardians/VillageRelicData.owned:()Ljava/util/Map;
        41: invokedynamic #53,  0             // InvokeDynamic #0:accept:()Ljava/util/function/BiConsumer;
        46: invokeinterface #57,  2           // InterfaceMethod java/util/Map.forEach:(Ljava/util/function/BiConsumer;)V
        51: getstatic     #31                 // Field savedData:Lkr/moonseungjun/villageguardians/VillageRelicData;
        54: invokevirtual #61                 // Method kr/moonseungjun/villageguardians/VillageRelicData.pending:()Ljava/util/Map;
        57: invokedynamic #64,  0             // InvokeDynamic #1:accept:()Ljava/util/function/BiConsumer;
        62: invokeinterface #57,  2           // InterfaceMethod java/util/Map.forEach:(Ljava/util/function/BiConsumer;)V
        67: invokestatic  #65                 // Method persist:()V
        70: return

  public static synchronized void offerToParty(net.minecraft.server.MinecraftServer);
    Code:
         0: invokestatic  #68                 // Method kr/moonseungjun/villageguardians/VillageCouncilState.currentDay:()I
         3: istore_1
         4: aload_0
         5: invokevirtual #74                 // Method net/minecraft/server/MinecraftServer.getPlayerList:()Lnet/minecraft/server/players/PlayerList;
         8: invokevirtual #78                 // Method net/minecraft/server/players/PlayerList.getPlayers:()Ljava/util/List;
        11: invokeinterface #84,  1           // InterfaceMethod java/util/List.iterator:()Ljava/util/Iterator;
        16: astore_2
        17: aload_2
        18: invokeinterface #90,  1           // InterfaceMethod java/util/Iterator.hasNext:()Z
        23: ifeq          114
        26: aload_2
        27: invokeinterface #96,  1           // InterfaceMethod java/util/Iterator.next:()Ljava/lang/Object;
        32: checkcast     #100                // class net/minecraft/server/level/ServerPlayer
        35: astore_3
        36: aload_3
        37: iload_1
        38: invokestatic  #102                // Method choicesFor:(Lnet/minecraft/server/level/ServerPlayer;I)Ljava/util/List;
        41: astore        4
        43: aload         4
        45: invokeinterface #106,  1          // InterfaceMethod java/util/List.isEmpty:()Z
        50: ifeq          56
        53: goto          17
        56: getstatic     #46                 // Field PENDING:Ljava/util/Map;
        59: aload_3
        60: invokevirtual #109                // Method net/minecraft/server/level/ServerPlayer.getUUID:()Ljava/util/UUID;
        63: aload         4
        65: invokeinterface #113,  1          // InterfaceMethod java/util/List.stream:()Ljava/util/stream/Stream;
        70: invokedynamic #117,  0            // InvokeDynamic #2:apply:()Ljava/util/function/Function;
        75: invokeinterface #121,  2          // InterfaceMethod java/util/stream/Stream.map:(Ljava/util/function/Function;)Ljava/util/stream/Stream;
        80: invokedynamic #127,  0            // InvokeDynamic #3:apply:()Ljava/util/function/BinaryOperator;
        85: invokeinterface #130,  2          // InterfaceMethod java/util/stream/Stream.reduce:(Ljava/util/function/BinaryOperator;)Ljava/util/Optional;
        90: ldc           #134                // String
        92: invokevirtual #136                // Method java/util/Optional.orElse:(Ljava/lang/Object;)Ljava/lang/Object;
        95: checkcast     #142                // class java/lang/String
        98: invokeinterface #144,  3          // InterfaceMethod java/util/Map.put:(Ljava/lang/Object;Ljava/lang/Object;)Ljava/lang/Object;
       103: pop
       104: invokestatic  #65                 // Method persist:()V
       107: aload_3
       108: invokestatic  #148                // Method openChoice:(Lnet/minecraft/server/level/ServerPlayer;)V
       111: goto          17
       114: return

  public static synchronized void openChoice(net.minecraft.server.level.ServerPlayer);
    Code:
         0: aload_0
         1: invokestatic  #152                // Method pendingChoices:(Lnet/minecraft/server/level/ServerPlayer;)Ljava/util/List;
         4: astore_1
         5: aload_1
         6: invokeinterface #106,  1          // InterfaceMethod java/util/List.isEmpty:()Z
        11: ifeq          15
        14: return
        15: new           #156                // class java/util/ArrayList
        18: dup
        19: invokespecial #158                // Method java/util/ArrayList."<init>":()V
        22: astore_2
        23: new           #156                // class java/util/ArrayList
        26: dup
        27: invokespecial #158                // Method java/util/ArrayList."<init>":()V
        30: astore_3
        31: aload_1
        32: invokeinterface #84,  1           // InterfaceMethod java/util/List.iterator:()Ljava/util/Iterator;
        37: astore        4
        39: aload         4
        41: invokeinterface #90,  1           // InterfaceMethod java/util/Iterator.hasNext:()Z
        46: ifeq          103
        49: aload         4
        51: invokeinterface #96,  1           // InterfaceMethod java/util/Iterator.next:()Ljava/lang/Object;
        56: checkcast     #159                // class kr/moonseungjun/villageguardians/VillageRelicSystem$Relic
        59: astore        5
        61: aload_2
        62: aload         5
        64: invokevirtual #161                // Method kr/moonseungjun/villageguardians/VillageRelicSystem$Relic.id:()Ljava/lang/String;
        67: invokedynamic #165,  0            // InvokeDynamic #4:makeConcatWithConstants:(Ljava/lang/String;)Ljava/lang/String;
        72: invokeinterface #169,  2          // InterfaceMethod java/util/List.add:(Ljava/lang/Object;)Z
        77: pop
        78: aload_3
        79: aload         5
        81: invokevirtual #173                // Method kr/moonseungjun/villageguardians/VillageRelicSystem$Relic.displayName:()Ljava/lang/String;
        84: aload         5
        86: invokevirtual #176                // Method kr/moonseungjun/villageguardians/VillageRelicSystem$Relic.description:()Ljava/lang/String;
        89: invokedynamic #179,  0            // InvokeDynamic #5:makeConcatWithConstants:(Ljava/lang/String;Ljava/lang/String;)Ljava/lang/String;
        94: invokeinterface #169,  2          // InterfaceMethod java/util/List.add:(Ljava/lang/Object;)Z
        99: pop
       100: goto          39
       103: aload_0
       104: new           #182                // class kr/moonseungjun/villageguardians/VillageNetwork$OpenVillageUiPayload
       107: dup
       108: ldc           #184                // String relic_choice
       110: ldc           #186                // String 보스 유물 선택
       112: ldc           #188                // String 보스를 쓰러뜨렸습니다. 세 유물 중 하나를 선택하면 이 플레이어에게 영구 적용됩니다.
       114: ldc           #190                // String \u001f
       116: aload_2
       117: invokestatic  #192                // Method java/lang/String.join:(Ljava/lang/CharSequence;Ljava/lang/Iterable;)Ljava/lang/String;
       120: ldc           #190                // String \u001f
       122: aload_3
       123: invokestatic  #192                // Method java/lang/String.join:(Ljava/lang/CharSequence;Ljava/lang/Iterable;)Ljava/lang/String;
       126: invokespecial #196                // Method kr/moonseungjun/villageguardians/VillageNetwork$OpenVillageUiPayload."<init>":(Ljava/lang/String;Ljava/lang/String;Ljava/lang/String;Ljava/lang/String;Ljava/lang/String;)V
       129: invokestatic  #199                // Method kr/moonseungjun/villageguardians/VillageNetwork.open:(Lnet/minecraft/server/level/ServerPlayer;Lkr/moonseungjun/villageguardians/VillageNetwork$OpenVillageUiPayload;)V
       132: return

  public static synchronized void openCollection(net.minecraft.server.level.ServerPlayer);
    Code:
         0: aload_0
         1: invokestatic  #205                // Method ownedCount:(Lnet/minecraft/server/level/ServerPlayer;)I
         4: istore_1
         5: new           #156                // class java/util/ArrayList
         8: dup
         9: invokespecial #158                // Method java/util/ArrayList."<init>":()V
        12: astore_2
        13: invokestatic  #209                // Method kr/moonseungjun/villageguardians/VillageRelicSystem$Relic.values:()[Lkr/moonseungjun/villageguardians/VillageRelicSystem$Relic;
        16: astore_3
        17: aload_3
        18: arraylength
        19: istore        4
        21: iconst_0
        22: istore        5
        24: iload         5
        26: iload         4
        28: if_icmpge     111
        31: aload_3
        32: iload         5
        34: aaload
        35: astore        6
        37: aload_0
        38: aload         6
        40: invokestatic  #213                // Method has:(Lnet/minecraft/server/level/ServerPlayer;Lkr/moonseungjun/villageguardians/VillageRelicSystem$Relic;)Z
        43: istore        7
        45: aload_2
        46: ldc           #217                // String |
        48: iconst_5
        49: anewarray     #219                // class java/lang/CharSequence
        52: dup
        53: iconst_0
        54: ldc           #221                // String relic
        56: aastore
        57: dup
        58: iconst_1
        59: aload         6
        61: invokevirtual #161                // Method kr/moonseungjun/villageguardians/VillageRelicSystem$Relic.id:()Ljava/lang/String;
        64: aastore
        65: dup
        66: iconst_2
        67: iload         7
        69: ifeq          77
        72: ldc           #223                // String owned
        74: goto          79
        77: ldc           #224                // String locked
        79: aastore
        80: dup
        81: iconst_3
        82: aload         6
        84: invokevirtual #173                // Method kr/moonseungjun/villageguardians/VillageRelicSystem$Relic.displayName:()Ljava/lang/String;
        87: aastore
        88: dup
        89: iconst_4
        90: aload         6
        92: invokevirtual #176                // Method kr/moonseungjun/villageguardians/VillageRelicSystem$Relic.description:()Ljava/lang/String;
        95: aastore
        96: invokestatic  #226                // Method java/lang/String.join:(Ljava/lang/CharSequence;[Ljava/lang/CharSequence;)Ljava/lang/String;
        99: invokeinterface #169,  2          // InterfaceMethod java/util/List.add:(Ljava/lang/Object;)Z
       104: pop
       105: iinc          5, 1
       108: goto          24
       111: iload_1
       112: invokestatic  #209                // Method kr/moonseungjun/villageguardians/VillageRelicSystem$Relic.values:()[Lkr/moonseungjun/villageguardians/VillageRelicSystem$Relic;
       115: arraylength
       116: aload_0
       117: invokestatic  #229                // Method aggregateSummary:(Lnet/minecraft/server/level/ServerPlayer;)Ljava/lang/String;
       120: invokedynamic #233,  0            // InvokeDynamic #6:makeConcatWithConstants:(IILjava/lang/String;)Ljava/lang/String;
       125: astore_3
       126: aload_0
       127: new           #182                // class kr/moonseungjun/villageguardians/VillageNetwork$OpenVillageUiPayload
       130: dup
       131: ldc           #236                // String relic_collection
       133: ldc           #238                // String 획득 유물
       135: aload_3
       136: ldc           #134                // String
       138: ldc           #190                // String \u001f
       140: aload_2
       141: invokestatic  #192                // Method java/lang/String.join:(Ljava/lang/CharSequence;Ljava/lang/Iterable;)Ljava/lang/String;
       144: invokespecial #196                // Method kr/moonseungjun/villageguardians/VillageNetwork$OpenVillageUiPayload."<init>":(Ljava/lang/String;Ljava/lang/String;Ljava/lang/String;Ljava/lang/String;Ljava/lang/String;)V
       147: invokestatic  #199                // Method kr/moonseungjun/villageguardians/VillageNetwork.open:(Lnet/minecraft/server/level/ServerPlayer;Lkr/moonseungjun/villageguardians/VillageNetwork$OpenVillageUiPayload;)V
       150: return

  public static synchronized java.lang.String select(net.minecraft.server.level.ServerPlayer, java.lang.String);
    Code:
         0: aload_1
         1: invokestatic  #240                // Method kr/moonseungjun/villageguardians/VillageRelicSystem$Relic.fromId:(Ljava/lang/String;)Lkr/moonseungjun/villageguardians/VillageRelicSystem$Relic;
         4: astore_2
         5: aload_2
         6: ifnonnull     12
         9: ldc           #244                // String 알 수 없는 유물입니다.
        11: areturn
        12: aload_0
        13: invokestatic  #152                // Method pendingChoices:(Lnet/minecraft/server/level/ServerPlayer;)Ljava/util/List;
        16: astore_3
        17: aload_3
        18: aload_2
        19: invokeinterface #246,  2          // InterfaceMethod java/util/List.contains:(Ljava/lang/Object;)Z
        24: ifne          30
        27: ldc           #249                // String 현재 제시된 유물이 아닙니다.
        29: areturn
        30: getstatic     #37                 // Field OWNED:Ljava/util/Map;
        33: aload_0
        34: invokevirtual #109                // Method net/minecraft/server/level/ServerPlayer.getUUID:()Ljava/util/UUID;
        37: iconst_0
        38: invokestatic  #251                // Method java/lang/Integer.valueOf:(I)Ljava/lang/Integer;
        41: invokeinterface #257,  3          // InterfaceMethod java/util/Map.getOrDefault:(Ljava/lang/Object;Ljava/lang/Object;)Ljava/lang/Object;
        46: checkcast     #252                // class java/lang/Integer
        49: invokevirtual #260                // Method java/lang/Integer.intValue:()I
        52: istore        4
        54: getstatic     #37                 // Field OWNED:Ljava/util/Map;
        57: aload_0
        58: invokevirtual #109                // Method net/minecraft/server/level/ServerPlayer.getUUID:()Ljava/util/UUID;
        61: iload         4
        63: aload_2
        64: invokevirtual #263                // Method kr/moonseungjun/villageguardians/VillageRelicSystem$Relic.bit:()I
        67: ior
        68: invokestatic  #266                // Method sanitizeMask:(I)I
        71: invokestatic  #251                // Method java/lang/Integer.valueOf:(I)Ljava/lang/Integer;
        74: invokeinterface #144,  3          // InterfaceMethod java/util/Map.put:(Ljava/lang/Object;Ljava/lang/Object;)Ljava/lang/Object;
        79: pop
        80: getstatic     #46                 // Field PENDING:Ljava/util/Map;
        83: aload_0
        84: invokevirtual #109                // Method net/minecraft/server/level/ServerPlayer.getUUID:()Ljava/util/UUID;
        87: invokeinterface #270,  2          // InterfaceMethod java/util/Map.remove:(Ljava/lang/Object;)Ljava/lang/Object;
        92: pop
        93: invokestatic  #65                 // Method persist:()V
        96: aload_2
        97: invokevirtual #173                // Method kr/moonseungjun/villageguardians/VillageRelicSystem$Relic.displayName:()Ljava/lang/String;
       100: aload_2
       101: invokevirtual #176                // Method kr/moonseungjun/villageguardians/VillageRelicSystem$Relic.description:()Ljava/lang/String;
       104: invokedynamic #273,  0            // InvokeDynamic #7:makeConcatWithConstants:(Ljava/lang/String;Ljava/lang/String;)Ljava/lang/String;
       109: areturn

  public static synchronized boolean has(net.minecraft.server.level.ServerPlayer, kr.moonseungjun.villageguardians.VillageRelicSystem$Relic);
    Code:
         0: aload_0
         1: ifnull        42
         4: aload_1
         5: ifnull        42
         8: getstatic     #37                 // Field OWNED:Ljava/util/Map;
        11: aload_0
        12: invokevirtual #109                // Method net/minecraft/server/level/ServerPlayer.getUUID:()Ljava/util/UUID;
        15: iconst_0
        16: invokestatic  #251                // Method java/lang/Integer.valueOf:(I)Ljava/lang/Integer;
        19: invokeinterface #257,  3          // InterfaceMethod java/util/Map.getOrDefault:(Ljava/lang/Object;Ljava/lang/Object;)Ljava/lang/Object;
        24: checkcast     #252                // class java/lang/Integer
        27: invokevirtual #260                // Method java/lang/Integer.intValue:()I
        30: aload_1
        31: invokevirtual #263                // Method kr/moonseungjun/villageguardians/VillageRelicSystem$Relic.bit:()I
        34: iand
        35: ifeq          42
        38: iconst_1
        39: goto          43
        42: iconst_0
        43: ireturn

  public static synchronized int ownedCount(net.minecraft.server.level.ServerPlayer);
    Code:
         0: aload_0
         1: ifnonnull     6
         4: iconst_0
         5: ireturn
         6: getstatic     #37                 // Field OWNED:Ljava/util/Map;
         9: aload_0
        10: invokevirtual #109                // Method net/minecraft/server/level/ServerPlayer.getUUID:()Ljava/util/UUID;
        13: iconst_0
        14: invokestatic  #251                // Method java/lang/Integer.valueOf:(I)Ljava/lang/Integer;
        17: invokeinterface #257,  3          // InterfaceMethod java/util/Map.getOrDefault:(Ljava/lang/Object;Ljava/lang/Object;)Ljava/lang/Object;
        22: checkcast     #252                // class java/lang/Integer
        25: invokevirtual #260                // Method java/lang/Integer.intValue:()I
        28: invokestatic  #266                // Method sanitizeMask:(I)I
        31: invokestatic  #274                // Method java/lang/Integer.bitCount:(I)I
        34: ireturn

  public static synchronized void resetForNewGame();
    Code:
         0: getstatic     #37                 // Field OWNED:Ljava/util/Map;
         3: invokeinterface #41,  1           // InterfaceMethod java/util/Map.clear:()V
         8: getstatic     #46                 // Field PENDING:Ljava/util/Map;
        11: invokeinterface #41,  1           // InterfaceMethod java/util/Map.clear:()V
        16: invokestatic  #65                 // Method persist:()V
        19: return

  public static float meleeMultiplier(net.minecraft.server.level.ServerPlayer);
    Code:
         0: fconst_1
         1: fstore_1
         2: aload_0
         3: getstatic     #277                // Field kr/moonseungjun/villageguardians/VillageRelicSystem$Relic.WAR_SIGIL:Lkr/moonseungjun/villageguardians/VillageRelicSystem$Relic;
         6: invokestatic  #213                // Method has:(Lnet/minecraft/server/level/ServerPlayer;Lkr/moonseungjun/villageguardians/VillageRelicSystem$Relic;)Z
         9: ifeq          18
        12: fload_1
        13: ldc_w         #281                // float 1.15f
        16: fmul
        17: fstore_1
        18: aload_0
        19: getstatic     #282                // Field kr/moonseungjun/villageguardians/VillageRelicSystem$Relic.EXECUTION_EDGE:Lkr/moonseungjun/villageguardians/VillageRelicSystem$Relic;
        22: invokestatic  #213                // Method has:(Lnet/minecraft/server/level/ServerPlayer;Lkr/moonseungjun/villageguardians/VillageRelicSystem$Relic;)Z
        25: ifeq          34
        28: fload_1
        29: ldc_w         #285                // float 1.1f
        32: fmul
        33: fstore_1
        34: aload_0
        35: getstatic     #286                // Field kr/moonseungjun/villageguardians/VillageRelicSystem$Relic.BLOOD_CHALICE:Lkr/moonseungjun/villageguardians/VillageRelicSystem$Relic;
        38: invokestatic  #213                // Method has:(Lnet/minecraft/server/level/ServerPlayer;Lkr/moonseungjun/villageguardians/VillageRelicSystem$Relic;)Z
        41: ifeq          50
        44: fload_1
        45: ldc_w         #289                // float 1.08f
        48: fmul
        49: fstore_1
        50: aload_0
        51: getstatic     #290                // Field kr/moonseungjun/villageguardians/VillageRelicSystem$Relic.STORM_FEATHER:Lkr/moonseungjun/villageguardians/VillageRelicSystem$Relic;
        54: invokestatic  #213                // Method has:(Lnet/minecraft/server/level/ServerPlayer;Lkr/moonseungjun/villageguardians/VillageRelicSystem$Relic;)Z
        57: ifeq          66
        60: fload_1
        61: ldc_w         #293                // float 1.05f
        64: fmul
        65: fstore_1
        66: fload_1
        67: freturn

  public static float projectileMultiplier(net.minecraft.server.level.ServerPlayer);
    Code:
         0: fconst_1
         1: fstore_1
         2: aload_0
         3: getstatic     #294                // Field kr/moonseungjun/villageguardians/VillageRelicSystem$Relic.HUNTERS_EYE:Lkr/moonseungjun/villageguardians/VillageRelicSystem$Relic;
         6: invokestatic  #213                // Method has:(Lnet/minecraft/server/level/ServerPlayer;Lkr/moonseungjun/villageguardians/VillageRelicSystem$Relic;)Z
         9: ifeq          18
        12: fload_1
        13: ldc_w         #297                // float 1.18f
        16: fmul
        17: fstore_1
        18: aload_0
        19: getstatic     #277                // Field kr/moonseungjun/villageguardians/VillageRelicSystem$Relic.WAR_SIGIL:Lkr/moonseungjun/villageguardians/VillageRelicSystem$Relic;
        22: invokestatic  #213                // Method has:(Lnet/minecraft/server/level/ServerPlayer;Lkr/moonseungjun/villageguardians/VillageRelicSystem$Relic;)Z
        25: ifeq          34
        28: fload_1
        29: ldc_w         #289                // float 1.08f
        32: fmul
        33: fstore_1
        34: aload_0
        35: getstatic     #290                // Field kr/moonseungjun/villageguardians/VillageRelicSystem$Relic.STORM_FEATHER:Lkr/moonseungjun/villageguardians/VillageRelicSystem$Relic;
        38: invokestatic  #213                // Method has:(Lnet/minecraft/server/level/ServerPlayer;Lkr/moonseungjun/villageguardians/VillageRelicSystem$Relic;)Z
        41: ifeq          50
        44: fload_1
        45: ldc_w         #285                // float 1.1f
        48: fmul
        49: fstore_1
        50: fload_1
        51: freturn

  public static float incomingMultiplier(net.minecraft.server.level.ServerPlayer);
    Code:
         0: fconst_1
         1: fstore_1
         2: aload_0
         3: getstatic     #298                // Field kr/moonseungjun/villageguardians/VillageRelicSystem$Relic.WARD_STONE:Lkr/moonseungjun/villageguardians/VillageRelicSystem$Relic;
         6: invokestatic  #213                // Method has:(Lnet/minecraft/server/level/ServerPlayer;Lkr/moonseungjun/villageguardians/VillageRelicSystem$Relic;)Z
         9: ifeq          18
        12: fload_1
        13: ldc_w         #301                // float 0.86f
        16: fmul
        17: fstore_1
        18: aload_0
        19: getstatic     #302                // Field kr/moonseungjun/villageguardians/VillageRelicSystem$Relic.LAST_LIGHT:Lkr/moonseungjun/villageguardians/VillageRelicSystem$Relic;
        22: invokestatic  #213                // Method has:(Lnet/minecraft/server/level/ServerPlayer;Lkr/moonseungjun/villageguardians/VillageRelicSystem$Relic;)Z
        25: ifeq          34
        28: fload_1
        29: ldc_w         #305                // float 0.92f
        32: fmul
        33: fstore_1
        34: aload_0
        35: getstatic     #306                // Field kr/moonseungjun/villageguardians/VillageRelicSystem$Relic.BASTION_CORE:Lkr/moonseungjun/villageguardians/VillageRelicSystem$Relic;
        38: invokestatic  #213                // Method has:(Lnet/minecraft/server/level/ServerPlayer;Lkr/moonseungjun/villageguardians/VillageRelicSystem$Relic;)Z
        41: ifeq          50
        44: fload_1
        45: ldc_w         #309                // float 0.9f
        48: fmul
        49: fstore_1
        50: aload_0
        51: getstatic     #290                // Field kr/moonseungjun/villageguardians/VillageRelicSystem$Relic.STORM_FEATHER:Lkr/moonseungjun/villageguardians/VillageRelicSystem$Relic;
        54: invokestatic  #213                // Method has:(Lnet/minecraft/server/level/ServerPlayer;Lkr/moonseungjun/villageguardians/VillageRelicSystem$Relic;)Z
        57: ifeq          66
        60: fload_1
        61: ldc_w         #310                // float 0.96f
        64: fmul
        65: fstore_1
        66: fload_1
        67: freturn

  public static float skillMultiplier(net.minecraft.server.level.ServerPlayer);
    Code:
         0: fconst_1
         1: fstore_1
         2: aload_0
         3: getstatic     #311                // Field kr/moonseungjun/villageguardians/VillageRelicSystem$Relic.ARCANE_HEART:Lkr/moonseungjun/villageguardians/VillageRelicSystem$Relic;
         6: invokestatic  #213                // Method has:(Lnet/minecraft/server/level/ServerPlayer;Lkr/moonseungjun/villageguardians/VillageRelicSystem$Relic;)Z
         9: ifeq          18
        12: fload_1
        13: ldc_w         #314                // float 1.2f
        16: fmul
        17: fstore_1
        18: aload_0
        19: getstatic     #302                // Field kr/moonseungjun/villageguardians/VillageRelicSystem$Relic.LAST_LIGHT:Lkr/moonseungjun/villageguardians/VillageRelicSystem$Relic;
        22: invokestatic  #213                // Method has:(Lnet/minecraft/server/level/ServerPlayer;Lkr/moonseungjun/villageguardians/VillageRelicSystem$Relic;)Z
        25: ifeq          34
        28: fload_1
        29: ldc_w         #289                // float 1.08f
        32: fmul
        33: fstore_1
        34: aload_0
        35: getstatic     #315                // Field kr/moonseungjun/villageguardians/VillageRelicSystem$Relic.DAWN_PRISM:Lkr/moonseungjun/villageguardians/VillageRelicSystem$Relic;
        38: invokestatic  #213                // Method has:(Lnet/minecraft/server/level/ServerPlayer;Lkr/moonseungjun/villageguardians/VillageRelicSystem$Relic;)Z
        41: ifeq          50
        44: fload_1
        45: ldc_w         #318                // float 1.12f
        48: fmul
        49: fstore_1
        50: fload_1
        51: freturn

  public static float executionMultiplier(net.minecraft.server.level.ServerPlayer, float, float);
    Code:
         0: aload_0
         1: getstatic     #282                // Field kr/moonseungjun/villageguardians/VillageRelicSystem$Relic.EXECUTION_EDGE:Lkr/moonseungjun/villageguardians/VillageRelicSystem$Relic;
         4: invokestatic  #213                // Method has:(Lnet/minecraft/server/level/ServerPlayer;Lkr/moonseungjun/villageguardians/VillageRelicSystem$Relic;)Z
         7: ifeq          16
        10: fload_2
        11: fconst_0
        12: fcmpg
        13: ifgt          18
        16: fconst_1
        17: freturn
        18: fload_1
        19: fload_2
        20: ldc_w         #319                // float 0.3f
        23: fmul
        24: fcmpg
        25: ifgt          34
        28: ldc_w         #314                // float 1.2f
        31: goto          35
        34: fconst_1
        35: freturn

  public static int cooldownReductionSeconds(net.minecraft.server.level.ServerPlayer);
    Code:
         0: aload_0
         1: getstatic     #320                // Field kr/moonseungjun/villageguardians/VillageRelicSystem$Relic.CHRONO_SHARD:Lkr/moonseungjun/villageguardians/VillageRelicSystem$Relic;
         4: invokestatic  #213                // Method has:(Lnet/minecraft/server/level/ServerPlayer;Lkr/moonseungjun/villageguardians/VillageRelicSystem$Relic;)Z
         7: ifeq          14
        10: iconst_4
        11: goto          15
        14: iconst_0
        15: ireturn

  public static float vanguardLifeStealBonus(net.minecraft.server.level.ServerPlayer);
    Code:
         0: aload_0
         1: getstatic     #286                // Field kr/moonseungjun/villageguardians/VillageRelicSystem$Relic.BLOOD_CHALICE:Lkr/moonseungjun/villageguardians/VillageRelicSystem$Relic;
         4: invokestatic  #213                // Method has:(Lnet/minecraft/server/level/ServerPlayer;Lkr/moonseungjun/villageguardians/VillageRelicSystem$Relic;)Z
         7: ifeq          16
        10: ldc_w         #323                // float 0.04f
        13: goto          17
        16: fconst_0
        17: freturn

  public static synchronized java.lang.String summary(net.minecraft.server.level.ServerPlayer);
    Code:
         0: new           #156                // class java/util/ArrayList
         3: dup
         4: invokespecial #158                // Method java/util/ArrayList."<init>":()V
         7: astore_1
         8: invokestatic  #209                // Method kr/moonseungjun/villageguardians/VillageRelicSystem$Relic.values:()[Lkr/moonseungjun/villageguardians/VillageRelicSystem$Relic;
        11: astore_2
        12: aload_2
        13: arraylength
        14: istore_3
        15: iconst_0
        16: istore        4
        18: iload         4
        20: iload_3
        21: if_icmpge     57
        24: aload_2
        25: iload         4
        27: aaload
        28: astore        5
        30: aload_0
        31: aload         5
        33: invokestatic  #213                // Method has:(Lnet/minecraft/server/level/ServerPlayer;Lkr/moonseungjun/villageguardians/VillageRelicSystem$Relic;)Z
        36: ifeq          51
        39: aload_1
        40: aload         5
        42: invokevirtual #173                // Method kr/moonseungjun/villageguardians/VillageRelicSystem$Relic.displayName:()Ljava/lang/String;
        45: invokeinterface #169,  2          // InterfaceMethod java/util/List.add:(Ljava/lang/Object;)Z
        50: pop
        51: iinc          4, 1
        54: goto          18
        57: aload_1
        58: invokeinterface #106,  1          // InterfaceMethod java/util/List.isEmpty:()Z
        63: ifeq          72
        66: ldc_w         #324                // String 없음
        69: goto          79
        72: ldc_w         #326                // String  ·
        75: aload_1
        76: invokestatic  #192                // Method java/lang/String.join:(Ljava/lang/CharSequence;Ljava/lang/Iterable;)Ljava/lang/String;
        79: areturn

  public static java.lang.String aggregateSummary(net.minecraft.server.level.ServerPlayer);
    Code:
         0: aload_0
         1: invokestatic  #328                // Method meleeMultiplier:(Lnet/minecraft/server/level/ServerPlayer;)F
         4: fconst_1
         5: fsub
         6: invokestatic  #332                // Method roundedPercent:(F)I
         9: istore_1
        10: aload_0
        11: invokestatic  #336                // Method projectileMultiplier:(Lnet/minecraft/server/level/ServerPlayer;)F
        14: fconst_1
        15: fsub
        16: invokestatic  #332                // Method roundedPercent:(F)I
        19: istore_2
        20: aload_0
        21: invokestatic  #339                // Method skillMultiplier:(Lnet/minecraft/server/level/ServerPlayer;)F
        24: fconst_1
        25: fsub
        26: invokestatic  #332                // Method roundedPercent:(F)I
        29: istore_3
        30: fconst_1
        31: aload_0
        32: invokestatic  #342                // Method incomingMultiplier:(Lnet/minecraft/server/level/ServerPlayer;)F
        35: fsub
        36: invokestatic  #332                // Method roundedPercent:(F)I
        39: istore        4
        41: aload_0
        42: invokestatic  #345                // Method cooldownReductionSeconds:(Lnet/minecraft/server/level/ServerPlayer;)I
        45: istore        5
        47: aload_0
        48: invokestatic  #348                // Method vanguardLifeStealBonus:(Lnet/minecraft/server/level/ServerPlayer;)F
        51: ldc_w         #351                // float 100.0f
        54: fmul
        55: invokestatic  #352                // Method java/lang/Math.round:(F)I
        58: istore        6
        60: new           #156                // class java/util/ArrayList
        63: dup
        64: invokespecial #158                // Method java/util/ArrayList."<init>":()V
        67: astore        7
        69: iload_1
        70: ifle          87
        73: aload         7
        75: iload_1
        76: invokedynamic #357,  0            // InvokeDynamic #8:makeConcatWithConstants:(I)Ljava/lang/String;
        81: invokeinterface #169,  2          // InterfaceMethod java/util/List.add:(Ljava/lang/Object;)Z
        86: pop
        87: iload_2
        88: ifle          105
        91: aload         7
        93: iload_2
        94: invokedynamic #360,  0            // InvokeDynamic #9:makeConcatWithConstants:(I)Ljava/lang/String;
        99: invokeinterface #169,  2          // InterfaceMethod java/util/List.add:(Ljava/lang/Object;)Z
       104: pop
       105: iload_3
       106: ifle          123
       109: aload         7
       111: iload_3
       112: invokedynamic #361,  0            // InvokeDynamic #10:makeConcatWithConstants:(I)Ljava/lang/String;
       117: invokeinterface #169,  2          // InterfaceMethod java/util/List.add:(Ljava/lang/Object;)Z
       122: pop
       123: iload         4
       125: ifle          143
       128: aload         7
       130: iload         4
       132: invokedynamic #362,  0            // InvokeDynamic #11:makeConcatWithConstants:(I)Ljava/lang/String;
       137: invokeinterface #169,  2          // InterfaceMethod java/util/List.add:(Ljava/lang/Object;)Z
       142: pop
       143: iload         5
       145: ifle          163
       148: aload         7
       150: iload         5
       152: invokedynamic #363,  0            // InvokeDynamic #12:makeConcatWithConstants:(I)Ljava/lang/String;
       157: invokeinterface #169,  2          // InterfaceMethod java/util/List.add:(Ljava/lang/Object;)Z
       162: pop
       163: iload         6
       165: ifle          183
       168: aload         7
       170: iload         6
       172: invokedynamic #364,  0            // InvokeDynamic #13:makeConcatWithConstants:(I)Ljava/lang/String;
       177: invokeinterface #169,  2          // InterfaceMethod java/util/List.add:(Ljava/lang/Object;)Z
       182: pop
       183: aload_0
       184: getstatic     #282                // Field kr/moonseungjun/villageguardians/VillageRelicSystem$Relic.EXECUTION_EDGE:Lkr/moonseungjun/villageguardians/VillageRelicSystem$Relic;
       187: invokestatic  #213                // Method has:(Lnet/minecraft/server/level/ServerPlayer;Lkr/moonseungjun/villageguardians/VillageRelicSystem$Relic;)Z
       190: ifeq          204
       193: aload         7
       195: ldc_w         #365                // String 체력 30% 이하 적 추가 피해 +20%
       198: invokeinterface #169,  2          // InterfaceMethod java/util/List.add:(Ljava/lang/Object;)Z
       203: pop
       204: aload         7
       206: invokeinterface #106,  1          // InterfaceMethod java/util/List.isEmpty:()Z
       211: ifeq          220
       214: ldc_w         #367                // String 현재 적용 중인 유물 효과 없음
       217: goto          228
       220: ldc_w         #326                // String  ·
       223: aload         7
       225: invokestatic  #192                // Method java/lang/String.join:(Ljava/lang/CharSequence;Ljava/lang/Iterable;)Ljava/lang/String;
       228: areturn

  private static int roundedPercent(float);
    Code:
         0: iconst_0
         1: fload_0
         2: ldc_w         #351                // float 100.0f
         5: fmul
         6: invokestatic  #352                // Method java/lang/Math.round:(F)I
         9: invokestatic  #369                // Method java/lang/Math.max:(II)I
        12: ireturn

  private static java.util.List<kr.moonseungjun.villageguardians.VillageRelicSystem$Relic> choicesFor(net.minecraft.server.level.ServerPlayer, int);
    Code:
         0: new           #156                // class java/util/ArrayList
         3: dup
         4: invokespecial #158                // Method java/util/ArrayList."<init>":()V
         7: astore_2
         8: getstatic     #37                 // Field OWNED:Ljava/util/Map;
        11: aload_0
        12: invokevirtual #109                // Method net/minecraft/server/level/ServerPlayer.getUUID:()Ljava/util/UUID;
        15: iconst_0
        16: invokestatic  #251                // Method java/lang/Integer.valueOf:(I)Ljava/lang/Integer;
        19: invokeinterface #257,  3          // InterfaceMethod java/util/Map.getOrDefault:(Ljava/lang/Object;Ljava/lang/Object;)Ljava/lang/Object;
        24: checkcast     #252                // class java/lang/Integer
        27: invokevirtual #260                // Method java/lang/Integer.intValue:()I
        30: istore_3
        31: invokestatic  #209                // Method kr/moonseungjun/villageguardians/VillageRelicSystem$Relic.values:()[Lkr/moonseungjun/villageguardians/VillageRelicSystem$Relic;
        34: astore        4
        36: aload         4
        38: arraylength
        39: istore        5
        41: iconst_0
        42: istore        6
        44: iload         6
        46: iload         5
        48: if_icmpge     83
        51: aload         4
        53: iload         6
        55: aaload
        56: astore        7
        58: iload_3
        59: aload         7
        61: invokevirtual #263                // Method kr/moonseungjun/villageguardians/VillageRelicSystem$Relic.bit:()I
        64: iand
        65: ifne          77
        68: aload_2
        69: aload         7
        71: invokeinterface #169,  2          // InterfaceMethod java/util/List.add:(Ljava/lang/Object;)Z
        76: pop
        77: iinc          6, 1
        80: goto          44
        83: aload_2
        84: invokeinterface #106,  1          // InterfaceMethod java/util/List.isEmpty:()Z
        89: ifeq          96
        92: invokestatic  #373                // InterfaceMethod java/util/List.of:()Ljava/util/List;
        95: areturn
        96: new           #156                // class java/util/ArrayList
        99: dup
       100: invokespecial #158                // Method java/util/ArrayList."<init>":()V
       103: astore        4
       105: aload_0
       106: invokevirtual #109                // Method net/minecraft/server/level/ServerPlayer.getUUID:()Ljava/util/UUID;
       109: invokevirtual #376                // Method java/util/UUID.hashCode:()I
       112: bipush        31
       114: imul
       115: iload_1
       116: bipush        17
       118: imul
       119: iadd
       120: iload_3
       121: invokestatic  #274                // Method java/lang/Integer.bitCount:(I)I
       124: bipush        13
       126: imul
       127: iadd
       128: istore        5
       130: aload_2
       131: invokeinterface #106,  1          // InterfaceMethod java/util/List.isEmpty:()Z
       136: ifne          196
       139: aload         4
       141: invokeinterface #381,  1          // InterfaceMethod java/util/List.size:()I
       146: iconst_3
       147: if_icmpge     196
       150: iload         5
       152: aload         4
       154: invokeinterface #381,  1          // InterfaceMethod java/util/List.size:()I
       159: bipush        37
       161: imul
       162: iadd
       163: aload_2
       164: invokeinterface #381,  1          // InterfaceMethod java/util/List.size:()I
       169: invokestatic  #384                // Method java/lang/Math.floorMod:(II)I
       172: istore        6
       174: aload         4
       176: aload_2
       177: iload         6
       179: invokeinterface #387,  2          // InterfaceMethod java/util/List.remove:(I)Ljava/lang/Object;
       184: checkcast     #159                // class kr/moonseungjun/villageguardians/VillageRelicSystem$Relic
       187: invokeinterface #169,  2          // InterfaceMethod java/util/List.add:(Ljava/lang/Object;)Z
       192: pop
       193: goto          130
       196: aload         4
       198: areturn

  private static java.util.List<kr.moonseungjun.villageguardians.VillageRelicSystem$Relic> pendingChoices(net.minecraft.server.level.ServerPlayer);
    Code:
         0: getstatic     #46                 // Field PENDING:Ljava/util/Map;
         3: aload_0
         4: invokevirtual #109                // Method net/minecraft/server/level/ServerPlayer.getUUID:()Ljava/util/UUID;
         7: ldc           #134                // String
         9: invokeinterface #257,  3          // InterfaceMethod java/util/Map.getOrDefault:(Ljava/lang/Object;Ljava/lang/Object;)Ljava/lang/Object;
        14: checkcast     #142                // class java/lang/String
        17: astore_1
        18: new           #156                // class java/util/ArrayList
        21: dup
        22: invokespecial #158                // Method java/util/ArrayList."<init>":()V
        25: astore_2
        26: aload_1
        27: ldc_w         #390                // String ,
        30: invokevirtual #392                // Method java/lang/String.split:(Ljava/lang/String;)[Ljava/lang/String;
        33: astore_3
        34: aload_3
        35: arraylength
        36: istore        4
        38: iconst_0
        39: istore        5
        41: iload         5
        43: iload         4
        45: if_icmpge     81
        48: aload_3
        49: iload         5
        51: aaload
        52: astore        6
        54: aload         6
        56: invokestatic  #240                // Method kr/moonseungjun/villageguardians/VillageRelicSystem$Relic.fromId:(Ljava/lang/String;)Lkr/moonseungjun/villageguardians/VillageRelicSystem$Relic;
        59: astore        7
        61: aload         7
        63: ifnull        75
        66: aload_2
        67: aload         7
        69: invokeinterface #169,  2          // InterfaceMethod java/util/List.add:(Ljava/lang/Object;)Z
        74: pop
        75: iinc          5, 1
        78: goto          41
        81: aload_2
        82: areturn

  private static int sanitizeMask(int);
    Code:
         0: iconst_1
         1: invokestatic  #209                // Method kr/moonseungjun/villageguardians/VillageRelicSystem$Relic.values:()[Lkr/moonseungjun/villageguardians/VillageRelicSystem$Relic;
         4: arraylength
         5: ishl
         6: iconst_1
         7: isub
         8: istore_1
         9: iload_0
        10: iload_1
        11: iand
        12: ireturn

  private static void persist();
    Code:
         0: getstatic     #31                 // Field savedData:Lkr/moonseungjun/villageguardians/VillageRelicData;
         3: ifnonnull     7
         6: return
         7: new           #396                // class java/util/LinkedHashMap
        10: dup
        11: invokespecial #398                // Method java/util/LinkedHashMap."<init>":()V
        14: astore_0
        15: getstatic     #37                 // Field OWNED:Ljava/util/Map;
        18: aload_0
        19: invokedynamic #399,  0            // InvokeDynamic #14:accept:(Ljava/util/Map;)Ljava/util/function/BiConsumer;
        24: invokeinterface #57,  2           // InterfaceMethod java/util/Map.forEach:(Ljava/util/function/BiConsumer;)V
        29: new           #396                // class java/util/LinkedHashMap
        32: dup
        33: invokespecial #398                // Method java/util/LinkedHashMap."<init>":()V
        36: astore_1
        37: getstatic     #46                 // Field PENDING:Ljava/util/Map;
        40: aload_1
        41: invokedynamic #402,  0            // InvokeDynamic #15:accept:(Ljava/util/Map;)Ljava/util/function/BiConsumer;
        46: invokeinterface #57,  2           // InterfaceMethod java/util/Map.forEach:(Ljava/util/function/BiConsumer;)V
        51: getstatic     #31                 // Field savedData:Lkr/moonseungjun/villageguardians/VillageRelicData;
        54: aload_0
        55: aload_1
        56: invokevirtual #403                // Method kr/moonseungjun/villageguardians/VillageRelicData.replace:(Ljava/util/Map;Ljava/util/Map;)V
        59: return

  private static void parseUuid(java.lang.String, java.util.function.Consumer<java.util.UUID>);
    Code:
         0: aload_1
         1: aload_0
         2: invokestatic  #407                // Method java/util/UUID.fromString:(Ljava/lang/String;)Ljava/util/UUID;
         5: invokeinterface #411,  2          // InterfaceMethod java/util/function/Consumer.accept:(Ljava/lang/Object;)V
        10: goto          14
        13: astore_2
        14: return
      Exception table:
         from    to  target type
             0    10    13   Class java/lang/IllegalArgumentException

  private static void lambda$persist$1(java.util.Map, java.util.UUID, java.lang.String);
    Code:
         0: aload_0
         1: aload_1
         2: invokevirtual #418                // Method java/util/UUID.toString:()Ljava/lang/String;
         5: aload_2
         6: invokeinterface #144,  3          // InterfaceMethod java/util/Map.put:(Ljava/lang/Object;Ljava/lang/Object;)Ljava/lang/Object;
        11: pop
        12: return

  private static void lambda$persist$0(java.util.Map, java.util.UUID, java.lang.Integer);
    Code:
         0: aload_0
         1: aload_1
         2: invokevirtual #418                // Method java/util/UUID.toString:()Ljava/lang/String;
         5: aload_2
         6: invokevirtual #260                // Method java/lang/Integer.intValue:()I
         9: invokestatic  #266                // Method sanitizeMask:(I)I
        12: invokestatic  #251                // Method java/lang/Integer.valueOf:(I)Ljava/lang/Integer;
        15: invokeinterface #144,  3          // InterfaceMethod java/util/Map.put:(Ljava/lang/Object;Ljava/lang/Object;)Ljava/lang/Object;
        20: pop
        21: return

  private static java.lang.String lambda$offerToParty$0(java.lang.String, java.lang.String);
    Code:
         0: aload_0
         1: aload_1
         2: invokedynamic #421,  0            // InvokeDynamic #16:makeConcatWithConstants:(Ljava/lang/String;Ljava/lang/String;)Ljava/lang/String;
         7: areturn

  private static void lambda$initializeServer$2(java.lang.String, java.lang.String);
    Code:
         0: aload_0
         1: aload_1
         2: invokedynamic #422,  0            // InvokeDynamic #17:accept:(Ljava/lang/String;)Ljava/util/function/Consumer;
         7: invokestatic  #425                // Method parseUuid:(Ljava/lang/String;Ljava/util/function/Consumer;)V
        10: return

  private static void lambda$initializeServer$3(java.lang.String, java.util.UUID);
    Code:
         0: getstatic     #46                 // Field PENDING:Ljava/util/Map;
         3: aload_1
         4: aload_0
         5: invokeinterface #144,  3          // InterfaceMethod java/util/Map.put:(Ljava/lang/Object;Ljava/lang/Object;)Ljava/lang/Object;
        10: pop
        11: return

  private static void lambda$initializeServer$0(java.lang.String, java.lang.Integer);
    Code:
         0: aload_0
         1: aload_1
         2: invokedynamic #429,  0            // InvokeDynamic #18:accept:(Ljava/lang/Integer;)Ljava/util/function/Consumer;
         7: invokestatic  #425                // Method parseUuid:(Ljava/lang/String;Ljava/util/function/Consumer;)V
        10: return

  private static void lambda$initializeServer$1(java.lang.Integer, java.util.UUID);
    Code:
         0: getstatic     #37                 // Field OWNED:Ljava/util/Map;
         3: aload_1
         4: aload_0
         5: invokevirtual #260                // Method java/lang/Integer.intValue:()I
         8: invokestatic  #266                // Method sanitizeMask:(I)I
        11: invokestatic  #251                // Method java/lang/Integer.valueOf:(I)Ljava/lang/Integer;
        14: invokeinterface #144,  3          // InterfaceMethod java/util/Map.put:(Ljava/lang/Object;Ljava/lang/Object;)Ljava/lang/Object;
        19: pop
        20: return

  static {};
    Code:
         0: new           #396                // class java/util/LinkedHashMap
         3: dup
         4: invokespecial #398                // Method java/util/LinkedHashMap."<init>":()V
         7: putstatic     #37                 // Field OWNED:Ljava/util/Map;
        10: new           #396                // class java/util/LinkedHashMap
        13: dup
        14: invokespecial #398                // Method java/util/LinkedHashMap."<init>":()V
        17: putstatic     #46                 // Field PENDING:Ljava/util/Map;
        20: return
}
Compiled from "VillageRpgSystem.java"
public final class kr.moonseungjun.villageguardians.VillageRpgSystem {
  private kr.moonseungjun.villageguardians.VillageRpgSystem();
    Code:
         0: aload_0
         1: invokespecial #1                  // Method java/lang/Object."<init>":()V
         4: return

  public static void resetTransientState();
    Code:
         0: invokestatic  #7                  // Method kr/moonseungjun/villageguardians/VillageCombatTechniqueSystem.reset:()V
         3: invokestatic  #12                 // Method kr/moonseungjun/villageguardians/VillageRoleSkillSystem.resetTransientState:()V
         6: invokestatic  #17                 // Method kr/moonseungjun/villageguardians/VillagePersonalCombatSystem.reset:()V
         9: return

  public static void refreshPassives(net.minecraft.server.MinecraftServer);
    Code:
         0: aload_0
         1: invokevirtual #20                 // Method net/minecraft/server/MinecraftServer.getPlayerList:()Lnet/minecraft/server/players/PlayerList;
         4: invokevirtual #26                 // Method net/minecraft/server/players/PlayerList.getPlayers:()Ljava/util/List;
         7: invokedynamic #32,  0             // InvokeDynamic #0:accept:()Ljava/util/function/Consumer;
        12: invokeinterface #36,  2           // InterfaceMethod java/util/List.forEach:(Ljava/util/function/Consumer;)V
        17: return

  public static void refreshPlayerPassive(net.minecraft.server.level.ServerPlayer);
    Code:
         0: aload_0
         1: invokevirtual #42                 // Method net/minecraft/server/level/ServerPlayer.getUUID:()Ljava/util/UUID;
         4: invokestatic  #48                 // Method kr/moonseungjun/villageguardians/VillageCouncilState.roleOf:(Ljava/util/UUID;)Ljava/util/Optional;
         7: aconst_null
         8: invokevirtual #54                 // Method java/util/Optional.orElse:(Ljava/lang/Object;)Ljava/lang/Object;
        11: checkcast     #60                 // class kr/moonseungjun/villageguardians/VillageRole
        14: astore_1
        15: aload_1
        16: getstatic     #62                 // Field kr/moonseungjun/villageguardians/VillageRole.VANGUARD:Lkr/moonseungjun/villageguardians/VillageRole;
        19: if_acmpne     27
        22: bipush        8
        24: goto          40
        27: aload_1
        28: getstatic     #66                 // Field kr/moonseungjun/villageguardians/VillageRole.WARDEN:Lkr/moonseungjun/villageguardians/VillageRole;
        31: if_acmpne     39
        34: bipush        6
        36: goto          40
        39: iconst_0
        40: istore_2
        41: aload_0
        42: invokevirtual #42                 // Method net/minecraft/server/level/ServerPlayer.getUUID:()Ljava/util/UUID;
        45: invokestatic  #69                 // Method kr/moonseungjun/villageguardians/VillageCouncilState.levelOf:(Ljava/util/UUID;)I
        48: invokestatic  #73                 // Method bonusHealthPoints:(I)I
        51: iload_2
        52: iadd
        53: istore_3
        54: iload_3
        55: ifle          84
        58: aload_0
        59: new           #79                 // class net/minecraft/world/effect/MobEffectInstance
        62: dup
        63: getstatic     #81                 // Field net/minecraft/world/effect/MobEffects.HEALTH_BOOST:Lnet/minecraft/core/Holder;
        66: bipush        80
        68: iconst_0
        69: iload_3
        70: iconst_4
        71: idiv
        72: iconst_1
        73: isub
        74: invokestatic  #87                 // Method java/lang/Math.max:(II)I
        77: invokespecial #93                 // Method net/minecraft/world/effect/MobEffectInstance."<init>":(Lnet/minecraft/core/Holder;II)V
        80: invokevirtual #96                 // Method net/minecraft/server/level/ServerPlayer.addEffect:(Lnet/minecraft/world/effect/MobEffectInstance;)Z
        83: pop
        84: aload_0
        85: invokestatic  #100                // Method kr/moonseungjun/villageguardians/VillageRespawnSystem.isDowned:(Lnet/minecraft/server/level/ServerPlayer;)Z
        88: ifne          142
        91: invokestatic  #106                // Method kr/moonseungjun/villageguardians/VillageCouncilState.currentPhase:()Lkr/moonseungjun/villageguardians/VillageTimePhase;
        94: getstatic     #110                // Field kr/moonseungjun/villageguardians/VillageTimePhase.DAY:Lkr/moonseungjun/villageguardians/VillageTimePhase;
        97: if_acmpne     104
       100: iconst_1
       101: goto          105
       104: iconst_0
       105: istore        4
       107: aload_0
       108: iload         4
       110: invokestatic  #116                // Method kr/moonseungjun/villageguardians/VillageSkillTreeSystem.passiveSpeedAmplifier:(Lnet/minecraft/server/level/ServerPlayer;Z)I
       113: istore        5
       115: iload         5
       117: iflt          142
       120: aload_0
       121: new           #79                 // class net/minecraft/world/effect/MobEffectInstance
       124: dup
       125: getstatic     #122                // Field net/minecraft/world/effect/MobEffects.SPEED:Lnet/minecraft/core/Holder;
       128: bipush        50
       130: iload         5
       132: iconst_0
       133: iconst_0
       134: iconst_1
       135: invokespecial #125                // Method net/minecraft/world/effect/MobEffectInstance."<init>":(Lnet/minecraft/core/Holder;IIZZZ)V
       138: invokevirtual #96                 // Method net/minecraft/server/level/ServerPlayer.addEffect:(Lnet/minecraft/world/effect/MobEffectInstance;)Z
       141: pop
       142: aload_1
       143: getstatic     #66                 // Field kr/moonseungjun/villageguardians/VillageRole.WARDEN:Lkr/moonseungjun/villageguardians/VillageRole;
       146: if_acmpne     204
       149: aload_0
       150: new           #79                 // class net/minecraft/world/effect/MobEffectInstance
       153: dup
       154: getstatic     #128                // Field net/minecraft/world/effect/MobEffects.REGENERATION:Lnet/minecraft/core/Holder;
       157: bipush        60
       159: iconst_0
       160: iconst_0
       161: iconst_0
       162: iconst_1
       163: invokespecial #125                // Method net/minecraft/world/effect/MobEffectInstance."<init>":(Lnet/minecraft/core/Holder;IIZZZ)V
       166: invokevirtual #96                 // Method net/minecraft/server/level/ServerPlayer.addEffect:(Lnet/minecraft/world/effect/MobEffectInstance;)Z
       169: pop
       170: aload_0
       171: invokevirtual #131                // Method net/minecraft/server/level/ServerPlayer.getOffhandItem:()Lnet/minecraft/world/item/ItemStack;
       174: getstatic     #135                // Field net/minecraft/world/item/Items.SHIELD:Lnet/minecraft/world/item/Item;
       177: invokevirtual #141                // Method net/minecraft/world/item/ItemStack.is:(Ljava/lang/Object;)Z
       180: ifeq          204
       183: aload_0
       184: new           #79                 // class net/minecraft/world/effect/MobEffectInstance
       187: dup
       188: getstatic     #147                // Field net/minecraft/world/effect/MobEffects.RESISTANCE:Lnet/minecraft/core/Holder;
       191: bipush        80
       193: iconst_0
       194: iconst_0
       195: iconst_0
       196: iconst_1
       197: invokespecial #125                // Method net/minecraft/world/effect/MobEffectInstance."<init>":(Lnet/minecraft/core/Holder;IIZZZ)V
       200: invokevirtual #96                 // Method net/minecraft/server/level/ServerPlayer.addEffect:(Lnet/minecraft/world/effect/MobEffectInstance;)Z
       203: pop
       204: aload_0
       205: invokestatic  #150                // Method kr/moonseungjun/villageguardians/VillagePersonalCombatSystem.applyLowHealthPassive:(Lnet/minecraft/server/level/ServerPlayer;)V
       208: return

  public static void handleIncomingDamage(net.neoforged.neoforge.event.entity.living.LivingIncomingDamageEvent);
    Code:
         0: aload_0
         1: invokevirtual #154                // Method net/neoforged/neoforge/event/entity/living/LivingIncomingDamageEvent.getSource:()Lnet/minecraft/world/damagesource/DamageSource;
         4: invokevirtual #160                // Method net/minecraft/world/damagesource/DamageSource.getEntity:()Lnet/minecraft/world/entity/Entity;
         7: astore_2
         8: aload_2
         9: instanceof    #43                 // class net/minecraft/server/level/ServerPlayer
        12: ifeq          215
        15: aload_2
        16: checkcast     #43                 // class net/minecraft/server/level/ServerPlayer
        19: astore_1
        20: aload_0
        21: invokevirtual #166                // Method net/neoforged/neoforge/event/entity/living/LivingIncomingDamageEvent.getEntity:()Lnet/minecraft/world/entity/LivingEntity;
        24: instanceof    #43                 // class net/minecraft/server/level/ServerPlayer
        27: ifne          215
        30: aload_0
        31: invokevirtual #154                // Method net/neoforged/neoforge/event/entity/living/LivingIncomingDamageEvent.getSource:()Lnet/minecraft/world/damagesource/DamageSource;
        34: invokevirtual #169                // Method net/minecraft/world/damagesource/DamageSource.getDirectEntity:()Lnet/minecraft/world/entity/Entity;
        37: instanceof    #172                // class net/minecraft/world/entity/projectile/arrow/AbstractArrow
        40: istore_2
        41: aload_1
        42: invokevirtual #42                 // Method net/minecraft/server/level/ServerPlayer.getUUID:()Ljava/util/UUID;
        45: invokestatic  #69                 // Method kr/moonseungjun/villageguardians/VillageCouncilState.levelOf:(Ljava/util/UUID;)I
        48: invokestatic  #174                // Method outgoingDamageMultiplier:(I)F
        51: fstore_3
        52: fload_3
        53: aload_1
        54: iload_2
        55: invokestatic  #178                // Method roleOutgoingMultiplier:(Lnet/minecraft/server/level/ServerPlayer;Z)F
        58: fmul
        59: fstore_3
        60: fload_3
        61: aload_1
        62: invokestatic  #182                // Method kr/moonseungjun/villageguardians/VillageProgressionSystem.smithyDamageMultiplier:(Lnet/minecraft/server/level/ServerPlayer;)F
        65: fmul
        66: fstore_3
        67: fload_3
        68: aload_1
        69: invokestatic  #188                // Method kr/moonseungjun/villageguardians/VillageProgressionSystem.learnedSkillDamageMultiplier:(Lnet/minecraft/server/level/ServerPlayer;)F
        72: fmul
        73: fstore_3
        74: fload_3
        75: aload_1
        76: invokestatic  #191                // Method kr/moonseungjun/villageguardians/VillageSkillTreeSystem.outgoingDamageMultiplier:(Lnet/minecraft/server/level/ServerPlayer;)F
        79: fmul
        80: fstore_3
        81: fload_3
        82: aload_1
        83: invokestatic  #193                // Method kr/moonseungjun/villageguardians/VillageSkillTreeSystem.movingDamageMultiplier:(Lnet/minecraft/server/level/ServerPlayer;)F
        86: fmul
        87: fstore_3
        88: fload_3
        89: iload_2
        90: ifeq          100
        93: aload_1
        94: invokestatic  #196                // Method kr/moonseungjun/villageguardians/VillageSkillTreeSystem.projectileDamageMultiplier:(Lnet/minecraft/server/level/ServerPlayer;)F
        97: goto          101
       100: fconst_1
       101: fmul
       102: fstore_3
       103: fload_3
       104: aload_1
       105: iload_2
       106: invokestatic  #199                // Method kr/moonseungjun/villageguardians/VillageEquipmentShop.outgoingMultiplier:(Lnet/minecraft/server/level/ServerPlayer;Z)F
       109: fmul
       110: fstore_3
       111: fload_3
       112: iload_2
       113: ifeq          123
       116: aload_1
       117: invokestatic  #204                // Method kr/moonseungjun/villageguardians/VillageRelicSystem.projectileMultiplier:(Lnet/minecraft/server/level/ServerPlayer;)F
       120: goto          127
       123: aload_1
       124: invokestatic  #209                // Method kr/moonseungjun/villageguardians/VillageRelicSystem.meleeMultiplier:(Lnet/minecraft/server/level/ServerPlayer;)F
       127: fmul
       128: fstore_3
       129: aload_0
       130: invokevirtual #166                // Method net/neoforged/neoforge/event/entity/living/LivingIncomingDamageEvent.getEntity:()Lnet/minecraft/world/entity/LivingEntity;
       133: astore        5
       135: aload         5
       137: instanceof    #212                // class net/minecraft/world/entity/monster/Monster
       140: ifeq          205
       143: aload         5
       145: checkcast     #212                // class net/minecraft/world/entity/monster/Monster
       148: astore        4
       150: fload_3
       151: aload_1
       152: aload         4
       154: invokevirtual #214                // Method net/minecraft/world/entity/monster/Monster.getHealth:()F
       157: aload         4
       159: invokevirtual #218                // Method net/minecraft/world/entity/monster/Monster.getMaxHealth:()F
       162: invokestatic  #221                // Method kr/moonseungjun/villageguardians/VillageSkillTreeSystem.executionMultiplier:(Lnet/minecraft/server/level/ServerPlayer;FF)F
       165: fmul
       166: fstore_3
       167: fload_3
       168: aload_1
       169: aload         4
       171: invokevirtual #214                // Method net/minecraft/world/entity/monster/Monster.getHealth:()F
       174: aload         4
       176: invokevirtual #218                // Method net/minecraft/world/entity/monster/Monster.getMaxHealth:()F
       179: invokestatic  #225                // Method kr/moonseungjun/villageguardians/VillageRelicSystem.executionMultiplier:(Lnet/minecraft/server/level/ServerPlayer;FF)F
       182: fmul
       183: fstore_3
       184: iload_2
       185: ifeq          205
       188: fload_3
       189: aload_1
       190: aload         4
       192: invokevirtual #214                // Method net/minecraft/world/entity/monster/Monster.getHealth:()F
       195: aload         4
       197: invokevirtual #218                // Method net/minecraft/world/entity/monster/Monster.getMaxHealth:()F
       200: invokestatic  #226                // Method kr/moonseungjun/villageguardians/VillageSkillTreeSystem.projectileExecutionMultiplier:(Lnet/minecraft/server/level/ServerPlayer;FF)F
       203: fmul
       204: fstore_3
       205: aload_0
       206: aload_0
       207: invokevirtual #229                // Method net/neoforged/neoforge/event/entity/living/LivingIncomingDamageEvent.getAmount:()F
       210: fload_3
       211: fmul
       212: invokevirtual #232                // Method net/neoforged/neoforge/event/entity/living/LivingIncomingDamageEvent.setAmount:(F)V
       215: aload_0
       216: invokevirtual #166                // Method net/neoforged/neoforge/event/entity/living/LivingIncomingDamageEvent.getEntity:()Lnet/minecraft/world/entity/LivingEntity;
       219: astore_2
       220: aload_2
       221: instanceof    #43                 // class net/minecraft/server/level/ServerPlayer
       224: ifeq          308
       227: aload_2
       228: checkcast     #43                 // class net/minecraft/server/level/ServerPlayer
       231: astore_1
       232: aload_1
       233: invokevirtual #42                 // Method net/minecraft/server/level/ServerPlayer.getUUID:()Ljava/util/UUID;
       236: invokestatic  #69                 // Method kr/moonseungjun/villageguardians/VillageCouncilState.levelOf:(Ljava/util/UUID;)I
       239: invokestatic  #236                // Method incomingDamageMultiplier:(I)F
       242: fstore_2
       243: fload_2
       244: aload_1
       245: invokestatic  #239                // Method roleIncomingMultiplier:(Lnet/minecraft/server/level/ServerPlayer;)F
       248: fmul
       249: fstore_2
       250: fload_2
       251: aload_1
       252: invokestatic  #242                // Method kr/moonseungjun/villageguardians/VillageSkillTreeSystem.incomingDamageMultiplier:(Lnet/minecraft/server/level/ServerPlayer;)F
       255: fmul
       256: fstore_2
       257: fload_2
       258: aload_1
       259: invokestatic  #244                // Method kr/moonseungjun/villageguardians/VillageSkillTreeSystem.lowHealthIncomingMultiplier:(Lnet/minecraft/server/level/ServerPlayer;)F
       262: fmul
       263: fstore_2
       264: fload_2
       265: aload_1
       266: invokestatic  #247                // Method kr/moonseungjun/villageguardians/VillageSkillTreeSystem.sprintIncomingMultiplier:(Lnet/minecraft/server/level/ServerPlayer;)F
       269: fmul
       270: fstore_2
       271: fload_2
       272: aload_1
       273: invokestatic  #250                // Method kr/moonseungjun/villageguardians/VillageEquipmentShop.incomingMultiplier:(Lnet/minecraft/server/level/ServerPlayer;)F
       276: fmul
       277: fstore_2
       278: fload_2
       279: aload_1
       280: invokestatic  #253                // Method kr/moonseungjun/villageguardians/VillageRelicSystem.incomingMultiplier:(Lnet/minecraft/server/level/ServerPlayer;)F
       283: fmul
       284: fstore_2
       285: aload_1
       286: invokestatic  #254                // Method kr/moonseungjun/villageguardians/VillageCouncilState.isInsideVillage:(Lnet/minecraft/server/level/ServerPlayer;)Z
       289: ifeq          298
       292: fload_2
       293: invokestatic  #257                // Method kr/moonseungjun/villageguardians/VillageProgressionSystem.wallDamageMultiplier:()F
       296: fmul
       297: fstore_2
       298: aload_0
       299: aload_0
       300: invokevirtual #229                // Method net/neoforged/neoforge/event/entity/living/LivingIncomingDamageEvent.getAmount:()F
       303: fload_2
       304: fmul
       305: invokevirtual #232                // Method net/neoforged/neoforge/event/entity/living/LivingIncomingDamageEvent.setAmount:(F)V
       308: aload_0
       309: invokestatic  #260                // Method kr/moonseungjun/villageguardians/VillagePersonalCombatSystem.handleIncomingDamage:(Lnet/neoforged/neoforge/event/entity/living/LivingIncomingDamageEvent;)V
       312: aload_0
       313: invokestatic  #264                // Method kr/moonseungjun/villageguardians/VillageCombatTechniqueSystem.handleIncomingDamage:(Lnet/neoforged/neoforge/event/entity/living/LivingIncomingDamageEvent;)V
       316: return

  public static void handleDeath(net.neoforged.neoforge.event.entity.living.LivingDeathEvent);
    Code:
         0: aload_0
         1: invokevirtual #265                // Method net/neoforged/neoforge/event/entity/living/LivingDeathEvent.getEntity:()Lnet/minecraft/world/entity/LivingEntity;
         4: astore_3
         5: aload_3
         6: instanceof    #212                // class net/minecraft/world/entity/monster/Monster
         9: ifeq          47
        12: aload_3
        13: checkcast     #212                // class net/minecraft/world/entity/monster/Monster
        16: astore_1
        17: aload_1
        18: invokestatic  #268                // Method kr/moonseungjun/villageguardians/VillageSkillTestSystem.isTestDummy:(Lnet/minecraft/world/entity/Entity;)Z
        21: ifne          47
        24: aload_0
        25: invokevirtual #274                // Method net/neoforged/neoforge/event/entity/living/LivingDeathEvent.getSource:()Lnet/minecraft/world/damagesource/DamageSource;
        28: invokevirtual #160                // Method net/minecraft/world/damagesource/DamageSource.getEntity:()Lnet/minecraft/world/entity/Entity;
        31: astore_3
        32: aload_3
        33: instanceof    #43                 // class net/minecraft/server/level/ServerPlayer
        36: ifeq          47
        39: aload_3
        40: checkcast     #43                 // class net/minecraft/server/level/ServerPlayer
        43: astore_2
        44: goto          48
        47: return
        48: bipush        90
        50: bipush        7
        52: aload_1
        53: invokevirtual #218                // Method net/minecraft/world/entity/monster/Monster.getMaxHealth:()F
        56: ldc_w         #275                // float 0.48f
        59: fmul
        60: invokestatic  #276                // Method java/lang/Math.round:(F)I
        63: iadd
        64: invokestatic  #280                // Method java/lang/Math.min:(II)I
        67: istore_3
        68: aload_2
        69: invokestatic  #254                // Method kr/moonseungjun/villageguardians/VillageCouncilState.isInsideVillage:(Lnet/minecraft/server/level/ServerPlayer;)Z
        72: ifeq          87
        75: iload_3
        76: i2f
        77: ldc_w         #283                // float 1.18f
        80: fmul
        81: invokestatic  #276                // Method java/lang/Math.round:(F)I
        84: goto          88
        87: iload_3
        88: istore        4
        90: aload_2
        91: iload         4
        93: invokestatic  #284                // Method kr/moonseungjun/villageguardians/VillageCouncilState.grantExperience:(Lnet/minecraft/server/level/ServerPlayer;I)Lkr/moonseungjun/villageguardians/VillageCouncilState$ExperienceResult;
        96: astore        5
        98: iconst_1
        99: aload_1
       100: invokevirtual #218                // Method net/minecraft/world/entity/monster/Monster.getMaxHealth:()F
       103: ldc_w         #288                // float 12.0f
       106: fdiv
       107: invokestatic  #276                // Method java/lang/Math.round:(F)I
       110: invokestatic  #87                 // Method java/lang/Math.max:(II)I
       113: istore        6
       115: iconst_1
       116: iload         6
       118: i2f
       119: aload_2
       120: invokestatic  #289                // Method kr/moonseungjun/villageguardians/VillageSkillTreeSystem.coinRewardMultiplier:(Lnet/minecraft/server/level/ServerPlayer;)F
       123: fmul
       124: invokestatic  #276                // Method java/lang/Math.round:(F)I
       127: invokestatic  #87                 // Method java/lang/Math.max:(II)I
       130: istore        7
       132: aload_2
       133: iload         7
       135: ldc_w         #292                // String 적 처치
       138: invokestatic  #294                // Method kr/moonseungjun/villageguardians/VillageProgressionSystem.addCoins:(Lnet/minecraft/server/level/ServerPlayer;ILjava/lang/String;)V
       141: aload_2
       142: invokestatic  #298                // Method kr/moonseungjun/villageguardians/VillageSkillTreeSystem.killHealAmount:(Lnet/minecraft/server/level/ServerPlayer;)F
       145: fstore        8
       147: fload         8
       149: fconst_0
       150: fcmpl
       151: ifle          160
       154: aload_2
       155: fload         8
       157: invokevirtual #301                // Method net/minecraft/server/level/ServerPlayer.heal:(F)V
       160: aload_2
       161: invokestatic  #304                // Method kr/moonseungjun/villageguardians/VillagePersonalCombatSystem.applyKillMomentum:(Lnet/minecraft/server/level/ServerPlayer;)V
       164: aload_2
       165: invokestatic  #307                // Method kr/moonseungjun/villageguardians/VillageSkillTreeSystem.killSpeedSeconds:(Lnet/minecraft/server/level/ServerPlayer;)I
       168: istore        9
       170: iload         9
       172: ifle          199
       175: aload_2
       176: new           #79                 // class net/minecraft/world/effect/MobEffectInstance
       179: dup
       180: getstatic     #122                // Field net/minecraft/world/effect/MobEffects.SPEED:Lnet/minecraft/core/Holder;
       183: iload         9
       185: bipush        20
       187: imul
       188: iconst_2
       189: iconst_0
       190: iconst_0
       191: iconst_1
       192: invokespecial #125                // Method net/minecraft/world/effect/MobEffectInstance."<init>":(Lnet/minecraft/core/Holder;IIZZZ)V
       195: invokevirtual #96                 // Method net/minecraft/server/level/ServerPlayer.addEffect:(Lnet/minecraft/world/effect/MobEffectInstance;)Z
       198: pop
       199: aload_2
       200: invokestatic  #311                // Method kr/moonseungjun/villageguardians/VillagePersonalCombatSystem.healNearbyAlliesOnKill:(Lnet/minecraft/server/level/ServerPlayer;)V
       203: aload_2
       204: invokevirtual #314                // Method net/minecraft/server/level/ServerPlayer.level:()Lnet/minecraft/server/level/ServerLevel;
       207: invokevirtual #318                // Method net/minecraft/server/level/ServerLevel.getServer:()Lnet/minecraft/server/MinecraftServer;
       210: astore        10
       212: aload_2
       213: invokestatic  #324                // Method kr/moonseungjun/villageguardians/VillageSkillTreeSystem.sharedSupplyChance:(Lnet/minecraft/server/level/ServerPlayer;)F
       216: fstore        11
       218: aload         10
       220: ifnull        254
       223: fload         11
       225: fconst_0
       226: fcmpl
       227: ifle          254
       230: aload_2
       231: invokevirtual #327                // Method net/minecraft/server/level/ServerPlayer.getRandom:()Lnet/minecraft/util/RandomSource;
       234: invokeinterface #331,  1          // InterfaceMethod net/minecraft/util/RandomSource.nextFloat:()F
       239: fload         11
       241: fcmpg
       242: ifge          254
       245: aload         10
       247: iconst_1
       248: ldc_w         #336                // String 공동 회수
       251: invokestatic  #338                // Method kr/moonseungjun/villageguardians/VillageProgressionSystem.addSupplies:(Lnet/minecraft/server/MinecraftServer;ILjava/lang/String;)V
       254: aload_2
       255: aload         5
       257: invokevirtual #342                // Method kr/moonseungjun/villageguardians/VillageCouncilState$ExperienceResult.awardedExperience:()I
       260: invokedynamic #348,  0            // InvokeDynamic #1:makeConcatWithConstants:(I)Ljava/lang/String;
       265: invokestatic  #352                // InterfaceMethod net/minecraft/network/chat/Component.literal:(Ljava/lang/String;)Lnet/minecraft/network/chat/MutableComponent;
       268: invokevirtual #358                // Method net/minecraft/server/level/ServerPlayer.sendSystemMessage:(Lnet/minecraft/network/chat/Component;)V
       271: aload         5
       273: invokevirtual #362                // Method kr/moonseungjun/villageguardians/VillageCouncilState$ExperienceResult.levelsGained:()I
       276: ifle          301
       279: aload_2
       280: invokestatic  #365                // Method refreshPlayerPassive:(Lnet/minecraft/server/level/ServerPlayer;)V
       283: aload_2
       284: ldc_w         #368                // float 6.0f
       287: fconst_2
       288: aload         5
       290: invokevirtual #362                // Method kr/moonseungjun/villageguardians/VillageCouncilState$ExperienceResult.levelsGained:()I
       293: i2f
       294: fadd
       295: invokestatic  #369                // Method java/lang/Math.min:(FF)F
       298: invokevirtual #301                // Method net/minecraft/server/level/ServerPlayer.heal:(F)V
       301: return

  public static java.lang.String useRoleSkill(net.minecraft.server.level.ServerPlayer);
    Code:
         0: aload_0
         1: iconst_0
         2: invokestatic  #372                // Method useRoleSkill:(Lnet/minecraft/server/level/ServerPlayer;I)Ljava/lang/String;
         5: areturn

  public static java.lang.String useRoleSkill(net.minecraft.server.level.ServerPlayer, int);
    Code:
         0: aload_0
         1: iload_1
         2: invokestatic  #376                // Method kr/moonseungjun/villageguardians/VillageRoleSkillSystem.useEquippedSkill:(Lnet/minecraft/server/level/ServerPlayer;I)Ljava/lang/String;
         5: areturn

  public static java.lang.String testRoleSkill(net.minecraft.server.level.ServerPlayer, java.lang.String);
    Code:
         0: aload_0
         1: aload_1
         2: invokestatic  #379                // Method kr/moonseungjun/villageguardians/VillageRoleSkillSystem.useTestSkill:(Lnet/minecraft/server/level/ServerPlayer;Ljava/lang/String;)Ljava/lang/String;
         5: areturn

  public static java.lang.String roleLoadout(net.minecraft.server.level.ServerPlayer);
    Code:
         0: aload_0
         1: invokestatic  #383                // Method kr/moonseungjun/villageguardians/VillageRoleSkillSystem.loadoutSummary:(Lnet/minecraft/server/level/ServerPlayer;)Ljava/lang/String;
         4: areturn

  private static float roleOutgoingMultiplier(net.minecraft.server.level.ServerPlayer, boolean);
    Code:
         0: aload_0
         1: invokevirtual #42                 // Method net/minecraft/server/level/ServerPlayer.getUUID:()Ljava/util/UUID;
         4: invokestatic  #48                 // Method kr/moonseungjun/villageguardians/VillageCouncilState.roleOf:(Ljava/util/UUID;)Ljava/util/Optional;
         7: aconst_null
         8: invokevirtual #54                 // Method java/util/Optional.orElse:(Ljava/lang/Object;)Ljava/lang/Object;
        11: checkcast     #60                 // class kr/moonseungjun/villageguardians/VillageRole
        14: astore_2
        15: aload_2
        16: ifnonnull     21
        19: fconst_1
        20: freturn
        21: getstatic     #387                // Field kr/moonseungjun/villageguardians/VillageRpgSystem$1.$SwitchMap$kr$moonseungjun$villageguardians$VillageRole:[I
        24: aload_2
        25: invokevirtual #393                // Method kr/moonseungjun/villageguardians/VillageRole.ordinal:()I
        28: iaload
        29: tableswitch   { // 1 to 5
                       1: 74
                       2: 103
                       3: 132
                       4: 148
                       5: 154
                 default: 64
            }
        64: new           #396                // class java/lang/MatchException
        67: dup
        68: aconst_null
        69: aconst_null
        70: invokespecial #398                // Method java/lang/MatchException."<init>":(Ljava/lang/String;Ljava/lang/Throwable;)V
        73: athrow
        74: iload_1
        75: ifne          97
        78: aload_0
        79: invokevirtual #401                // Method net/minecraft/server/level/ServerPlayer.getMainHandItem:()Lnet/minecraft/world/item/ItemStack;
        82: getstatic     #404                // Field net/minecraft/tags/ItemTags.SWORDS:Lnet/minecraft/tags/TagKey;
        85: invokevirtual #410                // Method net/minecraft/world/item/ItemStack.is:(Lnet/minecraft/tags/TagKey;)Z
        88: ifeq          97
        91: ldc_w         #413                // float 1.28f
        94: goto          157
        97: ldc_w         #414                // float 1.08f
       100: goto          157
       103: iload_1
       104: ifeq          126
       107: aload_0
       108: invokestatic  #415                // Method isOnWallTop:(Lnet/minecraft/server/level/ServerPlayer;)Z
       111: ifeq          120
       114: ldc_w         #418                // float 1.58f
       117: goto          157
       120: ldc_w         #419                // float 1.3f
       123: goto          157
       126: ldc_w         #420                // float 0.92f
       129: goto          157
       132: iload_1
       133: ifeq          142
       136: ldc_w         #421                // float 1.04f
       139: goto          157
       142: ldc_w         #422                // float 0.98f
       145: goto          157
       148: ldc_w         #423                // float 0.94f
       151: goto          157
       154: ldc_w         #424                // float 0.96f
       157: freturn

  private static float roleIncomingMultiplier(net.minecraft.server.level.ServerPlayer);
    Code:
         0: aload_0
         1: invokevirtual #42                 // Method net/minecraft/server/level/ServerPlayer.getUUID:()Ljava/util/UUID;
         4: invokestatic  #48                 // Method kr/moonseungjun/villageguardians/VillageCouncilState.roleOf:(Ljava/util/UUID;)Ljava/util/Optional;
         7: aconst_null
         8: invokevirtual #54                 // Method java/util/Optional.orElse:(Ljava/lang/Object;)Ljava/lang/Object;
        11: checkcast     #60                 // class kr/moonseungjun/villageguardians/VillageRole
        14: astore_1
        15: aload_1
        16: ifnonnull     21
        19: fconst_1
        20: freturn
        21: getstatic     #387                // Field kr/moonseungjun/villageguardians/VillageRpgSystem$1.$SwitchMap$kr$moonseungjun$villageguardians$VillageRole:[I
        24: aload_1
        25: invokevirtual #393                // Method kr/moonseungjun/villageguardians/VillageRole.ordinal:()I
        28: iaload
        29: tableswitch   { // 1 to 5
                       1: 74
                       2: 80
                       3: 86
                       4: 90
                       5: 96
                 default: 64
            }
        64: new           #396                // class java/lang/MatchException
        67: dup
        68: aconst_null
        69: aconst_null
        70: invokespecial #398                // Method java/lang/MatchException."<init>":(Ljava/lang/String;Ljava/lang/Throwable;)V
        73: athrow
        74: ldc_w         #423                // float 0.94f
        77: goto          118
        80: ldc_w         #425                // float 1.02f
        83: goto          118
        86: fconst_1
        87: goto          118
        90: ldc_w         #426                // float 0.97f
        93: goto          118
        96: aload_0
        97: invokevirtual #131                // Method net/minecraft/server/level/ServerPlayer.getOffhandItem:()Lnet/minecraft/world/item/ItemStack;
       100: getstatic     #135                // Field net/minecraft/world/item/Items.SHIELD:Lnet/minecraft/world/item/Item;
       103: invokevirtual #141                // Method net/minecraft/world/item/ItemStack.is:(Ljava/lang/Object;)Z
       106: ifeq          115
       109: ldc_w         #427                // float 0.72f
       112: goto          118
       115: ldc_w         #428                // float 0.82f
       118: freturn

  private static boolean isOnWallTop(net.minecraft.server.level.ServerPlayer);
    Code:
         0: invokestatic  #429                // Method kr/moonseungjun/villageguardians/VillageCouncilState.villageCenter:()Ljava/util/Optional;
         3: aconst_null
         4: invokevirtual #54                 // Method java/util/Optional.orElse:(Ljava/lang/Object;)Ljava/lang/Object;
         7: checkcast     #433                // class net/minecraft/core/BlockPos
        10: astore_1
        11: aload_1
        12: ifnull        22
        15: aload_0
        16: invokestatic  #254                // Method kr/moonseungjun/villageguardians/VillageCouncilState.isInsideVillage:(Lnet/minecraft/server/level/ServerPlayer;)Z
        19: ifne          24
        22: iconst_0
        23: ireturn
        24: aload_0
        25: invokevirtual #435                // Method net/minecraft/server/level/ServerPlayer.blockPosition:()Lnet/minecraft/core/BlockPos;
        28: astore_2
        29: aload_2
        30: invokevirtual #439                // Method net/minecraft/core/BlockPos.getX:()I
        33: aload_1
        34: invokevirtual #439                // Method net/minecraft/core/BlockPos.getX:()I
        37: isub
        38: invokestatic  #442                // Method java/lang/Math.abs:(I)I
        41: istore_3
        42: aload_2
        43: invokevirtual #445                // Method net/minecraft/core/BlockPos.getZ:()I
        46: aload_1
        47: invokevirtual #445                // Method net/minecraft/core/BlockPos.getZ:()I
        50: isub
        51: invokestatic  #442                // Method java/lang/Math.abs:(I)I
        54: istore        4
        56: aload_2
        57: invokevirtual #448                // Method net/minecraft/core/BlockPos.getY:()I
        60: aload_1
        61: invokevirtual #448                // Method net/minecraft/core/BlockPos.getY:()I
        64: isub
        65: istore        5
        67: iload_3
        68: bipush        76
        70: isub
        71: invokestatic  #442                // Method java/lang/Math.abs:(I)I
        74: bipush        7
        76: if_icmple     92
        79: iload         4
        81: bipush        76
        83: isub
        84: invokestatic  #442                // Method java/lang/Math.abs:(I)I
        87: bipush        7
        89: if_icmpgt     96
        92: iconst_1
        93: goto          97
        96: iconst_0
        97: istore        6
        99: iload         6
       101: ifeq          122
       104: iload         5
       106: bipush        7
       108: if_icmplt     122
       111: iload         5
       113: bipush        17
       115: if_icmpgt     122
       118: iconst_1
       119: goto          123
       122: iconst_0
       123: ireturn

  public static float outgoingDamageMultiplier(int);
    Code:
         0: iconst_1
         1: bipush        30
         3: iload_0
         4: invokestatic  #280                // Method java/lang/Math.min:(II)I
         7: invokestatic  #87                 // Method java/lang/Math.max:(II)I
        10: istore_1
        11: fconst_1
        12: iload_1
        13: iconst_1
        14: isub
        15: i2f
        16: ldc_w         #455                // float 0.035f
        19: fmul
        20: fadd
        21: iload_1
        22: iconst_1
        23: isub
        24: iconst_5
        25: idiv
        26: i2f
        27: ldc_w         #456                // float 0.08f
        30: fmul
        31: fadd
        32: freturn

  public static float incomingDamageMultiplier(int);
    Code:
         0: iconst_1
         1: bipush        30
         3: iload_0
         4: invokestatic  #280                // Method java/lang/Math.min:(II)I
         7: invokestatic  #87                 // Method java/lang/Math.max:(II)I
        10: istore_1
        11: ldc_w         #457                // float 0.58f
        14: fconst_1
        15: iload_1
        16: iconst_1
        17: isub
        18: i2f
        19: ldc_w         #458                // float 0.009f
        22: fmul
        23: fsub
        24: iload_1
        25: iconst_1
        26: isub
        27: iconst_5
        28: idiv
        29: i2f
        30: ldc_w         #459                // float 0.025f
        33: fmul
        34: fsub
        35: invokestatic  #460                // Method java/lang/Math.max:(FF)F
        38: freturn

  public static int bonusHealthPoints(int);
    Code:
         0: iconst_1
         1: bipush        30
         3: iload_0
         4: invokestatic  #280                // Method java/lang/Math.min:(II)I
         7: invokestatic  #87                 // Method java/lang/Math.max:(II)I
        10: istore_1
        11: iload_1
        12: iconst_1
        13: isub
        14: iconst_5
        15: idiv
        16: iconst_4
        17: imul
        18: ireturn
}
Compiled from "VillageRoleSkillSystem.java"
public final class kr.moonseungjun.villageguardians.VillageRoleSkillSystem {
  private static final java.util.Map<java.lang.String, java.lang.Integer> TREE_MASKS;

  private static final java.util.Map<java.lang.String, java.lang.Integer> SKILL_MASKS;

  private static final java.util.Map<java.lang.String, java.lang.String> EQUIPPED_SKILLS;

  private static final java.util.Map<java.lang.String, java.lang.Long> READY_AT;

  private static kr.moonseungjun.villageguardians.VillageRoleProgressData savedData;

  private kr.moonseungjun.villageguardians.VillageRoleSkillSystem();
    Code:
         0: aload_0
         1: invokespecial #1                  // Method java/lang/Object."<init>":()V
         4: return

  public static synchronized void initializeServer(net.minecraft.server.MinecraftServer);
    Code:
         0: aload_0
         1: invokevirtual #7                  // Method net/minecraft/server/MinecraftServer.overworld:()Lnet/minecraft/server/level/ServerLevel;
         4: invokevirtual #13                 // Method net/minecraft/server/level/ServerLevel.getDataStorage:()Lnet/minecraft/world/level/storage/SavedDataStorage;
         7: getstatic     #19                 // Field kr/moonseungjun/villageguardians/VillageRoleProgressData.TYPE:Lnet/minecraft/world/level/saveddata/SavedDataType;
        10: invokevirtual #25                 // Method net/minecraft/world/level/storage/SavedDataStorage.computeIfAbsent:(Lnet/minecraft/world/level/saveddata/SavedDataType;)Lnet/minecraft/world/level/saveddata/SavedData;
        13: checkcast     #20                 // class kr/moonseungjun/villageguardians/VillageRoleProgressData
        16: putstatic     #31                 // Field savedData:Lkr/moonseungjun/villageguardians/VillageRoleProgressData;
        19: getstatic     #37                 // Field TREE_MASKS:Ljava/util/Map;
        22: invokeinterface #41,  1           // InterfaceMethod java/util/Map.clear:()V
        27: getstatic     #37                 // Field TREE_MASKS:Ljava/util/Map;
        30: getstatic     #31                 // Field savedData:Lkr/moonseungjun/villageguardians/VillageRoleProgressData;
        33: invokevirtual #46                 // Method kr/moonseungjun/villageguardians/VillageRoleProgressData.treeMasks:()Ljava/util/Map;
        36: invokeinterface #50,  2           // InterfaceMethod java/util/Map.putAll:(Ljava/util/Map;)V
        41: getstatic     #54                 // Field SKILL_MASKS:Ljava/util/Map;
        44: invokeinterface #41,  1           // InterfaceMethod java/util/Map.clear:()V
        49: getstatic     #54                 // Field SKILL_MASKS:Ljava/util/Map;
        52: getstatic     #31                 // Field savedData:Lkr/moonseungjun/villageguardians/VillageRoleProgressData;
        55: invokevirtual #57                 // Method kr/moonseungjun/villageguardians/VillageRoleProgressData.skillMasks:()Ljava/util/Map;
        58: invokeinterface #50,  2           // InterfaceMethod java/util/Map.putAll:(Ljava/util/Map;)V
        63: getstatic     #60                 // Field EQUIPPED_SKILLS:Ljava/util/Map;
        66: invokeinterface #41,  1           // InterfaceMethod java/util/Map.clear:()V
        71: getstatic     #60                 // Field EQUIPPED_SKILLS:Ljava/util/Map;
        74: getstatic     #31                 // Field savedData:Lkr/moonseungjun/villageguardians/VillageRoleProgressData;
        77: invokevirtual #63                 // Method kr/moonseungjun/villageguardians/VillageRoleProgressData.equippedSkills:()Ljava/util/Map;
        80: invokeinterface #50,  2           // InterfaceMethod java/util/Map.putAll:(Ljava/util/Map;)V
        85: getstatic     #66                 // Field READY_AT:Ljava/util/Map;
        88: invokeinterface #41,  1           // InterfaceMethod java/util/Map.clear:()V
        93: invokestatic  #69                 // Method sanitizeLoadouts:()V
        96: invokestatic  #72                 // Method persist:()V
        99: return

  public static synchronized void resetTransientState();
    Code:
         0: getstatic     #66                 // Field READY_AT:Ljava/util/Map;
         3: invokeinterface #41,  1           // InterfaceMethod java/util/Map.clear:()V
         8: return

  public static synchronized boolean hasNode(net.minecraft.server.level.ServerPlayer, kr.moonseungjun.villageguardians.VillageRole, kr.moonseungjun.villageguardians.VillageRoleSkillSystem$RoleNode);
    Code:
         0: getstatic     #37                 // Field TREE_MASKS:Ljava/util/Map;
         3: aload_0
         4: invokevirtual #75                 // Method net/minecraft/server/level/ServerPlayer.getUUID:()Ljava/util/UUID;
         7: aload_1
         8: invokestatic  #81                 // Method roleKey:(Ljava/util/UUID;Lkr/moonseungjun/villageguardians/VillageRole;)Ljava/lang/String;
        11: iconst_0
        12: invokestatic  #85                 // Method java/lang/Integer.valueOf:(I)Ljava/lang/Integer;
        15: invokeinterface #91,  3           // InterfaceMethod java/util/Map.getOrDefault:(Ljava/lang/Object;Ljava/lang/Object;)Ljava/lang/Object;
        20: checkcast     #86                 // class java/lang/Integer
        23: invokevirtual #95                 // Method java/lang/Integer.intValue:()I
        26: istore_3
        27: iload_3
        28: aload_2
        29: invokevirtual #99                 // Method kr/moonseungjun/villageguardians/VillageRoleSkillSystem$RoleNode.ordinal:()I
        32: invokestatic  #104                // Method bit:(I)I
        35: iand
        36: ifeq          43
        39: iconst_1
        40: goto          44
        43: iconst_0
        44: ireturn

  public static synchronized int branchRank(net.minecraft.server.level.ServerPlayer, kr.moonseungjun.villageguardians.VillageRole, kr.moonseungjun.villageguardians.VillageRoleSkillSystem$RoleBranch);
    Code:
         0: iconst_0
         1: istore_3
         2: invokestatic  #108                // Method kr/moonseungjun/villageguardians/VillageRoleSkillSystem$RoleNode.values:()[Lkr/moonseungjun/villageguardians/VillageRoleSkillSystem$RoleNode;
         5: astore        4
         7: aload         4
         9: arraylength
        10: istore        5
        12: iconst_0
        13: istore        6
        15: iload         6
        17: iload         5
        19: if_icmpge     57
        22: aload         4
        24: iload         6
        26: aaload
        27: astore        7
        29: aload         7
        31: invokevirtual #112                // Method kr/moonseungjun/villageguardians/VillageRoleSkillSystem$RoleNode.branch:()Lkr/moonseungjun/villageguardians/VillageRoleSkillSystem$RoleBranch;
        34: aload_2
        35: if_acmpne     51
        38: aload_0
        39: aload_1
        40: aload         7
        42: invokestatic  #116                // Method hasNode:(Lnet/minecraft/server/level/ServerPlayer;Lkr/moonseungjun/villageguardians/VillageRole;Lkr/moonseungjun/villageguardians/VillageRoleSkillSystem$RoleNode;)Z
        45: ifeq          51
        48: iinc          3, 1
        51: iinc          6, 1
        54: goto          15
        57: iload_3
        58: ireturn

  public static float durationMultiplier(net.minecraft.server.level.ServerPlayer, kr.moonseungjun.villageguardians.VillageRole);
    Code:
         0: aload_0
         1: aload_1
         2: getstatic     #120                // Field kr/moonseungjun/villageguardians/VillageRoleSkillSystem$RoleBranch.DURATION:Lkr/moonseungjun/villageguardians/VillageRoleSkillSystem$RoleBranch;
         5: invokestatic  #126                // Method branchRank:(Lnet/minecraft/server/level/ServerPlayer;Lkr/moonseungjun/villageguardians/VillageRole;Lkr/moonseungjun/villageguardians/VillageRoleSkillSystem$RoleBranch;)I
         8: istore_2
         9: iconst_3
        10: iload_2
        11: invokestatic  #130                // Method java/lang/Math.min:(II)I
        14: i2f
        15: ldc           #136                // float 0.16f
        17: fmul
        18: iconst_0
        19: iload_2
        20: iconst_3
        21: isub
        22: invokestatic  #137                // Method java/lang/Math.max:(II)I
        25: i2f
        26: ldc           #140                // float 0.11f
        28: fmul
        29: fadd
        30: fstore_3
        31: fconst_1
        32: fload_3
        33: fadd
        34: freturn

  public static float powerMultiplier(net.minecraft.server.level.ServerPlayer, kr.moonseungjun.villageguardians.VillageRole);
    Code:
         0: aload_0
         1: aload_1
         2: getstatic     #141                // Field kr/moonseungjun/villageguardians/VillageRoleSkillSystem$RoleBranch.POWER:Lkr/moonseungjun/villageguardians/VillageRoleSkillSystem$RoleBranch;
         5: invokestatic  #126                // Method branchRank:(Lnet/minecraft/server/level/ServerPlayer;Lkr/moonseungjun/villageguardians/VillageRole;Lkr/moonseungjun/villageguardians/VillageRoleSkillSystem$RoleBranch;)I
         8: istore_2
         9: iconst_3
        10: iload_2
        11: invokestatic  #130                // Method java/lang/Math.min:(II)I
        14: i2f
        15: ldc           #144                // float 0.14f
        17: fmul
        18: iload_2
        19: iconst_3
        20: if_icmplt     28
        23: ldc           #145                // float 0.08f
        25: goto          29
        28: fconst_0
        29: fadd
        30: iconst_0
        31: iload_2
        32: iconst_3
        33: isub
        34: invokestatic  #137                // Method java/lang/Math.max:(II)I
        37: i2f
        38: ldc           #140                // float 0.11f
        40: fmul
        41: fadd
        42: fstore_3
        43: fconst_1
        44: fload_3
        45: fadd
        46: freturn

  public static int specialRank(net.minecraft.server.level.ServerPlayer, kr.moonseungjun.villageguardians.VillageRole);
    Code:
         0: aload_0
         1: aload_1
         2: getstatic     #146                // Field kr/moonseungjun/villageguardians/VillageRoleSkillSystem$RoleBranch.SPECIAL:Lkr/moonseungjun/villageguardians/VillageRoleSkillSystem$RoleBranch;
         5: invokestatic  #126                // Method branchRank:(Lnet/minecraft/server/level/ServerPlayer;Lkr/moonseungjun/villageguardians/VillageRole;Lkr/moonseungjun/villageguardians/VillageRoleSkillSystem$RoleBranch;)I
         8: ireturn

  public static int roleTreeCooldownReductionSeconds(net.minecraft.server.level.ServerPlayer, kr.moonseungjun.villageguardians.VillageRole);
    Code:
         0: aload_0
         1: aload_1
         2: getstatic     #120                // Field kr/moonseungjun/villageguardians/VillageRoleSkillSystem$RoleBranch.DURATION:Lkr/moonseungjun/villageguardians/VillageRoleSkillSystem$RoleBranch;
         5: invokestatic  #126                // Method branchRank:(Lnet/minecraft/server/level/ServerPlayer;Lkr/moonseungjun/villageguardians/VillageRole;Lkr/moonseungjun/villageguardians/VillageRoleSkillSystem$RoleBranch;)I
         8: istore_2
         9: aload_0
        10: aload_1
        11: getstatic     #146                // Field kr/moonseungjun/villageguardians/VillageRoleSkillSystem$RoleBranch.SPECIAL:Lkr/moonseungjun/villageguardians/VillageRoleSkillSystem$RoleBranch;
        14: invokestatic  #126                // Method branchRank:(Lnet/minecraft/server/level/ServerPlayer;Lkr/moonseungjun/villageguardians/VillageRole;Lkr/moonseungjun/villageguardians/VillageRoleSkillSystem$RoleBranch;)I
        17: istore_3
        18: iconst_0
        19: iload_2
        20: iconst_3
        21: isub
        22: invokestatic  #137                // Method java/lang/Math.max:(II)I
        25: iconst_0
        26: iload_3
        27: iconst_3
        28: isub
        29: invokestatic  #137                // Method java/lang/Math.max:(II)I
        32: iadd
        33: ireturn

  public static java.util.List<kr.moonseungjun.villageguardians.VillageRoleSkillSystem$RoleNode> nodes();
    Code:
         0: invokestatic  #108                // Method kr/moonseungjun/villageguardians/VillageRoleSkillSystem$RoleNode.values:()[Lkr/moonseungjun/villageguardians/VillageRoleSkillSystem$RoleNode;
         3: invokestatic  #149                // Method java/util/Arrays.stream:([Ljava/lang/Object;)Ljava/util/stream/Stream;
         6: invokedynamic #155,  0            // InvokeDynamic #0:compare:()Ljava/util/Comparator;
        11: invokeinterface #159,  2          // InterfaceMethod java/util/stream/Stream.sorted:(Ljava/util/Comparator;)Ljava/util/stream/Stream;
        16: invokeinterface #165,  1          // InterfaceMethod java/util/stream/Stream.toList:()Ljava/util/List;
        21: areturn

  public static synchronized java.lang.String purchaseNode(net.minecraft.server.level.ServerPlayer, kr.moonseungjun.villageguardians.VillageRole, java.lang.String);
    Code:
         0: aload_0
         1: invokevirtual #75                 // Method net/minecraft/server/level/ServerPlayer.getUUID:()Ljava/util/UUID;
         4: invokestatic  #169                // Method kr/moonseungjun/villageguardians/VillageCouncilState.roleOf:(Ljava/util/UUID;)Ljava/util/Optional;
         7: aconst_null
         8: invokevirtual #175                // Method java/util/Optional.orElse:(Ljava/lang/Object;)Ljava/lang/Object;
        11: aload_1
        12: if_acmpeq     18
        15: ldc           #181                // String 현재 배치된 직업의 성장 경로만 습득할 수 있습니다.
        17: areturn
        18: aload_2
        19: invokestatic  #183                // Method kr/moonseungjun/villageguardians/VillageRoleSkillSystem$RoleNode.parse:(Ljava/lang/String;)Ljava/util/Optional;
        22: aconst_null
        23: invokevirtual #175                // Method java/util/Optional.orElse:(Ljava/lang/Object;)Ljava/lang/Object;
        26: checkcast     #100                // class kr/moonseungjun/villageguardians/VillageRoleSkillSystem$RoleNode
        29: astore_3
        30: aload_3
        31: ifnonnull     37
        34: ldc           #187                // String 알 수 없는 직업 성장 노드입니다.
        36: areturn
        37: aload_0
        38: aload_1
        39: aload_3
        40: invokestatic  #116                // Method hasNode:(Lnet/minecraft/server/level/ServerPlayer;Lkr/moonseungjun/villageguardians/VillageRole;Lkr/moonseungjun/villageguardians/VillageRoleSkillSystem$RoleNode;)Z
        43: ifeq          57
        46: aload_3
        47: aload_1
        48: invokevirtual #189                // Method kr/moonseungjun/villageguardians/VillageRoleSkillSystem$RoleNode.title:(Lkr/moonseungjun/villageguardians/VillageRole;)Ljava/lang/String;
        51: invokedynamic #193,  0            // InvokeDynamic #1:makeConcatWithConstants:(Ljava/lang/String;)Ljava/lang/String;
        56: areturn
        57: aload_3
        58: invokevirtual #197                // Method kr/moonseungjun/villageguardians/VillageRoleSkillSystem$RoleNode.prerequisite:()Lkr/moonseungjun/villageguardians/VillageRoleSkillSystem$RoleNode;
        61: ifnull        90
        64: aload_0
        65: aload_1
        66: aload_3
        67: invokevirtual #197                // Method kr/moonseungjun/villageguardians/VillageRoleSkillSystem$RoleNode.prerequisite:()Lkr/moonseungjun/villageguardians/VillageRoleSkillSystem$RoleNode;
        70: invokestatic  #116                // Method hasNode:(Lnet/minecraft/server/level/ServerPlayer;Lkr/moonseungjun/villageguardians/VillageRole;Lkr/moonseungjun/villageguardians/VillageRoleSkillSystem$RoleNode;)Z
        73: ifne          90
        76: aload_3
        77: invokevirtual #197                // Method kr/moonseungjun/villageguardians/VillageRoleSkillSystem$RoleNode.prerequisite:()Lkr/moonseungjun/villageguardians/VillageRoleSkillSystem$RoleNode;
        80: aload_1
        81: invokevirtual #189                // Method kr/moonseungjun/villageguardians/VillageRoleSkillSystem$RoleNode.title:(Lkr/moonseungjun/villageguardians/VillageRole;)Ljava/lang/String;
        84: invokedynamic #201,  0            // InvokeDynamic #2:makeConcatWithConstants:(Ljava/lang/String;)Ljava/lang/String;
        89: areturn
        90: aload_0
        91: invokevirtual #75                 // Method net/minecraft/server/level/ServerPlayer.getUUID:()Ljava/util/UUID;
        94: invokestatic  #202                // Method kr/moonseungjun/villageguardians/VillageCouncilState.levelOf:(Ljava/util/UUID;)I
        97: istore        4
        99: iload         4
       101: aload_3
       102: invokevirtual #206                // Method kr/moonseungjun/villageguardians/VillageRoleSkillSystem$RoleNode.requiredLevel:()I
       105: if_icmpge     120
       108: aload_3
       109: invokevirtual #206                // Method kr/moonseungjun/villageguardians/VillageRoleSkillSystem$RoleNode.requiredLevel:()I
       112: iload         4
       114: invokedynamic #209,  0            // InvokeDynamic #3:makeConcatWithConstants:(II)Ljava/lang/String;
       119: areturn
       120: aload_0
       121: aload_3
       122: invokevirtual #212                // Method kr/moonseungjun/villageguardians/VillageRoleSkillSystem$RoleNode.coinCost:()I
       125: invokestatic  #215                // Method kr/moonseungjun/villageguardians/VillageProgressionSystem.spendCoins:(Lnet/minecraft/server/level/ServerPlayer;I)Z
       128: ifne          145
       131: aload_3
       132: invokevirtual #212                // Method kr/moonseungjun/villageguardians/VillageRoleSkillSystem$RoleNode.coinCost:()I
       135: aload_0
       136: invokestatic  #221                // Method kr/moonseungjun/villageguardians/VillageProgressionSystem.coins:(Lnet/minecraft/server/level/ServerPlayer;)I
       139: invokedynamic #225,  0            // InvokeDynamic #4:makeConcatWithConstants:(II)Ljava/lang/String;
       144: areturn
       145: aload_0
       146: invokevirtual #75                 // Method net/minecraft/server/level/ServerPlayer.getUUID:()Ljava/util/UUID;
       149: aload_1
       150: invokestatic  #81                 // Method roleKey:(Ljava/util/UUID;Lkr/moonseungjun/villageguardians/VillageRole;)Ljava/lang/String;
       153: astore        5
       155: getstatic     #37                 // Field TREE_MASKS:Ljava/util/Map;
       158: aload         5
       160: getstatic     #37                 // Field TREE_MASKS:Ljava/util/Map;
       163: aload         5
       165: iconst_0
       166: invokestatic  #85                 // Method java/lang/Integer.valueOf:(I)Ljava/lang/Integer;
       169: invokeinterface #91,  3           // InterfaceMethod java/util/Map.getOrDefault:(Ljava/lang/Object;Ljava/lang/Object;)Ljava/lang/Object;
       174: checkcast     #86                 // class java/lang/Integer
       177: invokevirtual #95                 // Method java/lang/Integer.intValue:()I
       180: aload_3
       181: invokevirtual #99                 // Method kr/moonseungjun/villageguardians/VillageRoleSkillSystem$RoleNode.ordinal:()I
       184: invokestatic  #104                // Method bit:(I)I
       187: ior
       188: invokestatic  #85                 // Method java/lang/Integer.valueOf:(I)Ljava/lang/Integer;
       191: invokeinterface #226,  3          // InterfaceMethod java/util/Map.put:(Ljava/lang/Object;Ljava/lang/Object;)Ljava/lang/Object;
       196: pop
       197: invokestatic  #72                 // Method persist:()V
       200: aload_3
       201: aload_1
       202: invokevirtual #189                // Method kr/moonseungjun/villageguardians/VillageRoleSkillSystem$RoleNode.title:(Lkr/moonseungjun/villageguardians/VillageRole;)Ljava/lang/String;
       205: aload_0
       206: invokestatic  #221                // Method kr/moonseungjun/villageguardians/VillageProgressionSystem.coins:(Lnet/minecraft/server/level/ServerPlayer;)I
       209: invokedynamic #229,  0            // InvokeDynamic #5:makeConcatWithConstants:(Ljava/lang/String;I)Ljava/lang/String;
       214: areturn

  public static java.lang.String nodeStatus(net.minecraft.server.level.ServerPlayer, kr.moonseungjun.villageguardians.VillageRole, kr.moonseungjun.villageguardians.VillageRoleSkillSystem$RoleNode);
    Code:
         0: aload_0
         1: aload_1
         2: aload_2
         3: invokestatic  #116                // Method hasNode:(Lnet/minecraft/server/level/ServerPlayer;Lkr/moonseungjun/villageguardians/VillageRole;Lkr/moonseungjun/villageguardians/VillageRoleSkillSystem$RoleNode;)Z
         6: ifeq          12
         9: ldc           #232                // String 습득
        11: areturn
        12: aload_2
        13: invokevirtual #197                // Method kr/moonseungjun/villageguardians/VillageRoleSkillSystem$RoleNode.prerequisite:()Lkr/moonseungjun/villageguardians/VillageRoleSkillSystem$RoleNode;
        16: ifnull        34
        19: aload_0
        20: aload_1
        21: aload_2
        22: invokevirtual #197                // Method kr/moonseungjun/villageguardians/VillageRoleSkillSystem$RoleNode.prerequisite:()Lkr/moonseungjun/villageguardians/VillageRoleSkillSystem$RoleNode;
        25: invokestatic  #116                // Method hasNode:(Lnet/minecraft/server/level/ServerPlayer;Lkr/moonseungjun/villageguardians/VillageRole;Lkr/moonseungjun/villageguardians/VillageRoleSkillSystem$RoleNode;)Z
        28: ifne          34
        31: ldc           #234                // String 선행 필요
        33: areturn
        34: aload_0
        35: invokevirtual #75                 // Method net/minecraft/server/level/ServerPlayer.getUUID:()Ljava/util/UUID;
        38: invokestatic  #202                // Method kr/moonseungjun/villageguardians/VillageCouncilState.levelOf:(Ljava/util/UUID;)I
        41: istore_3
        42: iload_3
        43: aload_2
        44: invokevirtual #206                // Method kr/moonseungjun/villageguardians/VillageRoleSkillSystem$RoleNode.requiredLevel:()I
        47: if_icmpge     60
        50: aload_2
        51: invokevirtual #206                // Method kr/moonseungjun/villageguardians/VillageRoleSkillSystem$RoleNode.requiredLevel:()I
        54: invokedynamic #236,  0            // InvokeDynamic #6:makeConcatWithConstants:(I)Ljava/lang/String;
        59: areturn
        60: aload_0
        61: invokestatic  #221                // Method kr/moonseungjun/villageguardians/VillageProgressionSystem.coins:(Lnet/minecraft/server/level/ServerPlayer;)I
        64: aload_2
        65: invokevirtual #212                // Method kr/moonseungjun/villageguardians/VillageRoleSkillSystem$RoleNode.coinCost:()I
        68: if_icmpge     81
        71: aload_2
        72: invokevirtual #212                // Method kr/moonseungjun/villageguardians/VillageRoleSkillSystem$RoleNode.coinCost:()I
        75: invokedynamic #239,  0            // InvokeDynamic #7:makeConcatWithConstants:(I)Ljava/lang/String;
        80: areturn
        81: ldc           #240                // String 습득 가능
        83: areturn

  public static synchronized boolean hasSkill(net.minecraft.server.level.ServerPlayer, kr.moonseungjun.villageguardians.VillageRoleSkillSystem$ActiveSkill);
    Code:
         0: getstatic     #54                 // Field SKILL_MASKS:Ljava/util/Map;
         3: aload_0
         4: invokevirtual #75                 // Method net/minecraft/server/level/ServerPlayer.getUUID:()Ljava/util/UUID;
         7: aload_1
         8: invokevirtual #242                // Method kr/moonseungjun/villageguardians/VillageRoleSkillSystem$ActiveSkill.role:()Lkr/moonseungjun/villageguardians/VillageRole;
        11: invokestatic  #81                 // Method roleKey:(Ljava/util/UUID;Lkr/moonseungjun/villageguardians/VillageRole;)Ljava/lang/String;
        14: iconst_0
        15: invokestatic  #85                 // Method java/lang/Integer.valueOf:(I)Ljava/lang/Integer;
        18: invokeinterface #91,  3           // InterfaceMethod java/util/Map.getOrDefault:(Ljava/lang/Object;Ljava/lang/Object;)Ljava/lang/Object;
        23: checkcast     #86                 // class java/lang/Integer
        26: invokevirtual #95                 // Method java/lang/Integer.intValue:()I
        29: istore_2
        30: iload_2
        31: aload_1
        32: invokevirtual #248                // Method kr/moonseungjun/villageguardians/VillageRoleSkillSystem$ActiveSkill.roleIndex:()I
        35: invokestatic  #104                // Method bit:(I)I
        38: iand
        39: ifeq          46
        42: iconst_1
        43: goto          47
        46: iconst_0
        47: ireturn

  public static synchronized java.lang.String unlockSkill(net.minecraft.server.level.ServerPlayer, java.lang.String);
    Code:
         0: aload_1
         1: invokestatic  #251                // Method kr/moonseungjun/villageguardians/VillageRoleSkillSystem$ActiveSkill.parse:(Ljava/lang/String;)Ljava/util/Optional;
         4: aconst_null
         5: invokevirtual #175                // Method java/util/Optional.orElse:(Ljava/lang/Object;)Ljava/lang/Object;
         8: checkcast     #243                // class kr/moonseungjun/villageguardians/VillageRoleSkillSystem$ActiveSkill
        11: astore_2
        12: aload_2
        13: ifnonnull     19
        16: ldc           #252                // String 알 수 없는 직업 기술입니다.
        18: areturn
        19: aload_0
        20: invokevirtual #75                 // Method net/minecraft/server/level/ServerPlayer.getUUID:()Ljava/util/UUID;
        23: invokestatic  #169                // Method kr/moonseungjun/villageguardians/VillageCouncilState.roleOf:(Ljava/util/UUID;)Ljava/util/Optional;
        26: aconst_null
        27: invokevirtual #175                // Method java/util/Optional.orElse:(Ljava/lang/Object;)Ljava/lang/Object;
        30: checkcast     #254                // class kr/moonseungjun/villageguardians/VillageRole
        33: astore_3
        34: aload_3
        35: aload_2
        36: invokevirtual #242                // Method kr/moonseungjun/villageguardians/VillageRoleSkillSystem$ActiveSkill.role:()Lkr/moonseungjun/villageguardians/VillageRole;
        39: if_acmpeq     46
        42: ldc_w         #256                // String 현재 직업의 기술만 습득할 수 있습니다.
        45: areturn
        46: aload_0
        47: aload_2
        48: invokestatic  #258                // Method hasSkill:(Lnet/minecraft/server/level/ServerPlayer;Lkr/moonseungjun/villageguardians/VillageRoleSkillSystem$ActiveSkill;)Z
        51: ifeq          64
        54: aload_2
        55: invokevirtual #262                // Method kr/moonseungjun/villageguardians/VillageRoleSkillSystem$ActiveSkill.displayName:()Ljava/lang/String;
        58: invokedynamic #193,  0            // InvokeDynamic #1:makeConcatWithConstants:(Ljava/lang/String;)Ljava/lang/String;
        63: areturn
        64: aload_0
        65: invokevirtual #75                 // Method net/minecraft/server/level/ServerPlayer.getUUID:()Ljava/util/UUID;
        68: invokestatic  #202                // Method kr/moonseungjun/villageguardians/VillageCouncilState.levelOf:(Ljava/util/UUID;)I
        71: istore        4
        73: iload         4
        75: aload_2
        76: invokevirtual #266                // Method kr/moonseungjun/villageguardians/VillageRoleSkillSystem$ActiveSkill.requiredLevel:()I
        79: if_icmpge     94
        82: aload_2
        83: invokevirtual #266                // Method kr/moonseungjun/villageguardians/VillageRoleSkillSystem$ActiveSkill.requiredLevel:()I
        86: iload         4
        88: invokedynamic #209,  0            // InvokeDynamic #3:makeConcatWithConstants:(II)Ljava/lang/String;
        93: areturn
        94: aload_0
        95: aload_2
        96: invokevirtual #267                // Method kr/moonseungjun/villageguardians/VillageRoleSkillSystem$ActiveSkill.coinCost:()I
        99: invokestatic  #215                // Method kr/moonseungjun/villageguardians/VillageProgressionSystem.spendCoins:(Lnet/minecraft/server/level/ServerPlayer;I)Z
       102: ifne          119
       105: aload_2
       106: invokevirtual #267                // Method kr/moonseungjun/villageguardians/VillageRoleSkillSystem$ActiveSkill.coinCost:()I
       109: aload_0
       110: invokestatic  #221                // Method kr/moonseungjun/villageguardians/VillageProgressionSystem.coins:(Lnet/minecraft/server/level/ServerPlayer;)I
       113: invokedynamic #225,  0            // InvokeDynamic #4:makeConcatWithConstants:(II)Ljava/lang/String;
       118: areturn
       119: aload_0
       120: invokevirtual #75                 // Method net/minecraft/server/level/ServerPlayer.getUUID:()Ljava/util/UUID;
       123: aload_2
       124: invokevirtual #242                // Method kr/moonseungjun/villageguardians/VillageRoleSkillSystem$ActiveSkill.role:()Lkr/moonseungjun/villageguardians/VillageRole;
       127: invokestatic  #81                 // Method roleKey:(Ljava/util/UUID;Lkr/moonseungjun/villageguardians/VillageRole;)Ljava/lang/String;
       130: astore        5
       132: getstatic     #54                 // Field SKILL_MASKS:Ljava/util/Map;
       135: aload         5
       137: getstatic     #54                 // Field SKILL_MASKS:Ljava/util/Map;
       140: aload         5
       142: iconst_0
       143: invokestatic  #85                 // Method java/lang/Integer.valueOf:(I)Ljava/lang/Integer;
       146: invokeinterface #91,  3           // InterfaceMethod java/util/Map.getOrDefault:(Ljava/lang/Object;Ljava/lang/Object;)Ljava/lang/Object;
       151: checkcast     #86                 // class java/lang/Integer
       154: invokevirtual #95                 // Method java/lang/Integer.intValue:()I
       157: aload_2
       158: invokevirtual #248                // Method kr/moonseungjun/villageguardians/VillageRoleSkillSystem$ActiveSkill.roleIndex:()I
       161: invokestatic  #104                // Method bit:(I)I
       164: ior
       165: invokestatic  #85                 // Method java/lang/Integer.valueOf:(I)Ljava/lang/Integer;
       168: invokeinterface #226,  3          // InterfaceMethod java/util/Map.put:(Ljava/lang/Object;Ljava/lang/Object;)Ljava/lang/Object;
       173: pop
       174: aload_0
       175: aload_2
       176: invokestatic  #268                // Method equipIntoFirstFreeSlot:(Lnet/minecraft/server/level/ServerPlayer;Lkr/moonseungjun/villageguardians/VillageRoleSkillSystem$ActiveSkill;)V
       179: invokestatic  #72                 // Method persist:()V
       182: aload_2
       183: invokevirtual #262                // Method kr/moonseungjun/villageguardians/VillageRoleSkillSystem$ActiveSkill.displayName:()Ljava/lang/String;
       186: invokedynamic #272,  0            // InvokeDynamic #8:makeConcatWithConstants:(Ljava/lang/String;)Ljava/lang/String;
       191: areturn

  public static synchronized java.lang.String equipSkill(net.minecraft.server.level.ServerPlayer, java.lang.String, int);
    Code:
         0: aload_1
         1: invokestatic  #251                // Method kr/moonseungjun/villageguardians/VillageRoleSkillSystem$ActiveSkill.parse:(Ljava/lang/String;)Ljava/util/Optional;
         4: aconst_null
         5: invokevirtual #175                // Method java/util/Optional.orElse:(Ljava/lang/Object;)Ljava/lang/Object;
         8: checkcast     #243                // class kr/moonseungjun/villageguardians/VillageRoleSkillSystem$ActiveSkill
        11: astore_3
        12: aload_0
        13: invokevirtual #75                 // Method net/minecraft/server/level/ServerPlayer.getUUID:()Ljava/util/UUID;
        16: invokestatic  #169                // Method kr/moonseungjun/villageguardians/VillageCouncilState.roleOf:(Ljava/util/UUID;)Ljava/util/Optional;
        19: aconst_null
        20: invokevirtual #175                // Method java/util/Optional.orElse:(Ljava/lang/Object;)Ljava/lang/Object;
        23: checkcast     #254                // class kr/moonseungjun/villageguardians/VillageRole
        26: astore        4
        28: aload_3
        29: ifnull        46
        32: aload         4
        34: ifnull        46
        37: aload_3
        38: invokevirtual #242                // Method kr/moonseungjun/villageguardians/VillageRoleSkillSystem$ActiveSkill.role:()Lkr/moonseungjun/villageguardians/VillageRole;
        41: aload         4
        43: if_acmpeq     50
        46: ldc_w         #273                // String 현재 직업에 맞지 않는 기술입니다.
        49: areturn
        50: aload_0
        51: aload_3
        52: invokestatic  #258                // Method hasSkill:(Lnet/minecraft/server/level/ServerPlayer;Lkr/moonseungjun/villageguardians/VillageRoleSkillSystem$ActiveSkill;)Z
        55: ifne          62
        58: ldc_w         #275                // String 먼저 해당 기술을 습득해야 합니다.
        61: areturn
        62: iload_2
        63: iconst_1
        64: if_icmpne     71
        67: iconst_1
        68: goto          72
        71: iconst_0
        72: istore        5
        74: iload         5
        76: ifne          83
        79: iconst_1
        80: goto          84
        83: iconst_0
        84: istore        6
        86: aload_0
        87: invokevirtual #75                 // Method net/minecraft/server/level/ServerPlayer.getUUID:()Ljava/util/UUID;
        90: aload         4
        92: iload         6
        94: invokestatic  #277                // Method loadoutKey:(Ljava/util/UUID;Lkr/moonseungjun/villageguardians/VillageRole;I)Ljava/lang/String;
        97: astore        7
        99: aload_3
       100: invokevirtual #281                // Method kr/moonseungjun/villageguardians/VillageRoleSkillSystem$ActiveSkill.id:()Ljava/lang/String;
       103: getstatic     #60                 // Field EQUIPPED_SKILLS:Ljava/util/Map;
       106: aload         7
       108: invokeinterface #284,  2          // InterfaceMethod java/util/Map.get:(Ljava/lang/Object;)Ljava/lang/Object;
       113: invokevirtual #287                // Method java/lang/String.equals:(Ljava/lang/Object;)Z
       116: ifeq          130
       119: getstatic     #60                 // Field EQUIPPED_SKILLS:Ljava/util/Map;
       122: aload         7
       124: invokeinterface #293,  2          // InterfaceMethod java/util/Map.remove:(Ljava/lang/Object;)Ljava/lang/Object;
       129: pop
       130: getstatic     #60                 // Field EQUIPPED_SKILLS:Ljava/util/Map;
       133: aload_0
       134: invokevirtual #75                 // Method net/minecraft/server/level/ServerPlayer.getUUID:()Ljava/util/UUID;
       137: aload         4
       139: iload         5
       141: invokestatic  #277                // Method loadoutKey:(Ljava/util/UUID;Lkr/moonseungjun/villageguardians/VillageRole;I)Ljava/lang/String;
       144: aload_3
       145: invokevirtual #281                // Method kr/moonseungjun/villageguardians/VillageRoleSkillSystem$ActiveSkill.id:()Ljava/lang/String;
       148: invokeinterface #226,  3          // InterfaceMethod java/util/Map.put:(Ljava/lang/Object;Ljava/lang/Object;)Ljava/lang/Object;
       153: pop
       154: invokestatic  #72                 // Method persist:()V
       157: aload_3
       158: invokevirtual #262                // Method kr/moonseungjun/villageguardians/VillageRoleSkillSystem$ActiveSkill.displayName:()Ljava/lang/String;
       161: iload         5
       163: iconst_1
       164: iadd
       165: invokedynamic #296,  0            // InvokeDynamic #9:makeConcatWithConstants:(Ljava/lang/String;I)Ljava/lang/String;
       170: areturn

  public static synchronized java.util.Optional<kr.moonseungjun.villageguardians.VillageRoleSkillSystem$ActiveSkill> equippedSkill(net.minecraft.server.level.ServerPlayer, int);
    Code:
         0: aload_0
         1: invokestatic  #297                // Method kr/moonseungjun/villageguardians/VillageSkillTestSystem.isEnabled:(Lnet/minecraft/server/level/ServerPlayer;)Z
         4: ifeq          13
         7: aload_0
         8: iload_1
         9: invokestatic  #303                // Method kr/moonseungjun/villageguardians/VillageSkillTestSystem.equippedSkill:(Lnet/minecraft/server/level/ServerPlayer;I)Ljava/util/Optional;
        12: areturn
        13: aload_0
        14: invokevirtual #75                 // Method net/minecraft/server/level/ServerPlayer.getUUID:()Ljava/util/UUID;
        17: invokestatic  #169                // Method kr/moonseungjun/villageguardians/VillageCouncilState.roleOf:(Ljava/util/UUID;)Ljava/util/Optional;
        20: aconst_null
        21: invokevirtual #175                // Method java/util/Optional.orElse:(Ljava/lang/Object;)Ljava/lang/Object;
        24: checkcast     #254                // class kr/moonseungjun/villageguardians/VillageRole
        27: astore_2
        28: aload_2
        29: ifnonnull     36
        32: invokestatic  #307                // Method java/util/Optional.empty:()Ljava/util/Optional;
        35: areturn
        36: getstatic     #60                 // Field EQUIPPED_SKILLS:Ljava/util/Map;
        39: aload_0
        40: invokevirtual #75                 // Method net/minecraft/server/level/ServerPlayer.getUUID:()Ljava/util/UUID;
        43: aload_2
        44: iload_1
        45: iconst_1
        46: if_icmpne     53
        49: iconst_1
        50: goto          54
        53: iconst_0
        54: invokestatic  #277                // Method loadoutKey:(Ljava/util/UUID;Lkr/moonseungjun/villageguardians/VillageRole;I)Ljava/lang/String;
        57: invokeinterface #284,  2          // InterfaceMethod java/util/Map.get:(Ljava/lang/Object;)Ljava/lang/Object;
        62: checkcast     #288                // class java/lang/String
        65: invokestatic  #251                // Method kr/moonseungjun/villageguardians/VillageRoleSkillSystem$ActiveSkill.parse:(Ljava/lang/String;)Ljava/util/Optional;
        68: aload_2
        69: aload_0
        70: invokedynamic #311,  0            // InvokeDynamic #10:test:(Lkr/moonseungjun/villageguardians/VillageRole;Lnet/minecraft/server/level/ServerPlayer;)Ljava/util/function/Predicate;
        75: invokevirtual #315                // Method java/util/Optional.filter:(Ljava/util/function/Predicate;)Ljava/util/Optional;
        78: areturn

  public static java.lang.String loadoutSummary(net.minecraft.server.level.ServerPlayer);
    Code:
         0: aload_0
         1: iconst_0
         2: invokestatic  #319                // Method equippedSkill:(Lnet/minecraft/server/level/ServerPlayer;I)Ljava/util/Optional;
         5: invokedynamic #320,  0            // InvokeDynamic #11:apply:()Ljava/util/function/Function;
        10: invokevirtual #324                // Method java/util/Optional.map:(Ljava/util/function/Function;)Ljava/util/Optional;
        13: ldc_w         #328                // String 비어 있음
        16: invokevirtual #175                // Method java/util/Optional.orElse:(Ljava/lang/Object;)Ljava/lang/Object;
        19: checkcast     #288                // class java/lang/String
        22: astore_1
        23: aload_0
        24: iconst_1
        25: invokestatic  #319                // Method equippedSkill:(Lnet/minecraft/server/level/ServerPlayer;I)Ljava/util/Optional;
        28: invokedynamic #320,  0            // InvokeDynamic #11:apply:()Ljava/util/function/Function;
        33: invokevirtual #324                // Method java/util/Optional.map:(Ljava/util/function/Function;)Ljava/util/Optional;
        36: ldc_w         #328                // String 비어 있음
        39: invokevirtual #175                // Method java/util/Optional.orElse:(Ljava/lang/Object;)Ljava/lang/Object;
        42: checkcast     #288                // class java/lang/String
        45: astore_2
        46: aload_1
        47: aload_2
        48: invokedynamic #330,  0            // InvokeDynamic #12:makeConcatWithConstants:(Ljava/lang/String;Ljava/lang/String;)Ljava/lang/String;
        53: areturn

  public static synchronized int cooldownRemainingSeconds(net.minecraft.server.level.ServerPlayer, int);
    Code:
         0: aload_0
         1: ifnull        11
         4: aload_0
         5: invokestatic  #297                // Method kr/moonseungjun/villageguardians/VillageSkillTestSystem.isEnabled:(Lnet/minecraft/server/level/ServerPlayer;)Z
         8: ifeq          13
        11: iconst_0
        12: ireturn
        13: aload_0
        14: iload_1
        15: invokestatic  #319                // Method equippedSkill:(Lnet/minecraft/server/level/ServerPlayer;I)Ljava/util/Optional;
        18: aconst_null
        19: invokevirtual #175                // Method java/util/Optional.orElse:(Ljava/lang/Object;)Ljava/lang/Object;
        22: checkcast     #243                // class kr/moonseungjun/villageguardians/VillageRoleSkillSystem$ActiveSkill
        25: astore_2
        26: aload_2
        27: ifnonnull     32
        30: iconst_0
        31: ireturn
        32: getstatic     #66                 // Field READY_AT:Ljava/util/Map;
        35: aload_0
        36: invokevirtual #75                 // Method net/minecraft/server/level/ServerPlayer.getUUID:()Ljava/util/UUID;
        39: invokestatic  #333                // Method java/lang/String.valueOf:(Ljava/lang/Object;)Ljava/lang/String;
        42: aload_2
        43: invokevirtual #281                // Method kr/moonseungjun/villageguardians/VillageRoleSkillSystem$ActiveSkill.id:()Ljava/lang/String;
        46: invokedynamic #336,  0            // InvokeDynamic #13:makeConcatWithConstants:(Ljava/lang/String;Ljava/lang/String;)Ljava/lang/String;
        51: lconst_0
        52: invokestatic  #337                // Method java/lang/Long.valueOf:(J)Ljava/lang/Long;
        55: invokeinterface #91,  3           // InterfaceMethod java/util/Map.getOrDefault:(Ljava/lang/Object;Ljava/lang/Object;)Ljava/lang/Object;
        60: checkcast     #338                // class java/lang/Long
        63: invokevirtual #342                // Method java/lang/Long.longValue:()J
        66: invokestatic  #346                // Method java/lang/System.currentTimeMillis:()J
        69: lsub
        70: lstore_3
        71: lload_3
        72: lconst_0
        73: lcmp
        74: ifgt          81
        77: iconst_0
        78: goto          95
        81: lconst_1
        82: lload_3
        83: ldc2_w        #351                // long 999l
        86: ladd
        87: ldc2_w        #353                // long 1000l
        90: ldiv
        91: invokestatic  #355                // Method java/lang/Math.max:(JJ)J
        94: l2i
        95: ireturn

  public static synchronized float cooldownProgress(net.minecraft.server.level.ServerPlayer, int);
    Code:
         0: aload_0
         1: iload_1
         2: invokestatic  #319                // Method equippedSkill:(Lnet/minecraft/server/level/ServerPlayer;I)Ljava/util/Optional;
         5: aconst_null
         6: invokevirtual #175                // Method java/util/Optional.orElse:(Ljava/lang/Object;)Ljava/lang/Object;
         9: checkcast     #243                // class kr/moonseungjun/villageguardians/VillageRoleSkillSystem$ActiveSkill
        12: astore_2
        13: aload_2
        14: ifnull        24
        17: aload_0
        18: invokestatic  #297                // Method kr/moonseungjun/villageguardians/VillageSkillTestSystem.isEnabled:(Lnet/minecraft/server/level/ServerPlayer;)Z
        21: ifeq          26
        24: fconst_0
        25: freturn
        26: aload_0
        27: invokevirtual #75                 // Method net/minecraft/server/level/ServerPlayer.getUUID:()Ljava/util/UUID;
        30: invokestatic  #169                // Method kr/moonseungjun/villageguardians/VillageCouncilState.roleOf:(Ljava/util/UUID;)Ljava/util/Optional;
        33: aconst_null
        34: invokevirtual #175                // Method java/util/Optional.orElse:(Ljava/lang/Object;)Ljava/lang/Object;
        37: checkcast     #254                // class kr/moonseungjun/villageguardians/VillageRole
        40: astore_3
        41: aload_3
        42: ifnonnull     47
        45: fconst_0
        46: freturn
        47: aload_0
        48: aload_3
        49: aload_2
        50: invokestatic  #358                // Method effectiveCooldownSeconds:(Lnet/minecraft/server/level/ServerPlayer;Lkr/moonseungjun/villageguardians/VillageRole;Lkr/moonseungjun/villageguardians/VillageRoleSkillSystem$ActiveSkill;)I
        53: istore        4
        55: aload_0
        56: iload_1
        57: invokestatic  #362                // Method cooldownRemainingSeconds:(Lnet/minecraft/server/level/ServerPlayer;I)I
        60: istore        5
        62: iload         4
        64: ifgt          71
        67: fconst_0
        68: goto          86
        71: fconst_0
        72: fconst_1
        73: iload         5
        75: i2f
        76: iload         4
        78: i2f
        79: fdiv
        80: invokestatic  #366                // Method java/lang/Math.min:(FF)F
        83: invokestatic  #369                // Method java/lang/Math.max:(FF)F
        86: freturn

  public static java.lang.String hudSlotText(net.minecraft.server.level.ServerPlayer, int);
    Code:
         0: iload_1
         1: ifne          10
         4: ldc_w         #371                // String §b{SKILL1}
         7: goto          13
        10: ldc_w         #373                // String §d{SKILL2}
        13: astore_2
        14: aload_0
        15: iload_1
        16: invokestatic  #319                // Method equippedSkill:(Lnet/minecraft/server/level/ServerPlayer;I)Ljava/util/Optional;
        19: aconst_null
        20: invokevirtual #175                // Method java/util/Optional.orElse:(Ljava/lang/Object;)Ljava/lang/Object;
        23: checkcast     #243                // class kr/moonseungjun/villageguardians/VillageRoleSkillSystem$ActiveSkill
        26: astore_3
        27: aload_3
        28: ifnonnull     38
        31: aload_2
        32: invokedynamic #375,  0            // InvokeDynamic #14:makeConcatWithConstants:(Ljava/lang/String;)Ljava/lang/String;
        37: areturn
        38: aload_0
        39: iload_1
        40: invokestatic  #362                // Method cooldownRemainingSeconds:(Lnet/minecraft/server/level/ServerPlayer;I)I
        43: istore        4
        45: iload         4
        47: ifgt          61
        50: aload_2
        51: aload_3
        52: invokevirtual #262                // Method kr/moonseungjun/villageguardians/VillageRoleSkillSystem$ActiveSkill.displayName:()Ljava/lang/String;
        55: invokedynamic #376,  0            // InvokeDynamic #15:makeConcatWithConstants:(Ljava/lang/String;Ljava/lang/String;)Ljava/lang/String;
        60: areturn
        61: aload_0
        62: iload_1
        63: invokestatic  #377                // Method cooldownProgress:(Lnet/minecraft/server/level/ServerPlayer;I)F
        66: fstore        5
        68: iconst_0
        69: iconst_5
        70: fconst_1
        71: fload         5
        73: fsub
        74: ldc_w         #381                // float 5.0f
        77: fmul
        78: invokestatic  #382                // Method java/lang/Math.round:(F)I
        81: invokestatic  #130                // Method java/lang/Math.min:(II)I
        84: invokestatic  #137                // Method java/lang/Math.max:(II)I
        87: istore        6
        89: ldc_w         #386                // String ■
        92: iload         6
        94: invokevirtual #388                // Method java/lang/String.repeat:(I)Ljava/lang/String;
        97: ldc_w         #391                // String □
       100: iconst_5
       101: iload         6
       103: isub
       104: invokevirtual #388                // Method java/lang/String.repeat:(I)Ljava/lang/String;
       107: invokedynamic #393,  0            // InvokeDynamic #16:makeConcatWithConstants:(Ljava/lang/String;Ljava/lang/String;)Ljava/lang/String;
       112: astore        7
       114: aload_2
       115: aload_3
       116: invokevirtual #262                // Method kr/moonseungjun/villageguardians/VillageRoleSkillSystem$ActiveSkill.displayName:()Ljava/lang/String;
       119: iload         4
       121: aload         7
       123: invokedynamic #394,  0            // InvokeDynamic #17:makeConcatWithConstants:(Ljava/lang/String;Ljava/lang/String;ILjava/lang/String;)Ljava/lang/String;
       128: areturn

  public static kr.moonseungjun.villageguardians.VillageRoleSkillSystem$ScalingCoverage scalingCoverage(kr.moonseungjun.villageguardians.VillageRoleSkillSystem$ActiveSkill);
    Code:
         0: aload_0
         1: ifnonnull     18
         4: new           #397                // class kr/moonseungjun/villageguardians/VillageRoleSkillSystem$ScalingCoverage
         7: dup
         8: iconst_0
         9: iconst_0
        10: iconst_0
        11: ldc_w         #399                // String 기술 없음
        14: invokespecial #401                // Method kr/moonseungjun/villageguardians/VillageRoleSkillSystem$ScalingCoverage."<init>":(ZZZLjava/lang/String;)V
        17: areturn
        18: aload_0
        19: invokevirtual #404                // Method kr/moonseungjun/villageguardians/VillageRoleSkillSystem$ActiveSkill.ordinal:()I
        22: tableswitch   { // 0 to 19
                       0: 126
                       1: 142
                       2: 158
                       3: 174
                       4: 190
                       5: 206
                       6: 222
                       7: 238
                       8: 254
                       9: 270
                      10: 286
                      11: 302
                      12: 318
                      13: 334
                      14: 350
                      15: 366
                      16: 382
                      17: 398
                      18: 414
                      19: 430
                 default: 116
            }
       116: new           #405                // class java/lang/MatchException
       119: dup
       120: aconst_null
       121: aconst_null
       122: invokespecial #407                // Method java/lang/MatchException."<init>":(Ljava/lang/String;Ljava/lang/Throwable;)V
       125: athrow
       126: new           #397                // class kr/moonseungjun/villageguardians/VillageRoleSkillSystem$ScalingCoverage
       129: dup
       130: iconst_1
       131: iconst_1
       132: iconst_1
       133: ldc_w         #410                // String 위력=틱 피해 · 지속=회전 시간 · 특수=범위/대상/밀치기
       136: invokespecial #401                // Method kr/moonseungjun/villageguardians/VillageRoleSkillSystem$ScalingCoverage."<init>":(ZZZLjava/lang/String;)V
       139: goto          443
       142: new           #397                // class kr/moonseungjun/villageguardians/VillageRoleSkillSystem$ScalingCoverage
       145: dup
       146: iconst_1
       147: iconst_1
       148: iconst_1
       149: ldc_w         #412                // String 위력=공격 증폭 · 지속=버프 시간 · 특수=효과 단계/아군 강화
       152: invokespecial #401                // Method kr/moonseungjun/villageguardians/VillageRoleSkillSystem$ScalingCoverage."<init>":(ZZZLjava/lang/String;)V
       155: goto          443
       158: new           #397                // class kr/moonseungjun/villageguardians/VillageRoleSkillSystem$ScalingCoverage
       161: dup
       162: iconst_1
       163: iconst_1
       164: iconst_1
       165: ldc_w         #414                // String 위력=검기 피해 · 지속=검기 횟수 · 특수=검기 크기/사거리
       168: invokespecial #401                // Method kr/moonseungjun/villageguardians/VillageRoleSkillSystem$ScalingCoverage."<init>":(ZZZLjava/lang/String;)V
       171: goto          443
       174: new           #397                // class kr/moonseungjun/villageguardians/VillageRoleSkillSystem$ScalingCoverage
       177: dup
       178: iconst_1
       179: iconst_1
       180: iconst_1
       181: ldc_w         #416                // String 위력=강하 피해 · 지속=균열 약화 시간 · 특수=범위/제어
       184: invokespecial #401                // Method kr/moonseungjun/villageguardians/VillageRoleSkillSystem$ScalingCoverage."<init>":(ZZZLjava/lang/String;)V
       187: goto          443
       190: new           #397                // class kr/moonseungjun/villageguardians/VillageRoleSkillSystem$ScalingCoverage
       193: dup
       194: iconst_1
       195: iconst_1
       196: iconst_1
       197: ldc_w         #418                // String 위력=본체/추가 화살 피해 · 지속=준비 시간 · 특수=장전/추가 화살 수
       200: invokespecial #401                // Method kr/moonseungjun/villageguardians/VillageRoleSkillSystem$ScalingCoverage."<init>":(ZZZLjava/lang/String;)V
       203: goto          443
       206: new           #397                // class kr/moonseungjun/villageguardians/VillageRoleSkillSystem$ScalingCoverage
       209: dup
       210: iconst_1
       211: iconst_1
       212: iconst_1
       213: ldc_w         #420                // String 위력=추적/도탄 피해 · 지속=준비 시간 · 특수=도탄 반경/대상 수
       216: invokespecial #401                // Method kr/moonseungjun/villageguardians/VillageRoleSkillSystem$ScalingCoverage."<init>":(ZZZLjava/lang/String;)V
       219: goto          443
       222: new           #397                // class kr/moonseungjun/villageguardians/VillageRoleSkillSystem$ScalingCoverage
       225: dup
       226: iconst_1
       227: iconst_1
       228: iconst_1
       229: ldc_w         #422                // String 위력=화살비 피해 · 지속=준비/장판 시간 · 특수=범위/화상
       232: invokespecial #401                // Method kr/moonseungjun/villageguardians/VillageRoleSkillSystem$ScalingCoverage."<init>":(ZZZLjava/lang/String;)V
       235: goto          443
       238: new           #397                // class kr/moonseungjun/villageguardians/VillageRoleSkillSystem$ScalingCoverage
       241: dup
       242: iconst_1
       243: iconst_1
       244: iconst_1
       245: ldc_w         #424                // String 위력=대궁 피해 · 지속=준비 시간 · 특수=크기/관통 범위
       248: invokespecial #401                // Method kr/moonseungjun/villageguardians/VillageRoleSkillSystem$ScalingCoverage."<init>":(ZZZLjava/lang/String;)V
       251: goto          443
       254: new           #397                // class kr/moonseungjun/villageguardians/VillageRoleSkillSystem$ScalingCoverage
       257: dup
       258: iconst_1
       259: iconst_1
       260: iconst_1
       261: ldc_w         #426                // String 위력=폭발 피해 · 지속=비행 사거리 · 특수=폭발 범위/화상
       264: invokespecial #401                // Method kr/moonseungjun/villageguardians/VillageRoleSkillSystem$ScalingCoverage."<init>":(ZZZLjava/lang/String;)V
       267: goto          443
       270: new           #397                // class kr/moonseungjun/villageguardians/VillageRoleSkillSystem$ScalingCoverage
       273: dup
       274: iconst_1
       275: iconst_1
       276: iconst_1
       277: ldc_w         #428                // String 위력=지속 피해 · 지속=장판 시간 · 특수=범위/사거리
       280: invokespecial #401                // Method kr/moonseungjun/villageguardians/VillageRoleSkillSystem$ScalingCoverage."<init>":(ZZZLjava/lang/String;)V
       283: goto          443
       286: new           #397                // class kr/moonseungjun/villageguardians/VillageRoleSkillSystem$ScalingCoverage
       289: dup
       290: iconst_1
       291: iconst_1
       292: iconst_1
       293: ldc_w         #430                // String 위력=회랑 피해 · 지속=토네이도 시간 · 특수=범위/제어
       296: invokespecial #401                // Method kr/moonseungjun/villageguardians/VillageRoleSkillSystem$ScalingCoverage."<init>":(ZZZLjava/lang/String;)V
       299: goto          443
       302: new           #397                // class kr/moonseungjun/villageguardians/VillageRoleSkillSystem$ScalingCoverage
       305: dup
       306: iconst_1
       307: iconst_1
       308: iconst_1
       309: ldc_w         #432                // String 위력=낙뢰 피해 · 지속=폭격 시간 · 특수=범위/낙뢰 대상
       312: invokespecial #401                // Method kr/moonseungjun/villageguardians/VillageRoleSkillSystem$ScalingCoverage."<init>":(ZZZLjava/lang/String;)V
       315: goto          443
       318: new           #397                // class kr/moonseungjun/villageguardians/VillageRoleSkillSystem$ScalingCoverage
       321: dup
       322: iconst_1
       323: iconst_1
       324: iconst_1
       325: ldc_w         #434                // String 위력=즉시 회복 · 지속=재생/보호막 시간 · 특수=보호막 강도
       328: invokespecial #401                // Method kr/moonseungjun/villageguardians/VillageRoleSkillSystem$ScalingCoverage."<init>":(ZZZLjava/lang/String;)V
       331: goto          443
       334: new           #397                // class kr/moonseungjun/villageguardians/VillageRoleSkillSystem$ScalingCoverage
       337: dup
       338: iconst_1
       339: iconst_1
       340: iconst_1
       341: ldc_w         #436                // String 위력=회복량 · 지속=정화 후 보호 시간 · 특수=보호막/정화 범위
       344: invokespecial #401                // Method kr/moonseungjun/villageguardians/VillageRoleSkillSystem$ScalingCoverage."<init>":(ZZZLjava/lang/String;)V
       347: goto          443
       350: new           #397                // class kr/moonseungjun/villageguardians/VillageRoleSkillSystem$ScalingCoverage
       353: dup
       354: iconst_1
       355: iconst_1
       356: iconst_1
       357: ldc_w         #438                // String 위력=틱 회복 · 지속=성역 시간 · 특수=범위/보호
       360: invokespecial #401                // Method kr/moonseungjun/villageguardians/VillageRoleSkillSystem$ScalingCoverage."<init>":(ZZZLjava/lang/String;)V
       363: goto          443
       366: new           #397                // class kr/moonseungjun/villageguardians/VillageRoleSkillSystem$ScalingCoverage
       369: dup
       370: iconst_1
       371: iconst_1
       372: iconst_1
       373: ldc_w         #440                // String 위력=전체 회복 · 지속=보호막/재생 시간 · 특수=보호막 강도/부활
       376: invokespecial #401                // Method kr/moonseungjun/villageguardians/VillageRoleSkillSystem$ScalingCoverage."<init>":(ZZZLjava/lang/String;)V
       379: goto          443
       382: new           #397                // class kr/moonseungjun/villageguardians/VillageRoleSkillSystem$ScalingCoverage
       385: dup
       386: iconst_1
       387: iconst_1
       388: iconst_1
       389: ldc_w         #442                // String 위력=돌진 피해 · 지속=돌진 거리 · 특수=방패 폭/밀치기
       392: invokespecial #401                // Method kr/moonseungjun/villageguardians/VillageRoleSkillSystem$ScalingCoverage."<init>":(ZZZLjava/lang/String;)V
       395: goto          443
       398: new           #397                // class kr/moonseungjun/villageguardians/VillageRoleSkillSystem$ScalingCoverage
       401: dup
       402: iconst_1
       403: iconst_1
       404: iconst_1
       405: ldc_w         #444                // String 위력=함성 피해 · 지속=도발/약화 시간 · 특수=범위/약화 단계
       408: invokespecial #401                // Method kr/moonseungjun/villageguardians/VillageRoleSkillSystem$ScalingCoverage."<init>":(ZZZLjava/lang/String;)V
       411: goto          443
       414: new           #397                // class kr/moonseungjun/villageguardians/VillageRoleSkillSystem$ScalingCoverage
       417: dup
       418: iconst_1
       419: iconst_1
       420: iconst_1
       421: ldc_w         #446                // String 위력=보호막/접촉 피해 · 지속=태세 시간 · 특수=방패 범위/밀치기
       424: invokespecial #401                // Method kr/moonseungjun/villageguardians/VillageRoleSkillSystem$ScalingCoverage."<init>":(ZZZLjava/lang/String;)V
       427: goto          443
       430: new           #397                // class kr/moonseungjun/villageguardians/VillageRoleSkillSystem$ScalingCoverage
       433: dup
       434: iconst_1
       435: iconst_1
       436: iconst_1
       437: ldc_w         #448                // String 위력=보호막/진군 피해 · 지속=진군 시간 · 특수=방패 범위/저항
       440: invokespecial #401                // Method kr/moonseungjun/villageguardians/VillageRoleSkillSystem$ScalingCoverage."<init>":(ZZZLjava/lang/String;)V
       443: areturn

  public static boolean allSkillBranchesConnected();
    Code:
         0: invokestatic  #450                // Method kr/moonseungjun/villageguardians/VillageRoleSkillSystem$ActiveSkill.values:()[Lkr/moonseungjun/villageguardians/VillageRoleSkillSystem$ActiveSkill;
         3: invokestatic  #149                // Method java/util/Arrays.stream:([Ljava/lang/Object;)Ljava/util/stream/Stream;
         6: invokedynamic #453,  0            // InvokeDynamic #18:test:()Ljava/util/function/Predicate;
        11: invokeinterface #456,  2          // InterfaceMethod java/util/stream/Stream.allMatch:(Ljava/util/function/Predicate;)Z
        16: ireturn

  public static java.util.List<kr.moonseungjun.villageguardians.VillageRoleSkillSystem$ActiveSkill> skillsFor(kr.moonseungjun.villageguardians.VillageRole);
    Code:
         0: invokestatic  #450                // Method kr/moonseungjun/villageguardians/VillageRoleSkillSystem$ActiveSkill.values:()[Lkr/moonseungjun/villageguardians/VillageRoleSkillSystem$ActiveSkill;
         3: invokestatic  #149                // Method java/util/Arrays.stream:([Ljava/lang/Object;)Ljava/util/stream/Stream;
         6: aload_0
         7: invokedynamic #460,  0            // InvokeDynamic #19:test:(Lkr/moonseungjun/villageguardians/VillageRole;)Ljava/util/function/Predicate;
        12: invokeinterface #463,  2          // InterfaceMethod java/util/stream/Stream.filter:(Ljava/util/function/Predicate;)Ljava/util/stream/Stream;
        17: invokeinterface #165,  1          // InterfaceMethod java/util/stream/Stream.toList:()Ljava/util/List;
        22: areturn

  public static java.lang.String skillStatus(net.minecraft.server.level.ServerPlayer, kr.moonseungjun.villageguardians.VillageRoleSkillSystem$ActiveSkill);
    Code:
         0: aload_0
         1: aload_1
         2: invokestatic  #258                // Method hasSkill:(Lnet/minecraft/server/level/ServerPlayer;Lkr/moonseungjun/villageguardians/VillageRoleSkillSystem$ActiveSkill;)Z
         5: ifeq          32
         8: aload_0
         9: aload_1
        10: invokestatic  #466                // Method equippedSlot:(Lnet/minecraft/server/level/ServerPlayer;Lkr/moonseungjun/villageguardians/VillageRoleSkillSystem$ActiveSkill;)I
        13: istore_2
        14: iload_2
        15: iflt          29
        18: iload_2
        19: iconst_1
        20: iadd
        21: invokedynamic #470,  0            // InvokeDynamic #20:makeConcatWithConstants:(I)Ljava/lang/String;
        26: goto          31
        29: ldc           #232                // String 습득
        31: areturn
        32: aload_0
        33: invokevirtual #75                 // Method net/minecraft/server/level/ServerPlayer.getUUID:()Ljava/util/UUID;
        36: invokestatic  #202                // Method kr/moonseungjun/villageguardians/VillageCouncilState.levelOf:(Ljava/util/UUID;)I
        39: istore_2
        40: iload_2
        41: aload_1
        42: invokevirtual #266                // Method kr/moonseungjun/villageguardians/VillageRoleSkillSystem$ActiveSkill.requiredLevel:()I
        45: if_icmpge     58
        48: aload_1
        49: invokevirtual #266                // Method kr/moonseungjun/villageguardians/VillageRoleSkillSystem$ActiveSkill.requiredLevel:()I
        52: invokedynamic #236,  0            // InvokeDynamic #6:makeConcatWithConstants:(I)Ljava/lang/String;
        57: areturn
        58: aload_0
        59: invokestatic  #221                // Method kr/moonseungjun/villageguardians/VillageProgressionSystem.coins:(Lnet/minecraft/server/level/ServerPlayer;)I
        62: aload_1
        63: invokevirtual #267                // Method kr/moonseungjun/villageguardians/VillageRoleSkillSystem$ActiveSkill.coinCost:()I
        66: if_icmpge     79
        69: aload_1
        70: invokevirtual #267                // Method kr/moonseungjun/villageguardians/VillageRoleSkillSystem$ActiveSkill.coinCost:()I
        73: invokedynamic #239,  0            // InvokeDynamic #7:makeConcatWithConstants:(I)Ljava/lang/String;
        78: areturn
        79: ldc           #240                // String 습득 가능
        81: areturn

  public static int equippedSlot(net.minecraft.server.level.ServerPlayer, kr.moonseungjun.villageguardians.VillageRoleSkillSystem$ActiveSkill);
    Code:
         0: iconst_0
         1: istore_2
         2: iload_2
         3: iconst_2
         4: if_icmpge     28
         7: aload_0
         8: iload_2
         9: invokestatic  #319                // Method equippedSkill:(Lnet/minecraft/server/level/ServerPlayer;I)Ljava/util/Optional;
        12: aconst_null
        13: invokevirtual #175                // Method java/util/Optional.orElse:(Ljava/lang/Object;)Ljava/lang/Object;
        16: aload_1
        17: if_acmpne     22
        20: iload_2
        21: ireturn
        22: iinc          2, 1
        25: goto          2
        28: iconst_m1
        29: ireturn

  public static java.lang.String useEquippedSkill(net.minecraft.server.level.ServerPlayer, int);
    Code:
         0: aload_0
         1: invokestatic  #297                // Method kr/moonseungjun/villageguardians/VillageSkillTestSystem.isEnabled:(Lnet/minecraft/server/level/ServerPlayer;)Z
         4: istore_2
         5: iload_2
         6: ifeq          16
         9: aload_0
        10: invokestatic  #471                // Method kr/moonseungjun/villageguardians/VillageSkillTestSystem.selectedRole:(Lnet/minecraft/server/level/ServerPlayer;)Lkr/moonseungjun/villageguardians/VillageRole;
        13: goto          30
        16: aload_0
        17: invokevirtual #75                 // Method net/minecraft/server/level/ServerPlayer.getUUID:()Ljava/util/UUID;
        20: invokestatic  #169                // Method kr/moonseungjun/villageguardians/VillageCouncilState.roleOf:(Ljava/util/UUID;)Ljava/util/Optional;
        23: aconst_null
        24: invokevirtual #175                // Method java/util/Optional.orElse:(Ljava/lang/Object;)Ljava/lang/Object;
        27: checkcast     #254                // class kr/moonseungjun/villageguardians/VillageRole
        30: astore_3
        31: aload_3
        32: ifnonnull     39
        35: ldc_w         #475                // String 마을 회관에서 직업을 먼저 배치해야 합니다.
        38: areturn
        39: aload_0
        40: iload_1
        41: invokestatic  #319                // Method equippedSkill:(Lnet/minecraft/server/level/ServerPlayer;I)Ljava/util/Optional;
        44: aconst_null
        45: invokevirtual #175                // Method java/util/Optional.orElse:(Ljava/lang/Object;)Ljava/lang/Object;
        48: checkcast     #243                // class kr/moonseungjun/villageguardians/VillageRoleSkillSystem$ActiveSkill
        51: astore        4
        53: aload         4
        55: ifnonnull     82
        58: iload_2
        59: ifeq          73
        62: iload_1
        63: iconst_1
        64: iadd
        65: invokedynamic #477,  0            // InvokeDynamic #21:makeConcatWithConstants:(I)Ljava/lang/String;
        70: goto          81
        73: iload_1
        74: iconst_1
        75: iadd
        76: invokedynamic #478,  0            // InvokeDynamic #22:makeConcatWithConstants:(I)Ljava/lang/String;
        81: areturn
        82: aload_0
        83: invokevirtual #479                // Method net/minecraft/server/level/ServerPlayer.level:()Lnet/minecraft/server/level/ServerLevel;
        86: astore        6
        88: aload         6
        90: instanceof    #14                 // class net/minecraft/server/level/ServerLevel
        93: ifeq          103
        96: aload         6
        98: astore        5
       100: goto          107
       103: ldc_w         #482                // String 현재 월드에서는 기술을 사용할 수 없습니다.
       106: areturn
       107: invokestatic  #346                // Method java/lang/System.currentTimeMillis:()J
       110: lstore        6
       112: aload_0
       113: invokevirtual #75                 // Method net/minecraft/server/level/ServerPlayer.getUUID:()Ljava/util/UUID;
       116: invokestatic  #333                // Method java/lang/String.valueOf:(Ljava/lang/Object;)Ljava/lang/String;
       119: aload         4
       121: invokevirtual #281                // Method kr/moonseungjun/villageguardians/VillageRoleSkillSystem$ActiveSkill.id:()Ljava/lang/String;
       124: invokedynamic #336,  0            // InvokeDynamic #13:makeConcatWithConstants:(Ljava/lang/String;Ljava/lang/String;)Ljava/lang/String;
       129: astore        8
       131: iload_2
       132: ifne          193
       135: getstatic     #66                 // Field READY_AT:Ljava/util/Map;
       138: aload         8
       140: lconst_0
       141: invokestatic  #337                // Method java/lang/Long.valueOf:(J)Ljava/lang/Long;
       144: invokeinterface #91,  3           // InterfaceMethod java/util/Map.getOrDefault:(Ljava/lang/Object;Ljava/lang/Object;)Ljava/lang/Object;
       149: checkcast     #338                // class java/lang/Long
       152: invokevirtual #342                // Method java/lang/Long.longValue:()J
       155: lstore        9
       157: lload         9
       159: lload         6
       161: lcmp
       162: ifle          193
       165: aload         4
       167: invokevirtual #262                // Method kr/moonseungjun/villageguardians/VillageRoleSkillSystem$ActiveSkill.displayName:()Ljava/lang/String;
       170: lconst_1
       171: lload         9
       173: lload         6
       175: lsub
       176: ldc2_w        #351                // long 999l
       179: ladd
       180: ldc2_w        #353                // long 1000l
       183: ldiv
       184: invokestatic  #355                // Method java/lang/Math.max:(JJ)J
       187: invokedynamic #484,  0            // InvokeDynamic #23:makeConcatWithConstants:(Ljava/lang/String;J)Ljava/lang/String;
       192: areturn
       193: aload_0
       194: aload_3
       195: invokestatic  #487                // Method powerMultiplier:(Lnet/minecraft/server/level/ServerPlayer;Lkr/moonseungjun/villageguardians/VillageRole;)F
       198: aload_0
       199: invokestatic  #491                // Method kr/moonseungjun/villageguardians/VillageProgressionSystem.learnedSkillDamageMultiplier:(Lnet/minecraft/server/level/ServerPlayer;)F
       202: fmul
       203: aload_0
       204: invokestatic  #495                // Method kr/moonseungjun/villageguardians/VillageEquipmentShop.roleSkillMultiplier:(Lnet/minecraft/server/level/ServerPlayer;)F
       207: fmul
       208: aload_0
       209: invokestatic  #500                // Method kr/moonseungjun/villageguardians/VillageRelicSystem.skillMultiplier:(Lnet/minecraft/server/level/ServerPlayer;)F
       212: fmul
       213: fstore        9
       215: aload_0
       216: aload_3
       217: invokestatic  #505                // Method durationMultiplier:(Lnet/minecraft/server/level/ServerPlayer;Lkr/moonseungjun/villageguardians/VillageRole;)F
       220: fstore        10
       222: aload_0
       223: aload_3
       224: invokestatic  #508                // Method specialRank:(Lnet/minecraft/server/level/ServerPlayer;Lkr/moonseungjun/villageguardians/VillageRole;)I
       227: istore        11
       229: aload         5
       231: aload_0
       232: aload         4
       234: fload         9
       236: fload         10
       238: iload         11
       240: invokestatic  #512                // Method cast:(Lnet/minecraft/server/level/ServerLevel;Lnet/minecraft/server/level/ServerPlayer;Lkr/moonseungjun/villageguardians/VillageRoleSkillSystem$ActiveSkill;FFI)V
       243: iload_2
       244: ifeq          258
       247: aload         4
       249: invokevirtual #262                // Method kr/moonseungjun/villageguardians/VillageRoleSkillSystem$ActiveSkill.displayName:()Ljava/lang/String;
       252: invokedynamic #516,  0            // InvokeDynamic #24:makeConcatWithConstants:(Ljava/lang/String;)Ljava/lang/String;
       257: areturn
       258: aload_0
       259: aload_3
       260: aload         4
       262: invokestatic  #358                // Method effectiveCooldownSeconds:(Lnet/minecraft/server/level/ServerPlayer;Lkr/moonseungjun/villageguardians/VillageRole;Lkr/moonseungjun/villageguardians/VillageRoleSkillSystem$ActiveSkill;)I
       265: istore        12
       267: getstatic     #66                 // Field READY_AT:Ljava/util/Map;
       270: aload         8
       272: lload         6
       274: iload         12
       276: i2l
       277: ldc2_w        #353                // long 1000l
       280: lmul
       281: ladd
       282: invokestatic  #337                // Method java/lang/Long.valueOf:(J)Ljava/lang/Long;
       285: invokeinterface #226,  3          // InterfaceMethod java/util/Map.put:(Ljava/lang/Object;Ljava/lang/Object;)Ljava/lang/Object;
       290: pop
       291: aload         4
       293: invokevirtual #262                // Method kr/moonseungjun/villageguardians/VillageRoleSkillSystem$ActiveSkill.displayName:()Ljava/lang/String;
       296: iload         12
       298: invokedynamic #517,  0            // InvokeDynamic #25:makeConcatWithConstants:(Ljava/lang/String;I)Ljava/lang/String;
       303: areturn

  private static int effectiveCooldownSeconds(net.minecraft.server.level.ServerPlayer, kr.moonseungjun.villageguardians.VillageRole, kr.moonseungjun.villageguardians.VillageRoleSkillSystem$ActiveSkill);
    Code:
         0: bipush        7
         2: aload_2
         3: invokevirtual #518                // Method kr/moonseungjun/villageguardians/VillageRoleSkillSystem$ActiveSkill.baseCooldownSeconds:()I
         6: aload_0
         7: invokestatic  #521                // Method kr/moonseungjun/villageguardians/VillageProgressionSystem.skillCooldownReductionSeconds:(Lnet/minecraft/server/level/ServerPlayer;)I
        10: isub
        11: aload_0
        12: invokestatic  #524                // Method kr/moonseungjun/villageguardians/VillageSkillTreeSystem.cooldownReductionSeconds:(Lnet/minecraft/server/level/ServerPlayer;)I
        15: isub
        16: aload_0
        17: invokestatic  #529                // Method kr/moonseungjun/villageguardians/VillageSkillTreeSystem.mobilityCooldownReductionSeconds:(Lnet/minecraft/server/level/ServerPlayer;)I
        20: isub
        21: aload_0
        22: aload_1
        23: invokestatic  #532                // Method roleTreeCooldownReductionSeconds:(Lnet/minecraft/server/level/ServerPlayer;Lkr/moonseungjun/villageguardians/VillageRole;)I
        26: isub
        27: aload_0
        28: invokestatic  #535                // Method kr/moonseungjun/villageguardians/VillageEquipmentShop.cooldownReductionSeconds:(Lnet/minecraft/server/level/ServerPlayer;)I
        31: isub
        32: aload_0
        33: invokestatic  #536                // Method kr/moonseungjun/villageguardians/VillageRelicSystem.cooldownReductionSeconds:(Lnet/minecraft/server/level/ServerPlayer;)I
        36: isub
        37: invokestatic  #137                // Method java/lang/Math.max:(II)I
        40: ireturn

  public static java.lang.String useTestSkill(net.minecraft.server.level.ServerPlayer, java.lang.String);
    Code:
         0: aload_0
         1: invokestatic  #297                // Method kr/moonseungjun/villageguardians/VillageSkillTestSystem.isEnabled:(Lnet/minecraft/server/level/ServerPlayer;)Z
         4: ifne          11
         7: ldc_w         #537                // String 먼저 기술 시험 모드를 활성화해야 합니다.
        10: areturn
        11: aload_1
        12: invokestatic  #251                // Method kr/moonseungjun/villageguardians/VillageRoleSkillSystem$ActiveSkill.parse:(Ljava/lang/String;)Ljava/util/Optional;
        15: aconst_null
        16: invokevirtual #175                // Method java/util/Optional.orElse:(Ljava/lang/Object;)Ljava/lang/Object;
        19: checkcast     #243                // class kr/moonseungjun/villageguardians/VillageRoleSkillSystem$ActiveSkill
        22: astore_2
        23: aload_0
        24: invokestatic  #471                // Method kr/moonseungjun/villageguardians/VillageSkillTestSystem.selectedRole:(Lnet/minecraft/server/level/ServerPlayer;)Lkr/moonseungjun/villageguardians/VillageRole;
        27: astore_3
        28: aload_2
        29: ifnull        40
        32: aload_2
        33: invokevirtual #242                // Method kr/moonseungjun/villageguardians/VillageRoleSkillSystem$ActiveSkill.role:()Lkr/moonseungjun/villageguardians/VillageRole;
        36: aload_3
        37: if_acmpeq     44
        40: ldc_w         #539                // String 현재 시험 직업의 기술만 시험할 수 있습니다.
        43: areturn
        44: aload_0
        45: invokevirtual #479                // Method net/minecraft/server/level/ServerPlayer.level:()Lnet/minecraft/server/level/ServerLevel;
        48: astore        5
        50: aload         5
        52: instanceof    #14                 // class net/minecraft/server/level/ServerLevel
        55: ifeq          65
        58: aload         5
        60: astore        4
        62: goto          69
        65: ldc_w         #541                // String 현재 월드에서는 시험할 수 없습니다.
        68: areturn
        69: aload         4
        71: aload_0
        72: aload_2
        73: aload_0
        74: aload_3
        75: invokestatic  #487                // Method powerMultiplier:(Lnet/minecraft/server/level/ServerPlayer;Lkr/moonseungjun/villageguardians/VillageRole;)F
        78: aload_0
        79: invokestatic  #491                // Method kr/moonseungjun/villageguardians/VillageProgressionSystem.learnedSkillDamageMultiplier:(Lnet/minecraft/server/level/ServerPlayer;)F
        82: fmul
        83: aload_0
        84: invokestatic  #500                // Method kr/moonseungjun/villageguardians/VillageRelicSystem.skillMultiplier:(Lnet/minecraft/server/level/ServerPlayer;)F
        87: fmul
        88: aload_0
        89: aload_3
        90: invokestatic  #505                // Method durationMultiplier:(Lnet/minecraft/server/level/ServerPlayer;Lkr/moonseungjun/villageguardians/VillageRole;)F
        93: aload_0
        94: aload_3
        95: invokestatic  #508                // Method specialRank:(Lnet/minecraft/server/level/ServerPlayer;Lkr/moonseungjun/villageguardians/VillageRole;)I
        98: invokestatic  #512                // Method cast:(Lnet/minecraft/server/level/ServerLevel;Lnet/minecraft/server/level/ServerPlayer;Lkr/moonseungjun/villageguardians/VillageRoleSkillSystem$ActiveSkill;FFI)V
       101: aload_2
       102: invokevirtual #262                // Method kr/moonseungjun/villageguardians/VillageRoleSkillSystem$ActiveSkill.displayName:()Ljava/lang/String;
       105: invokedynamic #543,  0            // InvokeDynamic #26:makeConcatWithConstants:(Ljava/lang/String;)Ljava/lang/String;
       110: areturn

  public static synchronized void resetForNewGame();
    Code:
         0: getstatic     #37                 // Field TREE_MASKS:Ljava/util/Map;
         3: invokeinterface #41,  1           // InterfaceMethod java/util/Map.clear:()V
         8: getstatic     #54                 // Field SKILL_MASKS:Ljava/util/Map;
        11: invokeinterface #41,  1           // InterfaceMethod java/util/Map.clear:()V
        16: getstatic     #60                 // Field EQUIPPED_SKILLS:Ljava/util/Map;
        19: invokeinterface #41,  1           // InterfaceMethod java/util/Map.clear:()V
        24: getstatic     #66                 // Field READY_AT:Ljava/util/Map;
        27: invokeinterface #41,  1           // InterfaceMethod java/util/Map.clear:()V
        32: invokestatic  #72                 // Method persist:()V
        35: return

  private static void cast(net.minecraft.server.level.ServerLevel, net.minecraft.server.level.ServerPlayer, kr.moonseungjun.villageguardians.VillageRoleSkillSystem$ActiveSkill, float, float, int);
    Code:
         0: aload_2
         1: invokevirtual #404                // Method kr/moonseungjun/villageguardians/VillageRoleSkillSystem$ActiveSkill.ordinal:()I
         4: tableswitch   { // 0 to 19
                       0: 100
                       1: 114
                       2: 128
                       3: 142
                       4: 156
                       5: 170
                       6: 184
                       7: 198
                       8: 212
                       9: 226
                      10: 240
                      11: 254
                      12: 268
                      13: 282
                      14: 296
                      15: 310
                      16: 324
                      17: 338
                      18: 352
                      19: 366
                 default: 377
            }
       100: aload_0
       101: aload_1
       102: aload_2
       103: fload_3
       104: fload         4
       106: iload         5
       108: invokestatic  #544                // Method kr/moonseungjun/villageguardians/VillageRoleAbilitySystem.cast:(Lnet/minecraft/server/level/ServerLevel;Lnet/minecraft/server/level/ServerPlayer;Lkr/moonseungjun/villageguardians/VillageRoleSkillSystem$ActiveSkill;FFI)V
       111: goto          377
       114: aload_0
       115: aload_1
       116: aload_2
       117: fload_3
       118: fload         4
       120: iload         5
       122: invokestatic  #544                // Method kr/moonseungjun/villageguardians/VillageRoleAbilitySystem.cast:(Lnet/minecraft/server/level/ServerLevel;Lnet/minecraft/server/level/ServerPlayer;Lkr/moonseungjun/villageguardians/VillageRoleSkillSystem$ActiveSkill;FFI)V
       125: goto          377
       128: aload_0
       129: aload_1
       130: aload_2
       131: fload_3
       132: fload         4
       134: iload         5
       136: invokestatic  #544                // Method kr/moonseungjun/villageguardians/VillageRoleAbilitySystem.cast:(Lnet/minecraft/server/level/ServerLevel;Lnet/minecraft/server/level/ServerPlayer;Lkr/moonseungjun/villageguardians/VillageRoleSkillSystem$ActiveSkill;FFI)V
       139: goto          377
       142: aload_0
       143: aload_1
       144: aload_2
       145: fload_3
       146: fload         4
       148: iload         5
       150: invokestatic  #544                // Method kr/moonseungjun/villageguardians/VillageRoleAbilitySystem.cast:(Lnet/minecraft/server/level/ServerLevel;Lnet/minecraft/server/level/ServerPlayer;Lkr/moonseungjun/villageguardians/VillageRoleSkillSystem$ActiveSkill;FFI)V
       153: goto          377
       156: aload_0
       157: aload_1
       158: aload_2
       159: fload_3
       160: fload         4
       162: iload         5
       164: invokestatic  #544                // Method kr/moonseungjun/villageguardians/VillageRoleAbilitySystem.cast:(Lnet/minecraft/server/level/ServerLevel;Lnet/minecraft/server/level/ServerPlayer;Lkr/moonseungjun/villageguardians/VillageRoleSkillSystem$ActiveSkill;FFI)V
       167: goto          377
       170: aload_0
       171: aload_1
       172: aload_2
       173: fload_3
       174: fload         4
       176: iload         5
       178: invokestatic  #544                // Method kr/moonseungjun/villageguardians/VillageRoleAbilitySystem.cast:(Lnet/minecraft/server/level/ServerLevel;Lnet/minecraft/server/level/ServerPlayer;Lkr/moonseungjun/villageguardians/VillageRoleSkillSystem$ActiveSkill;FFI)V
       181: goto          377
       184: aload_0
       185: aload_1
       186: aload_2
       187: fload_3
       188: fload         4
       190: iload         5
       192: invokestatic  #544                // Method kr/moonseungjun/villageguardians/VillageRoleAbilitySystem.cast:(Lnet/minecraft/server/level/ServerLevel;Lnet/minecraft/server/level/ServerPlayer;Lkr/moonseungjun/villageguardians/VillageRoleSkillSystem$ActiveSkill;FFI)V
       195: goto          377
       198: aload_0
       199: aload_1
       200: aload_2
       201: fload_3
       202: fload         4
       204: iload         5
       206: invokestatic  #544                // Method kr/moonseungjun/villageguardians/VillageRoleAbilitySystem.cast:(Lnet/minecraft/server/level/ServerLevel;Lnet/minecraft/server/level/ServerPlayer;Lkr/moonseungjun/villageguardians/VillageRoleSkillSystem$ActiveSkill;FFI)V
       209: goto          377
       212: aload_0
       213: aload_1
       214: aload_2
       215: fload_3
       216: fload         4
       218: iload         5
       220: invokestatic  #544                // Method kr/moonseungjun/villageguardians/VillageRoleAbilitySystem.cast:(Lnet/minecraft/server/level/ServerLevel;Lnet/minecraft/server/level/ServerPlayer;Lkr/moonseungjun/villageguardians/VillageRoleSkillSystem$ActiveSkill;FFI)V
       223: goto          377
       226: aload_0
       227: aload_1
       228: aload_2
       229: fload_3
       230: fload         4
       232: iload         5
       234: invokestatic  #544                // Method kr/moonseungjun/villageguardians/VillageRoleAbilitySystem.cast:(Lnet/minecraft/server/level/ServerLevel;Lnet/minecraft/server/level/ServerPlayer;Lkr/moonseungjun/villageguardians/VillageRoleSkillSystem$ActiveSkill;FFI)V
       237: goto          377
       240: aload_0
       241: aload_1
       242: aload_2
       243: fload_3
       244: fload         4
       246: iload         5
       248: invokestatic  #544                // Method kr/moonseungjun/villageguardians/VillageRoleAbilitySystem.cast:(Lnet/minecraft/server/level/ServerLevel;Lnet/minecraft/server/level/ServerPlayer;Lkr/moonseungjun/villageguardians/VillageRoleSkillSystem$ActiveSkill;FFI)V
       251: goto          377
       254: aload_0
       255: aload_1
       256: aload_2
       257: fload_3
       258: fload         4
       260: iload         5
       262: invokestatic  #544                // Method kr/moonseungjun/villageguardians/VillageRoleAbilitySystem.cast:(Lnet/minecraft/server/level/ServerLevel;Lnet/minecraft/server/level/ServerPlayer;Lkr/moonseungjun/villageguardians/VillageRoleSkillSystem$ActiveSkill;FFI)V
       265: goto          377
       268: aload_0
       269: aload_1
       270: aload_2
       271: fload_3
       272: fload         4
       274: iload         5
       276: invokestatic  #544                // Method kr/moonseungjun/villageguardians/VillageRoleAbilitySystem.cast:(Lnet/minecraft/server/level/ServerLevel;Lnet/minecraft/server/level/ServerPlayer;Lkr/moonseungjun/villageguardians/VillageRoleSkillSystem$ActiveSkill;FFI)V
       279: goto          377
       282: aload_0
       283: aload_1
       284: aload_2
       285: fload_3
       286: fload         4
       288: iload         5
       290: invokestatic  #544                // Method kr/moonseungjun/villageguardians/VillageRoleAbilitySystem.cast:(Lnet/minecraft/server/level/ServerLevel;Lnet/minecraft/server/level/ServerPlayer;Lkr/moonseungjun/villageguardians/VillageRoleSkillSystem$ActiveSkill;FFI)V
       293: goto          377
       296: aload_0
       297: aload_1
       298: aload_2
       299: fload_3
       300: fload         4
       302: iload         5
       304: invokestatic  #544                // Method kr/moonseungjun/villageguardians/VillageRoleAbilitySystem.cast:(Lnet/minecraft/server/level/ServerLevel;Lnet/minecraft/server/level/ServerPlayer;Lkr/moonseungjun/villageguardians/VillageRoleSkillSystem$ActiveSkill;FFI)V
       307: goto          377
       310: aload_0
       311: aload_1
       312: aload_2
       313: fload_3
       314: fload         4
       316: iload         5
       318: invokestatic  #544                // Method kr/moonseungjun/villageguardians/VillageRoleAbilitySystem.cast:(Lnet/minecraft/server/level/ServerLevel;Lnet/minecraft/server/level/ServerPlayer;Lkr/moonseungjun/villageguardians/VillageRoleSkillSystem$ActiveSkill;FFI)V
       321: goto          377
       324: aload_0
       325: aload_1
       326: aload_2
       327: fload_3
       328: fload         4
       330: iload         5
       332: invokestatic  #544                // Method kr/moonseungjun/villageguardians/VillageRoleAbilitySystem.cast:(Lnet/minecraft/server/level/ServerLevel;Lnet/minecraft/server/level/ServerPlayer;Lkr/moonseungjun/villageguardians/VillageRoleSkillSystem$ActiveSkill;FFI)V
       335: goto          377
       338: aload_0
       339: aload_1
       340: aload_2
       341: fload_3
       342: fload         4
       344: iload         5
       346: invokestatic  #544                // Method kr/moonseungjun/villageguardians/VillageRoleAbilitySystem.cast:(Lnet/minecraft/server/level/ServerLevel;Lnet/minecraft/server/level/ServerPlayer;Lkr/moonseungjun/villageguardians/VillageRoleSkillSystem$ActiveSkill;FFI)V
       349: goto          377
       352: aload_0
       353: aload_1
       354: aload_2
       355: fload_3
       356: fload         4
       358: iload         5
       360: invokestatic  #544                // Method kr/moonseungjun/villageguardians/VillageRoleAbilitySystem.cast:(Lnet/minecraft/server/level/ServerLevel;Lnet/minecraft/server/level/ServerPlayer;Lkr/moonseungjun/villageguardians/VillageRoleSkillSystem$ActiveSkill;FFI)V
       363: goto          377
       366: aload_0
       367: aload_1
       368: aload_2
       369: fload_3
       370: fload         4
       372: iload         5
       374: invokestatic  #544                // Method kr/moonseungjun/villageguardians/VillageRoleAbilitySystem.cast:(Lnet/minecraft/server/level/ServerLevel;Lnet/minecraft/server/level/ServerPlayer;Lkr/moonseungjun/villageguardians/VillageRoleSkillSystem$ActiveSkill;FFI)V
       377: return

  private static java.util.List<net.minecraft.world.entity.Mob> damageArea(net.minecraft.server.level.ServerLevel, net.minecraft.server.level.ServerPlayer, double, int, float, int, boolean);
    Code:
         0: aload_1
         1: invokestatic  #297                // Method kr/moonseungjun/villageguardians/VillageSkillTestSystem.isEnabled:(Lnet/minecraft/server/level/ServerPlayer;)Z
         4: ifeq          21
         7: aload_0
         8: aload_1
         9: dload_2
        10: iload         4
        12: iload         6
        14: iadd
        15: invokestatic  #547                // Method kr/moonseungjun/villageguardians/VillageSkillTestSystem.targetsNear:(Lnet/minecraft/server/level/ServerLevel;Lnet/minecraft/server/level/ServerPlayer;DI)Ljava/util/List;
        18: goto          36
        21: aload_0
        22: aload_1
        23: invokevirtual #551                // Method net/minecraft/server/level/ServerPlayer.position:()Lnet/minecraft/world/phys/Vec3;
        26: dload_2
        27: iload         4
        29: iload         6
        31: iadd
        32: aconst_null
        33: invokestatic  #555                // Method kr/moonseungjun/villageguardians/VillageRaidSystem.activeEnemiesNear:(Lnet/minecraft/server/level/ServerLevel;Lnet/minecraft/world/phys/Vec3;DILjava/util/UUID;)Ljava/util/List;
        36: astore        8
        38: iconst_0
        39: istore        9
        41: aload         8
        43: invokeinterface #561,  1          // InterfaceMethod java/util/List.iterator:()Ljava/util/Iterator;
        48: astore        10
        50: aload         10
        52: invokeinterface #567,  1          // InterfaceMethod java/util/Iterator.hasNext:()Z
        57: ifeq          172
        60: aload         10
        62: invokeinterface #573,  1          // InterfaceMethod java/util/Iterator.next:()Ljava/lang/Object;
        67: checkcast     #577                // class net/minecraft/world/entity/Mob
        70: astore        11
        72: aload         11
        74: invokevirtual #579                // Method net/minecraft/world/entity/Mob.isAlive:()Z
        77: ifne          83
        80: goto          50
        83: fload         5
        85: fstore        12
        87: iload         6
        89: iconst_3
        90: if_icmplt     119
        93: aload         11
        95: invokevirtual #582                // Method net/minecraft/world/entity/Mob.getHealth:()F
        98: aload         11
       100: invokevirtual #586                // Method net/minecraft/world/entity/Mob.getMaxHealth:()F
       103: ldc_w         #589                // float 0.3f
       106: fmul
       107: fcmpg
       108: ifgt          119
       111: fload         12
       113: ldc_w         #590                // float 1.28f
       116: fmul
       117: fstore        12
       119: aload         11
       121: aload_0
       122: aload_0
       123: invokevirtual #591                // Method net/minecraft/server/level/ServerLevel.damageSources:()Lnet/minecraft/world/damagesource/DamageSources;
       126: invokevirtual #595                // Method net/minecraft/world/damagesource/DamageSources.magic:()Lnet/minecraft/world/damagesource/DamageSource;
       129: fload         12
       131: invokevirtual #601                // Method net/minecraft/world/entity/Mob.hurtServer:(Lnet/minecraft/server/level/ServerLevel;Lnet/minecraft/world/damagesource/DamageSource;F)Z
       134: pop
       135: iload         6
       137: iconst_2
       138: if_icmplt     166
       141: aload         11
       143: new           #605                // class net/minecraft/world/effect/MobEffectInstance
       146: dup
       147: getstatic     #607                // Field net/minecraft/world/effect/MobEffects.WEAKNESS:Lnet/minecraft/core/Holder;
       150: bipush        50
       152: iload         6
       154: bipush        20
       156: imul
       157: iadd
       158: iconst_0
       159: invokespecial #613                // Method net/minecraft/world/effect/MobEffectInstance."<init>":(Lnet/minecraft/core/Holder;II)V
       162: invokevirtual #616                // Method net/minecraft/world/entity/Mob.addEffect:(Lnet/minecraft/world/effect/MobEffectInstance;)Z
       165: pop
       166: iinc          9, 1
       169: goto          50
       172: iload         7
       174: ifeq          213
       177: iload         6
       179: iconst_1
       180: if_icmplt     213
       183: iload         9
       185: ifle          213
       188: aload_1
       189: ldc_w         #620                // float 8.0f
       192: iload         9
       194: i2f
       195: ldc_w         #621                // float 0.55f
       198: iload         6
       200: i2f
       201: ldc_w         #622                // float 0.2f
       204: fmul
       205: fadd
       206: fmul
       207: invokestatic  #366                // Method java/lang/Math.min:(FF)F
       210: invokevirtual #623                // Method net/minecraft/server/level/ServerPlayer.heal:(F)V
       213: aload         8
       215: areturn

  private static void healAllies(net.minecraft.server.level.ServerPlayer, double, float, int, int, boolean);
    Code:
         0: aload_0
         1: dload_1
         2: invokestatic  #627                // Method allies:(Lnet/minecraft/server/level/ServerPlayer;D)Ljava/util/List;
         5: invokeinterface #561,  1          // InterfaceMethod java/util/List.iterator:()Ljava/util/Iterator;
        10: astore        7
        12: aload         7
        14: invokeinterface #567,  1          // InterfaceMethod java/util/Iterator.hasNext:()Z
        19: ifeq          104
        22: aload         7
        24: invokeinterface #573,  1          // InterfaceMethod java/util/Iterator.next:()Ljava/lang/Object;
        29: checkcast     #76                 // class net/minecraft/server/level/ServerPlayer
        32: astore        8
        34: aload         8
        36: fload_3
        37: invokevirtual #623                // Method net/minecraft/server/level/ServerPlayer.heal:(F)V
        40: aload         8
        42: new           #605                // class net/minecraft/world/effect/MobEffectInstance
        45: dup
        46: getstatic     #631                // Field net/minecraft/world/effect/MobEffects.REGENERATION:Lnet/minecraft/core/Holder;
        49: iload         4
        51: iconst_2
        52: iload         5
        54: invokestatic  #130                // Method java/lang/Math.min:(II)I
        57: invokespecial #613                // Method net/minecraft/world/effect/MobEffectInstance."<init>":(Lnet/minecraft/core/Holder;II)V
        60: invokevirtual #634                // Method net/minecraft/server/level/ServerPlayer.addEffect:(Lnet/minecraft/world/effect/MobEffectInstance;)Z
        63: pop
        64: iload         6
        66: ifne          75
        69: iload         5
        71: iconst_2
        72: if_icmplt     101
        75: aload         8
        77: new           #605                // class net/minecraft/world/effect/MobEffectInstance
        80: dup
        81: getstatic     #635                // Field net/minecraft/world/effect/MobEffects.ABSORPTION:Lnet/minecraft/core/Holder;
        84: iload         4
        86: iconst_4
        87: iconst_1
        88: iload         5
        90: iadd
        91: invokestatic  #130                // Method java/lang/Math.min:(II)I
        94: invokespecial #613                // Method net/minecraft/world/effect/MobEffectInstance."<init>":(Lnet/minecraft/core/Holder;II)V
        97: invokevirtual #634                // Method net/minecraft/server/level/ServerPlayer.addEffect:(Lnet/minecraft/world/effect/MobEffectInstance;)Z
       100: pop
       101: goto          12
       104: return

  private static java.util.List<net.minecraft.server.level.ServerPlayer> allies(net.minecraft.server.level.ServerPlayer, double);
    Code:
         0: aload_0
         1: invokevirtual #479                // Method net/minecraft/server/level/ServerPlayer.level:()Lnet/minecraft/server/level/ServerLevel;
         4: invokevirtual #638                // Method net/minecraft/server/level/ServerLevel.getServer:()Lnet/minecraft/server/MinecraftServer;
         7: astore_3
         8: aload_3
         9: ifnonnull     17
        12: aload_0
        13: invokestatic  #642                // InterfaceMethod java/util/List.of:(Ljava/lang/Object;)Ljava/util/List;
        16: areturn
        17: dload_1
        18: dload_1
        19: dmul
        20: dstore        4
        22: aload_3
        23: invokevirtual #646                // Method net/minecraft/server/MinecraftServer.getPlayerList:()Lnet/minecraft/server/players/PlayerList;
        26: invokevirtual #650                // Method net/minecraft/server/players/PlayerList.getPlayers:()Ljava/util/List;
        29: invokeinterface #655,  1          // InterfaceMethod java/util/List.stream:()Ljava/util/stream/Stream;
        34: aload_0
        35: dload         4
        37: invokedynamic #658,  0            // InvokeDynamic #27:test:(Lnet/minecraft/server/level/ServerPlayer;D)Ljava/util/function/Predicate;
        42: invokeinterface #463,  2          // InterfaceMethod java/util/stream/Stream.filter:(Ljava/util/function/Predicate;)Ljava/util/stream/Stream;
        47: invokeinterface #165,  1          // InterfaceMethod java/util/stream/Stream.toList:()Ljava/util/List;
        52: areturn

  private static void equipIntoFirstFreeSlot(net.minecraft.server.level.ServerPlayer, kr.moonseungjun.villageguardians.VillageRoleSkillSystem$ActiveSkill);
    Code:
         0: iconst_0
         1: istore_2
         2: iload_2
         3: iconst_2
         4: if_icmpge     71
         7: aload_0
         8: invokevirtual #75                 // Method net/minecraft/server/level/ServerPlayer.getUUID:()Ljava/util/UUID;
        11: aload_1
        12: invokevirtual #242                // Method kr/moonseungjun/villageguardians/VillageRoleSkillSystem$ActiveSkill.role:()Lkr/moonseungjun/villageguardians/VillageRole;
        15: iload_2
        16: invokestatic  #277                // Method loadoutKey:(Ljava/util/UUID;Lkr/moonseungjun/villageguardians/VillageRole;I)Ljava/lang/String;
        19: astore_3
        20: getstatic     #60                 // Field EQUIPPED_SKILLS:Ljava/util/Map;
        23: aload_3
        24: invokeinterface #661,  2          // InterfaceMethod java/util/Map.containsKey:(Ljava/lang/Object;)Z
        29: ifeq          50
        32: getstatic     #60                 // Field EQUIPPED_SKILLS:Ljava/util/Map;
        35: aload_3
        36: invokeinterface #284,  2          // InterfaceMethod java/util/Map.get:(Ljava/lang/Object;)Ljava/lang/Object;
        41: checkcast     #288                // class java/lang/String
        44: invokevirtual #664                // Method java/lang/String.isBlank:()Z
        47: ifeq          65
        50: getstatic     #60                 // Field EQUIPPED_SKILLS:Ljava/util/Map;
        53: aload_3
        54: aload_1
        55: invokevirtual #281                // Method kr/moonseungjun/villageguardians/VillageRoleSkillSystem$ActiveSkill.id:()Ljava/lang/String;
        58: invokeinterface #226,  3          // InterfaceMethod java/util/Map.put:(Ljava/lang/Object;Ljava/lang/Object;)Ljava/lang/Object;
        63: pop
        64: return
        65: iinc          2, 1
        68: goto          2
        71: return

  private static void sanitizeLoadouts();
    Code:
         0: getstatic     #60                 // Field EQUIPPED_SKILLS:Ljava/util/Map;
         3: invokeinterface #667,  1          // InterfaceMethod java/util/Map.entrySet:()Ljava/util/Set;
         8: invokedynamic #671,  0            // InvokeDynamic #28:test:()Ljava/util/function/Predicate;
        13: invokeinterface #672,  2          // InterfaceMethod java/util/Set.removeIf:(Ljava/util/function/Predicate;)Z
        18: pop
        19: return

  private static java.lang.String roleKey(java.util.UUID, kr.moonseungjun.villageguardians.VillageRole);
    Code:
         0: aload_0
         1: invokestatic  #333                // Method java/lang/String.valueOf:(Ljava/lang/Object;)Ljava/lang/String;
         4: aload_1
         5: invokevirtual #677                // Method kr/moonseungjun/villageguardians/VillageRole.id:()Ljava/lang/String;
         8: invokedynamic #336,  0            // InvokeDynamic #13:makeConcatWithConstants:(Ljava/lang/String;Ljava/lang/String;)Ljava/lang/String;
        13: areturn

  private static java.lang.String loadoutKey(java.util.UUID, kr.moonseungjun.villageguardians.VillageRole, int);
    Code:
         0: aload_0
         1: invokestatic  #333                // Method java/lang/String.valueOf:(Ljava/lang/Object;)Ljava/lang/String;
         4: aload_1
         5: invokevirtual #677                // Method kr/moonseungjun/villageguardians/VillageRole.id:()Ljava/lang/String;
         8: iload_2
         9: iconst_1
        10: if_icmpne     17
        13: iconst_1
        14: goto          18
        17: iconst_0
        18: invokedynamic #678,  0            // InvokeDynamic #29:makeConcatWithConstants:(Ljava/lang/String;Ljava/lang/String;I)Ljava/lang/String;
        23: areturn

  private static int bit(int);
    Code:
         0: iconst_1
         1: iconst_0
         2: bipush        30
         4: iload_0
         5: invokestatic  #130                // Method java/lang/Math.min:(II)I
         8: invokestatic  #137                // Method java/lang/Math.max:(II)I
        11: ishl
        12: ireturn

  private static void persist();
    Code:
         0: getstatic     #31                 // Field savedData:Lkr/moonseungjun/villageguardians/VillageRoleProgressData;
         3: ifnull        21
         6: getstatic     #31                 // Field savedData:Lkr/moonseungjun/villageguardians/VillageRoleProgressData;
         9: getstatic     #37                 // Field TREE_MASKS:Ljava/util/Map;
        12: getstatic     #54                 // Field SKILL_MASKS:Ljava/util/Map;
        15: getstatic     #60                 // Field EQUIPPED_SKILLS:Ljava/util/Map;
        18: invokevirtual #681                // Method kr/moonseungjun/villageguardians/VillageRoleProgressData.replace:(Ljava/util/Map;Ljava/util/Map;Ljava/util/Map;)V
        21: return

  private static boolean lambda$sanitizeLoadouts$0(java.util.Map$Entry);
    Code:
         0: aload_0
         1: invokeinterface #685,  1          // InterfaceMethod java/util/Map$Entry.getValue:()Ljava/lang/Object;
         6: checkcast     #288                // class java/lang/String
         9: invokestatic  #251                // Method kr/moonseungjun/villageguardians/VillageRoleSkillSystem$ActiveSkill.parse:(Ljava/lang/String;)Ljava/util/Optional;
        12: aconst_null
        13: invokevirtual #175                // Method java/util/Optional.orElse:(Ljava/lang/Object;)Ljava/lang/Object;
        16: checkcast     #243                // class kr/moonseungjun/villageguardians/VillageRoleSkillSystem$ActiveSkill
        19: astore_1
        20: aload_1
        21: ifnonnull     26
        24: iconst_1
        25: ireturn
        26: aload_0
        27: invokeinterface #690,  1          // InterfaceMethod java/util/Map$Entry.getKey:()Ljava/lang/Object;
        32: checkcast     #288                // class java/lang/String
        35: ldc_w         #693                // String \\|
        38: iconst_m1
        39: invokevirtual #695                // Method java/lang/String.split:(Ljava/lang/String;I)[Ljava/lang/String;
        42: astore_2
        43: aload_2
        44: arraylength
        45: iconst_3
        46: if_icmpne     66
        49: aload_2
        50: iconst_1
        51: aaload
        52: invokestatic  #699                // Method kr/moonseungjun/villageguardians/VillageRole.parse:(Ljava/lang/String;)Ljava/util/Optional;
        55: aconst_null
        56: invokevirtual #175                // Method java/util/Optional.orElse:(Ljava/lang/Object;)Ljava/lang/Object;
        59: aload_1
        60: invokevirtual #242                // Method kr/moonseungjun/villageguardians/VillageRoleSkillSystem$ActiveSkill.role:()Lkr/moonseungjun/villageguardians/VillageRole;
        63: if_acmpeq     70
        66: iconst_1
        67: goto          71
        70: iconst_0
        71: ireturn

  private static boolean lambda$allies$0(net.minecraft.server.level.ServerPlayer, double, net.minecraft.server.level.ServerPlayer);
    Code:
         0: aload_3
         1: invokevirtual #479                // Method net/minecraft/server/level/ServerPlayer.level:()Lnet/minecraft/server/level/ServerLevel;
         4: aload_0
         5: invokevirtual #479                // Method net/minecraft/server/level/ServerPlayer.level:()Lnet/minecraft/server/level/ServerLevel;
         8: if_acmpne     25
        11: aload_3
        12: aload_0
        13: invokevirtual #700                // Method net/minecraft/server/level/ServerPlayer.distanceToSqr:(Lnet/minecraft/world/entity/Entity;)D
        16: dload_1
        17: dcmpg
        18: ifgt          25
        21: iconst_1
        22: goto          26
        25: iconst_0
        26: ireturn

  private static boolean lambda$skillsFor$0(kr.moonseungjun.villageguardians.VillageRole, kr.moonseungjun.villageguardians.VillageRoleSkillSystem$ActiveSkill);
    Code:
         0: aload_1
         1: invokevirtual #242                // Method kr/moonseungjun/villageguardians/VillageRoleSkillSystem$ActiveSkill.role:()Lkr/moonseungjun/villageguardians/VillageRole;
         4: aload_0
         5: if_acmpne     12
         8: iconst_1
         9: goto          13
        12: iconst_0
        13: ireturn

  private static boolean lambda$allSkillBranchesConnected$0(kr.moonseungjun.villageguardians.VillageRoleSkillSystem$ActiveSkill);
    Code:
         0: aload_0
         1: invokestatic  #704                // Method scalingCoverage:(Lkr/moonseungjun/villageguardians/VillageRoleSkillSystem$ActiveSkill;)Lkr/moonseungjun/villageguardians/VillageRoleSkillSystem$ScalingCoverage;
         4: invokevirtual #708                // Method kr/moonseungjun/villageguardians/VillageRoleSkillSystem$ScalingCoverage.complete:()Z
         7: ireturn

  private static boolean lambda$equippedSkill$0(kr.moonseungjun.villageguardians.VillageRole, net.minecraft.server.level.ServerPlayer, kr.moonseungjun.villageguardians.VillageRoleSkillSystem$ActiveSkill);
    Code:
         0: aload_2
         1: invokevirtual #242                // Method kr/moonseungjun/villageguardians/VillageRoleSkillSystem$ActiveSkill.role:()Lkr/moonseungjun/villageguardians/VillageRole;
         4: aload_0
         5: if_acmpne     20
         8: aload_1
         9: aload_2
        10: invokestatic  #258                // Method hasSkill:(Lnet/minecraft/server/level/ServerPlayer;Lkr/moonseungjun/villageguardians/VillageRoleSkillSystem$ActiveSkill;)Z
        13: ifeq          20
        16: iconst_1
        17: goto          21
        20: iconst_0
        21: ireturn

  private static int lambda$nodes$0(kr.moonseungjun.villageguardians.VillageRoleSkillSystem$RoleNode, kr.moonseungjun.villageguardians.VillageRoleSkillSystem$RoleNode);
    Code:
         0: aload_0
         1: invokevirtual #112                // Method kr/moonseungjun/villageguardians/VillageRoleSkillSystem$RoleNode.branch:()Lkr/moonseungjun/villageguardians/VillageRoleSkillSystem$RoleBranch;
         4: invokevirtual #711                // Method kr/moonseungjun/villageguardians/VillageRoleSkillSystem$RoleBranch.ordinal:()I
         7: aload_1
         8: invokevirtual #112                // Method kr/moonseungjun/villageguardians/VillageRoleSkillSystem$RoleNode.branch:()Lkr/moonseungjun/villageguardians/VillageRoleSkillSystem$RoleBranch;
        11: invokevirtual #711                // Method kr/moonseungjun/villageguardians/VillageRoleSkillSystem$RoleBranch.ordinal:()I
        14: invokestatic  #712                // Method java/lang/Integer.compare:(II)I
        17: istore_2
        18: iload_2
        19: ifeq          26
        22: iload_2
        23: goto          37
        26: aload_0
        27: invokevirtual #714                // Method kr/moonseungjun/villageguardians/VillageRoleSkillSystem$RoleNode.tier:()I
        30: aload_1
        31: invokevirtual #714                // Method kr/moonseungjun/villageguardians/VillageRoleSkillSystem$RoleNode.tier:()I
        34: invokestatic  #712                // Method java/lang/Integer.compare:(II)I
        37: ireturn

  static {};
    Code:
         0: new           #717                // class java/util/LinkedHashMap
         3: dup
         4: invokespecial #719                // Method java/util/LinkedHashMap."<init>":()V
         7: putstatic     #37                 // Field TREE_MASKS:Ljava/util/Map;
        10: new           #717                // class java/util/LinkedHashMap
        13: dup
        14: invokespecial #719                // Method java/util/LinkedHashMap."<init>":()V
        17: putstatic     #54                 // Field SKILL_MASKS:Ljava/util/Map;
        20: new           #717                // class java/util/LinkedHashMap
        23: dup
        24: invokespecial #719                // Method java/util/LinkedHashMap."<init>":()V
        27: putstatic     #60                 // Field EQUIPPED_SKILLS:Ljava/util/Map;
        30: new           #717                // class java/util/LinkedHashMap
        33: dup
        34: invokespecial #719                // Method java/util/LinkedHashMap."<init>":()V
        37: putstatic     #66                 // Field READY_AT:Ljava/util/Map;
        40: return
}
Compiled from "VillageRelicScreen.java"
public final class kr.moonseungjun.villageguardians.VillageRelicScreen extends net.minecraft.client.gui.screens.Screen {
  private static final java.lang.String SEP;

  private static final int OVERLAY;

  private static final int PANEL;

  private static final int SURFACE;

  private static final int LOCKED;

  private static final int BORDER;

  private static final int TEXT;

  private static final int MUTED;

  private static final int GOLD;

  private static final int TEAL;

  private static final int RED;

  private static final int CARD_HEIGHT;

  private static final int GAP;

  private final kr.moonseungjun.villageguardians.VillageNetwork$OpenVillageUiPayload payload;

  private final java.util.List<kr.moonseungjun.villageguardians.VillageRelicScreen$RelicCard> cards;

  private int scroll;

  public kr.moonseungjun.villageguardians.VillageRelicScreen(kr.moonseungjun.villageguardians.VillageNetwork$OpenVillageUiPayload);
    Code:
         0: aload_0
         1: aload_1
         2: invokevirtual #1                  // Method kr/moonseungjun/villageguardians/VillageNetwork$OpenVillageUiPayload.title:()Ljava/lang/String;
         5: invokestatic  #7                  // InterfaceMethod net/minecraft/network/chat/Component.literal:(Ljava/lang/String;)Lnet/minecraft/network/chat/MutableComponent;
         8: invokespecial #13                 // Method net/minecraft/client/gui/screens/Screen."<init>":(Lnet/minecraft/network/chat/Component;)V
        11: aload_0
        12: new           #19                 // class java/util/ArrayList
        15: dup
        16: invokespecial #21                 // Method java/util/ArrayList."<init>":()V
        19: putfield      #24                 // Field cards:Ljava/util/List;
        22: aload_0
        23: aload_1
        24: putfield      #30                 // Field payload:Lkr/moonseungjun/villageguardians/VillageNetwork$OpenVillageUiPayload;
        27: aload_0
        28: invokevirtual #34                 // Method parse:()V
        31: return

  public boolean isPauseScreen();
    Code:
         0: iconst_0
         1: ireturn

  public void extractBackground(net.minecraft.client.gui.GuiGraphicsExtractor, int, int, float);
    Code:
         0: aload_1
         1: iconst_0
         2: iconst_0
         3: aload_0
         4: getfield      #37                 // Field width:I
         7: aload_0
         8: getfield      #41                 // Field height:I
        11: ldc           #44                 // int 1761607680
        13: invokevirtual #45                 // Method net/minecraft/client/gui/GuiGraphicsExtractor.fill:(IIIII)V
        16: return

  public void extractRenderState(net.minecraft.client.gui.GuiGraphicsExtractor, int, int, float);
    Code:
         0: aload_0
         1: invokevirtual #51                 // Method layout:()Lkr/moonseungjun/villageguardians/VillageRelicScreen$Layout;
         4: astore        5
         6: aload_1
         7: aload         5
         9: invokevirtual #55                 // Method kr/moonseungjun/villageguardians/VillageRelicScreen$Layout.left:()I
        12: iconst_2
        13: isub
        14: aload         5
        16: invokevirtual #61                 // Method kr/moonseungjun/villageguardians/VillageRelicScreen$Layout.top:()I
        19: iconst_2
        20: isub
        21: aload         5
        23: invokevirtual #64                 // Method kr/moonseungjun/villageguardians/VillageRelicScreen$Layout.right:()I
        26: iconst_2
        27: iadd
        28: aload         5
        30: invokevirtual #67                 // Method kr/moonseungjun/villageguardians/VillageRelicScreen$Layout.bottom:()I
        33: iconst_2
        34: iadd
        35: ldc           #70                 // int -9479357
        37: invokevirtual #45                 // Method net/minecraft/client/gui/GuiGraphicsExtractor.fill:(IIIII)V
        40: aload_1
        41: aload         5
        43: invokevirtual #55                 // Method kr/moonseungjun/villageguardians/VillageRelicScreen$Layout.left:()I
        46: aload         5
        48: invokevirtual #61                 // Method kr/moonseungjun/villageguardians/VillageRelicScreen$Layout.top:()I
        51: aload         5
        53: invokevirtual #64                 // Method kr/moonseungjun/villageguardians/VillageRelicScreen$Layout.right:()I
        56: aload         5
        58: invokevirtual #67                 // Method kr/moonseungjun/villageguardians/VillageRelicScreen$Layout.bottom:()I
        61: ldc           #71                 // int -1713986
        63: invokevirtual #45                 // Method net/minecraft/client/gui/GuiGraphicsExtractor.fill:(IIIII)V
        66: aload_1
        67: aload         5
        69: invokevirtual #55                 // Method kr/moonseungjun/villageguardians/VillageRelicScreen$Layout.left:()I
        72: aload         5
        74: invokevirtual #61                 // Method kr/moonseungjun/villageguardians/VillageRelicScreen$Layout.top:()I
        77: aload         5
        79: invokevirtual #55                 // Method kr/moonseungjun/villageguardians/VillageRelicScreen$Layout.left:()I
        82: iconst_5
        83: iadd
        84: aload         5
        86: invokevirtual #67                 // Method kr/moonseungjun/villageguardians/VillageRelicScreen$Layout.bottom:()I
        89: ldc           #72                 // int -4687072
        91: invokevirtual #45                 // Method net/minecraft/client/gui/GuiGraphicsExtractor.fill:(IIIII)V
        94: aload         5
        96: invokevirtual #64                 // Method kr/moonseungjun/villageguardians/VillageRelicScreen$Layout.right:()I
        99: bipush        36
       101: isub
       102: istore        6
       104: aload_1
       105: aload_0
       106: getfield      #73                 // Field font:Lnet/minecraft/client/gui/Font;
       109: aload_0
       110: aload_0
       111: getfield      #30                 // Field payload:Lkr/moonseungjun/villageguardians/VillageNetwork$OpenVillageUiPayload;
       114: invokevirtual #1                  // Method kr/moonseungjun/villageguardians/VillageNetwork$OpenVillageUiPayload.title:()Ljava/lang/String;
       117: invokestatic  #77                 // Method plain:(Ljava/lang/String;)Ljava/lang/String;
       120: bipush        40
       122: iload         6
       124: aload         5
       126: invokevirtual #55                 // Method kr/moonseungjun/villageguardians/VillageRelicScreen$Layout.left:()I
       129: isub
       130: bipush        34
       132: isub
       133: invokestatic  #81                 // Method java/lang/Math.max:(II)I
       136: invokevirtual #87                 // Method fit:(Ljava/lang/String;I)Ljava/lang/String;
       139: aload         5
       141: invokevirtual #55                 // Method kr/moonseungjun/villageguardians/VillageRelicScreen$Layout.left:()I
       144: bipush        18
       146: iadd
       147: aload         5
       149: invokevirtual #61                 // Method kr/moonseungjun/villageguardians/VillageRelicScreen$Layout.top:()I
       152: bipush        10
       154: iadd
       155: ldc           #91                 // int -14607852
       157: iconst_0
       158: invokevirtual #92                 // Method net/minecraft/client/gui/GuiGraphicsExtractor.text:(Lnet/minecraft/client/gui/Font;Ljava/lang/String;IIIZ)V
       161: iload_2
       162: i2d
       163: iload_3
       164: i2d
       165: iload         6
       167: aload         5
       169: invokevirtual #61                 // Method kr/moonseungjun/villageguardians/VillageRelicScreen$Layout.top:()I
       172: bipush        7
       174: iadd
       175: bipush        27
       177: bipush        27
       179: invokestatic  #96                 // Method inside:(DDIIII)Z
       182: istore        7
       184: aload_1
       185: iload         6
       187: aload         5
       189: invokevirtual #61                 // Method kr/moonseungjun/villageguardians/VillageRelicScreen$Layout.top:()I
       192: bipush        7
       194: iadd
       195: iload         6
       197: bipush        27
       199: iadd
       200: aload         5
       202: invokevirtual #61                 // Method kr/moonseungjun/villageguardians/VillageRelicScreen$Layout.top:()I
       205: bipush        34
       207: iadd
       208: iload         7
       210: ifeq          218
       213: ldc           #100                // int -1922390
       215: goto          220
       218: ldc           #101                // int -2569295
       220: invokevirtual #45                 // Method net/minecraft/client/gui/GuiGraphicsExtractor.fill:(IIIII)V
       223: aload_1
       224: aload_0
       225: getfield      #73                 // Field font:Lnet/minecraft/client/gui/Font;
       228: ldc           #102                // String ×
       230: iload         6
       232: bipush        13
       234: iadd
       235: aload         5
       237: invokevirtual #61                 // Method kr/moonseungjun/villageguardians/VillageRelicScreen$Layout.top:()I
       240: bipush        16
       242: iadd
       243: iload         7
       245: ifeq          253
       248: ldc           #104                // int -5618363
       250: goto          255
       253: ldc           #91                 // int -14607852
       255: invokevirtual #105                // Method net/minecraft/client/gui/GuiGraphicsExtractor.centeredText:(Lnet/minecraft/client/gui/Font;Ljava/lang/String;III)V
       258: aload_0
       259: getfield      #73                 // Field font:Lnet/minecraft/client/gui/Font;
       262: aload_0
       263: getfield      #30                 // Field payload:Lkr/moonseungjun/villageguardians/VillageNetwork$OpenVillageUiPayload;
       266: invokevirtual #109                // Method kr/moonseungjun/villageguardians/VillageNetwork$OpenVillageUiPayload.body:()Ljava/lang/String;
       269: invokestatic  #77                 // Method plain:(Ljava/lang/String;)Ljava/lang/String;
       272: invokestatic  #7                  // InterfaceMethod net/minecraft/network/chat/Component.literal:(Ljava/lang/String;)Lnet/minecraft/network/chat/MutableComponent;
       275: bipush        120
       277: aload         5
       279: invokevirtual #112                // Method kr/moonseungjun/villageguardians/VillageRelicScreen$Layout.width:()I
       282: bipush        48
       284: isub
       285: invokestatic  #81                 // Method java/lang/Math.max:(II)I
       288: invokevirtual #114                // Method net/minecraft/client/gui/Font.split:(Lnet/minecraft/network/chat/FormattedText;I)Ljava/util/List;
       291: astore        8
       293: iconst_4
       294: aload         8
       296: invokeinterface #120,  1          // InterfaceMethod java/util/List.size:()I
       301: invokestatic  #125                // Method java/lang/Math.min:(II)I
       304: istore        9
       306: aload         5
       308: invokevirtual #61                 // Method kr/moonseungjun/villageguardians/VillageRelicScreen$Layout.top:()I
       311: bipush        30
       313: iadd
       314: istore        10
       316: iconst_0
       317: istore        11
       319: iload         11
       321: iload         9
       323: if_icmpge     378
       326: aload_1
       327: aload_0
       328: getfield      #73                 // Field font:Lnet/minecraft/client/gui/Font;
       331: aload         8
       333: iload         11
       335: invokeinterface #128,  2          // InterfaceMethod java/util/List.get:(I)Ljava/lang/Object;
       340: checkcast     #132                // class net/minecraft/util/FormattedCharSequence
       343: aload         5
       345: invokevirtual #55                 // Method kr/moonseungjun/villageguardians/VillageRelicScreen$Layout.left:()I
       348: bipush        18
       350: iadd
       351: iload         10
       353: iload         11
       355: ifne          363
       358: ldc           #72                 // int -4687072
       360: goto          365
       363: ldc           #134                // int -10068654
       365: iconst_0
       366: invokevirtual #135                // Method net/minecraft/client/gui/GuiGraphicsExtractor.text:(Lnet/minecraft/client/gui/Font;Lnet/minecraft/util/FormattedCharSequence;IIIZ)V
       369: iinc          10, 11
       372: iinc          11, 1
       375: goto          319
       378: aload         5
       380: invokevirtual #61                 // Method kr/moonseungjun/villageguardians/VillageRelicScreen$Layout.top:()I
       383: bipush        38
       385: iadd
       386: iload         9
       388: bipush        11
       390: imul
       391: iadd
       392: istore        11
       394: aload         5
       396: invokevirtual #55                 // Method kr/moonseungjun/villageguardians/VillageRelicScreen$Layout.left:()I
       399: bipush        14
       401: iadd
       402: istore        12
       404: aload         5
       406: invokevirtual #64                 // Method kr/moonseungjun/villageguardians/VillageRelicScreen$Layout.right:()I
       409: bipush        14
       411: isub
       412: istore        13
       414: aload         5
       416: invokevirtual #67                 // Method kr/moonseungjun/villageguardians/VillageRelicScreen$Layout.bottom:()I
       419: bipush        13
       421: isub
       422: istore        14
       424: aload_1
       425: iload         12
       427: iconst_1
       428: isub
       429: iload         11
       431: iconst_1
       432: isub
       433: iload         13
       435: iconst_1
       436: iadd
       437: iload         14
       439: iconst_1
       440: iadd
       441: ldc           #70                 // int -9479357
       443: invokevirtual #45                 // Method net/minecraft/client/gui/GuiGraphicsExtractor.fill:(IIIII)V
       446: aload_1
       447: iload         12
       449: iload         11
       451: iload         13
       453: iload         14
       455: ldc           #138                // int -1055537
       457: invokevirtual #45                 // Method net/minecraft/client/gui/GuiGraphicsExtractor.fill:(IIIII)V
       460: iload         13
       462: iload         12
       464: isub
       465: sipush        610
       468: if_icmplt     475
       471: iconst_2
       472: goto          476
       475: iconst_1
       476: istore        15
       478: iload         13
       480: iload         12
       482: isub
       483: bipush        14
       485: isub
       486: istore        16
       488: bipush        100
       490: iload         16
       492: iload         15
       494: iconst_1
       495: isub
       496: bipush        7
       498: imul
       499: isub
       500: iload         15
       502: idiv
       503: invokestatic  #81                 // Method java/lang/Math.max:(II)I
       506: istore        17
       508: aload_0
       509: getfield      #24                 // Field cards:Ljava/util/List;
       512: invokeinterface #120,  1          // InterfaceMethod java/util/List.size:()I
       517: iload         15
       519: iadd
       520: iconst_1
       521: isub
       522: iload         15
       524: idiv
       525: istore        18
       527: iload         18
       529: ifne          536
       532: iconst_0
       533: goto          549
       536: iload         18
       538: bipush        68
       540: imul
       541: iload         18
       543: iconst_1
       544: isub
       545: bipush        7
       547: imul
       548: iadd
       549: istore        19
       551: iconst_1
       552: iload         14
       554: iload         11
       556: isub
       557: bipush        14
       559: isub
       560: invokestatic  #81                 // Method java/lang/Math.max:(II)I
       563: istore        20
       565: iconst_0
       566: iload         19
       568: iload         20
       570: isub
       571: invokestatic  #81                 // Method java/lang/Math.max:(II)I
       574: istore        21
       576: aload_0
       577: aload_0
       578: getfield      #139                // Field scroll:I
       581: iconst_0
       582: iload         21
       584: invokestatic  #142                // Method clamp:(III)I
       587: putfield      #139                // Field scroll:I
       590: aload_1
       591: iload         12
       593: iconst_2
       594: iadd
       595: iload         11
       597: iconst_2
       598: iadd
       599: iload         13
       601: iconst_2
       602: isub
       603: iload         14
       605: iconst_2
       606: isub
       607: invokevirtual #146                // Method net/minecraft/client/gui/GuiGraphicsExtractor.enableScissor:(IIII)V
       610: iconst_0
       611: istore        22
       613: iload         22
       615: aload_0
       616: getfield      #24                 // Field cards:Ljava/util/List;
       619: invokeinterface #120,  1          // InterfaceMethod java/util/List.size:()I
       624: if_icmpge     706
       627: iload         22
       629: iload         15
       631: idiv
       632: istore        23
       634: iload         22
       636: iload         15
       638: irem
       639: istore        24
       641: iload         12
       643: bipush        7
       645: iadd
       646: iload         24
       648: iload         17
       650: bipush        7
       652: iadd
       653: imul
       654: iadd
       655: istore        25
       657: iload         11
       659: bipush        7
       661: iadd
       662: iload         23
       664: bipush        75
       666: imul
       667: iadd
       668: aload_0
       669: getfield      #139                // Field scroll:I
       672: isub
       673: istore        26
       675: aload_0
       676: aload_1
       677: aload_0
       678: getfield      #24                 // Field cards:Ljava/util/List;
       681: iload         22
       683: invokeinterface #128,  2          // InterfaceMethod java/util/List.get:(I)Ljava/lang/Object;
       688: checkcast     #150                // class kr/moonseungjun/villageguardians/VillageRelicScreen$RelicCard
       691: iload         25
       693: iload         26
       695: iload         17
       697: invokevirtual #152                // Method renderCard:(Lnet/minecraft/client/gui/GuiGraphicsExtractor;Lkr/moonseungjun/villageguardians/VillageRelicScreen$RelicCard;III)V
       700: iinc          22, 1
       703: goto          613
       706: aload_1
       707: invokevirtual #156                // Method net/minecraft/client/gui/GuiGraphicsExtractor.disableScissor:()V
       710: aload_1
       711: iload         13
       713: iconst_5
       714: isub
       715: iload         11
       717: bipush        6
       719: iadd
       720: iload         14
       722: bipush        6
       724: isub
       725: aload_0
       726: getfield      #139                // Field scroll:I
       729: iload         21
       731: iload         20
       733: iload         19
       735: invokestatic  #159                // Method scrollbar:(Lnet/minecraft/client/gui/GuiGraphicsExtractor;IIIIIII)V
       738: aload_0
       739: aload_1
       740: iload_2
       741: iload_3
       742: fload         4
       744: invokespecial #163                // Method net/minecraft/client/gui/screens/Screen.extractRenderState:(Lnet/minecraft/client/gui/GuiGraphicsExtractor;IIF)V
       747: return

  private void renderCard(net.minecraft.client.gui.GuiGraphicsExtractor, kr.moonseungjun.villageguardians.VillageRelicScreen$RelicCard, int, int, int);
    Code:
         0: aload_2
         1: invokevirtual #167                // Method kr/moonseungjun/villageguardians/VillageRelicScreen$RelicCard.owned:()Z
         4: ifeq          12
         7: ldc           #72                 // int -4687072
         9: goto          14
        12: ldc           #171                // int -7634057
        14: istore        6
        16: aload_1
        17: iload_3
        18: iconst_1
        19: isub
        20: iload         4
        22: iconst_1
        23: isub
        24: iload_3
        25: iload         5
        27: iadd
        28: iconst_1
        29: iadd
        30: iload         4
        32: bipush        68
        34: iadd
        35: iconst_1
        36: iadd
        37: iload         6
        39: invokevirtual #45                 // Method net/minecraft/client/gui/GuiGraphicsExtractor.fill:(IIIII)V
        42: aload_1
        43: iload_3
        44: iload         4
        46: iload_3
        47: iload         5
        49: iadd
        50: iload         4
        52: bipush        68
        54: iadd
        55: aload_2
        56: invokevirtual #167                // Method kr/moonseungjun/villageguardians/VillageRelicScreen$RelicCard.owned:()Z
        59: ifeq          68
        62: sipush        -1816
        65: goto          70
        68: ldc           #172                // int -2831432
        70: invokevirtual #45                 // Method net/minecraft/client/gui/GuiGraphicsExtractor.fill:(IIIII)V
        73: aload_1
        74: iload_3
        75: iload         4
        77: iload_3
        78: iconst_5
        79: iadd
        80: iload         4
        82: bipush        68
        84: iadd
        85: aload_2
        86: invokevirtual #167                // Method kr/moonseungjun/villageguardians/VillageRelicScreen$RelicCard.owned:()Z
        89: ifeq          97
        92: ldc           #173                // int -14254477
        94: goto          99
        97: ldc           #171                // int -7634057
        99: invokevirtual #45                 // Method net/minecraft/client/gui/GuiGraphicsExtractor.fill:(IIIII)V
       102: aload_1
       103: aload_0
       104: getfield      #73                 // Field font:Lnet/minecraft/client/gui/Font;
       107: aload_0
       108: aload_2
       109: invokevirtual #174                // Method kr/moonseungjun/villageguardians/VillageRelicScreen$RelicCard.name:()Ljava/lang/String;
       112: iload         5
       114: bipush        88
       116: isub
       117: invokevirtual #87                 // Method fit:(Ljava/lang/String;I)Ljava/lang/String;
       120: iload_3
       121: bipush        12
       123: iadd
       124: iload         4
       126: bipush        7
       128: iadd
       129: aload_2
       130: invokevirtual #167                // Method kr/moonseungjun/villageguardians/VillageRelicScreen$RelicCard.owned:()Z
       133: ifeq          141
       136: ldc           #91                 // int -14607852
       138: goto          143
       141: ldc           #134                // int -10068654
       143: iconst_0
       144: invokevirtual #92                 // Method net/minecraft/client/gui/GuiGraphicsExtractor.text:(Lnet/minecraft/client/gui/Font;Ljava/lang/String;IIIZ)V
       147: aload_2
       148: invokevirtual #167                // Method kr/moonseungjun/villageguardians/VillageRelicScreen$RelicCard.owned:()Z
       151: ifeq          159
       154: ldc           #177                // String 획득
       156: goto          161
       159: ldc           #179                // String 미획득
       161: astore        7
       163: aload_2
       164: invokevirtual #167                // Method kr/moonseungjun/villageguardians/VillageRelicScreen$RelicCard.owned:()Z
       167: ifeq          175
       170: ldc           #173                // int -14254477
       172: goto          177
       175: ldc           #134                // int -10068654
       177: istore        8
       179: aload_1
       180: aload_0
       181: getfield      #73                 // Field font:Lnet/minecraft/client/gui/Font;
       184: aload         7
       186: iload_3
       187: iload         5
       189: iadd
       190: aload_0
       191: getfield      #73                 // Field font:Lnet/minecraft/client/gui/Font;
       194: aload         7
       196: invokevirtual #181                // Method net/minecraft/client/gui/Font.width:(Ljava/lang/String;)I
       199: isub
       200: bipush        10
       202: isub
       203: iload         4
       205: bipush        7
       207: iadd
       208: iload         8
       210: iconst_0
       211: invokevirtual #92                 // Method net/minecraft/client/gui/GuiGraphicsExtractor.text:(Lnet/minecraft/client/gui/Font;Ljava/lang/String;IIIZ)V
       214: aload_0
       215: getfield      #73                 // Field font:Lnet/minecraft/client/gui/Font;
       218: aload_2
       219: invokevirtual #184                // Method kr/moonseungjun/villageguardians/VillageRelicScreen$RelicCard.description:()Ljava/lang/String;
       222: invokestatic  #7                  // InterfaceMethod net/minecraft/network/chat/Component.literal:(Ljava/lang/String;)Lnet/minecraft/network/chat/MutableComponent;
       225: bipush        60
       227: iload         5
       229: bipush        24
       231: isub
       232: invokestatic  #81                 // Method java/lang/Math.max:(II)I
       235: invokevirtual #114                // Method net/minecraft/client/gui/Font.split:(Lnet/minecraft/network/chat/FormattedText;I)Ljava/util/List;
       238: astore        9
       240: iload         4
       242: bipush        24
       244: iadd
       245: istore        10
       247: iconst_0
       248: istore        11
       250: iload         11
       252: iconst_3
       253: aload         9
       255: invokeinterface #120,  1          // InterfaceMethod java/util/List.size:()I
       260: invokestatic  #125                // Method java/lang/Math.min:(II)I
       263: if_icmpge     316
       266: aload_1
       267: aload_0
       268: getfield      #73                 // Field font:Lnet/minecraft/client/gui/Font;
       271: aload         9
       273: iload         11
       275: invokeinterface #128,  2          // InterfaceMethod java/util/List.get:(I)Ljava/lang/Object;
       280: checkcast     #132                // class net/minecraft/util/FormattedCharSequence
       283: iload_3
       284: bipush        12
       286: iadd
       287: iload         10
       289: aload_2
       290: invokevirtual #167                // Method kr/moonseungjun/villageguardians/VillageRelicScreen$RelicCard.owned:()Z
       293: ifeq          301
       296: ldc           #91                 // int -14607852
       298: goto          303
       301: ldc           #134                // int -10068654
       303: iconst_0
       304: invokevirtual #135                // Method net/minecraft/client/gui/GuiGraphicsExtractor.text:(Lnet/minecraft/client/gui/Font;Lnet/minecraft/util/FormattedCharSequence;IIIZ)V
       307: iinc          10, 11
       310: iinc          11, 1
       313: goto          250
       316: return

  public boolean mouseClicked(net.minecraft.client.input.MouseButtonEvent, boolean);
    Code:
         0: aload_1
         1: invokevirtual #187                // Method net/minecraft/client/input/MouseButtonEvent.button:()I
         4: ifne          50
         7: aload_0
         8: invokevirtual #51                 // Method layout:()Lkr/moonseungjun/villageguardians/VillageRelicScreen$Layout;
        11: astore_3
        12: aload_1
        13: invokevirtual #192                // Method net/minecraft/client/input/MouseButtonEvent.x:()D
        16: aload_1
        17: invokevirtual #196                // Method net/minecraft/client/input/MouseButtonEvent.y:()D
        20: aload_3
        21: invokevirtual #64                 // Method kr/moonseungjun/villageguardians/VillageRelicScreen$Layout.right:()I
        24: bipush        36
        26: isub
        27: aload_3
        28: invokevirtual #61                 // Method kr/moonseungjun/villageguardians/VillageRelicScreen$Layout.top:()I
        31: bipush        7
        33: iadd
        34: bipush        27
        36: bipush        27
        38: invokestatic  #96                 // Method inside:(DDIIII)Z
        41: ifeq          50
        44: aload_0
        45: invokevirtual #199                // Method onClose:()V
        48: iconst_1
        49: ireturn
        50: aload_0
        51: aload_1
        52: iload_2
        53: invokespecial #202                // Method net/minecraft/client/gui/screens/Screen.mouseClicked:(Lnet/minecraft/client/input/MouseButtonEvent;Z)Z
        56: ireturn

  public boolean mouseScrolled(double, double, double, double);
    Code:
         0: aload_0
         1: iconst_0
         2: aload_0
         3: getfield      #139                // Field scroll:I
         6: dload         7
         8: ldc2_w        #206                // double 34.0d
        11: dmul
        12: invokestatic  #208                // Method java/lang/Math.round:(D)J
        15: l2i
        16: isub
        17: invokestatic  #81                 // Method java/lang/Math.max:(II)I
        20: putfield      #139                // Field scroll:I
        23: iconst_1
        24: ireturn

  private void parse();
    Code:
         0: aload_0
         1: getfield      #30                 // Field payload:Lkr/moonseungjun/villageguardians/VillageNetwork$OpenVillageUiPayload;
         4: invokevirtual #212                // Method kr/moonseungjun/villageguardians/VillageNetwork$OpenVillageUiPayload.labels:()Ljava/lang/String;
         7: invokevirtual #215                // Method java/lang/String.isBlank:()Z
        10: ifeq          14
        13: return
        14: aload_0
        15: getfield      #30                 // Field payload:Lkr/moonseungjun/villageguardians/VillageNetwork$OpenVillageUiPayload;
        18: invokevirtual #212                // Method kr/moonseungjun/villageguardians/VillageNetwork$OpenVillageUiPayload.labels:()Ljava/lang/String;
        21: ldc           #220                // String \u001f
        23: iconst_m1
        24: invokevirtual #222                // Method java/lang/String.split:(Ljava/lang/String;I)[Ljava/lang/String;
        27: astore_1
        28: aload_1
        29: arraylength
        30: istore_2
        31: iconst_0
        32: istore_3
        33: iload_3
        34: iload_2
        35: if_icmpge     125
        38: aload_1
        39: iload_3
        40: aaload
        41: astore        4
        43: aload         4
        45: ldc           #225                // String \\|
        47: iconst_5
        48: invokevirtual #222                // Method java/lang/String.split:(Ljava/lang/String;I)[Ljava/lang/String;
        51: astore        5
        53: aload         5
        55: arraylength
        56: iconst_5
        57: if_icmplt     119
        60: ldc           #227                // String relic
        62: aload         5
        64: iconst_0
        65: aaload
        66: invokevirtual #229                // Method java/lang/String.equals:(Ljava/lang/Object;)Z
        69: ifne          75
        72: goto          119
        75: aload_0
        76: getfield      #24                 // Field cards:Ljava/util/List;
        79: new           #150                // class kr/moonseungjun/villageguardians/VillageRelicScreen$RelicCard
        82: dup
        83: aload         5
        85: iconst_1
        86: aaload
        87: ldc           #233                // String owned
        89: aload         5
        91: iconst_2
        92: aaload
        93: invokevirtual #229                // Method java/lang/String.equals:(Ljava/lang/Object;)Z
        96: aload         5
        98: iconst_3
        99: aaload
       100: invokestatic  #77                 // Method plain:(Ljava/lang/String;)Ljava/lang/String;
       103: aload         5
       105: iconst_4
       106: aaload
       107: invokestatic  #77                 // Method plain:(Ljava/lang/String;)Ljava/lang/String;
       110: invokespecial #234                // Method kr/moonseungjun/villageguardians/VillageRelicScreen$RelicCard."<init>":(Ljava/lang/String;ZLjava/lang/String;Ljava/lang/String;)V
       113: invokeinterface #237,  2          // InterfaceMethod java/util/List.add:(Ljava/lang/Object;)Z
       118: pop
       119: iinc          3, 1
       122: goto          33
       125: return

  private kr.moonseungjun.villageguardians.VillageRelicScreen$Layout layout();
    Code:
         0: sipush        820
         3: sipush        300
         6: aload_0
         7: getfield      #37                 // Field width:I
        10: bipush        16
        12: isub
        13: invokestatic  #81                 // Method java/lang/Math.max:(II)I
        16: invokestatic  #125                // Method java/lang/Math.min:(II)I
        19: istore_1
        20: aload_0
        21: getfield      #41                 // Field height:I
        24: bipush        12
        26: isub
        27: sipush        230
        30: aload_0
        31: getfield      #41                 // Field height:I
        34: bipush        22
        36: isub
        37: invokestatic  #81                 // Method java/lang/Math.max:(II)I
        40: invokestatic  #125                // Method java/lang/Math.min:(II)I
        43: istore_2
        44: new           #56                 // class kr/moonseungjun/villageguardians/VillageRelicScreen$Layout
        47: dup
        48: aload_0
        49: getfield      #37                 // Field width:I
        52: iload_1
        53: isub
        54: iconst_2
        55: idiv
        56: aload_0
        57: getfield      #41                 // Field height:I
        60: iload_2
        61: isub
        62: iconst_2
        63: idiv
        64: iload_1
        65: iload_2
        66: invokespecial #240                // Method kr/moonseungjun/villageguardians/VillageRelicScreen$Layout."<init>":(IIII)V
        69: areturn

  private java.lang.String fit(java.lang.String, int);
    Code:
         0: aload_1
         1: invokestatic  #77                 // Method plain:(Ljava/lang/String;)Ljava/lang/String;
         4: astore_3
         5: aload_0
         6: getfield      #73                 // Field font:Lnet/minecraft/client/gui/Font;
         9: aload_3
        10: invokevirtual #181                // Method net/minecraft/client/gui/Font.width:(Ljava/lang/String;)I
        13: iload_2
        14: if_icmpgt     19
        17: aload_3
        18: areturn
        19: aload_3
        20: invokevirtual #242                // Method java/lang/String.length:()I
        23: istore        4
        25: iload         4
        27: ifle          59
        30: aload_0
        31: getfield      #73                 // Field font:Lnet/minecraft/client/gui/Font;
        34: aload_3
        35: iconst_0
        36: iload         4
        38: invokevirtual #245                // Method java/lang/String.substring:(II)Ljava/lang/String;
        41: invokedynamic #249,  0            // InvokeDynamic #0:makeConcatWithConstants:(Ljava/lang/String;)Ljava/lang/String;
        46: invokevirtual #181                // Method net/minecraft/client/gui/Font.width:(Ljava/lang/String;)I
        49: iload_2
        50: if_icmple     59
        53: iinc          4, -1
        56: goto          25
        59: aload_3
        60: iconst_0
        61: iload         4
        63: invokevirtual #245                // Method java/lang/String.substring:(II)Ljava/lang/String;
        66: invokedynamic #249,  0            // InvokeDynamic #0:makeConcatWithConstants:(Ljava/lang/String;)Ljava/lang/String;
        71: areturn

  private static java.lang.String plain(java.lang.String);
    Code:
         0: aload_0
         1: ifnonnull     9
         4: ldc           #252                // String
         6: goto          10
         9: aload_0
        10: invokestatic  #254                // Method net/minecraft/ChatFormatting.stripFormatting:(Ljava/lang/String;)Ljava/lang/String;
        13: astore_1
        14: aload_1
        15: ifnonnull     23
        18: ldc           #252                // String
        20: goto          24
        23: aload_1
        24: areturn

  private static void scrollbar(net.minecraft.client.gui.GuiGraphicsExtractor, int, int, int, int, int, int, int);
    Code:
         0: iload         5
         2: ifle          10
         5: iload         7
         7: ifgt          11
        10: return
        11: aload_0
        12: iload_1
        13: iload_2
        14: iload_1
        15: iconst_2
        16: iadd
        17: iload_3
        18: ldc_w         #259                // int 1433361219
        21: invokevirtual #45                 // Method net/minecraft/client/gui/GuiGraphicsExtractor.fill:(IIIII)V
        24: iconst_1
        25: iload_3
        26: iload_2
        27: isub
        28: invokestatic  #81                 // Method java/lang/Math.max:(II)I
        31: istore        8
        33: bipush        16
        35: iload         8
        37: i2f
        38: fconst_1
        39: iload         6
        41: i2f
        42: iload         7
        44: i2f
        45: fdiv
        46: invokestatic  #260                // Method java/lang/Math.min:(FF)F
        49: fmul
        50: invokestatic  #263                // Method java/lang/Math.round:(F)I
        53: invokestatic  #81                 // Method java/lang/Math.max:(II)I
        56: istore        9
        58: iconst_0
        59: iload         8
        61: iload         9
        63: isub
        64: invokestatic  #81                 // Method java/lang/Math.max:(II)I
        67: istore        10
        69: iload_2
        70: iload         10
        72: i2f
        73: iload         4
        75: i2f
        76: iload         5
        78: i2f
        79: fdiv
        80: fmul
        81: invokestatic  #263                // Method java/lang/Math.round:(F)I
        84: iadd
        85: istore        11
        87: aload_0
        88: iload_1
        89: iconst_1
        90: isub
        91: iload         11
        93: iload_1
        94: iconst_3
        95: iadd
        96: iload         11
        98: iload         9
       100: iadd
       101: ldc           #173                // int -14254477
       103: invokevirtual #45                 // Method net/minecraft/client/gui/GuiGraphicsExtractor.fill:(IIIII)V
       106: return

  private static int clamp(int, int, int);
    Code:
         0: iload_1
         1: iload_2
         2: iload_0
         3: invokestatic  #125                // Method java/lang/Math.min:(II)I
         6: invokestatic  #81                 // Method java/lang/Math.max:(II)I
         9: ireturn

  private static boolean inside(double, double, int, int, int, int);
    Code:
         0: dload_0
         1: iload         4
         3: i2d
         4: dcmpl
         5: iflt          42
         8: dload_0
         9: iload         4
        11: iload         6
        13: iadd
        14: i2d
        15: dcmpg
        16: ifge          42
        19: dload_2
        20: iload         5
        22: i2d
        23: dcmpl
        24: iflt          42
        27: dload_2
        28: iload         5
        30: iload         7
        32: iadd
        33: i2d
        34: dcmpg
        35: ifge          42
        38: iconst_1
        39: goto          43
        42: iconst_0
        43: ireturn

  public void onClose();
    Code:
         0: aload_0
         1: getfield      #266                // Field minecraft:Lnet/minecraft/client/Minecraft;
         4: ifnull        18
         7: aload_0
         8: getfield      #266                // Field minecraft:Lnet/minecraft/client/Minecraft;
        11: getfield      #270                // Field net/minecraft/client/Minecraft.gui:Lnet/minecraft/client/gui/Gui;
        14: aconst_null
        15: invokevirtual #276                // Method net/minecraft/client/gui/Gui.setScreen:(Lnet/minecraft/client/gui/screens/Screen;)V
        18: return
}
