Compiled from "VillageRoleAbilitySystem.java"
public final class kr.moonseungjun.villageguardians.VillageRoleAbilitySystem {
  private static final java.util.Map<java.util.UUID, java.lang.Long> SPIN_UNTIL;

  private static final java.util.Map<java.util.UUID, java.lang.Long> RAPID_UNTIL;

  private static final java.util.Map<java.util.UUID, java.lang.Long> RICOCHET_UNTIL;

  private static final java.util.Map<java.util.UUID, java.lang.Long> RICOCHET_ARROWS;

  private static final java.util.Map<java.util.UUID, kr.moonseungjun.villageguardians.VillageRoleAbilitySystem$EmpoweredArrowState> MEGA_ARROW_READY;

  private static final java.util.Map<java.util.UUID, java.lang.Long> FORTRESS_UNTIL;

  private static final java.util.Map<java.util.UUID, java.lang.Long> AEGIS_UNTIL;

  private static final java.util.Map<java.util.UUID, java.lang.Long> CHARGE_UNTIL;

  private static final java.util.Map<java.util.UUID, java.lang.Long> LAST_AEGIS_DASH;

  private static final java.util.Map<java.util.UUID, kr.moonseungjun.villageguardians.VillageRoleAbilitySystem$SlamState> SLAMS;

  private static final java.util.List<kr.moonseungjun.villageguardians.VillageRoleAbilitySystem$ScheduledAction> SCHEDULED;

  private static final java.util.List<kr.moonseungjun.villageguardians.VillageRoleAbilitySystem$AreaState> AREAS;

  private static final java.util.Map<java.util.UUID, kr.moonseungjun.villageguardians.VillageRoleAbilitySystem$MovingSkill> MOVING;

  private static boolean spawningGeneratedArrow;

  private static boolean replayingEcho;

  private kr.moonseungjun.villageguardians.VillageRoleAbilitySystem();
    Code:
         0: aload_0
         1: invokespecial #1                  // Method java/lang/Object."<init>":()V
         4: return

  public static void reset();
    Code:
         0: getstatic     #7                  // Field SPIN_UNTIL:Ljava/util/Map;
         3: invokeinterface #13,  1           // InterfaceMethod java/util/Map.clear:()V
         8: getstatic     #18                 // Field RAPID_UNTIL:Ljava/util/Map;
        11: invokeinterface #13,  1           // InterfaceMethod java/util/Map.clear:()V
        16: getstatic     #21                 // Field RICOCHET_UNTIL:Ljava/util/Map;
        19: invokeinterface #13,  1           // InterfaceMethod java/util/Map.clear:()V
        24: getstatic     #24                 // Field RICOCHET_ARROWS:Ljava/util/Map;
        27: invokeinterface #13,  1           // InterfaceMethod java/util/Map.clear:()V
        32: getstatic     #27                 // Field MEGA_ARROW_READY:Ljava/util/Map;
        35: invokeinterface #13,  1           // InterfaceMethod java/util/Map.clear:()V
        40: getstatic     #30                 // Field FORTRESS_UNTIL:Ljava/util/Map;
        43: invokeinterface #13,  1           // InterfaceMethod java/util/Map.clear:()V
        48: getstatic     #33                 // Field AEGIS_UNTIL:Ljava/util/Map;
        51: invokeinterface #13,  1           // InterfaceMethod java/util/Map.clear:()V
        56: getstatic     #36                 // Field CHARGE_UNTIL:Ljava/util/Map;
        59: invokeinterface #13,  1           // InterfaceMethod java/util/Map.clear:()V
        64: getstatic     #39                 // Field LAST_AEGIS_DASH:Ljava/util/Map;
        67: invokeinterface #13,  1           // InterfaceMethod java/util/Map.clear:()V
        72: getstatic     #42                 // Field SLAMS:Ljava/util/Map;
        75: invokeinterface #13,  1           // InterfaceMethod java/util/Map.clear:()V
        80: getstatic     #45                 // Field SCHEDULED:Ljava/util/List;
        83: invokeinterface #49,  1           // InterfaceMethod java/util/List.clear:()V
        88: getstatic     #52                 // Field AREAS:Ljava/util/List;
        91: invokeinterface #49,  1           // InterfaceMethod java/util/List.clear:()V
        96: getstatic     #55                 // Field MOVING:Ljava/util/Map;
        99: invokeinterface #13,  1           // InterfaceMethod java/util/Map.clear:()V
       104: invokestatic  #58                 // Method kr/moonseungjun/villageguardians/VillageSkillEffectSystem.reset:()V
       107: iconst_0
       108: putstatic     #63                 // Field spawningGeneratedArrow:Z
       111: iconst_0
       112: putstatic     #67                 // Field replayingEcho:Z
       115: return

  public static void cast(net.minecraft.server.level.ServerLevel, net.minecraft.server.level.ServerPlayer, kr.moonseungjun.villageguardians.VillageRoleSkillSystem$ActiveSkill, float, float, int);
    Code:
         0: aload_0
         1: invokevirtual #70                 // Method net/minecraft/server/level/ServerLevel.getGameTime:()J
         4: lstore        6
         6: aload_1
         7: invokevirtual #76                 // Method net/minecraft/server/level/ServerPlayer.getUUID:()Ljava/util/UUID;
        10: invokestatic  #82                 // Method kr/moonseungjun/villageguardians/VillageCouncilState.levelOf:(Ljava/util/UUID;)I
        13: istore        8
        15: bipush        40
        17: bipush        120
        19: iload         8
        21: iconst_3
        22: imul
        23: iadd
        24: i2f
        25: fload         4
        27: fmul
        28: invokestatic  #88                 // Method java/lang/Math.round:(F)I
        31: invokestatic  #94                 // Method java/lang/Math.max:(II)I
        34: istore        9
        36: aload_1
        37: invokestatic  #98                 // Method horizontalLook:(Lnet/minecraft/server/level/ServerPlayer;)Lnet/minecraft/world/phys/Vec3;
        40: astore        10
        42: aload_1
        43: invokestatic  #102                // Method lookDirection:(Lnet/minecraft/server/level/ServerPlayer;)Lnet/minecraft/world/phys/Vec3;
        46: astore        11
        48: aload_2
        49: getstatic     #105                // Field kr/moonseungjun/villageguardians/VillageRoleSkillSystem$ActiveSkill.ARCANIST_FIRE_ORB:Lkr/moonseungjun/villageguardians/VillageRoleSkillSystem$ActiveSkill;
        52: if_acmpne     60
        55: aload         11
        57: goto          62
        60: aload         10
        62: astore        12
        64: aload_0
        65: aload_1
        66: aload_2
        67: iload         9
        69: aload         12
        71: invokestatic  #111                // Method kr/moonseungjun/villageguardians/VillageSkillEffectSystem.startCast:(Lnet/minecraft/server/level/ServerLevel;Lnet/minecraft/server/level/ServerPlayer;Lkr/moonseungjun/villageguardians/VillageRoleSkillSystem$ActiveSkill;ILnet/minecraft/world/phys/Vec3;)V
        74: getstatic     #115                // Field kr/moonseungjun/villageguardians/VillageRoleAbilitySystem$1.$SwitchMap$kr$moonseungjun$villageguardians$VillageRoleSkillSystem$ActiveSkill:[I
        77: aload_2
        78: invokevirtual #121                // Method kr/moonseungjun/villageguardians/VillageRoleSkillSystem$ActiveSkill.ordinal:()I
        81: iaload
        82: tableswitch   { // 1 to 20
                       1: 176
                       2: 260
                       3: 460
                       4: 585
                       5: 659
                       6: 746
                       7: 811
                       8: 919
                       9: 989
                      10: 1035
                      11: 1107
                      12: 1190
                      13: 1262
                      14: 1285
                      15: 1307
                      16: 1374
                      17: 1404
                      18: 1482
                      19: 1507
                      20: 1619
                 default: 1695
            }
       176: bipush        48
       178: iload         9
       180: iconst_2
       181: idiv
       182: invokestatic  #94                 // Method java/lang/Math.max:(II)I
       185: istore        13
       187: getstatic     #7                  // Field SPIN_UNTIL:Ljava/util/Map;
       190: aload_1
       191: invokevirtual #76                 // Method net/minecraft/server/level/ServerPlayer.getUUID:()Ljava/util/UUID;
       194: lload         6
       196: iload         13
       198: i2l
       199: ladd
       200: invokestatic  #125                // Method java/lang/Long.valueOf:(J)Ljava/lang/Long;
       203: invokeinterface #131,  3          // InterfaceMethod java/util/Map.put:(Ljava/lang/Object;Ljava/lang/Object;)Ljava/lang/Object;
       208: pop
       209: aload_0
       210: aload_1
       211: ldc           #135                // String vanguard_spin
       213: iload         13
       215: bipush        8
       217: iadd
       218: invokestatic  #137                // Method kr/moonseungjun/villageguardians/VillageNetwork.sendSkillMotion:(Lnet/minecraft/server/level/ServerLevel;Lnet/minecraft/server/level/ServerPlayer;Ljava/lang/String;I)V
       221: aload_1
       222: new           #143                // class net/minecraft/world/effect/MobEffectInstance
       225: dup
       226: getstatic     #145                // Field net/minecraft/world/effect/MobEffects.RESISTANCE:Lnet/minecraft/core/Holder;
       229: iload         13
       231: iconst_0
       232: iconst_0
       233: iconst_0
       234: iconst_1
       235: invokespecial #151                // Method net/minecraft/world/effect/MobEffectInstance."<init>":(Lnet/minecraft/core/Holder;IIZZZ)V
       238: invokevirtual #154                // Method net/minecraft/server/level/ServerPlayer.addEffect:(Lnet/minecraft/world/effect/MobEffectInstance;)Z
       241: pop
       242: aload_0
       243: aload_1
       244: invokevirtual #158                // Method net/minecraft/server/level/ServerPlayer.position:()Lnet/minecraft/world/phys/Vec3;
       247: getstatic     #162                // Field net/minecraft/sounds/SoundEvents.PLAYER_ATTACK_SWEEP:Lnet/minecraft/sounds/SoundEvent;
       250: ldc           #168                // float 1.2f
       252: ldc           #169                // float 0.72f
       254: invokestatic  #170                // Method play:(Lnet/minecraft/server/level/ServerLevel;Lnet/minecraft/world/phys/Vec3;Lnet/minecraft/sounds/SoundEvent;FF)V
       257: goto          1695
       260: aload_1
       261: getstatic     #174                // Field net/minecraft/world/InteractionHand.MAIN_HAND:Lnet/minecraft/world/InteractionHand;
       264: iconst_1
       265: invokevirtual #180                // Method net/minecraft/server/level/ServerPlayer.swing:(Lnet/minecraft/world/InteractionHand;Z)V
       268: aload_1
       269: new           #143                // class net/minecraft/world/effect/MobEffectInstance
       272: dup
       273: getstatic     #184                // Field net/minecraft/world/effect/MobEffects.STRENGTH:Lnet/minecraft/core/Holder;
       276: iload         9
       278: iconst_1
       279: iconst_1
       280: iload         5
       282: iconst_3
       283: idiv
       284: invokestatic  #187                // Method java/lang/Math.min:(II)I
       287: iadd
       288: iconst_0
       289: iconst_0
       290: iconst_1
       291: invokespecial #151                // Method net/minecraft/world/effect/MobEffectInstance."<init>":(Lnet/minecraft/core/Holder;IIZZZ)V
       294: invokevirtual #154                // Method net/minecraft/server/level/ServerPlayer.addEffect:(Lnet/minecraft/world/effect/MobEffectInstance;)Z
       297: pop
       298: aload_1
       299: new           #143                // class net/minecraft/world/effect/MobEffectInstance
       302: dup
       303: getstatic     #190                // Field net/minecraft/world/effect/MobEffects.SPEED:Lnet/minecraft/core/Holder;
       306: iload         9
       308: iconst_1
       309: iconst_1
       310: iload         5
       312: iconst_4
       313: idiv
       314: invokestatic  #187                // Method java/lang/Math.min:(II)I
       317: iadd
       318: iconst_0
       319: iconst_0
       320: iconst_1
       321: invokespecial #151                // Method net/minecraft/world/effect/MobEffectInstance."<init>":(Lnet/minecraft/core/Holder;IIZZZ)V
       324: invokevirtual #154                // Method net/minecraft/server/level/ServerPlayer.addEffect:(Lnet/minecraft/world/effect/MobEffectInstance;)Z
       327: pop
       328: aload_1
       329: new           #143                // class net/minecraft/world/effect/MobEffectInstance
       332: dup
       333: getstatic     #145                // Field net/minecraft/world/effect/MobEffects.RESISTANCE:Lnet/minecraft/core/Holder;
       336: iload         9
       338: iconst_0
       339: iconst_0
       340: iconst_0
       341: iconst_1
       342: invokespecial #151                // Method net/minecraft/world/effect/MobEffectInstance."<init>":(Lnet/minecraft/core/Holder;IIZZZ)V
       345: invokevirtual #154                // Method net/minecraft/server/level/ServerPlayer.addEffect:(Lnet/minecraft/world/effect/MobEffectInstance;)Z
       348: pop
       349: aload_1
       350: ldc2_w        #193                // double 11.0d
       353: invokestatic  #195                // Method allies:(Lnet/minecraft/server/level/ServerPlayer;D)Ljava/util/List;
       356: invokeinterface #199,  1          // InterfaceMethod java/util/List.iterator:()Ljava/util/Iterator;
       361: astore        13
       363: aload         13
       365: invokeinterface #203,  1          // InterfaceMethod java/util/Iterator.hasNext:()Z
       370: ifeq          442
       373: aload         13
       375: invokeinterface #209,  1          // InterfaceMethod java/util/Iterator.next:()Ljava/lang/Object;
       380: checkcast     #77                 // class net/minecraft/server/level/ServerPlayer
       383: astore        14
       385: aload         14
       387: new           #143                // class net/minecraft/world/effect/MobEffectInstance
       390: dup
       391: getstatic     #184                // Field net/minecraft/world/effect/MobEffects.STRENGTH:Lnet/minecraft/core/Holder;
       394: iload         9
       396: iload         5
       398: iconst_3
       399: if_icmplt     406
       402: iconst_1
       403: goto          407
       406: iconst_0
       407: iconst_0
       408: iconst_0
       409: iconst_1
       410: invokespecial #151                // Method net/minecraft/world/effect/MobEffectInstance."<init>":(Lnet/minecraft/core/Holder;IIZZZ)V
       413: invokevirtual #154                // Method net/minecraft/server/level/ServerPlayer.addEffect:(Lnet/minecraft/world/effect/MobEffectInstance;)Z
       416: pop
       417: aload         14
       419: new           #143                // class net/minecraft/world/effect/MobEffectInstance
       422: dup
       423: getstatic     #190                // Field net/minecraft/world/effect/MobEffects.SPEED:Lnet/minecraft/core/Holder;
       426: iload         9
       428: iconst_0
       429: iconst_0
       430: iconst_0
       431: iconst_1
       432: invokespecial #151                // Method net/minecraft/world/effect/MobEffectInstance."<init>":(Lnet/minecraft/core/Holder;IIZZZ)V
       435: invokevirtual #154                // Method net/minecraft/server/level/ServerPlayer.addEffect:(Lnet/minecraft/world/effect/MobEffectInstance;)Z
       438: pop
       439: goto          363
       442: aload_0
       443: aload_1
       444: invokevirtual #158                // Method net/minecraft/server/level/ServerPlayer.position:()Lnet/minecraft/world/phys/Vec3;
       447: getstatic     #213                // Field net/minecraft/sounds/SoundEvents.RAVAGER_ROAR:Lnet/minecraft/sounds/SoundEvent;
       450: ldc           #216                // float 0.85f
       452: ldc           #217                // float 1.18f
       454: invokestatic  #170                // Method play:(Lnet/minecraft/server/level/ServerLevel;Lnet/minecraft/world/phys/Vec3;Lnet/minecraft/sounds/SoundEvent;FF)V
       457: goto          1695
       460: getstatic     #36                 // Field CHARGE_UNTIL:Ljava/util/Map;
       463: aload_1
       464: invokevirtual #76                 // Method net/minecraft/server/level/ServerPlayer.getUUID:()Ljava/util/UUID;
       467: lload         6
       469: ldc2_w        #218                // long 22l
       472: ladd
       473: invokestatic  #125                // Method java/lang/Long.valueOf:(J)Ljava/lang/Long;
       476: invokeinterface #131,  3          // InterfaceMethod java/util/Map.put:(Ljava/lang/Object;Ljava/lang/Object;)Ljava/lang/Object;
       481: pop
       482: aload_1
       483: new           #143                // class net/minecraft/world/effect/MobEffectInstance
       486: dup
       487: getstatic     #145                // Field net/minecraft/world/effect/MobEffects.RESISTANCE:Lnet/minecraft/core/Holder;
       490: bipush        26
       492: iconst_2
       493: iconst_0
       494: iconst_0
       495: iconst_1
       496: invokespecial #151                // Method net/minecraft/world/effect/MobEffectInstance."<init>":(Lnet/minecraft/core/Holder;IIZZZ)V
       499: invokevirtual #154                // Method net/minecraft/server/level/ServerPlayer.addEffect:(Lnet/minecraft/world/effect/MobEffectInstance;)Z
       502: pop
       503: iconst_0
       504: istore        13
       506: iload         13
       508: bipush        6
       510: if_icmpge     568
       513: getstatic     #45                 // Field SCHEDULED:Ljava/util/List;
       516: new           #220                // class kr/moonseungjun/villageguardians/VillageRoleAbilitySystem$ScheduledAction
       519: dup
       520: lload         6
       522: ldc2_w        #222                // long 4l
       525: ladd
       526: iload         13
       528: i2l
       529: ldc2_w        #222                // long 4l
       532: lmul
       533: ladd
       534: aload_1
       535: invokevirtual #76                 // Method net/minecraft/server/level/ServerPlayer.getUUID:()Ljava/util/UUID;
       538: aload_2
       539: getstatic     #224                // Field kr/moonseungjun/villageguardians/VillageRoleAbilitySystem$ActionKind.BLADE_WAVE:Lkr/moonseungjun/villageguardians/VillageRoleAbilitySystem$ActionKind;
       542: fload_3
       543: fload         4
       545: iload         5
       547: aload_1
       548: invokevirtual #158                // Method net/minecraft/server/level/ServerPlayer.position:()Lnet/minecraft/world/phys/Vec3;
       551: aload         10
       553: invokespecial #230                // Method kr/moonseungjun/villageguardians/VillageRoleAbilitySystem$ScheduledAction."<init>":(JLjava/util/UUID;Lkr/moonseungjun/villageguardians/VillageRoleSkillSystem$ActiveSkill;Lkr/moonseungjun/villageguardians/VillageRoleAbilitySystem$ActionKind;FFILnet/minecraft/world/phys/Vec3;Lnet/minecraft/world/phys/Vec3;)V
       556: invokeinterface #233,  2          // InterfaceMethod java/util/List.add:(Ljava/lang/Object;)Z
       561: pop
       562: iinc          13, 1
       565: goto          506
       568: aload_0
       569: aload_1
       570: invokevirtual #158                // Method net/minecraft/server/level/ServerPlayer.position:()Lnet/minecraft/world/phys/Vec3;
       573: getstatic     #237                // Field net/minecraft/sounds/SoundEvents.PLAYER_ATTACK_STRONG:Lnet/minecraft/sounds/SoundEvent;
       576: fconst_1
       577: ldc           #169                // float 0.72f
       579: invokestatic  #170                // Method play:(Lnet/minecraft/server/level/ServerLevel;Lnet/minecraft/world/phys/Vec3;Lnet/minecraft/sounds/SoundEvent;FF)V
       582: goto          1695
       585: getstatic     #42                 // Field SLAMS:Ljava/util/Map;
       588: aload_1
       589: invokevirtual #76                 // Method net/minecraft/server/level/ServerPlayer.getUUID:()Ljava/util/UUID;
       592: new           #240                // class kr/moonseungjun/villageguardians/VillageRoleAbilitySystem$SlamState
       595: dup
       596: lload         6
       598: fload_3
       599: iload         5
       601: aload_1
       602: invokevirtual #158                // Method net/minecraft/server/level/ServerPlayer.position:()Lnet/minecraft/world/phys/Vec3;
       605: invokespecial #242                // Method kr/moonseungjun/villageguardians/VillageRoleAbilitySystem$SlamState."<init>":(JFILnet/minecraft/world/phys/Vec3;)V
       608: invokeinterface #131,  3          // InterfaceMethod java/util/Map.put:(Ljava/lang/Object;Ljava/lang/Object;)Ljava/lang/Object;
       613: pop
       614: aload_1
       615: aload         10
       617: ldc2_w        #245                // double 0.52d
       620: invokevirtual #247                // Method net/minecraft/world/phys/Vec3.scale:(D)Lnet/minecraft/world/phys/Vec3;
       623: dconst_0
       624: ldc2_w        #253                // double 1.05d
       627: dconst_0
       628: invokevirtual #255                // Method net/minecraft/world/phys/Vec3.add:(DDD)Lnet/minecraft/world/phys/Vec3;
       631: invokevirtual #258                // Method net/minecraft/server/level/ServerPlayer.setDeltaMovement:(Lnet/minecraft/world/phys/Vec3;)V
       634: aload_1
       635: iconst_1
       636: putfield      #262                // Field net/minecraft/server/level/ServerPlayer.hurtMarked:Z
       639: aload_0
       640: aload_1
       641: invokevirtual #158                // Method net/minecraft/server/level/ServerPlayer.position:()Lnet/minecraft/world/phys/Vec3;
       644: getstatic     #265                // Field net/minecraft/sounds/SoundEvents.ENDER_DRAGON_FLAP:Lnet/minecraft/sounds/SoundEvent;
       647: ldc_w         #268                // float 0.8f
       650: ldc_w         #269                // float 1.35f
       653: invokestatic  #170                // Method play:(Lnet/minecraft/server/level/ServerLevel;Lnet/minecraft/world/phys/Vec3;Lnet/minecraft/sounds/SoundEvent;FF)V
       656: goto          1695
       659: sipush        200
       662: iload         9
       664: invokestatic  #94                 // Method java/lang/Math.max:(II)I
       667: istore        13
       669: getstatic     #18                 // Field RAPID_UNTIL:Ljava/util/Map;
       672: aload_1
       673: invokevirtual #76                 // Method net/minecraft/server/level/ServerPlayer.getUUID:()Ljava/util/UUID;
       676: lload         6
       678: iload         13
       680: i2l
       681: ladd
       682: invokestatic  #125                // Method java/lang/Long.valueOf:(J)Ljava/lang/Long;
       685: invokeinterface #131,  3          // InterfaceMethod java/util/Map.put:(Ljava/lang/Object;Ljava/lang/Object;)Ljava/lang/Object;
       690: pop
       691: aload_1
       692: new           #143                // class net/minecraft/world/effect/MobEffectInstance
       695: dup
       696: getstatic     #190                // Field net/minecraft/world/effect/MobEffects.SPEED:Lnet/minecraft/core/Holder;
       699: iload         13
       701: iconst_1
       702: iconst_0
       703: iconst_0
       704: iconst_1
       705: invokespecial #151                // Method net/minecraft/world/effect/MobEffectInstance."<init>":(Lnet/minecraft/core/Holder;IIZZZ)V
       708: invokevirtual #154                // Method net/minecraft/server/level/ServerPlayer.addEffect:(Lnet/minecraft/world/effect/MobEffectInstance;)Z
       711: pop
       712: aload_1
       713: getstatic     #174                // Field net/minecraft/world/InteractionHand.MAIN_HAND:Lnet/minecraft/world/InteractionHand;
       716: iconst_1
       717: invokevirtual #180                // Method net/minecraft/server/level/ServerPlayer.swing:(Lnet/minecraft/world/InteractionHand;Z)V
       720: aload_0
       721: aload_1
       722: invokevirtual #158                // Method net/minecraft/server/level/ServerPlayer.position:()Lnet/minecraft/world/phys/Vec3;
       725: getstatic     #270                // Field net/minecraft/sounds/SoundEvents.CROSSBOW_LOADING_END:Lnet/minecraft/core/Holder;
       728: invokeinterface #273,  1          // InterfaceMethod net/minecraft/core/Holder.value:()Ljava/lang/Object;
       733: checkcast     #278                // class net/minecraft/sounds/SoundEvent
       736: fconst_1
       737: ldc_w         #269                // float 1.35f
       740: invokestatic  #170                // Method play:(Lnet/minecraft/server/level/ServerLevel;Lnet/minecraft/world/phys/Vec3;Lnet/minecraft/sounds/SoundEvent;FF)V
       743: goto          1695
       746: getstatic     #21                 // Field RICOCHET_UNTIL:Ljava/util/Map;
       749: aload_1
       750: invokevirtual #76                 // Method net/minecraft/server/level/ServerPlayer.getUUID:()Ljava/util/UUID;
       753: lload         6
       755: ldc2_w        #280                // long 240l
       758: iload         9
       760: i2l
       761: ldc2_w        #282                // long 2l
       764: lmul
       765: invokestatic  #284                // Method java/lang/Math.max:(JJ)J
       768: ladd
       769: invokestatic  #125                // Method java/lang/Long.valueOf:(J)Ljava/lang/Long;
       772: invokeinterface #131,  3          // InterfaceMethod java/util/Map.put:(Ljava/lang/Object;Ljava/lang/Object;)Ljava/lang/Object;
       777: pop
       778: aload_1
       779: getstatic     #174                // Field net/minecraft/world/InteractionHand.MAIN_HAND:Lnet/minecraft/world/InteractionHand;
       782: iconst_1
       783: invokevirtual #180                // Method net/minecraft/server/level/ServerPlayer.swing:(Lnet/minecraft/world/InteractionHand;Z)V
       786: aload_0
       787: aload_1
       788: invokevirtual #158                // Method net/minecraft/server/level/ServerPlayer.position:()Lnet/minecraft/world/phys/Vec3;
       791: getstatic     #287                // Field net/minecraft/sounds/SoundEvents.CROSSBOW_QUICK_CHARGE_3:Lnet/minecraft/core/Holder;
       794: invokeinterface #273,  1          // InterfaceMethod net/minecraft/core/Holder.value:()Ljava/lang/Object;
       799: checkcast     #278                // class net/minecraft/sounds/SoundEvent
       802: fconst_1
       803: ldc           #168                // float 1.2f
       805: invokestatic  #170                // Method play:(Lnet/minecraft/server/level/ServerLevel;Lnet/minecraft/world/phys/Vec3;Lnet/minecraft/sounds/SoundEvent;FF)V
       808: goto          1695
       811: aload_0
       812: aload_1
       813: ldc2_w        #290                // double 22.0d
       816: invokestatic  #292                // Method aimedGround:(Lnet/minecraft/server/level/ServerLevel;Lnet/minecraft/server/level/ServerPlayer;D)Lnet/minecraft/world/phys/Vec3;
       819: astore        13
       821: bipush        60
       823: istore        14
       825: aload_0
       826: aload_1
       827: aload         13
       829: iload         14
       831: ldc2_w        #296                // double 8.5d
       834: invokestatic  #298                // Method kr/moonseungjun/villageguardians/VillageSkillEffectSystem.arrowRainField:(Lnet/minecraft/server/level/ServerLevel;Lnet/minecraft/server/level/ServerPlayer;Lnet/minecraft/world/phys/Vec3;ID)V
       837: iconst_0
       838: istore        15
       840: iload         15
       842: bipush        10
       844: if_icmpge     901
       847: getstatic     #45                 // Field SCHEDULED:Ljava/util/List;
       850: new           #220                // class kr/moonseungjun/villageguardians/VillageRoleAbilitySystem$ScheduledAction
       853: dup
       854: lload         6
       856: ldc2_w        #302                // long 5l
       859: ladd
       860: iload         15
       862: i2l
       863: ldc2_w        #302                // long 5l
       866: lmul
       867: ladd
       868: aload_1
       869: invokevirtual #76                 // Method net/minecraft/server/level/ServerPlayer.getUUID:()Ljava/util/UUID;
       872: aload_2
       873: getstatic     #304                // Field kr/moonseungjun/villageguardians/VillageRoleAbilitySystem$ActionKind.ARROW_RAIN:Lkr/moonseungjun/villageguardians/VillageRoleAbilitySystem$ActionKind;
       876: fload_3
       877: fload         4
       879: iload         5
       881: aload         13
       883: getstatic     #307                // Field net/minecraft/world/phys/Vec3.ZERO:Lnet/minecraft/world/phys/Vec3;
       886: invokespecial #230                // Method kr/moonseungjun/villageguardians/VillageRoleAbilitySystem$ScheduledAction."<init>":(JLjava/util/UUID;Lkr/moonseungjun/villageguardians/VillageRoleSkillSystem$ActiveSkill;Lkr/moonseungjun/villageguardians/VillageRoleAbilitySystem$ActionKind;FFILnet/minecraft/world/phys/Vec3;Lnet/minecraft/world/phys/Vec3;)V
       889: invokeinterface #233,  2          // InterfaceMethod java/util/List.add:(Ljava/lang/Object;)Z
       894: pop
       895: iinc          15, 1
       898: goto          840
       901: aload_0
       902: aload_1
       903: invokevirtual #158                // Method net/minecraft/server/level/ServerPlayer.position:()Lnet/minecraft/world/phys/Vec3;
       906: getstatic     #311                // Field net/minecraft/sounds/SoundEvents.CROSSBOW_SHOOT:Lnet/minecraft/sounds/SoundEvent;
       909: fconst_1
       910: ldc_w         #314                // float 0.75f
       913: invokestatic  #170                // Method play:(Lnet/minecraft/server/level/ServerLevel;Lnet/minecraft/world/phys/Vec3;Lnet/minecraft/sounds/SoundEvent;FF)V
       916: goto          1695
       919: lload         6
       921: ldc2_w        #315                // long 280l
       924: iload         9
       926: i2l
       927: ldc2_w        #282                // long 2l
       930: lmul
       931: invokestatic  #284                // Method java/lang/Math.max:(JJ)J
       934: ladd
       935: lstore        13
       937: getstatic     #27                 // Field MEGA_ARROW_READY:Ljava/util/Map;
       940: aload_1
       941: invokevirtual #76                 // Method net/minecraft/server/level/ServerPlayer.getUUID:()Ljava/util/UUID;
       944: new           #317                // class kr/moonseungjun/villageguardians/VillageRoleAbilitySystem$EmpoweredArrowState
       947: dup
       948: lload         13
       950: fload_3
       951: iload         5
       953: invokespecial #319                // Method kr/moonseungjun/villageguardians/VillageRoleAbilitySystem$EmpoweredArrowState."<init>":(JFI)V
       956: invokeinterface #131,  3          // InterfaceMethod java/util/Map.put:(Ljava/lang/Object;Ljava/lang/Object;)Ljava/lang/Object;
       961: pop
       962: aload_1
       963: getstatic     #174                // Field net/minecraft/world/InteractionHand.MAIN_HAND:Lnet/minecraft/world/InteractionHand;
       966: iconst_1
       967: invokevirtual #180                // Method net/minecraft/server/level/ServerPlayer.swing:(Lnet/minecraft/world/InteractionHand;Z)V
       970: aload_0
       971: aload_1
       972: invokevirtual #158                // Method net/minecraft/server/level/ServerPlayer.position:()Lnet/minecraft/world/phys/Vec3;
       975: getstatic     #322                // Field net/minecraft/sounds/SoundEvents.BEACON_POWER_SELECT:Lnet/minecraft/sounds/SoundEvent;
       978: ldc           #168                // float 1.2f
       980: ldc_w         #325                // float 0.62f
       983: invokestatic  #170                // Method play:(Lnet/minecraft/server/level/ServerLevel;Lnet/minecraft/world/phys/Vec3;Lnet/minecraft/sounds/SoundEvent;FF)V
       986: goto          1695
       989: aload_0
       990: aload_1
       991: getstatic     #326                // Field kr/moonseungjun/villageguardians/VillageRoleAbilitySystem$MovingKind.FIRE_ORB:Lkr/moonseungjun/villageguardians/VillageRoleAbilitySystem$MovingKind;
       994: new           #332                // class net/minecraft/world/item/ItemStack
       997: dup
       998: getstatic     #334                // Field net/minecraft/world/item/Items.FIRE_CHARGE:Lnet/minecraft/world/item/Item;
      1001: invokespecial #340                // Method net/minecraft/world/item/ItemStack."<init>":(Lnet/minecraft/world/level/ItemLike;)V
      1004: ldc2_w        #343                // double 1.35d
      1007: bipush        100
      1009: ldc_w         #345                // float 12.0f
      1012: iload         8
      1014: i2f
      1015: ldc_w         #346                // float 0.65f
      1018: fmul
      1019: fadd
      1020: fload_3
      1021: fmul
      1022: ldc2_w        #347                // double 4.8d
      1025: iload         5
      1027: aload         11
      1029: invokestatic  #349                // Method launchMoving:(Lnet/minecraft/server/level/ServerLevel;Lnet/minecraft/server/level/ServerPlayer;Lkr/moonseungjun/villageguardians/VillageRoleAbilitySystem$MovingKind;Lnet/minecraft/world/item/ItemStack;DIFDILnet/minecraft/world/phys/Vec3;)V
      1032: goto          1695
      1035: aload_0
      1036: aload_1
      1037: ldc2_w        #353                // double 18.0d
      1040: invokestatic  #292                // Method aimedGround:(Lnet/minecraft/server/level/ServerLevel;Lnet/minecraft/server/level/ServerPlayer;D)Lnet/minecraft/world/phys/Vec3;
      1043: astore        13
      1045: getstatic     #52                 // Field AREAS:Ljava/util/List;
      1048: new           #355                // class kr/moonseungjun/villageguardians/VillageRoleAbilitySystem$AreaState
      1051: dup
      1052: aload_1
      1053: invokevirtual #76                 // Method net/minecraft/server/level/ServerPlayer.getUUID:()Ljava/util/UUID;
      1056: getstatic     #357                // Field kr/moonseungjun/villageguardians/VillageRoleAbilitySystem$AreaKind.FROST:Lkr/moonseungjun/villageguardians/VillageRoleAbilitySystem$AreaKind;
      1059: aload         13
      1061: lload         6
      1063: sipush        140
      1066: iload         9
      1068: invokestatic  #94                 // Method java/lang/Math.max:(II)I
      1071: i2l
      1072: ladd
      1073: ldc2_w        #363                // double 7.5d
      1076: fload_3
      1077: iload         5
      1079: iconst_0
      1080: invokespecial #365                // Method kr/moonseungjun/villageguardians/VillageRoleAbilitySystem$AreaState."<init>":(Ljava/util/UUID;Lkr/moonseungjun/villageguardians/VillageRoleAbilitySystem$AreaKind;Lnet/minecraft/world/phys/Vec3;JDFII)V
      1083: invokeinterface #233,  2          // InterfaceMethod java/util/List.add:(Ljava/lang/Object;)Z
      1088: pop
      1089: aload_0
      1090: aload         13
      1092: getstatic     #368                // Field net/minecraft/sounds/SoundEvents.GLASS_PLACE:Lnet/minecraft/sounds/SoundEvent;
      1095: ldc_w         #371                // float 1.1f
      1098: ldc_w         #325                // float 0.62f
      1101: invokestatic  #170                // Method play:(Lnet/minecraft/server/level/ServerLevel;Lnet/minecraft/world/phys/Vec3;Lnet/minecraft/sounds/SoundEvent;FF)V
      1104: goto          1695
      1107: aload_1
      1108: invokevirtual #158                // Method net/minecraft/server/level/ServerPlayer.position:()Lnet/minecraft/world/phys/Vec3;
      1111: aload         10
      1113: ldc2_w        #372                // double 3.0d
      1116: invokevirtual #247                // Method net/minecraft/world/phys/Vec3.scale:(D)Lnet/minecraft/world/phys/Vec3;
      1119: invokevirtual #374                // Method net/minecraft/world/phys/Vec3.add:(Lnet/minecraft/world/phys/Vec3;)Lnet/minecraft/world/phys/Vec3;
      1122: astore        13
      1124: getstatic     #52                 // Field AREAS:Ljava/util/List;
      1127: new           #355                // class kr/moonseungjun/villageguardians/VillageRoleAbilitySystem$AreaState
      1130: dup
      1131: aload_1
      1132: invokevirtual #76                 // Method net/minecraft/server/level/ServerPlayer.getUUID:()Ljava/util/UUID;
      1135: getstatic     #377                // Field kr/moonseungjun/villageguardians/VillageRoleAbilitySystem$AreaKind.TORNADO:Lkr/moonseungjun/villageguardians/VillageRoleAbilitySystem$AreaKind;
      1138: aload         13
      1140: lload         6
      1142: bipush        120
      1144: iload         9
      1146: invokestatic  #94                 // Method java/lang/Math.max:(II)I
      1149: i2l
      1150: ladd
      1151: ldc2_w        #296                // double 8.5d
      1154: fload_3
      1155: iload         5
      1157: iconst_0
      1158: invokespecial #365                // Method kr/moonseungjun/villageguardians/VillageRoleAbilitySystem$AreaState."<init>":(Ljava/util/UUID;Lkr/moonseungjun/villageguardians/VillageRoleAbilitySystem$AreaKind;Lnet/minecraft/world/phys/Vec3;JDFII)V
      1161: invokeinterface #233,  2          // InterfaceMethod java/util/List.add:(Ljava/lang/Object;)Z
      1166: pop
      1167: aload_0
      1168: aload         13
      1170: getstatic     #380                // Field net/minecraft/sounds/SoundEvents.BREEZE_WIND_CHARGE_BURST:Lnet/minecraft/core/Holder$Reference;
      1173: invokevirtual #384                // Method net/minecraft/core/Holder$Reference.value:()Ljava/lang/Object;
      1176: checkcast     #278                // class net/minecraft/sounds/SoundEvent
      1179: ldc_w         #371                // float 1.1f
      1182: ldc           #169                // float 0.72f
      1184: invokestatic  #170                // Method play:(Lnet/minecraft/server/level/ServerLevel;Lnet/minecraft/world/phys/Vec3;Lnet/minecraft/sounds/SoundEvent;FF)V
      1187: goto          1695
      1190: aload_0
      1191: aload_1
      1192: ldc2_w        #290                // double 22.0d
      1195: invokestatic  #292                // Method aimedGround:(Lnet/minecraft/server/level/ServerLevel;Lnet/minecraft/server/level/ServerPlayer;D)Lnet/minecraft/world/phys/Vec3;
      1198: astore        13
      1200: getstatic     #52                 // Field AREAS:Ljava/util/List;
      1203: new           #355                // class kr/moonseungjun/villageguardians/VillageRoleAbilitySystem$AreaState
      1206: dup
      1207: aload_1
      1208: invokevirtual #76                 // Method net/minecraft/server/level/ServerPlayer.getUUID:()Ljava/util/UUID;
      1211: getstatic     #387                // Field kr/moonseungjun/villageguardians/VillageRoleAbilitySystem$AreaKind.LIGHTNING:Lkr/moonseungjun/villageguardians/VillageRoleAbilitySystem$AreaKind;
      1214: aload         13
      1216: lload         6
      1218: bipush        100
      1220: iload         9
      1222: iconst_2
      1223: idiv
      1224: invokestatic  #94                 // Method java/lang/Math.max:(II)I
      1227: i2l
      1228: ladd
      1229: ldc2_w        #353                // double 18.0d
      1232: fload_3
      1233: iload         5
      1235: iconst_0
      1236: invokespecial #365                // Method kr/moonseungjun/villageguardians/VillageRoleAbilitySystem$AreaState."<init>":(Ljava/util/UUID;Lkr/moonseungjun/villageguardians/VillageRoleAbilitySystem$AreaKind;Lnet/minecraft/world/phys/Vec3;JDFII)V
      1239: invokeinterface #233,  2          // InterfaceMethod java/util/List.add:(Ljava/lang/Object;)Z
      1244: pop
      1245: aload_0
      1246: aload         13
      1248: getstatic     #390                // Field net/minecraft/sounds/SoundEvents.LIGHTNING_BOLT_THUNDER:Lnet/minecraft/sounds/SoundEvent;
      1251: ldc           #216                // float 0.85f
      1253: ldc_w         #393                // float 1.15f
      1256: invokestatic  #170                // Method play:(Lnet/minecraft/server/level/ServerLevel;Lnet/minecraft/world/phys/Vec3;Lnet/minecraft/sounds/SoundEvent;FF)V
      1259: goto          1695
      1262: aload_1
      1263: ldc_w         #394                // float 10.0f
      1266: iload         8
      1268: i2f
      1269: ldc_w         #395                // float 0.7f
      1272: fmul
      1273: fadd
      1274: fload_3
      1275: fmul
      1276: iload         5
      1278: iconst_0
      1279: invokestatic  #396                // Method healLowestAlly:(Lnet/minecraft/server/level/ServerPlayer;FIZ)V
      1282: goto          1695
      1285: aload_1
      1286: ldc_w         #400                // float 3.0f
      1289: iload         8
      1291: i2f
      1292: ldc_w         #401                // float 0.22f
      1295: fmul
      1296: fadd
      1297: fload_3
      1298: fmul
      1299: iload         5
      1301: invokestatic  #402                // Method cleanseAllies:(Lnet/minecraft/server/level/ServerPlayer;FI)V
      1304: goto          1695
      1307: getstatic     #52                 // Field AREAS:Ljava/util/List;
      1310: new           #355                // class kr/moonseungjun/villageguardians/VillageRoleAbilitySystem$AreaState
      1313: dup
      1314: aload_1
      1315: invokevirtual #76                 // Method net/minecraft/server/level/ServerPlayer.getUUID:()Ljava/util/UUID;
      1318: getstatic     #406                // Field kr/moonseungjun/villageguardians/VillageRoleAbilitySystem$AreaKind.HEALING:Lkr/moonseungjun/villageguardians/VillageRoleAbilitySystem$AreaKind;
      1321: aload_1
      1322: invokevirtual #158                // Method net/minecraft/server/level/ServerPlayer.position:()Lnet/minecraft/world/phys/Vec3;
      1325: lload         6
      1327: ldc2_w        #409                // long 160l
      1330: iload         9
      1332: i2l
      1333: ldc2_w        #282                // long 2l
      1336: lmul
      1337: invokestatic  #284                // Method java/lang/Math.max:(JJ)J
      1340: ladd
      1341: ldc2_w        #363                // double 7.5d
      1344: fload_3
      1345: iload         5
      1347: iconst_0
      1348: invokespecial #365                // Method kr/moonseungjun/villageguardians/VillageRoleAbilitySystem$AreaState."<init>":(Ljava/util/UUID;Lkr/moonseungjun/villageguardians/VillageRoleAbilitySystem$AreaKind;Lnet/minecraft/world/phys/Vec3;JDFII)V
      1351: invokeinterface #233,  2          // InterfaceMethod java/util/List.add:(Ljava/lang/Object;)Z
      1356: pop
      1357: aload_0
      1358: aload_1
      1359: invokevirtual #158                // Method net/minecraft/server/level/ServerPlayer.position:()Lnet/minecraft/world/phys/Vec3;
      1362: getstatic     #411                // Field net/minecraft/sounds/SoundEvents.BEACON_ACTIVATE:Lnet/minecraft/sounds/SoundEvent;
      1365: fconst_1
      1366: ldc           #168                // float 1.2f
      1368: invokestatic  #170                // Method play:(Lnet/minecraft/server/level/ServerLevel;Lnet/minecraft/world/phys/Vec3;Lnet/minecraft/sounds/SoundEvent;FF)V
      1371: goto          1695
      1374: aload_1
      1375: ldc_w         #414                // float 15.0f
      1378: iload         8
      1380: i2f
      1381: ldc_w         #415                // float 0.9f
      1384: fmul
      1385: fadd
      1386: fload_3
      1387: fmul
      1388: iconst_2
      1389: iload         5
      1391: invokestatic  #94                 // Method java/lang/Math.max:(II)I
      1394: iload         9
      1396: iconst_2
      1397: imul
      1398: invokestatic  #416                // Method miracle:(Lnet/minecraft/server/level/ServerPlayer;FII)V
      1401: goto          1695
      1404: getstatic     #33                 // Field AEGIS_UNTIL:Ljava/util/Map;
      1407: aload_1
      1408: invokevirtual #76                 // Method net/minecraft/server/level/ServerPlayer.getUUID:()Ljava/util/UUID;
      1411: invokeinterface #420,  2          // InterfaceMethod java/util/Map.remove:(Ljava/lang/Object;)Ljava/lang/Object;
      1416: pop
      1417: getstatic     #45                 // Field SCHEDULED:Ljava/util/List;
      1420: new           #220                // class kr/moonseungjun/villageguardians/VillageRoleAbilitySystem$ScheduledAction
      1423: dup
      1424: lload         6
      1426: aload_1
      1427: invokevirtual #76                 // Method net/minecraft/server/level/ServerPlayer.getUUID:()Ljava/util/UUID;
      1430: aload_2
      1431: getstatic     #424                // Field kr/moonseungjun/villageguardians/VillageRoleAbilitySystem$ActionKind.SHIELD_CHARGE:Lkr/moonseungjun/villageguardians/VillageRoleAbilitySystem$ActionKind;
      1434: fload_3
      1435: fload         4
      1437: iload         5
      1439: aload_1
      1440: invokevirtual #158                // Method net/minecraft/server/level/ServerPlayer.position:()Lnet/minecraft/world/phys/Vec3;
      1443: aload         10
      1445: invokespecial #230                // Method kr/moonseungjun/villageguardians/VillageRoleAbilitySystem$ScheduledAction."<init>":(JLjava/util/UUID;Lkr/moonseungjun/villageguardians/VillageRoleSkillSystem$ActiveSkill;Lkr/moonseungjun/villageguardians/VillageRoleAbilitySystem$ActionKind;FFILnet/minecraft/world/phys/Vec3;Lnet/minecraft/world/phys/Vec3;)V
      1448: invokeinterface #233,  2          // InterfaceMethod java/util/List.add:(Ljava/lang/Object;)Z
      1453: pop
      1454: aload_1
      1455: aload         10
      1457: ldc2_w        #253                // double 1.05d
      1460: invokevirtual #247                // Method net/minecraft/world/phys/Vec3.scale:(D)Lnet/minecraft/world/phys/Vec3;
      1463: dconst_0
      1464: ldc2_w        #427                // double 0.08d
      1467: dconst_0
      1468: invokevirtual #255                // Method net/minecraft/world/phys/Vec3.add:(DDD)Lnet/minecraft/world/phys/Vec3;
      1471: invokevirtual #258                // Method net/minecraft/server/level/ServerPlayer.setDeltaMovement:(Lnet/minecraft/world/phys/Vec3;)V
      1474: aload_1
      1475: iconst_1
      1476: putfield      #262                // Field net/minecraft/server/level/ServerPlayer.hurtMarked:Z
      1479: goto          1695
      1482: aload_0
      1483: aload_1
      1484: ldc_w         #429                // float 4.0f
      1487: iload         8
      1489: i2f
      1490: ldc_w         #430                // float 0.25f
      1493: fmul
      1494: fadd
      1495: fload_3
      1496: fmul
      1497: iload         9
      1499: iload         5
      1501: invokestatic  #431                // Method tauntShout:(Lnet/minecraft/server/level/ServerLevel;Lnet/minecraft/server/level/ServerPlayer;FII)V
      1504: goto          1695
      1507: getstatic     #30                 // Field FORTRESS_UNTIL:Ljava/util/Map;
      1510: aload_1
      1511: invokevirtual #76                 // Method net/minecraft/server/level/ServerPlayer.getUUID:()Ljava/util/UUID;
      1514: lload         6
      1516: bipush        120
      1518: iload         9
      1520: invokestatic  #94                 // Method java/lang/Math.max:(II)I
      1523: i2l
      1524: ladd
      1525: invokestatic  #125                // Method java/lang/Long.valueOf:(J)Ljava/lang/Long;
      1528: invokeinterface #131,  3          // InterfaceMethod java/util/Map.put:(Ljava/lang/Object;Ljava/lang/Object;)Ljava/lang/Object;
      1533: pop
      1534: aload_1
      1535: new           #143                // class net/minecraft/world/effect/MobEffectInstance
      1538: dup
      1539: getstatic     #435                // Field net/minecraft/world/effect/MobEffects.ABSORPTION:Lnet/minecraft/core/Holder;
      1542: bipush        120
      1544: iload         9
      1546: invokestatic  #94                 // Method java/lang/Math.max:(II)I
      1549: iconst_5
      1550: iconst_3
      1551: iload         5
      1553: invokestatic  #187                // Method java/lang/Math.min:(II)I
      1556: iadd
      1557: iconst_0
      1558: iconst_0
      1559: iconst_1
      1560: invokespecial #151                // Method net/minecraft/world/effect/MobEffectInstance."<init>":(Lnet/minecraft/core/Holder;IIZZZ)V
      1563: invokevirtual #154                // Method net/minecraft/server/level/ServerPlayer.addEffect:(Lnet/minecraft/world/effect/MobEffectInstance;)Z
      1566: pop
      1567: aload_1
      1568: new           #143                // class net/minecraft/world/effect/MobEffectInstance
      1571: dup
      1572: getstatic     #145                // Field net/minecraft/world/effect/MobEffects.RESISTANCE:Lnet/minecraft/core/Holder;
      1575: bipush        120
      1577: iload         9
      1579: invokestatic  #94                 // Method java/lang/Math.max:(II)I
      1582: iconst_3
      1583: iconst_0
      1584: iconst_0
      1585: iconst_1
      1586: invokespecial #151                // Method net/minecraft/world/effect/MobEffectInstance."<init>":(Lnet/minecraft/core/Holder;IIZZZ)V
      1589: invokevirtual #154                // Method net/minecraft/server/level/ServerPlayer.addEffect:(Lnet/minecraft/world/effect/MobEffectInstance;)Z
      1592: pop
      1593: aload_0
      1594: aload_1
      1595: invokevirtual #158                // Method net/minecraft/server/level/ServerPlayer.position:()Lnet/minecraft/world/phys/Vec3;
      1598: getstatic     #438                // Field net/minecraft/sounds/SoundEvents.SHIELD_BLOCK:Lnet/minecraft/core/Holder$Reference;
      1601: invokevirtual #384                // Method net/minecraft/core/Holder$Reference.value:()Ljava/lang/Object;
      1604: checkcast     #278                // class net/minecraft/sounds/SoundEvent
      1607: ldc_w         #441                // float 1.4f
      1610: ldc_w         #442                // float 0.55f
      1613: invokestatic  #170                // Method play:(Lnet/minecraft/server/level/ServerLevel;Lnet/minecraft/world/phys/Vec3;Lnet/minecraft/sounds/SoundEvent;FF)V
      1616: goto          1695
      1619: getstatic     #33                 // Field AEGIS_UNTIL:Ljava/util/Map;
      1622: aload_1
      1623: invokevirtual #76                 // Method net/minecraft/server/level/ServerPlayer.getUUID:()Ljava/util/UUID;
      1626: lload         6
      1628: ldc2_w        #443                // long 180l
      1631: iload         9
      1633: i2l
      1634: ldc2_w        #282                // long 2l
      1637: lmul
      1638: invokestatic  #284                // Method java/lang/Math.max:(JJ)J
      1641: ladd
      1642: invokestatic  #125                // Method java/lang/Long.valueOf:(J)Ljava/lang/Long;
      1645: invokeinterface #131,  3          // InterfaceMethod java/util/Map.put:(Ljava/lang/Object;Ljava/lang/Object;)Ljava/lang/Object;
      1650: pop
      1651: aload_1
      1652: new           #143                // class net/minecraft/world/effect/MobEffectInstance
      1655: dup
      1656: getstatic     #145                // Field net/minecraft/world/effect/MobEffects.RESISTANCE:Lnet/minecraft/core/Holder;
      1659: sipush        180
      1662: iload         9
      1664: iconst_2
      1665: imul
      1666: invokestatic  #94                 // Method java/lang/Math.max:(II)I
      1669: iconst_1
      1670: iconst_0
      1671: iconst_0
      1672: iconst_1
      1673: invokespecial #151                // Method net/minecraft/world/effect/MobEffectInstance."<init>":(Lnet/minecraft/core/Holder;IIZZZ)V
      1676: invokevirtual #154                // Method net/minecraft/server/level/ServerPlayer.addEffect:(Lnet/minecraft/world/effect/MobEffectInstance;)Z
      1679: pop
      1680: aload_0
      1681: aload_1
      1682: invokevirtual #158                // Method net/minecraft/server/level/ServerPlayer.position:()Lnet/minecraft/world/phys/Vec3;
      1685: getstatic     #411                // Field net/minecraft/sounds/SoundEvents.BEACON_ACTIVATE:Lnet/minecraft/sounds/SoundEvent;
      1688: fconst_1
      1689: ldc_w         #395                // float 0.7f
      1692: invokestatic  #170                // Method play:(Lnet/minecraft/server/level/ServerLevel;Lnet/minecraft/world/phys/Vec3;Lnet/minecraft/sounds/SoundEvent;FF)V
      1695: aload_2
      1696: invokevirtual #445                // Method kr/moonseungjun/villageguardians/VillageRoleSkillSystem$ActiveSkill.role:()Lkr/moonseungjun/villageguardians/VillageRole;
      1699: getstatic     #449                // Field kr/moonseungjun/villageguardians/VillageRole.ARCANIST:Lkr/moonseungjun/villageguardians/VillageRole;
      1702: if_acmpne     1820
      1705: getstatic     #67                 // Field replayingEcho:Z
      1708: ifne          1820
      1711: iconst_0
      1712: istore        13
      1714: aload_1
      1715: invokevirtual #455                // Method net/minecraft/server/level/ServerPlayer.getRandom:()Lnet/minecraft/util/RandomSource;
      1718: invokeinterface #459,  1          // InterfaceMethod net/minecraft/util/RandomSource.nextFloat:()F
      1723: ldc_w         #465                // float 0.3f
      1726: fcmpg
      1727: ifge          1733
      1730: iinc          13, 1
      1733: aload_1
      1734: invokevirtual #455                // Method net/minecraft/server/level/ServerPlayer.getRandom:()Lnet/minecraft/util/RandomSource;
      1737: invokeinterface #459,  1          // InterfaceMethod net/minecraft/util/RandomSource.nextFloat:()F
      1742: ldc_w         #466                // float 0.12f
      1745: fcmpg
      1746: ifge          1752
      1749: iinc          13, 1
      1752: iconst_0
      1753: istore        14
      1755: iload         14
      1757: iload         13
      1759: if_icmpge     1820
      1762: getstatic     #45                 // Field SCHEDULED:Ljava/util/List;
      1765: new           #220                // class kr/moonseungjun/villageguardians/VillageRoleAbilitySystem$ScheduledAction
      1768: dup
      1769: lload         6
      1771: ldc2_w        #467                // long 8l
      1774: ladd
      1775: iload         14
      1777: i2l
      1778: ldc2_w        #467                // long 8l
      1781: lmul
      1782: ladd
      1783: aload_1
      1784: invokevirtual #76                 // Method net/minecraft/server/level/ServerPlayer.getUUID:()Ljava/util/UUID;
      1787: aload_2
      1788: getstatic     #469                // Field kr/moonseungjun/villageguardians/VillageRoleAbilitySystem$ActionKind.ARCANE_ECHO:Lkr/moonseungjun/villageguardians/VillageRoleAbilitySystem$ActionKind;
      1791: fload_3
      1792: ldc           #169                // float 0.72f
      1794: fmul
      1795: fload         4
      1797: iload         5
      1799: aload_1
      1800: invokevirtual #158                // Method net/minecraft/server/level/ServerPlayer.position:()Lnet/minecraft/world/phys/Vec3;
      1803: aload         12
      1805: invokespecial #230                // Method kr/moonseungjun/villageguardians/VillageRoleAbilitySystem$ScheduledAction."<init>":(JLjava/util/UUID;Lkr/moonseungjun/villageguardians/VillageRoleSkillSystem$ActiveSkill;Lkr/moonseungjun/villageguardians/VillageRoleAbilitySystem$ActionKind;FFILnet/minecraft/world/phys/Vec3;Lnet/minecraft/world/phys/Vec3;)V
      1808: invokeinterface #233,  2          // InterfaceMethod java/util/List.add:(Ljava/lang/Object;)Z
      1813: pop
      1814: iinc          14, 1
      1817: goto          1755
      1820: return

  public static void tick(net.minecraft.server.MinecraftServer);
    Code:
         0: aload_0
         1: invokevirtual #472                // Method net/minecraft/server/MinecraftServer.overworld:()Lnet/minecraft/server/level/ServerLevel;
         4: invokevirtual #70                 // Method net/minecraft/server/level/ServerLevel.getGameTime:()J
         7: lstore_1
         8: aload_0
         9: lload_1
        10: invokestatic  #478                // Method tickPlayers:(Lnet/minecraft/server/MinecraftServer;J)V
        13: aload_0
        14: lload_1
        15: invokestatic  #482                // Method tickScheduled:(Lnet/minecraft/server/MinecraftServer;J)V
        18: aload_0
        19: lload_1
        20: invokestatic  #485                // Method tickAreas:(Lnet/minecraft/server/MinecraftServer;J)V
        23: aload_0
        24: lload_1
        25: invokestatic  #488                // Method tickMoving:(Lnet/minecraft/server/MinecraftServer;J)V
        28: aload_0
        29: lload_1
        30: invokestatic  #491                // Method cleanupExpired:(Lnet/minecraft/server/MinecraftServer;J)V
        33: aload_0
        34: invokestatic  #494                // Method kr/moonseungjun/villageguardians/VillageSkillEffectSystem.tick:(Lnet/minecraft/server/MinecraftServer;)V
        37: return

  private static void tickPlayers(net.minecraft.server.MinecraftServer, long);
    Code:
         0: aload_0
         1: invokevirtual #498                // Method net/minecraft/server/MinecraftServer.getPlayerList:()Lnet/minecraft/server/players/PlayerList;
         4: invokevirtual #502                // Method net/minecraft/server/players/PlayerList.getPlayers:()Ljava/util/List;
         7: invokeinterface #199,  1          // InterfaceMethod java/util/List.iterator:()Ljava/util/Iterator;
        12: astore_3
        13: aload_3
        14: invokeinterface #203,  1          // InterfaceMethod java/util/Iterator.hasNext:()Z
        19: ifeq          647
        22: aload_3
        23: invokeinterface #209,  1          // InterfaceMethod java/util/Iterator.next:()Ljava/lang/Object;
        28: checkcast     #77                 // class net/minecraft/server/level/ServerPlayer
        31: astore        4
        33: aload         4
        35: invokevirtual #508                // Method net/minecraft/server/level/ServerPlayer.level:()Lnet/minecraft/server/level/ServerLevel;
        38: astore        6
        40: aload         6
        42: instanceof    #71                 // class net/minecraft/server/level/ServerLevel
        45: ifeq          13
        48: aload         6
        50: astore        5
        52: aload         4
        54: invokestatic  #511                // Method kr/moonseungjun/villageguardians/VillageRespawnSystem.isDowned:(Lnet/minecraft/server/level/ServerPlayer;)Z
        57: ifeq          63
        60: goto          13
        63: aload         4
        65: invokevirtual #76                 // Method net/minecraft/server/level/ServerPlayer.getUUID:()Ljava/util/UUID;
        68: astore        6
        70: getstatic     #7                  // Field SPIN_UNTIL:Ljava/util/Map;
        73: aload         6
        75: lconst_0
        76: invokestatic  #125                // Method java/lang/Long.valueOf:(J)Ljava/lang/Long;
        79: invokeinterface #517,  3          // InterfaceMethod java/util/Map.getOrDefault:(Ljava/lang/Object;Ljava/lang/Object;)Ljava/lang/Object;
        84: checkcast     #126                // class java/lang/Long
        87: invokevirtual #520                // Method java/lang/Long.longValue:()J
        90: lstore        7
        92: lload         7
        94: lload_1
        95: lcmp
        96: iflt          227
        99: aload         4
       101: lload_1
       102: l2d
       103: ldc2_w        #523                // double 38.0d
       106: dmul
       107: ldc2_w        #525                // double 360.0d
       110: drem
       111: d2f
       112: invokevirtual #527                // Method net/minecraft/server/level/ServerPlayer.setYBodyRot:(F)V
       115: lload_1
       116: ldc2_w        #531                // long 6l
       119: lrem
       120: lconst_0
       121: lcmp
       122: ifne          149
       125: aload         5
       127: aload         4
       129: ldc           #135                // String vanguard_spin
       131: ldc2_w        #467                // long 8l
       134: lload         7
       136: lload_1
       137: lsub
       138: ldc2_w        #467                // long 8l
       141: ladd
       142: invokestatic  #284                // Method java/lang/Math.max:(JJ)J
       145: l2i
       146: invokestatic  #137                // Method kr/moonseungjun/villageguardians/VillageNetwork.sendSkillMotion:(Lnet/minecraft/server/level/ServerLevel;Lnet/minecraft/server/level/ServerPlayer;Ljava/lang/String;I)V
       149: lload_1
       150: ldc2_w        #533                // long 3l
       153: lrem
       154: lconst_0
       155: lcmp
       156: ifne          227
       159: aload         5
       161: aload         4
       163: aload         4
       165: invokevirtual #158                // Method net/minecraft/server/level/ServerPlayer.position:()Lnet/minecraft/world/phys/Vec3;
       168: ldc2_w        #535                // double 4.7d
       171: bipush        10
       173: ldc_w         #537                // float 2.4f
       176: aload         6
       178: invokestatic  #82                 // Method kr/moonseungjun/villageguardians/VillageCouncilState.levelOf:(Ljava/util/UUID;)I
       181: i2f
       182: ldc_w         #538                // float 0.16f
       185: fmul
       186: fadd
       187: iconst_0
       188: ldc2_w        #539                // double 0.32d
       191: ldc2_w        #541                // double 0.05d
       194: invokestatic  #543                // Method damageRadius:(Lnet/minecraft/server/level/ServerLevel;Lnet/minecraft/server/level/ServerPlayer;Lnet/minecraft/world/phys/Vec3;DIFZDD)V
       197: aload         5
       199: aload         4
       201: invokevirtual #158                // Method net/minecraft/server/level/ServerPlayer.position:()Lnet/minecraft/world/phys/Vec3;
       204: getstatic     #162                // Field net/minecraft/sounds/SoundEvents.PLAYER_ATTACK_SWEEP:Lnet/minecraft/sounds/SoundEvent;
       207: ldc_w         #395                // float 0.7f
       210: ldc_w         #268                // float 0.8f
       213: lload_1
       214: ldc2_w        #222                // long 4l
       217: lrem
       218: l2f
       219: ldc_w         #547                // float 0.05f
       222: fmul
       223: fadd
       224: invokestatic  #170                // Method play:(Lnet/minecraft/server/level/ServerLevel;Lnet/minecraft/world/phys/Vec3;Lnet/minecraft/sounds/SoundEvent;FF)V
       227: getstatic     #21                 // Field RICOCHET_UNTIL:Ljava/util/Map;
       230: aload         6
       232: lconst_0
       233: invokestatic  #125                // Method java/lang/Long.valueOf:(J)Ljava/lang/Long;
       236: invokeinterface #517,  3          // InterfaceMethod java/util/Map.getOrDefault:(Ljava/lang/Object;Ljava/lang/Object;)Ljava/lang/Object;
       241: checkcast     #126                // class java/lang/Long
       244: invokevirtual #520                // Method java/lang/Long.longValue:()J
       247: lload_1
       248: lcmp
       249: iflt          288
       252: lload_1
       253: ldc2_w        #533                // long 3l
       256: lrem
       257: lconst_0
       258: lcmp
       259: ifne          288
       262: aload         4
       264: invokestatic  #102                // Method lookDirection:(Lnet/minecraft/server/level/ServerPlayer;)Lnet/minecraft/world/phys/Vec3;
       267: astore        9
       269: aload         5
       271: aload         4
       273: aload         5
       275: aload         4
       277: ldc2_w        #548                // double 42.0d
       280: invokestatic  #550                // Method aimPoint:(Lnet/minecraft/server/level/ServerLevel;Lnet/minecraft/server/level/ServerPlayer;D)Lnet/minecraft/world/phys/Vec3;
       283: aload         9
       285: invokestatic  #553                // Method kr/moonseungjun/villageguardians/VillageSkillEffectSystem.trackingReticle:(Lnet/minecraft/server/level/ServerLevel;Lnet/minecraft/server/level/ServerPlayer;Lnet/minecraft/world/phys/Vec3;Lnet/minecraft/world/phys/Vec3;)V
       288: getstatic     #42                 // Field SLAMS:Ljava/util/Map;
       291: aload         6
       293: invokeinterface #557,  2          // InterfaceMethod java/util/Map.get:(Ljava/lang/Object;)Ljava/lang/Object;
       298: checkcast     #240                // class kr/moonseungjun/villageguardians/VillageRoleAbilitySystem$SlamState
       301: astore        9
       303: aload         9
       305: ifnull        372
       308: lload_1
       309: aload         9
       311: invokevirtual #560                // Method kr/moonseungjun/villageguardians/VillageRoleAbilitySystem$SlamState.startedAt:()J
       314: ldc2_w        #302                // long 5l
       317: ladd
       318: lcmp
       319: ifle          372
       322: aload         4
       324: invokevirtual #563                // Method net/minecraft/server/level/ServerPlayer.onGround:()Z
       327: ifne          344
       330: lload_1
       331: aload         9
       333: invokevirtual #560                // Method kr/moonseungjun/villageguardians/VillageRoleAbilitySystem$SlamState.startedAt:()J
       336: ldc2_w        #566                // long 34l
       339: ladd
       340: lcmp
       341: ifle          372
       344: aload         5
       346: aload         4
       348: aload         9
       350: invokevirtual #568                // Method kr/moonseungjun/villageguardians/VillageRoleAbilitySystem$SlamState.power:()F
       353: aload         9
       355: invokevirtual #571                // Method kr/moonseungjun/villageguardians/VillageRoleAbilitySystem$SlamState.specialRank:()I
       358: invokestatic  #574                // Method groundSlam:(Lnet/minecraft/server/level/ServerLevel;Lnet/minecraft/server/level/ServerPlayer;FI)V
       361: getstatic     #42                 // Field SLAMS:Ljava/util/Map;
       364: aload         6
       366: invokeinterface #420,  2          // InterfaceMethod java/util/Map.remove:(Ljava/lang/Object;)Ljava/lang/Object;
       371: pop
       372: getstatic     #30                 // Field FORTRESS_UNTIL:Ljava/util/Map;
       375: aload         6
       377: lconst_0
       378: invokestatic  #125                // Method java/lang/Long.valueOf:(J)Ljava/lang/Long;
       381: invokeinterface #517,  3          // InterfaceMethod java/util/Map.getOrDefault:(Ljava/lang/Object;Ljava/lang/Object;)Ljava/lang/Object;
       386: checkcast     #126                // class java/lang/Long
       389: invokevirtual #520                // Method java/lang/Long.longValue:()J
       392: lload_1
       393: lcmp
       394: iflt          443
       397: aload         4
       399: getstatic     #307                // Field net/minecraft/world/phys/Vec3.ZERO:Lnet/minecraft/world/phys/Vec3;
       402: invokevirtual #258                // Method net/minecraft/server/level/ServerPlayer.setDeltaMovement:(Lnet/minecraft/world/phys/Vec3;)V
       405: aload         4
       407: iconst_1
       408: putfield      #262                // Field net/minecraft/server/level/ServerPlayer.hurtMarked:Z
       411: lload_1
       412: ldc2_w        #302                // long 5l
       415: lrem
       416: lconst_0
       417: lcmp
       418: ifne          611
       421: aload         5
       423: aload         4
       425: ldc2_w        #578                // double 3.6d
       428: bipush        16
       430: ldc2_w        #580                // double 0.38d
       433: ldc2_w        #582                // double 0.04d
       436: fconst_0
       437: invokestatic  #584                // Method pushFront:(Lnet/minecraft/server/level/ServerLevel;Lnet/minecraft/server/level/ServerPlayer;DIDDF)V
       440: goto          611
       443: getstatic     #33                 // Field AEGIS_UNTIL:Ljava/util/Map;
       446: aload         6
       448: lconst_0
       449: invokestatic  #125                // Method java/lang/Long.valueOf:(J)Ljava/lang/Long;
       452: invokeinterface #517,  3          // InterfaceMethod java/util/Map.getOrDefault:(Ljava/lang/Object;Ljava/lang/Object;)Ljava/lang/Object;
       457: checkcast     #126                // class java/lang/Long
       460: invokevirtual #520                // Method java/lang/Long.longValue:()J
       463: lload_1
       464: lcmp
       465: iflt          611
       468: lload_1
       469: ldc2_w        #533                // long 3l
       472: lrem
       473: lconst_0
       474: lcmp
       475: ifne          498
       478: aload         5
       480: aload         4
       482: ldc2_w        #588                // double 7.0d
       485: bipush        30
       487: ldc2_w        #590                // double 0.7d
       490: ldc2_w        #427                // double 0.08d
       493: ldc           #168                // float 1.2f
       495: invokestatic  #584                // Method pushFront:(Lnet/minecraft/server/level/ServerLevel;Lnet/minecraft/server/level/ServerPlayer;DIDDF)V
       498: aload         4
       500: invokevirtual #592                // Method net/minecraft/server/level/ServerPlayer.isSprinting:()Z
       503: ifeq          611
       506: lload_1
       507: getstatic     #39                 // Field LAST_AEGIS_DASH:Ljava/util/Map;
       510: aload         6
       512: ldc2_w        #595                // long -100l
       515: invokestatic  #125                // Method java/lang/Long.valueOf:(J)Ljava/lang/Long;
       518: invokeinterface #517,  3          // InterfaceMethod java/util/Map.getOrDefault:(Ljava/lang/Object;Ljava/lang/Object;)Ljava/lang/Object;
       523: checkcast     #126                // class java/lang/Long
       526: invokevirtual #520                // Method java/lang/Long.longValue:()J
       529: lsub
       530: ldc2_w        #597                // long 14l
       533: lcmp
       534: iflt          611
       537: getstatic     #39                 // Field LAST_AEGIS_DASH:Ljava/util/Map;
       540: aload         6
       542: lload_1
       543: invokestatic  #125                // Method java/lang/Long.valueOf:(J)Ljava/lang/Long;
       546: invokeinterface #131,  3          // InterfaceMethod java/util/Map.put:(Ljava/lang/Object;Ljava/lang/Object;)Ljava/lang/Object;
       551: pop
       552: aload         4
       554: invokestatic  #98                 // Method horizontalLook:(Lnet/minecraft/server/level/ServerPlayer;)Lnet/minecraft/world/phys/Vec3;
       557: astore        10
       559: aload         4
       561: aload         10
       563: ldc2_w        #599                // double 0.78d
       566: invokevirtual #247                // Method net/minecraft/world/phys/Vec3.scale:(D)Lnet/minecraft/world/phys/Vec3;
       569: dconst_0
       570: ldc2_w        #541                // double 0.05d
       573: dconst_0
       574: invokevirtual #255                // Method net/minecraft/world/phys/Vec3.add:(DDD)Lnet/minecraft/world/phys/Vec3;
       577: invokevirtual #258                // Method net/minecraft/server/level/ServerPlayer.setDeltaMovement:(Lnet/minecraft/world/phys/Vec3;)V
       580: aload         4
       582: iconst_1
       583: putfield      #262                // Field net/minecraft/server/level/ServerPlayer.hurtMarked:Z
       586: aload         5
       588: aload         4
       590: invokevirtual #158                // Method net/minecraft/server/level/ServerPlayer.position:()Lnet/minecraft/world/phys/Vec3;
       593: getstatic     #438                // Field net/minecraft/sounds/SoundEvents.SHIELD_BLOCK:Lnet/minecraft/core/Holder$Reference;
       596: invokevirtual #384                // Method net/minecraft/core/Holder$Reference.value:()Ljava/lang/Object;
       599: checkcast     #278                // class net/minecraft/sounds/SoundEvent
       602: ldc_w         #268                // float 0.8f
       605: ldc_w         #393                // float 1.15f
       608: invokestatic  #170                // Method play:(Lnet/minecraft/server/level/ServerLevel;Lnet/minecraft/world/phys/Vec3;Lnet/minecraft/sounds/SoundEvent;FF)V
       611: aload         6
       613: invokestatic  #601                // Method kr/moonseungjun/villageguardians/VillageCouncilState.roleOf:(Ljava/util/UUID;)Ljava/util/Optional;
       616: aconst_null
       617: invokevirtual #605                // Method java/util/Optional.orElse:(Ljava/lang/Object;)Ljava/lang/Object;
       620: getstatic     #610                // Field kr/moonseungjun/villageguardians/VillageRole.WARDEN:Lkr/moonseungjun/villageguardians/VillageRole;
       623: if_acmpne     644
       626: lload_1
       627: ldc2_w        #613                // long 40l
       630: lrem
       631: lconst_0
       632: lcmp
       633: ifne          644
       636: aload         4
       638: ldc_w         #268                // float 0.8f
       641: invokevirtual #615                // Method net/minecraft/server/level/ServerPlayer.heal:(F)V
       644: goto          13
       647: return

  private static void tickScheduled(net.minecraft.server.MinecraftServer, long);
    Code:
         0: getstatic     #45                 // Field SCHEDULED:Ljava/util/List;
         3: invokeinterface #199,  1          // InterfaceMethod java/util/List.iterator:()Ljava/util/Iterator;
         8: astore_3
         9: aload_3
        10: invokeinterface #203,  1          // InterfaceMethod java/util/Iterator.hasNext:()Z
        15: ifeq          263
        18: aload_3
        19: invokeinterface #209,  1          // InterfaceMethod java/util/Iterator.next:()Ljava/lang/Object;
        24: checkcast     #220                // class kr/moonseungjun/villageguardians/VillageRoleAbilitySystem$ScheduledAction
        27: astore        4
        29: aload         4
        31: invokevirtual #618                // Method kr/moonseungjun/villageguardians/VillageRoleAbilitySystem$ScheduledAction.executeAt:()J
        34: lload_1
        35: lcmp
        36: ifle          42
        39: goto          9
        42: aload_3
        43: invokeinterface #621,  1          // InterfaceMethod java/util/Iterator.remove:()V
        48: aload_0
        49: invokevirtual #498                // Method net/minecraft/server/MinecraftServer.getPlayerList:()Lnet/minecraft/server/players/PlayerList;
        52: aload         4
        54: invokevirtual #623                // Method kr/moonseungjun/villageguardians/VillageRoleAbilitySystem$ScheduledAction.owner:()Ljava/util/UUID;
        57: invokevirtual #626                // Method net/minecraft/server/players/PlayerList.getPlayer:(Ljava/util/UUID;)Lnet/minecraft/server/level/ServerPlayer;
        60: astore        5
        62: aload         5
        64: ifnull        9
        67: aload         5
        69: invokevirtual #508                // Method net/minecraft/server/level/ServerPlayer.level:()Lnet/minecraft/server/level/ServerLevel;
        72: astore        7
        74: aload         7
        76: instanceof    #71                 // class net/minecraft/server/level/ServerLevel
        79: ifeq          9
        82: aload         7
        84: astore        6
        86: aload         4
        88: invokevirtual #630                // Method kr/moonseungjun/villageguardians/VillageRoleAbilitySystem$ScheduledAction.kind:()Lkr/moonseungjun/villageguardians/VillageRoleAbilitySystem$ActionKind;
        91: invokevirtual #634                // Method kr/moonseungjun/villageguardians/VillageRoleAbilitySystem$ActionKind.ordinal:()I
        94: tableswitch   { // 0 to 4
                       0: 128
                       1: 148
                       2: 173
                       3: 193
                       4: 213
                 default: 260
            }
       128: aload         6
       130: aload         5
       132: aload         4
       134: invokevirtual #635                // Method kr/moonseungjun/villageguardians/VillageRoleAbilitySystem$ScheduledAction.power:()F
       137: aload         4
       139: invokevirtual #636                // Method kr/moonseungjun/villageguardians/VillageRoleAbilitySystem$ScheduledAction.specialRank:()I
       142: invokestatic  #637                // Method bladeWave:(Lnet/minecraft/server/level/ServerLevel;Lnet/minecraft/server/level/ServerPlayer;FI)V
       145: goto          260
       148: aload         6
       150: aload         5
       152: aload         4
       154: invokevirtual #640                // Method kr/moonseungjun/villageguardians/VillageRoleAbilitySystem$ScheduledAction.origin:()Lnet/minecraft/world/phys/Vec3;
       157: aload         4
       159: invokevirtual #635                // Method kr/moonseungjun/villageguardians/VillageRoleAbilitySystem$ScheduledAction.power:()F
       162: aload         4
       164: invokevirtual #636                // Method kr/moonseungjun/villageguardians/VillageRoleAbilitySystem$ScheduledAction.specialRank:()I
       167: invokestatic  #643                // Method arrowRain:(Lnet/minecraft/server/level/ServerLevel;Lnet/minecraft/server/level/ServerPlayer;Lnet/minecraft/world/phys/Vec3;FI)V
       170: goto          260
       173: aload         6
       175: aload         5
       177: aload         4
       179: invokevirtual #635                // Method kr/moonseungjun/villageguardians/VillageRoleAbilitySystem$ScheduledAction.power:()F
       182: aload         4
       184: invokevirtual #636                // Method kr/moonseungjun/villageguardians/VillageRoleAbilitySystem$ScheduledAction.specialRank:()I
       187: invokestatic  #647                // Method launchEnergyArrow:(Lnet/minecraft/server/level/ServerLevel;Lnet/minecraft/server/level/ServerPlayer;FI)V
       190: goto          260
       193: aload         6
       195: aload         5
       197: aload         4
       199: invokevirtual #635                // Method kr/moonseungjun/villageguardians/VillageRoleAbilitySystem$ScheduledAction.power:()F
       202: aload         4
       204: invokevirtual #636                // Method kr/moonseungjun/villageguardians/VillageRoleAbilitySystem$ScheduledAction.specialRank:()I
       207: invokestatic  #650                // Method shieldCharge:(Lnet/minecraft/server/level/ServerLevel;Lnet/minecraft/server/level/ServerPlayer;FI)V
       210: goto          260
       213: iconst_1
       214: putstatic     #67                 // Field replayingEcho:Z
       217: aload         6
       219: aload         5
       221: aload         4
       223: invokevirtual #653                // Method kr/moonseungjun/villageguardians/VillageRoleAbilitySystem$ScheduledAction.skill:()Lkr/moonseungjun/villageguardians/VillageRoleSkillSystem$ActiveSkill;
       226: aload         4
       228: invokevirtual #635                // Method kr/moonseungjun/villageguardians/VillageRoleAbilitySystem$ScheduledAction.power:()F
       231: aload         4
       233: invokevirtual #657                // Method kr/moonseungjun/villageguardians/VillageRoleAbilitySystem$ScheduledAction.durationMultiplier:()F
       236: aload         4
       238: invokevirtual #636                // Method kr/moonseungjun/villageguardians/VillageRoleAbilitySystem$ScheduledAction.specialRank:()I
       241: invokestatic  #660                // Method cast:(Lnet/minecraft/server/level/ServerLevel;Lnet/minecraft/server/level/ServerPlayer;Lkr/moonseungjun/villageguardians/VillageRoleSkillSystem$ActiveSkill;FFI)V
       244: iconst_0
       245: putstatic     #67                 // Field replayingEcho:Z
       248: goto          260
       251: astore        8
       253: iconst_0
       254: putstatic     #67                 // Field replayingEcho:Z
       257: aload         8
       259: athrow
       260: goto          9
       263: return
      Exception table:
         from    to  target type
           217   244   251   any
           251   253   251   any

  private static void tickAreas(net.minecraft.server.MinecraftServer, long);
    Code:
         0: getstatic     #52                 // Field AREAS:Ljava/util/List;
         3: invokeinterface #199,  1          // InterfaceMethod java/util/List.iterator:()Ljava/util/Iterator;
         8: astore_3
         9: aload_3
        10: invokeinterface #203,  1          // InterfaceMethod java/util/Iterator.hasNext:()Z
        15: ifeq          851
        18: aload_3
        19: invokeinterface #209,  1          // InterfaceMethod java/util/Iterator.next:()Ljava/lang/Object;
        24: checkcast     #355                // class kr/moonseungjun/villageguardians/VillageRoleAbilitySystem$AreaState
        27: astore        4
        29: aload_0
        30: invokevirtual #498                // Method net/minecraft/server/MinecraftServer.getPlayerList:()Lnet/minecraft/server/players/PlayerList;
        33: aload         4
        35: invokevirtual #664                // Method kr/moonseungjun/villageguardians/VillageRoleAbilitySystem$AreaState.owner:()Ljava/util/UUID;
        38: invokevirtual #626                // Method net/minecraft/server/players/PlayerList.getPlayer:(Ljava/util/UUID;)Lnet/minecraft/server/level/ServerPlayer;
        41: astore        5
        43: aload         5
        45: ifnull        77
        48: aload         5
        50: invokevirtual #508                // Method net/minecraft/server/level/ServerPlayer.level:()Lnet/minecraft/server/level/ServerLevel;
        53: astore        7
        55: aload         7
        57: instanceof    #71                 // class net/minecraft/server/level/ServerLevel
        60: ifeq          77
        63: aload         7
        65: astore        6
        67: lload_1
        68: aload         4
        70: invokevirtual #665                // Method kr/moonseungjun/villageguardians/VillageRoleAbilitySystem$AreaState.until:()J
        73: lcmp
        74: ifle          86
        77: aload_3
        78: invokeinterface #621,  1          // InterfaceMethod java/util/Iterator.remove:()V
        83: goto          9
        86: lload_1
        87: ldc2_w        #302                // long 5l
        90: lrem
        91: aload         4
        93: invokevirtual #668                // Method kr/moonseungjun/villageguardians/VillageRoleAbilitySystem$AreaState.phase:()I
        96: i2l
        97: ldc2_w        #302                // long 5l
       100: lrem
       101: lcmp
       102: ifeq          108
       105: goto          9
       108: aload         4
       110: invokevirtual #671                // Method kr/moonseungjun/villageguardians/VillageRoleAbilitySystem$AreaState.kind:()Lkr/moonseungjun/villageguardians/VillageRoleAbilitySystem$AreaKind;
       113: invokevirtual #674                // Method kr/moonseungjun/villageguardians/VillageRoleAbilitySystem$AreaKind.ordinal:()I
       116: tableswitch   { // 0 to 3
                       0: 148
                       1: 279
                       2: 497
                       3: 725
                 default: 848
            }
       148: aload         6
       150: aload         5
       152: aload         4
       154: invokevirtual #675                // Method kr/moonseungjun/villageguardians/VillageRoleAbilitySystem$AreaState.center:()Lnet/minecraft/world/phys/Vec3;
       157: aload         4
       159: invokevirtual #678                // Method kr/moonseungjun/villageguardians/VillageRoleAbilitySystem$AreaState.radius:()D
       162: bipush        40
       164: invokestatic  #682                // Method targetsNear:(Lnet/minecraft/server/level/ServerLevel;Lnet/minecraft/server/level/ServerPlayer;Lnet/minecraft/world/phys/Vec3;DI)Ljava/util/List;
       167: invokeinterface #199,  1          // InterfaceMethod java/util/List.iterator:()Ljava/util/Iterator;
       172: astore        7
       174: aload         7
       176: invokeinterface #203,  1          // InterfaceMethod java/util/Iterator.hasNext:()Z
       181: ifeq          247
       184: aload         7
       186: invokeinterface #209,  1          // InterfaceMethod java/util/Iterator.next:()Ljava/lang/Object;
       191: checkcast     #686                // class net/minecraft/world/entity/Mob
       194: astore        8
       196: aload         8
       198: new           #143                // class net/minecraft/world/effect/MobEffectInstance
       201: dup
       202: getstatic     #688                // Field net/minecraft/world/effect/MobEffects.SLOWNESS:Lnet/minecraft/core/Holder;
       205: bipush        35
       207: iconst_3
       208: iconst_0
       209: iconst_0
       210: iconst_1
       211: invokespecial #151                // Method net/minecraft/world/effect/MobEffectInstance."<init>":(Lnet/minecraft/core/Holder;IIZZZ)V
       214: invokevirtual #691                // Method net/minecraft/world/entity/Mob.addEffect:(Lnet/minecraft/world/effect/MobEffectInstance;)Z
       217: pop
       218: lload_1
       219: ldc2_w        #692                // long 20l
       222: lrem
       223: lconst_0
       224: lcmp
       225: ifne          244
       228: aload         6
       230: aload         8
       232: ldc_w         #694                // float 2.2f
       235: aload         4
       237: invokevirtual #695                // Method kr/moonseungjun/villageguardians/VillageRoleAbilitySystem$AreaState.power:()F
       240: fmul
       241: invokestatic  #696                // Method hurt:(Lnet/minecraft/server/level/ServerLevel;Lnet/minecraft/world/entity/Mob;F)V
       244: goto          174
       247: lload_1
       248: ldc2_w        #692                // long 20l
       251: lrem
       252: lconst_0
       253: lcmp
       254: ifne          848
       257: aload         6
       259: aload         4
       261: invokevirtual #675                // Method kr/moonseungjun/villageguardians/VillageRoleAbilitySystem$AreaState.center:()Lnet/minecraft/world/phys/Vec3;
       264: getstatic     #700                // Field net/minecraft/sounds/SoundEvents.GLASS_HIT:Lnet/minecraft/sounds/SoundEvent;
       267: ldc_w         #442                // float 0.55f
       270: ldc_w         #325                // float 0.62f
       273: invokestatic  #170                // Method play:(Lnet/minecraft/server/level/ServerLevel;Lnet/minecraft/world/phys/Vec3;Lnet/minecraft/sounds/SoundEvent;FF)V
       276: goto          848
       279: aload         4
       281: invokevirtual #675                // Method kr/moonseungjun/villageguardians/VillageRoleAbilitySystem$AreaState.center:()Lnet/minecraft/world/phys/Vec3;
       284: aload         5
       286: invokestatic  #98                 // Method horizontalLook:(Lnet/minecraft/server/level/ServerPlayer;)Lnet/minecraft/world/phys/Vec3;
       289: ldc2_w        #703                // double 0.24d
       292: invokevirtual #247                // Method net/minecraft/world/phys/Vec3.scale:(D)Lnet/minecraft/world/phys/Vec3;
       295: invokevirtual #374                // Method net/minecraft/world/phys/Vec3.add:(Lnet/minecraft/world/phys/Vec3;)Lnet/minecraft/world/phys/Vec3;
       298: astore        7
       300: aload         4
       302: aload         7
       304: invokevirtual #705                // Method kr/moonseungjun/villageguardians/VillageRoleAbilitySystem$AreaState.moveTo:(Lnet/minecraft/world/phys/Vec3;)V
       307: aload         6
       309: aload         5
       311: aload         7
       313: aload         4
       315: invokevirtual #678                // Method kr/moonseungjun/villageguardians/VillageRoleAbilitySystem$AreaState.radius:()D
       318: bipush        36
       320: invokestatic  #682                // Method targetsNear:(Lnet/minecraft/server/level/ServerLevel;Lnet/minecraft/server/level/ServerPlayer;Lnet/minecraft/world/phys/Vec3;DI)Ljava/util/List;
       323: invokeinterface #199,  1          // InterfaceMethod java/util/List.iterator:()Ljava/util/Iterator;
       328: astore        8
       330: aload         8
       332: invokeinterface #203,  1          // InterfaceMethod java/util/Iterator.hasNext:()Z
       337: ifeq          462
       340: aload         8
       342: invokeinterface #209,  1          // InterfaceMethod java/util/Iterator.next:()Ljava/lang/Object;
       347: checkcast     #686                // class net/minecraft/world/entity/Mob
       350: astore        9
       352: aload         7
       354: aload         9
       356: invokevirtual #708                // Method net/minecraft/world/entity/Mob.position:()Lnet/minecraft/world/phys/Vec3;
       359: invokevirtual #709                // Method net/minecraft/world/phys/Vec3.subtract:(Lnet/minecraft/world/phys/Vec3;)Lnet/minecraft/world/phys/Vec3;
       362: astore        10
       364: new           #248                // class net/minecraft/world/phys/Vec3
       367: dup
       368: aload         10
       370: getfield      #712                // Field net/minecraft/world/phys/Vec3.x:D
       373: dconst_0
       374: aload         10
       376: getfield      #716                // Field net/minecraft/world/phys/Vec3.z:D
       379: invokespecial #719                // Method net/minecraft/world/phys/Vec3."<init>":(DDD)V
       382: astore        11
       384: aload         11
       386: invokevirtual #722                // Method net/minecraft/world/phys/Vec3.lengthSqr:()D
       389: ldc2_w        #725                // double 0.01d
       392: dcmpl
       393: ifle          409
       396: aload         11
       398: invokevirtual #727                // Method net/minecraft/world/phys/Vec3.normalize:()Lnet/minecraft/world/phys/Vec3;
       401: ldc2_w        #703                // double 0.24d
       404: invokevirtual #247                // Method net/minecraft/world/phys/Vec3.scale:(D)Lnet/minecraft/world/phys/Vec3;
       407: astore        11
       409: aload         9
       411: aload         11
       413: getfield      #712                // Field net/minecraft/world/phys/Vec3.x:D
       416: ldc2_w        #730                // double 0.2d
       419: aload         11
       421: getfield      #716                // Field net/minecraft/world/phys/Vec3.z:D
       424: invokevirtual #732                // Method net/minecraft/world/entity/Mob.push:(DDD)V
       427: aload         9
       429: iconst_1
       430: putfield      #735                // Field net/minecraft/world/entity/Mob.hurtMarked:Z
       433: lload_1
       434: ldc2_w        #736                // long 15l
       437: lrem
       438: lconst_0
       439: lcmp
       440: ifne          459
       443: aload         6
       445: aload         9
       447: ldc_w         #738                // float 1.8f
       450: aload         4
       452: invokevirtual #695                // Method kr/moonseungjun/villageguardians/VillageRoleAbilitySystem$AreaState.power:()F
       455: fmul
       456: invokestatic  #696                // Method hurt:(Lnet/minecraft/server/level/ServerLevel;Lnet/minecraft/world/entity/Mob;F)V
       459: goto          330
       462: lload_1
       463: ldc2_w        #736                // long 15l
       466: lrem
       467: lconst_0
       468: lcmp
       469: ifne          494
       472: aload         6
       474: aload         7
       476: getstatic     #380                // Field net/minecraft/sounds/SoundEvents.BREEZE_WIND_CHARGE_BURST:Lnet/minecraft/core/Holder$Reference;
       479: invokevirtual #384                // Method net/minecraft/core/Holder$Reference.value:()Ljava/lang/Object;
       482: checkcast     #278                // class net/minecraft/sounds/SoundEvent
       485: ldc_w         #268                // float 0.8f
       488: ldc_w         #739                // float 0.78f
       491: invokestatic  #170                // Method play:(Lnet/minecraft/server/level/ServerLevel;Lnet/minecraft/world/phys/Vec3;Lnet/minecraft/sounds/SoundEvent;FF)V
       494: goto          848
       497: lload_1
       498: ldc2_w        #302                // long 5l
       501: lrem
       502: lconst_0
       503: lcmp
       504: ifne          848
       507: ldc_w         #740                // float 7.0f
       510: aload         5
       512: invokevirtual #76                 // Method net/minecraft/server/level/ServerPlayer.getUUID:()Ljava/util/UUID;
       515: invokestatic  #82                 // Method kr/moonseungjun/villageguardians/VillageCouncilState.levelOf:(Ljava/util/UUID;)I
       518: i2f
       519: ldc_w         #741                // float 0.42f
       522: fmul
       523: fadd
       524: aload         4
       526: invokevirtual #695                // Method kr/moonseungjun/villageguardians/VillageRoleAbilitySystem$AreaState.power:()F
       529: fmul
       530: fstore        7
       532: iconst_0
       533: istore        8
       535: iload         8
       537: iconst_2
       538: if_icmpge     722
       541: aload         6
       543: aload         4
       545: invokevirtual #675                // Method kr/moonseungjun/villageguardians/VillageRoleAbilitySystem$AreaState.center:()Lnet/minecraft/world/phys/Vec3;
       548: aload         4
       550: invokevirtual #678                // Method kr/moonseungjun/villageguardians/VillageRoleAbilitySystem$AreaState.radius:()D
       553: invokestatic  #742                // Method randomPointInCircle:(Lnet/minecraft/server/level/ServerLevel;Lnet/minecraft/world/phys/Vec3;D)Lnet/minecraft/world/phys/Vec3;
       556: astore        9
       558: aload         6
       560: aload         5
       562: aload         9
       564: ldc2_w        #347                // double 4.8d
       567: bipush        24
       569: invokestatic  #682                // Method targetsNear:(Lnet/minecraft/server/level/ServerLevel;Lnet/minecraft/server/level/ServerPlayer;Lnet/minecraft/world/phys/Vec3;DI)Ljava/util/List;
       572: astore        10
       574: aload         10
       576: invokeinterface #746,  1          // InterfaceMethod java/util/List.isEmpty:()Z
       581: ifne          632
       584: aload         5
       586: invokevirtual #455                // Method net/minecraft/server/level/ServerPlayer.getRandom:()Lnet/minecraft/util/RandomSource;
       589: invokeinterface #459,  1          // InterfaceMethod net/minecraft/util/RandomSource.nextFloat:()F
       594: ldc           #169                // float 0.72f
       596: fcmpg
       597: ifge          632
       600: aload         10
       602: aload         5
       604: invokevirtual #455                // Method net/minecraft/server/level/ServerPlayer.getRandom:()Lnet/minecraft/util/RandomSource;
       607: aload         10
       609: invokeinterface #749,  1          // InterfaceMethod java/util/List.size:()I
       614: invokeinterface #752,  2          // InterfaceMethod net/minecraft/util/RandomSource.nextInt:(I)I
       619: invokeinterface #756,  2          // InterfaceMethod java/util/List.get:(I)Ljava/lang/Object;
       624: checkcast     #686                // class net/minecraft/world/entity/Mob
       627: invokevirtual #708                // Method net/minecraft/world/entity/Mob.position:()Lnet/minecraft/world/phys/Vec3;
       630: astore        9
       632: aload         6
       634: aload         9
       636: invokestatic  #759                // Method spawnVisualLightning:(Lnet/minecraft/server/level/ServerLevel;Lnet/minecraft/world/phys/Vec3;)V
       639: aload         6
       641: aload         5
       643: aload         9
       645: ldc2_w        #347                // double 4.8d
       648: bipush        24
       650: invokestatic  #682                // Method targetsNear:(Lnet/minecraft/server/level/ServerLevel;Lnet/minecraft/server/level/ServerPlayer;Lnet/minecraft/world/phys/Vec3;DI)Ljava/util/List;
       653: invokeinterface #199,  1          // InterfaceMethod java/util/List.iterator:()Ljava/util/Iterator;
       658: astore        11
       660: aload         11
       662: invokeinterface #203,  1          // InterfaceMethod java/util/Iterator.hasNext:()Z
       667: ifeq          716
       670: aload         11
       672: invokeinterface #209,  1          // InterfaceMethod java/util/Iterator.next:()Ljava/lang/Object;
       677: checkcast     #686                // class net/minecraft/world/entity/Mob
       680: astore        12
       682: aload         6
       684: aload         12
       686: fload         7
       688: invokestatic  #696                // Method hurt:(Lnet/minecraft/server/level/ServerLevel;Lnet/minecraft/world/entity/Mob;F)V
       691: aload         12
       693: new           #143                // class net/minecraft/world/effect/MobEffectInstance
       696: dup
       697: getstatic     #688                // Field net/minecraft/world/effect/MobEffects.SLOWNESS:Lnet/minecraft/core/Holder;
       700: bipush        30
       702: iconst_1
       703: iconst_0
       704: iconst_0
       705: iconst_1
       706: invokespecial #151                // Method net/minecraft/world/effect/MobEffectInstance."<init>":(Lnet/minecraft/core/Holder;IIZZZ)V
       709: invokevirtual #691                // Method net/minecraft/world/entity/Mob.addEffect:(Lnet/minecraft/world/effect/MobEffectInstance;)Z
       712: pop
       713: goto          660
       716: iinc          8, 1
       719: goto          535
       722: goto          848
       725: lload_1
       726: ldc2_w        #692                // long 20l
       729: lrem
       730: lconst_0
       731: lcmp
       732: ifne          848
       735: aload         5
       737: aload         4
       739: invokevirtual #675                // Method kr/moonseungjun/villageguardians/VillageRoleAbilitySystem$AreaState.center:()Lnet/minecraft/world/phys/Vec3;
       742: aload         4
       744: invokevirtual #678                // Method kr/moonseungjun/villageguardians/VillageRoleAbilitySystem$AreaState.radius:()D
       747: invokestatic  #763                // Method alliesAt:(Lnet/minecraft/server/level/ServerPlayer;Lnet/minecraft/world/phys/Vec3;D)Ljava/util/List;
       750: invokeinterface #199,  1          // InterfaceMethod java/util/List.iterator:()Ljava/util/Iterator;
       755: astore        7
       757: aload         7
       759: invokeinterface #203,  1          // InterfaceMethod java/util/Iterator.hasNext:()Z
       764: ifeq          829
       767: aload         7
       769: invokeinterface #209,  1          // InterfaceMethod java/util/Iterator.next:()Ljava/lang/Object;
       774: checkcast     #77                 // class net/minecraft/server/level/ServerPlayer
       777: astore        8
       779: aload         8
       781: ldc_w         #767                // float 2.6f
       784: aload         4
       786: invokevirtual #768                // Method kr/moonseungjun/villageguardians/VillageRoleAbilitySystem$AreaState.specialRank:()I
       789: i2f
       790: ldc_w         #769                // float 0.35f
       793: fmul
       794: fadd
       795: aload         4
       797: invokevirtual #695                // Method kr/moonseungjun/villageguardians/VillageRoleAbilitySystem$AreaState.power:()F
       800: fmul
       801: invokestatic  #770                // Method healScaled:(Lnet/minecraft/server/level/ServerPlayer;F)V
       804: aload         8
       806: new           #143                // class net/minecraft/world/effect/MobEffectInstance
       809: dup
       810: getstatic     #774                // Field net/minecraft/world/effect/MobEffects.REGENERATION:Lnet/minecraft/core/Holder;
       813: bipush        35
       815: iconst_0
       816: iconst_0
       817: iconst_0
       818: iconst_1
       819: invokespecial #151                // Method net/minecraft/world/effect/MobEffectInstance."<init>":(Lnet/minecraft/core/Holder;IIZZZ)V
       822: invokevirtual #154                // Method net/minecraft/server/level/ServerPlayer.addEffect:(Lnet/minecraft/world/effect/MobEffectInstance;)Z
       825: pop
       826: goto          757
       829: aload         6
       831: aload         4
       833: invokevirtual #675                // Method kr/moonseungjun/villageguardians/VillageRoleAbilitySystem$AreaState.center:()Lnet/minecraft/world/phys/Vec3;
       836: getstatic     #777                // Field net/minecraft/sounds/SoundEvents.AMETHYST_BLOCK_CHIME:Lnet/minecraft/sounds/SoundEvent;
       839: ldc_w         #442                // float 0.55f
       842: ldc_w         #393                // float 1.15f
       845: invokestatic  #170                // Method play:(Lnet/minecraft/server/level/ServerLevel;Lnet/minecraft/world/phys/Vec3;Lnet/minecraft/sounds/SoundEvent;FF)V
       848: goto          9
       851: return

  private static void tickMoving(net.minecraft.server.MinecraftServer, long);
    Code:
         0: getstatic     #55                 // Field MOVING:Ljava/util/Map;
         3: invokeinterface #780,  1          // InterfaceMethod java/util/Map.entrySet:()Ljava/util/Set;
         8: invokeinterface #784,  1          // InterfaceMethod java/util/Set.iterator:()Ljava/util/Iterator;
        13: astore_3
        14: aload_3
        15: invokeinterface #203,  1          // InterfaceMethod java/util/Iterator.hasNext:()Z
        20: ifeq          580
        23: aload_3
        24: invokeinterface #209,  1          // InterfaceMethod java/util/Iterator.next:()Ljava/lang/Object;
        29: checkcast     #787                // class java/util/Map$Entry
        32: astore        4
        34: aload         4
        36: invokeinterface #789,  1          // InterfaceMethod java/util/Map$Entry.getValue:()Ljava/lang/Object;
        41: checkcast     #792                // class kr/moonseungjun/villageguardians/VillageRoleAbilitySystem$MovingSkill
        44: astore        5
        46: aload_0
        47: invokevirtual #498                // Method net/minecraft/server/MinecraftServer.getPlayerList:()Lnet/minecraft/server/players/PlayerList;
        50: aload         5
        52: invokevirtual #794                // Method kr/moonseungjun/villageguardians/VillageRoleAbilitySystem$MovingSkill.owner:()Ljava/util/UUID;
        55: invokevirtual #626                // Method net/minecraft/server/players/PlayerList.getPlayer:(Ljava/util/UUID;)Lnet/minecraft/server/level/ServerPlayer;
        58: astore        6
        60: aload         6
        62: ifnull        87
        65: aload         6
        67: invokevirtual #508                // Method net/minecraft/server/level/ServerPlayer.level:()Lnet/minecraft/server/level/ServerLevel;
        70: astore        8
        72: aload         8
        74: instanceof    #71                 // class net/minecraft/server/level/ServerLevel
        77: ifeq          87
        80: aload         8
        82: astore        7
        84: goto          96
        87: aload_3
        88: invokeinterface #621,  1          // InterfaceMethod java/util/Iterator.remove:()V
        93: goto          14
        96: aload         7
        98: aload         4
       100: invokeinterface #795,  1          // InterfaceMethod java/util/Map$Entry.getKey:()Ljava/lang/Object;
       105: checkcast     #798                // class java/util/UUID
       108: invokevirtual #800                // Method net/minecraft/server/level/ServerLevel.getEntity:(Ljava/util/UUID;)Lnet/minecraft/world/entity/Entity;
       111: astore        8
       113: aload         8
       115: ifnonnull     126
       118: aload         5
       120: invokevirtual #804                // Method kr/moonseungjun/villageguardians/VillageRoleAbilitySystem$MovingSkill.lastPosition:()Lnet/minecraft/world/phys/Vec3;
       123: goto          131
       126: aload         8
       128: invokevirtual #807                // Method net/minecraft/world/entity/Entity.position:()Lnet/minecraft/world/phys/Vec3;
       131: astore        9
       133: aload         5
       135: aload         9
       137: invokevirtual #810                // Method kr/moonseungjun/villageguardians/VillageRoleAbilitySystem$MovingSkill.lastPosition:(Lnet/minecraft/world/phys/Vec3;)V
       140: aload         5
       142: aload         5
       144: invokevirtual #812                // Method kr/moonseungjun/villageguardians/VillageRoleAbilitySystem$MovingSkill.age:()I
       147: iconst_1
       148: iadd
       149: invokevirtual #815                // Method kr/moonseungjun/villageguardians/VillageRoleAbilitySystem$MovingSkill.age:(I)V
       152: aload         7
       154: aload         6
       156: aload         9
       158: aload         5
       160: invokevirtual #818                // Method kr/moonseungjun/villageguardians/VillageRoleAbilitySystem$MovingSkill.radius:()D
       163: bipush        36
       165: invokestatic  #682                // Method targetsNear:(Lnet/minecraft/server/level/ServerLevel;Lnet/minecraft/server/level/ServerPlayer;Lnet/minecraft/world/phys/Vec3;DI)Ljava/util/List;
       168: astore        10
       170: aload         8
       172: ifnull        188
       175: aload         5
       177: invokevirtual #812                // Method kr/moonseungjun/villageguardians/VillageRoleAbilitySystem$MovingSkill.age:()I
       180: aload         5
       182: invokevirtual #819                // Method kr/moonseungjun/villageguardians/VillageRoleAbilitySystem$MovingSkill.maxAge:()I
       185: if_icmplt     192
       188: iconst_1
       189: goto          193
       192: iconst_0
       193: istore        11
       195: aload         5
       197: invokevirtual #822                // Method kr/moonseungjun/villageguardians/VillageRoleAbilitySystem$MovingSkill.kind:()Lkr/moonseungjun/villageguardians/VillageRoleAbilitySystem$MovingKind;
       200: invokevirtual #825                // Method kr/moonseungjun/villageguardians/VillageRoleAbilitySystem$MovingKind.ordinal:()I
       203: tableswitch   { // 0 to 2
                       0: 228
                       1: 369
                       2: 454
                 default: 561
            }
       228: aload         10
       230: invokeinterface #746,  1          // InterfaceMethod java/util/List.isEmpty:()Z
       235: ifeq          246
       238: iload         11
       240: ifne          246
       243: goto          14
       246: aload         7
       248: aload         6
       250: aload         9
       252: aload         5
       254: invokevirtual #818                // Method kr/moonseungjun/villageguardians/VillageRoleAbilitySystem$MovingSkill.radius:()D
       257: bipush        36
       259: invokestatic  #682                // Method targetsNear:(Lnet/minecraft/server/level/ServerLevel;Lnet/minecraft/server/level/ServerPlayer;Lnet/minecraft/world/phys/Vec3;DI)Ljava/util/List;
       262: invokeinterface #199,  1          // InterfaceMethod java/util/List.iterator:()Ljava/util/Iterator;
       267: astore        12
       269: aload         12
       271: invokeinterface #203,  1          // InterfaceMethod java/util/Iterator.hasNext:()Z
       276: ifeq          330
       279: aload         12
       281: invokeinterface #209,  1          // InterfaceMethod java/util/Iterator.next:()Ljava/lang/Object;
       286: checkcast     #686                // class net/minecraft/world/entity/Mob
       289: astore        13
       291: aload         7
       293: aload         13
       295: aload         5
       297: invokevirtual #826                // Method kr/moonseungjun/villageguardians/VillageRoleAbilitySystem$MovingSkill.damage:()F
       300: invokestatic  #696                // Method hurt:(Lnet/minecraft/server/level/ServerLevel;Lnet/minecraft/world/entity/Mob;F)V
       303: aload         13
       305: aload         13
       307: invokevirtual #829                // Method net/minecraft/world/entity/Mob.getRemainingFireTicks:()I
       310: bipush        120
       312: aload         5
       314: invokevirtual #832                // Method kr/moonseungjun/villageguardians/VillageRoleAbilitySystem$MovingSkill.specialRank:()I
       317: bipush        35
       319: imul
       320: iadd
       321: invokestatic  #94                 // Method java/lang/Math.max:(II)I
       324: invokevirtual #833                // Method net/minecraft/world/entity/Mob.setRemainingFireTicks:(I)V
       327: goto          269
       330: aload         7
       332: aload         6
       334: aload         9
       336: aload         5
       338: invokevirtual #818                // Method kr/moonseungjun/villageguardians/VillageRoleAbilitySystem$MovingSkill.radius:()D
       341: invokestatic  #836                // Method kr/moonseungjun/villageguardians/VillageSkillEffectSystem.fireImpact:(Lnet/minecraft/server/level/ServerLevel;Lnet/minecraft/server/level/ServerPlayer;Lnet/minecraft/world/phys/Vec3;D)V
       344: aload         7
       346: aload         9
       348: getstatic     #840                // Field net/minecraft/sounds/SoundEvents.GENERIC_EXPLODE:Lnet/minecraft/core/Holder$Reference;
       351: invokevirtual #384                // Method net/minecraft/core/Holder$Reference.value:()Ljava/lang/Object;
       354: checkcast     #278                // class net/minecraft/sounds/SoundEvent
       357: ldc_w         #843                // float 1.05f
       360: ldc_w         #844                // float 1.08f
       363: invokestatic  #170                // Method play:(Lnet/minecraft/server/level/ServerLevel;Lnet/minecraft/world/phys/Vec3;Lnet/minecraft/sounds/SoundEvent;FF)V
       366: goto          561
       369: aload         10
       371: invokeinterface #199,  1          // InterfaceMethod java/util/List.iterator:()Ljava/util/Iterator;
       376: astore        12
       378: aload         12
       380: invokeinterface #203,  1          // InterfaceMethod java/util/Iterator.hasNext:()Z
       385: ifeq          446
       388: aload         12
       390: invokeinterface #209,  1          // InterfaceMethod java/util/Iterator.next:()Ljava/lang/Object;
       395: checkcast     #686                // class net/minecraft/world/entity/Mob
       398: astore        13
       400: aload         5
       402: invokevirtual #845                // Method kr/moonseungjun/villageguardians/VillageRoleAbilitySystem$MovingSkill.hit:()Ljava/util/Set;
       405: aload         13
       407: invokevirtual #848                // Method net/minecraft/world/entity/Mob.getUUID:()Ljava/util/UUID;
       410: invokeinterface #849,  2          // InterfaceMethod java/util/Set.add:(Ljava/lang/Object;)Z
       415: ifeq          443
       418: aload         7
       420: aload         13
       422: aload         5
       424: invokevirtual #826                // Method kr/moonseungjun/villageguardians/VillageRoleAbilitySystem$MovingSkill.damage:()F
       427: invokestatic  #696                // Method hurt:(Lnet/minecraft/server/level/ServerLevel;Lnet/minecraft/world/entity/Mob;F)V
       430: aload         9
       432: aload         13
       434: ldc2_w        #850                // double 0.5d
       437: ldc2_w        #541                // double 0.05d
       440: invokestatic  #852                // Method knockFrom:(Lnet/minecraft/world/phys/Vec3;Lnet/minecraft/world/entity/Mob;DD)V
       443: goto          378
       446: iload         11
       448: ifne          561
       451: goto          14
       454: aload         10
       456: invokeinterface #199,  1          // InterfaceMethod java/util/List.iterator:()Ljava/util/Iterator;
       461: astore        12
       463: aload         12
       465: invokeinterface #203,  1          // InterfaceMethod java/util/Iterator.hasNext:()Z
       470: ifeq          531
       473: aload         12
       475: invokeinterface #209,  1          // InterfaceMethod java/util/Iterator.next:()Ljava/lang/Object;
       480: checkcast     #686                // class net/minecraft/world/entity/Mob
       483: astore        13
       485: aload         5
       487: invokevirtual #845                // Method kr/moonseungjun/villageguardians/VillageRoleAbilitySystem$MovingSkill.hit:()Ljava/util/Set;
       490: aload         13
       492: invokevirtual #848                // Method net/minecraft/world/entity/Mob.getUUID:()Ljava/util/UUID;
       495: invokeinterface #849,  2          // InterfaceMethod java/util/Set.add:(Ljava/lang/Object;)Z
       500: ifeq          528
       503: aload         7
       505: aload         13
       507: aload         5
       509: invokevirtual #826                // Method kr/moonseungjun/villageguardians/VillageRoleAbilitySystem$MovingSkill.damage:()F
       512: invokestatic  #696                // Method hurt:(Lnet/minecraft/server/level/ServerLevel;Lnet/minecraft/world/entity/Mob;F)V
       515: aload         9
       517: aload         13
       519: ldc2_w        #343                // double 1.35d
       522: ldc2_w        #856                // double 0.18d
       525: invokestatic  #852                // Method knockFrom:(Lnet/minecraft/world/phys/Vec3;Lnet/minecraft/world/entity/Mob;DD)V
       528: goto          463
       531: iload         11
       533: ifne          539
       536: goto          14
       539: aload         7
       541: aload         9
       543: getstatic     #840                // Field net/minecraft/sounds/SoundEvents.GENERIC_EXPLODE:Lnet/minecraft/core/Holder$Reference;
       546: invokevirtual #384                // Method net/minecraft/core/Holder$Reference.value:()Ljava/lang/Object;
       549: checkcast     #278                // class net/minecraft/sounds/SoundEvent
       552: ldc_w         #858                // float 1.3f
       555: ldc_w         #325                // float 0.62f
       558: invokestatic  #170                // Method play:(Lnet/minecraft/server/level/ServerLevel;Lnet/minecraft/world/phys/Vec3;Lnet/minecraft/sounds/SoundEvent;FF)V
       561: aload         8
       563: ifnull        571
       566: aload         8
       568: invokevirtual #859                // Method net/minecraft/world/entity/Entity.discard:()V
       571: aload_3
       572: invokeinterface #621,  1          // InterfaceMethod java/util/Iterator.remove:()V
       577: goto          14
       580: return

  private static void cleanupExpired(net.minecraft.server.MinecraftServer, long);
    Code:
         0: getstatic     #7                  // Field SPIN_UNTIL:Ljava/util/Map;
         3: invokeinterface #780,  1          // InterfaceMethod java/util/Map.entrySet:()Ljava/util/Set;
         8: lload_1
         9: invokedynamic #862,  0            // InvokeDynamic #0:test:(J)Ljava/util/function/Predicate;
        14: invokeinterface #866,  2          // InterfaceMethod java/util/Set.removeIf:(Ljava/util/function/Predicate;)Z
        19: pop
        20: getstatic     #18                 // Field RAPID_UNTIL:Ljava/util/Map;
        23: invokeinterface #780,  1          // InterfaceMethod java/util/Map.entrySet:()Ljava/util/Set;
        28: lload_1
        29: invokedynamic #870,  0            // InvokeDynamic #1:test:(J)Ljava/util/function/Predicate;
        34: invokeinterface #866,  2          // InterfaceMethod java/util/Set.removeIf:(Ljava/util/function/Predicate;)Z
        39: pop
        40: getstatic     #21                 // Field RICOCHET_UNTIL:Ljava/util/Map;
        43: invokeinterface #780,  1          // InterfaceMethod java/util/Map.entrySet:()Ljava/util/Set;
        48: lload_1
        49: invokedynamic #871,  0            // InvokeDynamic #2:test:(J)Ljava/util/function/Predicate;
        54: invokeinterface #866,  2          // InterfaceMethod java/util/Set.removeIf:(Ljava/util/function/Predicate;)Z
        59: pop
        60: getstatic     #24                 // Field RICOCHET_ARROWS:Ljava/util/Map;
        63: invokeinterface #780,  1          // InterfaceMethod java/util/Map.entrySet:()Ljava/util/Set;
        68: lload_1
        69: invokedynamic #872,  0            // InvokeDynamic #3:test:(J)Ljava/util/function/Predicate;
        74: invokeinterface #866,  2          // InterfaceMethod java/util/Set.removeIf:(Ljava/util/function/Predicate;)Z
        79: pop
        80: getstatic     #27                 // Field MEGA_ARROW_READY:Ljava/util/Map;
        83: invokeinterface #780,  1          // InterfaceMethod java/util/Map.entrySet:()Ljava/util/Set;
        88: lload_1
        89: invokedynamic #873,  0            // InvokeDynamic #4:test:(J)Ljava/util/function/Predicate;
        94: invokeinterface #866,  2          // InterfaceMethod java/util/Set.removeIf:(Ljava/util/function/Predicate;)Z
        99: pop
       100: getstatic     #30                 // Field FORTRESS_UNTIL:Ljava/util/Map;
       103: invokeinterface #780,  1          // InterfaceMethod java/util/Map.entrySet:()Ljava/util/Set;
       108: lload_1
       109: invokedynamic #874,  0            // InvokeDynamic #5:test:(J)Ljava/util/function/Predicate;
       114: invokeinterface #866,  2          // InterfaceMethod java/util/Set.removeIf:(Ljava/util/function/Predicate;)Z
       119: pop
       120: getstatic     #33                 // Field AEGIS_UNTIL:Ljava/util/Map;
       123: invokeinterface #780,  1          // InterfaceMethod java/util/Map.entrySet:()Ljava/util/Set;
       128: lload_1
       129: invokedynamic #875,  0            // InvokeDynamic #6:test:(J)Ljava/util/function/Predicate;
       134: invokeinterface #866,  2          // InterfaceMethod java/util/Set.removeIf:(Ljava/util/function/Predicate;)Z
       139: pop
       140: getstatic     #36                 // Field CHARGE_UNTIL:Ljava/util/Map;
       143: invokeinterface #780,  1          // InterfaceMethod java/util/Map.entrySet:()Ljava/util/Set;
       148: lload_1
       149: invokedynamic #876,  0            // InvokeDynamic #7:test:(J)Ljava/util/function/Predicate;
       154: invokeinterface #866,  2          // InterfaceMethod java/util/Set.removeIf:(Ljava/util/function/Predicate;)Z
       159: pop
       160: return

  public static void handleArrowLoose(net.neoforged.neoforge.event.entity.player.ArrowLooseEvent);
    Code:
         0: aload_0
         1: invokevirtual #877                // Method net/neoforged/neoforge/event/entity/player/ArrowLooseEvent.getEntity:()Lnet/minecraft/world/entity/player/Player;
         4: astore_2
         5: aload_2
         6: instanceof    #77                 // class net/minecraft/server/level/ServerPlayer
         9: ifeq          34
        12: aload_2
        13: checkcast     #77                 // class net/minecraft/server/level/ServerPlayer
        16: astore_1
        17: aload_1
        18: invokevirtual #76                 // Method net/minecraft/server/level/ServerPlayer.getUUID:()Ljava/util/UUID;
        21: invokestatic  #601                // Method kr/moonseungjun/villageguardians/VillageCouncilState.roleOf:(Ljava/util/UUID;)Ljava/util/Optional;
        24: aconst_null
        25: invokevirtual #605                // Method java/util/Optional.orElse:(Ljava/lang/Object;)Ljava/lang/Object;
        28: getstatic     #882                // Field kr/moonseungjun/villageguardians/VillageRole.RANGER:Lkr/moonseungjun/villageguardians/VillageRole;
        31: if_acmpeq     35
        34: return
        35: iconst_5
        36: istore_2
        37: aload_1
        38: invokevirtual #508                // Method net/minecraft/server/level/ServerPlayer.level:()Lnet/minecraft/server/level/ServerLevel;
        41: invokevirtual #70                 // Method net/minecraft/server/level/ServerLevel.getGameTime:()J
        44: lstore_3
        45: getstatic     #18                 // Field RAPID_UNTIL:Ljava/util/Map;
        48: aload_1
        49: invokevirtual #76                 // Method net/minecraft/server/level/ServerPlayer.getUUID:()Ljava/util/UUID;
        52: lconst_0
        53: invokestatic  #125                // Method java/lang/Long.valueOf:(J)Ljava/lang/Long;
        56: invokeinterface #517,  3          // InterfaceMethod java/util/Map.getOrDefault:(Ljava/lang/Object;Ljava/lang/Object;)Ljava/lang/Object;
        61: checkcast     #126                // class java/lang/Long
        64: invokevirtual #520                // Method java/lang/Long.longValue:()J
        67: lload_3
        68: lcmp
        69: iflt          75
        72: iinc          2, 10
        75: aload_0
        76: bipush        20
        78: aload_0
        79: invokevirtual #885                // Method net/neoforged/neoforge/event/entity/player/ArrowLooseEvent.getCharge:()I
        82: iload_2
        83: iadd
        84: invokestatic  #187                // Method java/lang/Math.min:(II)I
        87: invokevirtual #888                // Method net/neoforged/neoforge/event/entity/player/ArrowLooseEvent.setCharge:(I)V
        90: return

  public static void handleEntityJoin(net.neoforged.neoforge.event.entity.EntityJoinLevelEvent);
    Code:
         0: aload_0
         1: invokevirtual #891                // Method net/neoforged/neoforge/event/entity/EntityJoinLevelEvent.getLevel:()Lnet/minecraft/world/level/Level;
         4: invokevirtual #897                // Method net/minecraft/world/level/Level.isClientSide:()Z
         7: ifne          87
        10: aload_0
        11: invokevirtual #891                // Method net/neoforged/neoforge/event/entity/EntityJoinLevelEvent.getLevel:()Lnet/minecraft/world/level/Level;
        14: astore        4
        16: aload         4
        18: instanceof    #71                 // class net/minecraft/server/level/ServerLevel
        21: ifeq          87
        24: aload         4
        26: checkcast     #71                 // class net/minecraft/server/level/ServerLevel
        29: astore_1
        30: aload_0
        31: invokevirtual #902                // Method net/neoforged/neoforge/event/entity/EntityJoinLevelEvent.getEntity:()Lnet/minecraft/world/entity/Entity;
        34: astore        4
        36: aload         4
        38: instanceof    #905                // class net/minecraft/world/entity/projectile/arrow/AbstractArrow
        41: ifeq          87
        44: aload         4
        46: checkcast     #905                // class net/minecraft/world/entity/projectile/arrow/AbstractArrow
        49: astore_2
        50: aload_2
        51: invokevirtual #907                // Method net/minecraft/world/entity/projectile/arrow/AbstractArrow.getOwner:()Lnet/minecraft/world/entity/Entity;
        54: astore        4
        56: aload         4
        58: instanceof    #77                 // class net/minecraft/server/level/ServerPlayer
        61: ifeq          87
        64: aload         4
        66: checkcast     #77                 // class net/minecraft/server/level/ServerPlayer
        69: astore_3
        70: aload_3
        71: invokevirtual #76                 // Method net/minecraft/server/level/ServerPlayer.getUUID:()Ljava/util/UUID;
        74: invokestatic  #601                // Method kr/moonseungjun/villageguardians/VillageCouncilState.roleOf:(Ljava/util/UUID;)Ljava/util/Optional;
        77: aconst_null
        78: invokevirtual #605                // Method java/util/Optional.orElse:(Ljava/lang/Object;)Ljava/lang/Object;
        81: getstatic     #882                // Field kr/moonseungjun/villageguardians/VillageRole.RANGER:Lkr/moonseungjun/villageguardians/VillageRole;
        84: if_acmpeq     88
        87: return
        88: getstatic     #63                 // Field spawningGeneratedArrow:Z
        91: ifeq          95
        94: return
        95: aload_1
        96: invokevirtual #70                 // Method net/minecraft/server/level/ServerLevel.getGameTime:()J
        99: lstore        4
       101: getstatic     #27                 // Field MEGA_ARROW_READY:Ljava/util/Map;
       104: aload_3
       105: invokevirtual #76                 // Method net/minecraft/server/level/ServerPlayer.getUUID:()Ljava/util/UUID;
       108: invokeinterface #557,  2          // InterfaceMethod java/util/Map.get:(Ljava/lang/Object;)Ljava/lang/Object;
       113: checkcast     #317                // class kr/moonseungjun/villageguardians/VillageRoleAbilitySystem$EmpoweredArrowState
       116: astore        6
       118: aload         6
       120: ifnull        168
       123: aload         6
       125: invokevirtual #910                // Method kr/moonseungjun/villageguardians/VillageRoleAbilitySystem$EmpoweredArrowState.until:()J
       128: lload         4
       130: lcmp
       131: iflt          168
       134: getstatic     #27                 // Field MEGA_ARROW_READY:Ljava/util/Map;
       137: aload_3
       138: invokevirtual #76                 // Method net/minecraft/server/level/ServerPlayer.getUUID:()Ljava/util/UUID;
       141: invokeinterface #420,  2          // InterfaceMethod java/util/Map.remove:(Ljava/lang/Object;)Ljava/lang/Object;
       146: pop
       147: aload_0
       148: iconst_1
       149: invokevirtual #911                // Method net/neoforged/neoforge/event/entity/EntityJoinLevelEvent.setCanceled:(Z)V
       152: aload_1
       153: aload_3
       154: aload         6
       156: invokevirtual #915                // Method kr/moonseungjun/villageguardians/VillageRoleAbilitySystem$EmpoweredArrowState.power:()F
       159: aload         6
       161: invokevirtual #916                // Method kr/moonseungjun/villageguardians/VillageRoleAbilitySystem$EmpoweredArrowState.specialRank:()I
       164: invokestatic  #647                // Method launchEnergyArrow:(Lnet/minecraft/server/level/ServerLevel;Lnet/minecraft/server/level/ServerPlayer;FI)V
       167: return
       168: getstatic     #21                 // Field RICOCHET_UNTIL:Ljava/util/Map;
       171: aload_3
       172: invokevirtual #76                 // Method net/minecraft/server/level/ServerPlayer.getUUID:()Ljava/util/UUID;
       175: lconst_0
       176: invokestatic  #125                // Method java/lang/Long.valueOf:(J)Ljava/lang/Long;
       179: invokeinterface #517,  3          // InterfaceMethod java/util/Map.getOrDefault:(Ljava/lang/Object;Ljava/lang/Object;)Ljava/lang/Object;
       184: checkcast     #126                // class java/lang/Long
       187: invokevirtual #520                // Method java/lang/Long.longValue:()J
       190: lload         4
       192: lcmp
       193: iflt          200
       196: iconst_1
       197: goto          201
       200: iconst_0
       201: istore        7
       203: iload         7
       205: ifeq          271
       208: getstatic     #21                 // Field RICOCHET_UNTIL:Ljava/util/Map;
       211: aload_3
       212: invokevirtual #76                 // Method net/minecraft/server/level/ServerPlayer.getUUID:()Ljava/util/UUID;
       215: invokeinterface #420,  2          // InterfaceMethod java/util/Map.remove:(Ljava/lang/Object;)Ljava/lang/Object;
       220: pop
       221: getstatic     #24                 // Field RICOCHET_ARROWS:Ljava/util/Map;
       224: aload_2
       225: invokevirtual #917                // Method net/minecraft/world/entity/projectile/arrow/AbstractArrow.getUUID:()Ljava/util/UUID;
       228: lload         4
       230: ldc2_w        #280                // long 240l
       233: ladd
       234: invokestatic  #125                // Method java/lang/Long.valueOf:(J)Ljava/lang/Long;
       237: invokeinterface #131,  3          // InterfaceMethod java/util/Map.put:(Ljava/lang/Object;Ljava/lang/Object;)Ljava/lang/Object;
       242: pop
       243: aload_1
       244: aload_3
       245: aload_2
       246: ldc2_w        #918                // double 0.68d
       249: invokestatic  #920                // Method aimAssist:(Lnet/minecraft/server/level/ServerLevel;Lnet/minecraft/server/level/ServerPlayer;Lnet/minecraft/world/entity/projectile/arrow/AbstractArrow;D)V
       252: aload_1
       253: aload_3
       254: invokevirtual #158                // Method net/minecraft/server/level/ServerPlayer.position:()Lnet/minecraft/world/phys/Vec3;
       257: getstatic     #311                // Field net/minecraft/sounds/SoundEvents.CROSSBOW_SHOOT:Lnet/minecraft/sounds/SoundEvent;
       260: ldc           #216                // float 0.85f
       262: ldc_w         #858                // float 1.3f
       265: invokestatic  #170                // Method play:(Lnet/minecraft/server/level/ServerLevel;Lnet/minecraft/world/phys/Vec3;Lnet/minecraft/sounds/SoundEvent;FF)V
       268: goto          280
       271: aload_1
       272: aload_3
       273: aload_2
       274: ldc2_w        #703                // double 0.24d
       277: invokestatic  #920                // Method aimAssist:(Lnet/minecraft/server/level/ServerLevel;Lnet/minecraft/server/level/ServerPlayer;Lnet/minecraft/world/entity/projectile/arrow/AbstractArrow;D)V
       280: getstatic     #18                 // Field RAPID_UNTIL:Ljava/util/Map;
       283: aload_3
       284: invokevirtual #76                 // Method net/minecraft/server/level/ServerPlayer.getUUID:()Ljava/util/UUID;
       287: lconst_0
       288: invokestatic  #125                // Method java/lang/Long.valueOf:(J)Ljava/lang/Long;
       291: invokeinterface #517,  3          // InterfaceMethod java/util/Map.getOrDefault:(Ljava/lang/Object;Ljava/lang/Object;)Ljava/lang/Object;
       296: checkcast     #126                // class java/lang/Long
       299: invokevirtual #520                // Method java/lang/Long.longValue:()J
       302: lload         4
       304: lcmp
       305: ifge          309
       308: return
       309: iconst_1
       310: putstatic     #63                 // Field spawningGeneratedArrow:Z
       313: aload_1
       314: aload_3
       315: aload_2
       316: ldc2_w        #924                // double -8.0d
       319: invokestatic  #926                // Method spawnSideArrow:(Lnet/minecraft/server/level/ServerLevel;Lnet/minecraft/server/level/ServerPlayer;Lnet/minecraft/world/entity/projectile/arrow/AbstractArrow;D)V
       322: aload_1
       323: aload_3
       324: aload_2
       325: ldc2_w        #929                // double 8.0d
       328: invokestatic  #926                // Method spawnSideArrow:(Lnet/minecraft/server/level/ServerLevel;Lnet/minecraft/server/level/ServerPlayer;Lnet/minecraft/world/entity/projectile/arrow/AbstractArrow;D)V
       331: iconst_0
       332: putstatic     #63                 // Field spawningGeneratedArrow:Z
       335: goto          347
       338: astore        8
       340: iconst_0
       341: putstatic     #63                 // Field spawningGeneratedArrow:Z
       344: aload         8
       346: athrow
       347: return
      Exception table:
         from    to  target type
           313   331   338   any
           338   340   338   any

  public static void handleIncomingDamage(net.neoforged.neoforge.event.entity.living.LivingIncomingDamageEvent);
    Code:
         0: aload_0
         1: invokevirtual #931                // Method net/neoforged/neoforge/event/entity/living/LivingIncomingDamageEvent.getSource:()Lnet/minecraft/world/damagesource/DamageSource;
         4: invokevirtual #937                // Method net/minecraft/world/damagesource/DamageSource.getEntity:()Lnet/minecraft/world/entity/Entity;
         7: astore_2
         8: aload_2
         9: instanceof    #77                 // class net/minecraft/server/level/ServerPlayer
        12: ifeq          334
        15: aload_2
        16: checkcast     #77                 // class net/minecraft/server/level/ServerPlayer
        19: astore_1
        20: aload_1
        21: invokevirtual #76                 // Method net/minecraft/server/level/ServerPlayer.getUUID:()Ljava/util/UUID;
        24: invokestatic  #601                // Method kr/moonseungjun/villageguardians/VillageCouncilState.roleOf:(Ljava/util/UUID;)Ljava/util/Optional;
        27: aconst_null
        28: invokevirtual #605                // Method java/util/Optional.orElse:(Ljava/lang/Object;)Ljava/lang/Object;
        31: checkcast     #450                // class kr/moonseungjun/villageguardians/VillageRole
        34: astore_2
        35: aload_2
        36: getstatic     #940                // Field kr/moonseungjun/villageguardians/VillageRole.VANGUARD:Lkr/moonseungjun/villageguardians/VillageRole;
        39: if_acmpne     73
        42: aload_0
        43: invokevirtual #931                // Method net/neoforged/neoforge/event/entity/living/LivingIncomingDamageEvent.getSource:()Lnet/minecraft/world/damagesource/DamageSource;
        46: invokevirtual #943                // Method net/minecraft/world/damagesource/DamageSource.getDirectEntity:()Lnet/minecraft/world/entity/Entity;
        49: instanceof    #905                // class net/minecraft/world/entity/projectile/arrow/AbstractArrow
        52: ifne          73
        55: aload_1
        56: ldc_w         #946                // float 2.5f
        59: aload_0
        60: invokevirtual #947                // Method net/neoforged/neoforge/event/entity/living/LivingIncomingDamageEvent.getAmount:()F
        63: ldc_w         #950                // float 0.055f
        66: fmul
        67: invokestatic  #951                // Method java/lang/Math.min:(FF)F
        70: invokevirtual #615                // Method net/minecraft/server/level/ServerPlayer.heal:(F)V
        73: aload_2
        74: getstatic     #882                // Field kr/moonseungjun/villageguardians/VillageRole.RANGER:Lkr/moonseungjun/villageguardians/VillageRole;
        77: if_acmpne     334
        80: aload_0
        81: invokevirtual #931                // Method net/neoforged/neoforge/event/entity/living/LivingIncomingDamageEvent.getSource:()Lnet/minecraft/world/damagesource/DamageSource;
        84: invokevirtual #943                // Method net/minecraft/world/damagesource/DamageSource.getDirectEntity:()Lnet/minecraft/world/entity/Entity;
        87: astore        6
        89: aload         6
        91: instanceof    #905                // class net/minecraft/world/entity/projectile/arrow/AbstractArrow
        94: ifeq          334
        97: aload         6
        99: checkcast     #905                // class net/minecraft/world/entity/projectile/arrow/AbstractArrow
       102: astore_3
       103: aload_0
       104: invokevirtual #954                // Method net/neoforged/neoforge/event/entity/living/LivingIncomingDamageEvent.getEntity:()Lnet/minecraft/world/entity/LivingEntity;
       107: astore        6
       109: aload         6
       111: instanceof    #686                // class net/minecraft/world/entity/Mob
       114: ifeq          334
       117: aload         6
       119: checkcast     #686                // class net/minecraft/world/entity/Mob
       122: astore        4
       124: getstatic     #24                 // Field RICOCHET_ARROWS:Ljava/util/Map;
       127: aload_3
       128: invokevirtual #917                // Method net/minecraft/world/entity/projectile/arrow/AbstractArrow.getUUID:()Ljava/util/UUID;
       131: invokeinterface #420,  2          // InterfaceMethod java/util/Map.remove:(Ljava/lang/Object;)Ljava/lang/Object;
       136: ifnull        334
       139: aload_1
       140: invokevirtual #508                // Method net/minecraft/server/level/ServerPlayer.level:()Lnet/minecraft/server/level/ServerLevel;
       143: astore        6
       145: aload         6
       147: instanceof    #71                 // class net/minecraft/server/level/ServerLevel
       150: ifeq          334
       153: aload         6
       155: astore        5
       157: aload         5
       159: aload_1
       160: aload         4
       162: invokevirtual #708                // Method net/minecraft/world/entity/Mob.position:()Lnet/minecraft/world/phys/Vec3;
       165: ldc2_w        #957                // double 12.0d
       168: bipush        9
       170: invokestatic  #682                // Method targetsNear:(Lnet/minecraft/server/level/ServerLevel;Lnet/minecraft/server/level/ServerPlayer;Lnet/minecraft/world/phys/Vec3;DI)Ljava/util/List;
       173: astore        6
       175: aload         6
       177: aload         4
       179: invokeinterface #959,  2          // InterfaceMethod java/util/List.remove:(Ljava/lang/Object;)Z
       184: pop
       185: aload         6
       187: aload         4
       189: dup
       190: invokestatic  #961                // Method java/util/Objects.requireNonNull:(Ljava/lang/Object;)Ljava/lang/Object;
       193: pop
       194: invokedynamic #966,  0            // InvokeDynamic #8:applyAsDouble:(Lnet/minecraft/world/entity/Mob;)Ljava/util/function/ToDoubleFunction;
       199: invokestatic  #970                // InterfaceMethod java/util/Comparator.comparingDouble:(Ljava/util/function/ToDoubleFunction;)Ljava/util/Comparator;
       202: invokeinterface #976,  2          // InterfaceMethod java/util/List.sort:(Ljava/util/Comparator;)V
       207: fconst_2
       208: aload_0
       209: invokevirtual #947                // Method net/neoforged/neoforge/event/entity/living/LivingIncomingDamageEvent.getAmount:()F
       212: ldc           #169                // float 0.72f
       214: fmul
       215: invokestatic  #980                // Method java/lang/Math.max:(FF)F
       218: fstore        7
       220: new           #982                // class java/util/ArrayList
       223: dup
       224: invokespecial #984                // Method java/util/ArrayList."<init>":()V
       227: astore        8
       229: iconst_0
       230: istore        9
       232: iload         9
       234: bipush        6
       236: aload         6
       238: invokeinterface #749,  1          // InterfaceMethod java/util/List.size:()I
       243: invokestatic  #187                // Method java/lang/Math.min:(II)I
       246: if_icmpge     324
       249: aload         6
       251: iload         9
       253: invokeinterface #756,  2          // InterfaceMethod java/util/List.get:(I)Ljava/lang/Object;
       258: checkcast     #686                // class net/minecraft/world/entity/Mob
       261: astore        10
       263: aload         8
       265: aload         10
       267: invokeinterface #233,  2          // InterfaceMethod java/util/List.add:(Ljava/lang/Object;)Z
       272: pop
       273: aload         5
       275: aload         10
       277: fload         7
       279: fconst_1
       280: iload         9
       282: i2f
       283: ldc_w         #985                // float 0.09f
       286: fmul
       287: fsub
       288: fmul
       289: invokestatic  #696                // Method hurt:(Lnet/minecraft/server/level/ServerLevel;Lnet/minecraft/world/entity/Mob;F)V
       292: aload         5
       294: aload         10
       296: invokevirtual #708                // Method net/minecraft/world/entity/Mob.position:()Lnet/minecraft/world/phys/Vec3;
       299: getstatic     #986                // Field net/minecraft/sounds/SoundEvents.ARROW_HIT:Lnet/minecraft/sounds/SoundEvent;
       302: ldc_w         #442                // float 0.55f
       305: ldc           #168                // float 1.2f
       307: iload         9
       309: i2f
       310: ldc_w         #989                // float 0.06f
       313: fmul
       314: fadd
       315: invokestatic  #170                // Method play:(Lnet/minecraft/server/level/ServerLevel;Lnet/minecraft/world/phys/Vec3;Lnet/minecraft/sounds/SoundEvent;FF)V
       318: iinc          9, 1
       321: goto          232
       324: aload         5
       326: aload_1
       327: aload         4
       329: aload         8
       331: invokestatic  #990                // Method kr/moonseungjun/villageguardians/VillageSkillEffectSystem.ricochet:(Lnet/minecraft/server/level/ServerLevel;Lnet/minecraft/server/level/ServerPlayer;Lnet/minecraft/world/entity/Mob;Ljava/util/List;)V
       334: aload_0
       335: invokevirtual #954                // Method net/neoforged/neoforge/event/entity/living/LivingIncomingDamageEvent.getEntity:()Lnet/minecraft/world/entity/LivingEntity;
       338: astore_2
       339: aload_2
       340: instanceof    #77                 // class net/minecraft/server/level/ServerPlayer
       343: ifeq          380
       346: aload_2
       347: checkcast     #77                 // class net/minecraft/server/level/ServerPlayer
       350: astore_1
       351: aload_1
       352: invokevirtual #76                 // Method net/minecraft/server/level/ServerPlayer.getUUID:()Ljava/util/UUID;
       355: invokestatic  #601                // Method kr/moonseungjun/villageguardians/VillageCouncilState.roleOf:(Ljava/util/UUID;)Ljava/util/Optional;
       358: aconst_null
       359: invokevirtual #605                // Method java/util/Optional.orElse:(Ljava/lang/Object;)Ljava/lang/Object;
       362: getstatic     #610                // Field kr/moonseungjun/villageguardians/VillageRole.WARDEN:Lkr/moonseungjun/villageguardians/VillageRole;
       365: if_acmpne     380
       368: aload_0
       369: aload_0
       370: invokevirtual #947                // Method net/neoforged/neoforge/event/entity/living/LivingIncomingDamageEvent.getAmount:()F
       373: ldc_w         #994                // float 0.82f
       376: fmul
       377: invokevirtual #995                // Method net/neoforged/neoforge/event/entity/living/LivingIncomingDamageEvent.setAmount:(F)V
       380: return

  public static void handleDeath(net.neoforged.neoforge.event.entity.living.LivingDeathEvent);
    Code:
         0: aload_0
         1: invokevirtual #998                // Method net/neoforged/neoforge/event/entity/living/LivingDeathEvent.getSource:()Lnet/minecraft/world/damagesource/DamageSource;
         4: invokevirtual #937                // Method net/minecraft/world/damagesource/DamageSource.getEntity:()Lnet/minecraft/world/entity/Entity;
         7: astore_2
         8: aload_2
         9: instanceof    #77                 // class net/minecraft/server/level/ServerPlayer
        12: ifeq          60
        15: aload_2
        16: checkcast     #77                 // class net/minecraft/server/level/ServerPlayer
        19: astore_1
        20: aload_1
        21: invokevirtual #76                 // Method net/minecraft/server/level/ServerPlayer.getUUID:()Ljava/util/UUID;
        24: invokestatic  #601                // Method kr/moonseungjun/villageguardians/VillageCouncilState.roleOf:(Ljava/util/UUID;)Ljava/util/Optional;
        27: aconst_null
        28: invokevirtual #605                // Method java/util/Optional.orElse:(Ljava/lang/Object;)Ljava/lang/Object;
        31: getstatic     #882                // Field kr/moonseungjun/villageguardians/VillageRole.RANGER:Lkr/moonseungjun/villageguardians/VillageRole;
        34: if_acmpne     60
        37: aload_0
        38: invokevirtual #998                // Method net/neoforged/neoforge/event/entity/living/LivingDeathEvent.getSource:()Lnet/minecraft/world/damagesource/DamageSource;
        41: invokevirtual #943                // Method net/minecraft/world/damagesource/DamageSource.getDirectEntity:()Lnet/minecraft/world/entity/Entity;
        44: instanceof    #905                // class net/minecraft/world/entity/projectile/arrow/AbstractArrow
        47: ifeq          60
        50: aload_0
        51: invokevirtual #1001               // Method net/neoforged/neoforge/event/entity/living/LivingDeathEvent.getEntity:()Lnet/minecraft/world/entity/LivingEntity;
        54: invokestatic  #1002               // Method kr/moonseungjun/villageguardians/VillageSkillTestSystem.isTestDummy:(Lnet/minecraft/world/entity/Entity;)Z
        57: ifeq          61
        60: return
        61: aload_1
        62: invokevirtual #1008               // Method net/minecraft/server/level/ServerPlayer.getInventory:()Lnet/minecraft/world/entity/player/Inventory;
        65: new           #332                // class net/minecraft/world/item/ItemStack
        68: dup
        69: getstatic     #1012               // Field net/minecraft/world/item/Items.ARROW:Lnet/minecraft/world/item/Item;
        72: invokespecial #340                // Method net/minecraft/world/item/ItemStack."<init>":(Lnet/minecraft/world/level/ItemLike;)V
        75: invokevirtual #1015               // Method net/minecraft/world/entity/player/Inventory.add:(Lnet/minecraft/world/item/ItemStack;)Z
        78: pop
        79: return

  public static void handleKnockback(net.neoforged.neoforge.event.entity.living.LivingKnockBackEvent);
    Code:
         0: aload_0
         1: invokevirtual #1020               // Method net/neoforged/neoforge/event/entity/living/LivingKnockBackEvent.getEntity:()Lnet/minecraft/world/entity/LivingEntity;
         4: astore_2
         5: aload_2
         6: instanceof    #77                 // class net/minecraft/server/level/ServerPlayer
         9: ifeq          39
        12: aload_2
        13: checkcast     #77                 // class net/minecraft/server/level/ServerPlayer
        16: astore_1
        17: aload_1
        18: invokevirtual #76                 // Method net/minecraft/server/level/ServerPlayer.getUUID:()Ljava/util/UUID;
        21: invokestatic  #601                // Method kr/moonseungjun/villageguardians/VillageCouncilState.roleOf:(Ljava/util/UUID;)Ljava/util/Optional;
        24: aconst_null
        25: invokevirtual #605                // Method java/util/Optional.orElse:(Ljava/lang/Object;)Ljava/lang/Object;
        28: getstatic     #610                // Field kr/moonseungjun/villageguardians/VillageRole.WARDEN:Lkr/moonseungjun/villageguardians/VillageRole;
        31: if_acmpne     39
        34: aload_0
        35: iconst_1
        36: invokevirtual #1023               // Method net/neoforged/neoforge/event/entity/living/LivingKnockBackEvent.setCanceled:(Z)V
        39: return

  public static java.lang.String activeSkillHud(net.minecraft.server.level.ServerPlayer);
    Code:
         0: aload_0
         1: ifnonnull     8
         4: ldc_w         #1024               // String
         7: areturn
         8: aload_0
         9: invokevirtual #508                // Method net/minecraft/server/level/ServerPlayer.level:()Lnet/minecraft/server/level/ServerLevel;
        12: invokevirtual #70                 // Method net/minecraft/server/level/ServerLevel.getGameTime:()J
        15: lstore_1
        16: new           #982                // class java/util/ArrayList
        19: dup
        20: invokespecial #984                // Method java/util/ArrayList."<init>":()V
        23: astore_3
        24: aload_3
        25: ldc_w         #1026               // String §b신속 삼연사
        28: getstatic     #18                 // Field RAPID_UNTIL:Ljava/util/Map;
        31: aload_0
        32: invokevirtual #76                 // Method net/minecraft/server/level/ServerPlayer.getUUID:()Ljava/util/UUID;
        35: lconst_0
        36: invokestatic  #125                // Method java/lang/Long.valueOf:(J)Ljava/lang/Long;
        39: invokeinterface #517,  3          // InterfaceMethod java/util/Map.getOrDefault:(Ljava/lang/Object;Ljava/lang/Object;)Ljava/lang/Object;
        44: checkcast     #126                // class java/lang/Long
        47: invokevirtual #520                // Method java/lang/Long.longValue:()J
        50: lload_1
        51: invokestatic  #1028               // Method appendTimed:(Ljava/util/List;Ljava/lang/String;JJ)V
        54: getstatic     #21                 // Field RICOCHET_UNTIL:Ljava/util/Map;
        57: aload_0
        58: invokevirtual #76                 // Method net/minecraft/server/level/ServerPlayer.getUUID:()Ljava/util/UUID;
        61: lconst_0
        62: invokestatic  #125                // Method java/lang/Long.valueOf:(J)Ljava/lang/Long;
        65: invokeinterface #517,  3          // InterfaceMethod java/util/Map.getOrDefault:(Ljava/lang/Object;Ljava/lang/Object;)Ljava/lang/Object;
        70: checkcast     #126                // class java/lang/Long
        73: invokevirtual #520                // Method java/lang/Long.longValue:()J
        76: lload_1
        77: lcmp
        78: iflt          91
        81: aload_3
        82: ldc_w         #1032               // String §e추적 도탄 §f다음 화살
        85: invokeinterface #233,  2          // InterfaceMethod java/util/List.add:(Ljava/lang/Object;)Z
        90: pop
        91: getstatic     #27                 // Field MEGA_ARROW_READY:Ljava/util/Map;
        94: aload_0
        95: invokevirtual #76                 // Method net/minecraft/server/level/ServerPlayer.getUUID:()Ljava/util/UUID;
        98: invokeinterface #557,  2          // InterfaceMethod java/util/Map.get:(Ljava/lang/Object;)Ljava/lang/Object;
       103: checkcast     #317                // class kr/moonseungjun/villageguardians/VillageRoleAbilitySystem$EmpoweredArrowState
       106: astore        4
       108: aload         4
       110: ifnull        133
       113: aload         4
       115: invokevirtual #910                // Method kr/moonseungjun/villageguardians/VillageRoleAbilitySystem$EmpoweredArrowState.until:()J
       118: lload_1
       119: lcmp
       120: iflt          133
       123: aload_3
       124: ldc_w         #1034               // String §a성멸 대궁 §f다음 화살
       127: invokeinterface #233,  2          // InterfaceMethod java/util/List.add:(Ljava/lang/Object;)Z
       132: pop
       133: aload_3
       134: ldc_w         #1036               // String §9거대 방패 태세
       137: getstatic     #30                 // Field FORTRESS_UNTIL:Ljava/util/Map;
       140: aload_0
       141: invokevirtual #76                 // Method net/minecraft/server/level/ServerPlayer.getUUID:()Ljava/util/UUID;
       144: lconst_0
       145: invokestatic  #125                // Method java/lang/Long.valueOf:(J)Ljava/lang/Long;
       148: invokeinterface #517,  3          // InterfaceMethod java/util/Map.getOrDefault:(Ljava/lang/Object;Ljava/lang/Object;)Ljava/lang/Object;
       153: checkcast     #126                // class java/lang/Long
       156: invokevirtual #520                // Method java/lang/Long.longValue:()J
       159: lload_1
       160: invokestatic  #1028               // Method appendTimed:(Ljava/util/List;Ljava/lang/String;JJ)V
       163: aload_3
       164: ldc_w         #1038               // String §3대수호 진군
       167: getstatic     #33                 // Field AEGIS_UNTIL:Ljava/util/Map;
       170: aload_0
       171: invokevirtual #76                 // Method net/minecraft/server/level/ServerPlayer.getUUID:()Ljava/util/UUID;
       174: lconst_0
       175: invokestatic  #125                // Method java/lang/Long.valueOf:(J)Ljava/lang/Long;
       178: invokeinterface #517,  3          // InterfaceMethod java/util/Map.getOrDefault:(Ljava/lang/Object;Ljava/lang/Object;)Ljava/lang/Object;
       183: checkcast     #126                // class java/lang/Long
       186: invokevirtual #520                // Method java/lang/Long.longValue:()J
       189: lload_1
       190: invokestatic  #1028               // Method appendTimed:(Ljava/util/List;Ljava/lang/String;JJ)V
       193: ldc_w         #1040               // String  §8·
       196: aload_3
       197: invokestatic  #1042               // Method java/lang/String.join:(Ljava/lang/CharSequence;Ljava/lang/Iterable;)Ljava/lang/String;
       200: areturn

  private static void appendTimed(java.util.List<java.lang.String>, java.lang.String, long, long);
    Code:
         0: lload_2
         1: lload         4
         3: lcmp
         4: ifge          8
         7: return
         8: aload_0
         9: aload_1
        10: getstatic     #1048               // Field java/util/Locale.ROOT:Ljava/util/Locale;
        13: ldc_w         #1054               // String %.1f초
        16: iconst_1
        17: anewarray     #2                  // class java/lang/Object
        20: dup
        21: iconst_0
        22: lload_2
        23: lload         4
        25: lsub
        26: l2d
        27: ldc2_w        #1056               // double 20.0d
        30: ddiv
        31: invokestatic  #1058               // Method java/lang/Double.valueOf:(D)Ljava/lang/Double;
        34: aastore
        35: invokestatic  #1063               // Method java/lang/String.format:(Ljava/util/Locale;Ljava/lang/String;[Ljava/lang/Object;)Ljava/lang/String;
        38: invokedynamic #1067,  0           // InvokeDynamic #9:makeConcatWithConstants:(Ljava/lang/String;Ljava/lang/String;)Ljava/lang/String;
        43: invokeinterface #233,  2          // InterfaceMethod java/util/List.add:(Ljava/lang/Object;)Z
        48: pop
        49: return

  public static boolean isRapidFire(net.minecraft.server.level.ServerPlayer);
    Code:
         0: aload_0
         1: ifnull        41
         4: getstatic     #18                 // Field RAPID_UNTIL:Ljava/util/Map;
         7: aload_0
         8: invokevirtual #76                 // Method net/minecraft/server/level/ServerPlayer.getUUID:()Ljava/util/UUID;
        11: lconst_0
        12: invokestatic  #125                // Method java/lang/Long.valueOf:(J)Ljava/lang/Long;
        15: invokeinterface #517,  3          // InterfaceMethod java/util/Map.getOrDefault:(Ljava/lang/Object;Ljava/lang/Object;)Ljava/lang/Object;
        20: checkcast     #126                // class java/lang/Long
        23: invokevirtual #520                // Method java/lang/Long.longValue:()J
        26: aload_0
        27: invokevirtual #508                // Method net/minecraft/server/level/ServerPlayer.level:()Lnet/minecraft/server/level/ServerLevel;
        30: invokevirtual #70                 // Method net/minecraft/server/level/ServerLevel.getGameTime:()J
        33: lcmp
        34: iflt          41
        37: iconst_1
        38: goto          42
        41: iconst_0
        42: ireturn

  public static boolean isFortress(net.minecraft.server.level.ServerPlayer);
    Code:
         0: aload_0
         1: ifnull        41
         4: getstatic     #30                 // Field FORTRESS_UNTIL:Ljava/util/Map;
         7: aload_0
         8: invokevirtual #76                 // Method net/minecraft/server/level/ServerPlayer.getUUID:()Ljava/util/UUID;
        11: lconst_0
        12: invokestatic  #125                // Method java/lang/Long.valueOf:(J)Ljava/lang/Long;
        15: invokeinterface #517,  3          // InterfaceMethod java/util/Map.getOrDefault:(Ljava/lang/Object;Ljava/lang/Object;)Ljava/lang/Object;
        20: checkcast     #126                // class java/lang/Long
        23: invokevirtual #520                // Method java/lang/Long.longValue:()J
        26: aload_0
        27: invokevirtual #508                // Method net/minecraft/server/level/ServerPlayer.level:()Lnet/minecraft/server/level/ServerLevel;
        30: invokevirtual #70                 // Method net/minecraft/server/level/ServerLevel.getGameTime:()J
        33: lcmp
        34: iflt          41
        37: iconst_1
        38: goto          42
        41: iconst_0
        42: ireturn

  private static void bladeWave(net.minecraft.server.level.ServerLevel, net.minecraft.server.level.ServerPlayer, float, int);
    Code:
         0: aload_1
         1: getstatic     #174                // Field net/minecraft/world/InteractionHand.MAIN_HAND:Lnet/minecraft/world/InteractionHand;
         4: iconst_1
         5: invokevirtual #180                // Method net/minecraft/server/level/ServerPlayer.swing:(Lnet/minecraft/world/InteractionHand;Z)V
         8: aload_1
         9: invokestatic  #98                 // Method horizontalLook:(Lnet/minecraft/server/level/ServerPlayer;)Lnet/minecraft/world/phys/Vec3;
        12: astore        4
        14: aload_0
        15: aload_1
        16: aload         4
        18: invokestatic  #1071               // Method kr/moonseungjun/villageguardians/VillageSkillEffectSystem.bladeWave:(Lnet/minecraft/server/level/ServerLevel;Lnet/minecraft/server/level/ServerPlayer;Lnet/minecraft/world/phys/Vec3;)V
        21: aload_0
        22: aload_1
        23: getstatic     #1074               // Field kr/moonseungjun/villageguardians/VillageRoleAbilitySystem$MovingKind.BLADE:Lkr/moonseungjun/villageguardians/VillageRoleAbilitySystem$MovingKind;
        26: getstatic     #1077               // Field net/minecraft/world/item/ItemStack.EMPTY:Lnet/minecraft/world/item/ItemStack;
        29: ldc2_w        #1081               // double 1.75d
        32: bipush        24
        34: ldc_w         #1083               // float 5.4f
        37: aload_1
        38: invokevirtual #76                 // Method net/minecraft/server/level/ServerPlayer.getUUID:()Ljava/util/UUID;
        41: invokestatic  #82                 // Method kr/moonseungjun/villageguardians/VillageCouncilState.levelOf:(Ljava/util/UUID;)I
        44: i2f
        45: ldc_w         #465                // float 0.3f
        48: fmul
        49: fadd
        50: fload_2
        51: fmul
        52: ldc2_w        #1084               // double 1.45d
        55: iload_3
        56: aload_1
        57: invokevirtual #1086               // Method net/minecraft/server/level/ServerPlayer.getEyePosition:()Lnet/minecraft/world/phys/Vec3;
        60: aload         4
        62: ldc2_w        #1089               // double 1.25d
        65: invokevirtual #247                // Method net/minecraft/world/phys/Vec3.scale:(D)Lnet/minecraft/world/phys/Vec3;
        68: invokevirtual #374                // Method net/minecraft/world/phys/Vec3.add:(Lnet/minecraft/world/phys/Vec3;)Lnet/minecraft/world/phys/Vec3;
        71: aload         4
        73: invokestatic  #1091               // Method launchMovingAt:(Lnet/minecraft/server/level/ServerLevel;Lnet/minecraft/server/level/ServerPlayer;Lkr/moonseungjun/villageguardians/VillageRoleAbilitySystem$MovingKind;Lnet/minecraft/world/item/ItemStack;DIFDILnet/minecraft/world/phys/Vec3;Lnet/minecraft/world/phys/Vec3;)V
        76: aload_0
        77: aload_1
        78: invokevirtual #158                // Method net/minecraft/server/level/ServerPlayer.position:()Lnet/minecraft/world/phys/Vec3;
        81: getstatic     #162                // Field net/minecraft/sounds/SoundEvents.PLAYER_ATTACK_SWEEP:Lnet/minecraft/sounds/SoundEvent;
        84: fconst_1
        85: ldc_w         #739                // float 0.78f
        88: aload_1
        89: invokevirtual #455                // Method net/minecraft/server/level/ServerPlayer.getRandom:()Lnet/minecraft/util/RandomSource;
        92: invokeinterface #459,  1          // InterfaceMethod net/minecraft/util/RandomSource.nextFloat:()F
        97: ldc_w         #1095               // float 0.18f
       100: fmul
       101: fadd
       102: invokestatic  #170                // Method play:(Lnet/minecraft/server/level/ServerLevel;Lnet/minecraft/world/phys/Vec3;Lnet/minecraft/sounds/SoundEvent;FF)V
       105: return

  private static void groundSlam(net.minecraft.server.level.ServerLevel, net.minecraft.server.level.ServerPlayer, float, int);
    Code:
         0: aload_1
         1: getstatic     #174                // Field net/minecraft/world/InteractionHand.MAIN_HAND:Lnet/minecraft/world/InteractionHand;
         4: iconst_1
         5: invokevirtual #180                // Method net/minecraft/server/level/ServerPlayer.swing:(Lnet/minecraft/world/InteractionHand;Z)V
         8: aload_0
         9: aload_1
        10: aload_1
        11: invokevirtual #158                // Method net/minecraft/server/level/ServerPlayer.position:()Lnet/minecraft/world/phys/Vec3;
        14: ldc2_w        #296                // double 8.5d
        17: bipush        32
        19: ldc_w         #1096               // float 14.0f
        22: aload_1
        23: invokevirtual #76                 // Method net/minecraft/server/level/ServerPlayer.getUUID:()Ljava/util/UUID;
        26: invokestatic  #82                 // Method kr/moonseungjun/villageguardians/VillageCouncilState.levelOf:(Ljava/util/UUID;)I
        29: i2f
        30: ldc           #169                // float 0.72f
        32: fmul
        33: fadd
        34: fload_2
        35: fmul
        36: iconst_0
        37: ldc2_w        #253                // double 1.05d
        40: ldc2_w        #580                // double 0.38d
        43: invokestatic  #543                // Method damageRadius:(Lnet/minecraft/server/level/ServerLevel;Lnet/minecraft/server/level/ServerPlayer;Lnet/minecraft/world/phys/Vec3;DIFZDD)V
        46: aload_0
        47: aload_1
        48: invokestatic  #1097               // Method kr/moonseungjun/villageguardians/VillageSkillEffectSystem.slamImpact:(Lnet/minecraft/server/level/ServerLevel;Lnet/minecraft/server/level/ServerPlayer;)V
        51: aload_0
        52: aload_1
        53: invokevirtual #158                // Method net/minecraft/server/level/ServerPlayer.position:()Lnet/minecraft/world/phys/Vec3;
        56: getstatic     #840                // Field net/minecraft/sounds/SoundEvents.GENERIC_EXPLODE:Lnet/minecraft/core/Holder$Reference;
        59: invokevirtual #384                // Method net/minecraft/core/Holder$Reference.value:()Ljava/lang/Object;
        62: checkcast     #278                // class net/minecraft/sounds/SoundEvent
        65: ldc_w         #1101               // float 1.5f
        68: ldc_w         #442                // float 0.55f
        71: invokestatic  #170                // Method play:(Lnet/minecraft/server/level/ServerLevel;Lnet/minecraft/world/phys/Vec3;Lnet/minecraft/sounds/SoundEvent;FF)V
        74: aload_0
        75: aload_1
        76: invokevirtual #158                // Method net/minecraft/server/level/ServerPlayer.position:()Lnet/minecraft/world/phys/Vec3;
        79: getstatic     #1102               // Field net/minecraft/sounds/SoundEvents.ANVIL_LAND:Lnet/minecraft/sounds/SoundEvent;
        82: ldc_w         #371                // float 1.1f
        85: ldc_w         #325                // float 0.62f
        88: invokestatic  #170                // Method play:(Lnet/minecraft/server/level/ServerLevel;Lnet/minecraft/world/phys/Vec3;Lnet/minecraft/sounds/SoundEvent;FF)V
        91: return

  private static void arrowRain(net.minecraft.server.level.ServerLevel, net.minecraft.server.level.ServerPlayer, net.minecraft.world.phys.Vec3, float, int);
    Code:
         0: aload_0
         1: aload_1
         2: aload_2
         3: invokestatic  #1105               // Method kr/moonseungjun/villageguardians/VillageSkillEffectSystem.arrowRainImpact:(Lnet/minecraft/server/level/ServerLevel;Lnet/minecraft/server/level/ServerPlayer;Lnet/minecraft/world/phys/Vec3;)V
         6: ldc_w         #1108               // float 3.3f
         9: aload_1
        10: invokevirtual #76                 // Method net/minecraft/server/level/ServerPlayer.getUUID:()Ljava/util/UUID;
        13: invokestatic  #82                 // Method kr/moonseungjun/villageguardians/VillageCouncilState.levelOf:(Ljava/util/UUID;)I
        16: i2f
        17: ldc_w         #1095               // float 0.18f
        20: fmul
        21: fadd
        22: fload_3
        23: fmul
        24: fstore        5
        26: aload_0
        27: aload_1
        28: aload_2
        29: ldc2_w        #296                // double 8.5d
        32: bipush        40
        34: invokestatic  #682                // Method targetsNear:(Lnet/minecraft/server/level/ServerLevel;Lnet/minecraft/server/level/ServerPlayer;Lnet/minecraft/world/phys/Vec3;DI)Ljava/util/List;
        37: invokeinterface #199,  1          // InterfaceMethod java/util/List.iterator:()Ljava/util/Iterator;
        42: astore        6
        44: aload         6
        46: invokeinterface #203,  1          // InterfaceMethod java/util/Iterator.hasNext:()Z
        51: ifeq          98
        54: aload         6
        56: invokeinterface #209,  1          // InterfaceMethod java/util/Iterator.next:()Ljava/lang/Object;
        61: checkcast     #686                // class net/minecraft/world/entity/Mob
        64: astore        7
        66: aload_0
        67: aload         7
        69: fload         5
        71: invokestatic  #696                // Method hurt:(Lnet/minecraft/server/level/ServerLevel;Lnet/minecraft/world/entity/Mob;F)V
        74: iload         4
        76: iconst_3
        77: if_icmplt     95
        80: aload         7
        82: aload         7
        84: invokevirtual #829                // Method net/minecraft/world/entity/Mob.getRemainingFireTicks:()I
        87: bipush        40
        89: invokestatic  #94                 // Method java/lang/Math.max:(II)I
        92: invokevirtual #833                // Method net/minecraft/world/entity/Mob.setRemainingFireTicks:(I)V
        95: goto          44
        98: iconst_0
        99: istore        6
       101: iload         6
       103: bipush        7
       105: if_icmpge     153
       108: aload_0
       109: aload_2
       110: ldc2_w        #1109               // double 8.2d
       113: invokestatic  #742                // Method randomPointInCircle:(Lnet/minecraft/server/level/ServerLevel;Lnet/minecraft/world/phys/Vec3;D)Lnet/minecraft/world/phys/Vec3;
       116: dconst_0
       117: ldc2_w        #193                // double 11.0d
       120: aload_0
       121: invokevirtual #1111               // Method net/minecraft/server/level/ServerLevel.getRandom:()Lnet/minecraft/util/RandomSource;
       124: invokeinterface #1112,  1         // InterfaceMethod net/minecraft/util/RandomSource.nextDouble:()D
       129: ldc2_w        #372                // double 3.0d
       132: dmul
       133: dadd
       134: dconst_0
       135: invokevirtual #255                // Method net/minecraft/world/phys/Vec3.add:(DDD)Lnet/minecraft/world/phys/Vec3;
       138: astore        7
       140: aload_0
       141: aload_1
       142: aload         7
       144: invokestatic  #1115               // Method spawnFallingArrow:(Lnet/minecraft/server/level/ServerLevel;Lnet/minecraft/server/level/ServerPlayer;Lnet/minecraft/world/phys/Vec3;)V
       147: iinc          6, 1
       150: goto          101
       153: aload_0
       154: aload_2
       155: getstatic     #1118               // Field net/minecraft/sounds/SoundEvents.ARROW_SHOOT:Lnet/minecraft/sounds/SoundEvent;
       158: ldc_w         #268                // float 0.8f
       161: ldc_w         #1121               // float 1.45f
       164: invokestatic  #170                // Method play:(Lnet/minecraft/server/level/ServerLevel;Lnet/minecraft/world/phys/Vec3;Lnet/minecraft/sounds/SoundEvent;FF)V
       167: return

  private static void launchEnergyArrow(net.minecraft.server.level.ServerLevel, net.minecraft.server.level.ServerPlayer, float, int);
    Code:
         0: aload_1
         1: invokevirtual #1122               // Method net/minecraft/server/level/ServerPlayer.stopUsingItem:()V
         4: aload_1
         5: getstatic     #174                // Field net/minecraft/world/InteractionHand.MAIN_HAND:Lnet/minecraft/world/InteractionHand;
         8: iconst_1
         9: invokevirtual #180                // Method net/minecraft/server/level/ServerPlayer.swing:(Lnet/minecraft/world/InteractionHand;Z)V
        12: aload_1
        13: invokestatic  #102                // Method lookDirection:(Lnet/minecraft/server/level/ServerPlayer;)Lnet/minecraft/world/phys/Vec3;
        16: astore        4
        18: aload_1
        19: invokevirtual #1086               // Method net/minecraft/server/level/ServerPlayer.getEyePosition:()Lnet/minecraft/world/phys/Vec3;
        22: aload         4
        24: ldc2_w        #1125               // double 2.8d
        27: invokevirtual #247                // Method net/minecraft/world/phys/Vec3.scale:(D)Lnet/minecraft/world/phys/Vec3;
        30: invokevirtual #374                // Method net/minecraft/world/phys/Vec3.add:(Lnet/minecraft/world/phys/Vec3;)Lnet/minecraft/world/phys/Vec3;
        33: astore        5
        35: aload_0
        36: aload_1
        37: aload         5
        39: aload         4
        41: invokestatic  #1127               // Method kr/moonseungjun/villageguardians/VillageSkillEffectSystem.energyArrow:(Lnet/minecraft/server/level/ServerLevel;Lnet/minecraft/server/level/ServerPlayer;Lnet/minecraft/world/phys/Vec3;Lnet/minecraft/world/phys/Vec3;)V
        44: ldc_w         #1130               // float 31.0f
        47: aload_1
        48: invokevirtual #76                 // Method net/minecraft/server/level/ServerPlayer.getUUID:()Ljava/util/UUID;
        51: invokestatic  #82                 // Method kr/moonseungjun/villageguardians/VillageCouncilState.levelOf:(Ljava/util/UUID;)I
        54: i2f
        55: ldc_w         #269                // float 1.35f
        58: fmul
        59: fadd
        60: fload_2
        61: fmul
        62: fstore        6
        64: aload_0
        65: aload_1
        66: getstatic     #1131               // Field kr/moonseungjun/villageguardians/VillageRoleAbilitySystem$MovingKind.ENERGY_ARROW:Lkr/moonseungjun/villageguardians/VillageRoleAbilitySystem$MovingKind;
        69: new           #332                // class net/minecraft/world/item/ItemStack
        72: dup
        73: getstatic     #1134               // Field net/minecraft/world/item/Items.SPECTRAL_ARROW:Lnet/minecraft/world/item/Item;
        76: invokespecial #340                // Method net/minecraft/world/item/ItemStack."<init>":(Lnet/minecraft/world/level/ItemLike;)V
        79: ldc2_w        #1137               // double 2.65d
        82: bipush        55
        84: fload         6
        86: ldc2_w        #1139               // double 5.0d
        89: iload_3
        90: aload         5
        92: aload         4
        94: invokestatic  #1091               // Method launchMovingAt:(Lnet/minecraft/server/level/ServerLevel;Lnet/minecraft/server/level/ServerPlayer;Lkr/moonseungjun/villageguardians/VillageRoleAbilitySystem$MovingKind;Lnet/minecraft/world/item/ItemStack;DIFDILnet/minecraft/world/phys/Vec3;Lnet/minecraft/world/phys/Vec3;)V
        97: aload_0
        98: aload_1
        99: invokevirtual #158                // Method net/minecraft/server/level/ServerPlayer.position:()Lnet/minecraft/world/phys/Vec3;
       102: getstatic     #1141               // Field net/minecraft/sounds/SoundEvents.ENDER_DRAGON_SHOOT:Lnet/minecraft/sounds/SoundEvent;
       105: ldc_w         #1121               // float 1.45f
       108: ldc_w         #739                // float 0.78f
       111: invokestatic  #170                // Method play:(Lnet/minecraft/server/level/ServerLevel;Lnet/minecraft/world/phys/Vec3;Lnet/minecraft/sounds/SoundEvent;FF)V
       114: return

  private static void shieldCharge(net.minecraft.server.level.ServerLevel, net.minecraft.server.level.ServerPlayer, float, int);
    Code:
         0: aload_1
         1: getstatic     #1144               // Field net/minecraft/world/InteractionHand.OFF_HAND:Lnet/minecraft/world/InteractionHand;
         4: iconst_1
         5: invokevirtual #180                // Method net/minecraft/server/level/ServerPlayer.swing:(Lnet/minecraft/world/InteractionHand;Z)V
         8: aload_0
         9: aload_1
        10: aload_1
        11: invokestatic  #98                 // Method horizontalLook:(Lnet/minecraft/server/level/ServerPlayer;)Lnet/minecraft/world/phys/Vec3;
        14: invokestatic  #1147               // Method kr/moonseungjun/villageguardians/VillageSkillEffectSystem.shieldCharge:(Lnet/minecraft/server/level/ServerLevel;Lnet/minecraft/server/level/ServerPlayer;Lnet/minecraft/world/phys/Vec3;)V
        17: iconst_0
        18: istore        4
        20: iload         4
        22: iconst_5
        23: if_icmpge     140
        26: aload_1
        27: invokevirtual #158                // Method net/minecraft/server/level/ServerPlayer.position:()Lnet/minecraft/world/phys/Vec3;
        30: aload_1
        31: invokestatic  #98                 // Method horizontalLook:(Lnet/minecraft/server/level/ServerPlayer;)Lnet/minecraft/world/phys/Vec3;
        34: dconst_1
        35: iload         4
        37: i2d
        38: ldc2_w        #1149               // double 1.2d
        41: dmul
        42: dadd
        43: invokevirtual #247                // Method net/minecraft/world/phys/Vec3.scale:(D)Lnet/minecraft/world/phys/Vec3;
        46: invokevirtual #374                // Method net/minecraft/world/phys/Vec3.add:(Lnet/minecraft/world/phys/Vec3;)Lnet/minecraft/world/phys/Vec3;
        49: astore        5
        51: aload_0
        52: aload_1
        53: aload         5
        55: ldc2_w        #1151               // double 2.3d
        58: bipush        12
        60: invokestatic  #682                // Method targetsNear:(Lnet/minecraft/server/level/ServerLevel;Lnet/minecraft/server/level/ServerPlayer;Lnet/minecraft/world/phys/Vec3;DI)Ljava/util/List;
        63: invokeinterface #199,  1          // InterfaceMethod java/util/List.iterator:()Ljava/util/Iterator;
        68: astore        6
        70: aload         6
        72: invokeinterface #203,  1          // InterfaceMethod java/util/Iterator.hasNext:()Z
        77: ifeq          134
        80: aload         6
        82: invokeinterface #209,  1          // InterfaceMethod java/util/Iterator.next:()Ljava/lang/Object;
        87: checkcast     #686                // class net/minecraft/world/entity/Mob
        90: astore        7
        92: aload_0
        93: aload         7
        95: ldc_w         #1153               // float 5.5f
        98: aload_1
        99: invokevirtual #76                 // Method net/minecraft/server/level/ServerPlayer.getUUID:()Ljava/util/UUID;
       102: invokestatic  #82                 // Method kr/moonseungjun/villageguardians/VillageCouncilState.levelOf:(Ljava/util/UUID;)I
       105: i2f
       106: ldc_w         #465                // float 0.3f
       109: fmul
       110: fadd
       111: fload_2
       112: fmul
       113: invokestatic  #696                // Method hurt:(Lnet/minecraft/server/level/ServerLevel;Lnet/minecraft/world/entity/Mob;F)V
       116: aload_1
       117: invokevirtual #158                // Method net/minecraft/server/level/ServerPlayer.position:()Lnet/minecraft/world/phys/Vec3;
       120: aload         7
       122: ldc2_w        #1154               // double 1.15d
       125: ldc2_w        #1156               // double 0.12d
       128: invokestatic  #852                // Method knockFrom:(Lnet/minecraft/world/phys/Vec3;Lnet/minecraft/world/entity/Mob;DD)V
       131: goto          70
       134: iinc          4, 1
       137: goto          20
       140: aload_0
       141: aload_1
       142: invokevirtual #158                // Method net/minecraft/server/level/ServerPlayer.position:()Lnet/minecraft/world/phys/Vec3;
       145: getstatic     #438                // Field net/minecraft/sounds/SoundEvents.SHIELD_BLOCK:Lnet/minecraft/core/Holder$Reference;
       148: invokevirtual #384                // Method net/minecraft/core/Holder$Reference.value:()Ljava/lang/Object;
       151: checkcast     #278                // class net/minecraft/sounds/SoundEvent
       154: ldc_w         #393                // float 1.15f
       157: ldc_w         #994                // float 0.82f
       160: invokestatic  #170                // Method play:(Lnet/minecraft/server/level/ServerLevel;Lnet/minecraft/world/phys/Vec3;Lnet/minecraft/sounds/SoundEvent;FF)V
       163: return

  private static void tauntShout(net.minecraft.server.level.ServerLevel, net.minecraft.server.level.ServerPlayer, float, int, int);
    Code:
         0: aload_1
         1: getstatic     #1144               // Field net/minecraft/world/InteractionHand.OFF_HAND:Lnet/minecraft/world/InteractionHand;
         4: iconst_1
         5: invokevirtual #180                // Method net/minecraft/server/level/ServerPlayer.swing:(Lnet/minecraft/world/InteractionHand;Z)V
         8: aload_0
         9: aload_1
        10: aload_1
        11: invokevirtual #158                // Method net/minecraft/server/level/ServerPlayer.position:()Lnet/minecraft/world/phys/Vec3;
        14: ldc2_w        #1056               // double 20.0d
        17: bipush        60
        19: invokestatic  #682                // Method targetsNear:(Lnet/minecraft/server/level/ServerLevel;Lnet/minecraft/server/level/ServerPlayer;Lnet/minecraft/world/phys/Vec3;DI)Ljava/util/List;
        22: invokeinterface #199,  1          // InterfaceMethod java/util/List.iterator:()Ljava/util/Iterator;
        27: astore        5
        29: aload         5
        31: invokeinterface #203,  1          // InterfaceMethod java/util/Iterator.hasNext:()Z
        36: ifeq          93
        39: aload         5
        41: invokeinterface #209,  1          // InterfaceMethod java/util/Iterator.next:()Ljava/lang/Object;
        46: checkcast     #686                // class net/minecraft/world/entity/Mob
        49: astore        6
        51: aload_0
        52: aload         6
        54: fload_2
        55: invokestatic  #696                // Method hurt:(Lnet/minecraft/server/level/ServerLevel;Lnet/minecraft/world/entity/Mob;F)V
        58: aload         6
        60: aload_1
        61: invokevirtual #1158               // Method net/minecraft/world/entity/Mob.setTarget:(Lnet/minecraft/world/entity/LivingEntity;)V
        64: aload         6
        66: new           #143                // class net/minecraft/world/effect/MobEffectInstance
        69: dup
        70: getstatic     #1162               // Field net/minecraft/world/effect/MobEffects.WEAKNESS:Lnet/minecraft/core/Holder;
        73: bipush        100
        75: iload_3
        76: invokestatic  #187                // Method java/lang/Math.min:(II)I
        79: iconst_1
        80: iconst_0
        81: iconst_0
        82: iconst_1
        83: invokespecial #151                // Method net/minecraft/world/effect/MobEffectInstance."<init>":(Lnet/minecraft/core/Holder;IIZZZ)V
        86: invokevirtual #691                // Method net/minecraft/world/entity/Mob.addEffect:(Lnet/minecraft/world/effect/MobEffectInstance;)Z
        89: pop
        90: goto          29
        93: aload_1
        94: new           #143                // class net/minecraft/world/effect/MobEffectInstance
        97: dup
        98: getstatic     #145                // Field net/minecraft/world/effect/MobEffects.RESISTANCE:Lnet/minecraft/core/Holder;
       101: bipush        100
       103: iload_3
       104: invokestatic  #187                // Method java/lang/Math.min:(II)I
       107: iconst_1
       108: iconst_0
       109: iconst_0
       110: iconst_1
       111: invokespecial #151                // Method net/minecraft/world/effect/MobEffectInstance."<init>":(Lnet/minecraft/core/Holder;IIZZZ)V
       114: invokevirtual #154                // Method net/minecraft/server/level/ServerPlayer.addEffect:(Lnet/minecraft/world/effect/MobEffectInstance;)Z
       117: pop
       118: aload_0
       119: aload_1
       120: invokevirtual #158                // Method net/minecraft/server/level/ServerPlayer.position:()Lnet/minecraft/world/phys/Vec3;
       123: getstatic     #213                // Field net/minecraft/sounds/SoundEvents.RAVAGER_ROAR:Lnet/minecraft/sounds/SoundEvent;
       126: ldc_w         #371                // float 1.1f
       129: ldc_w         #1165               // float 0.68f
       132: invokestatic  #170                // Method play:(Lnet/minecraft/server/level/ServerLevel;Lnet/minecraft/world/phys/Vec3;Lnet/minecraft/sounds/SoundEvent;FF)V
       135: return

  private static void healLowestAlly(net.minecraft.server.level.ServerPlayer, float, int, boolean);
    Code:
         0: aload_0
         1: ldc2_w        #1166               // double 24.0d
         4: invokestatic  #195                // Method allies:(Lnet/minecraft/server/level/ServerPlayer;D)Ljava/util/List;
         7: invokeinterface #1168,  1         // InterfaceMethod java/util/List.stream:()Ljava/util/stream/Stream;
        12: invokedynamic #1172,  0           // InvokeDynamic #10:applyAsDouble:()Ljava/util/function/ToDoubleFunction;
        17: invokestatic  #970                // InterfaceMethod java/util/Comparator.comparingDouble:(Ljava/util/function/ToDoubleFunction;)Ljava/util/Comparator;
        20: invokeinterface #1175,  2         // InterfaceMethod java/util/stream/Stream.min:(Ljava/util/Comparator;)Ljava/util/Optional;
        25: aload_0
        26: invokevirtual #605                // Method java/util/Optional.orElse:(Ljava/lang/Object;)Ljava/lang/Object;
        29: checkcast     #77                 // class net/minecraft/server/level/ServerPlayer
        32: astore        4
        34: aload         4
        36: fload_1
        37: invokestatic  #770                // Method healScaled:(Lnet/minecraft/server/level/ServerPlayer;F)V
        40: iload_3
        41: ifne          49
        44: iload_2
        45: iconst_2
        46: if_icmplt     77
        49: aload         4
        51: new           #143                // class net/minecraft/world/effect/MobEffectInstance
        54: dup
        55: getstatic     #435                // Field net/minecraft/world/effect/MobEffects.ABSORPTION:Lnet/minecraft/core/Holder;
        58: bipush        120
        60: iconst_1
        61: iconst_3
        62: iload_2
        63: invokestatic  #187                // Method java/lang/Math.min:(II)I
        66: iadd
        67: iconst_0
        68: iconst_0
        69: iconst_1
        70: invokespecial #151                // Method net/minecraft/world/effect/MobEffectInstance."<init>":(Lnet/minecraft/core/Holder;IIZZZ)V
        73: invokevirtual #154                // Method net/minecraft/server/level/ServerPlayer.addEffect:(Lnet/minecraft/world/effect/MobEffectInstance;)Z
        76: pop
        77: aload         4
        79: invokevirtual #508                // Method net/minecraft/server/level/ServerPlayer.level:()Lnet/minecraft/server/level/ServerLevel;
        82: astore        6
        84: aload         6
        86: instanceof    #71                 // class net/minecraft/server/level/ServerLevel
        89: ifeq          121
        92: aload         6
        94: astore        5
        96: aload         5
        98: aload_0
        99: aload         4
       101: invokestatic  #1180               // Method kr/moonseungjun/villageguardians/VillageSkillEffectSystem.healLink:(Lnet/minecraft/server/level/ServerLevel;Lnet/minecraft/server/level/ServerPlayer;Lnet/minecraft/server/level/ServerPlayer;)V
       104: aload         5
       106: aload         4
       108: invokevirtual #158                // Method net/minecraft/server/level/ServerPlayer.position:()Lnet/minecraft/world/phys/Vec3;
       111: getstatic     #777                // Field net/minecraft/sounds/SoundEvents.AMETHYST_BLOCK_CHIME:Lnet/minecraft/sounds/SoundEvent;
       114: fconst_1
       115: ldc_w         #1184               // float 1.28f
       118: invokestatic  #170                // Method play:(Lnet/minecraft/server/level/ServerLevel;Lnet/minecraft/world/phys/Vec3;Lnet/minecraft/sounds/SoundEvent;FF)V
       121: return

  private static void cleanseAllies(net.minecraft.server.level.ServerPlayer, float, int);
    Code:
         0: aload_0
         1: ldc2_w        #1185               // double -1.0d
         4: invokestatic  #195                // Method allies:(Lnet/minecraft/server/level/ServerPlayer;D)Ljava/util/List;
         7: astore_3
         8: aload_3
         9: invokeinterface #199,  1          // InterfaceMethod java/util/List.iterator:()Ljava/util/Iterator;
        14: astore        4
        16: aload         4
        18: invokeinterface #203,  1          // InterfaceMethod java/util/Iterator.hasNext:()Z
        23: ifeq          101
        26: aload         4
        28: invokeinterface #209,  1          // InterfaceMethod java/util/Iterator.next:()Ljava/lang/Object;
        33: checkcast     #77                 // class net/minecraft/server/level/ServerPlayer
        36: astore        5
        38: aload         5
        40: getstatic     #1187               // Field net/minecraft/world/effect/MobEffects.POISON:Lnet/minecraft/core/Holder;
        43: invokevirtual #1190               // Method net/minecraft/server/level/ServerPlayer.removeEffect:(Lnet/minecraft/core/Holder;)Z
        46: pop
        47: aload         5
        49: getstatic     #1194               // Field net/minecraft/world/effect/MobEffects.WITHER:Lnet/minecraft/core/Holder;
        52: invokevirtual #1190               // Method net/minecraft/server/level/ServerPlayer.removeEffect:(Lnet/minecraft/core/Holder;)Z
        55: pop
        56: aload         5
        58: getstatic     #1162               // Field net/minecraft/world/effect/MobEffects.WEAKNESS:Lnet/minecraft/core/Holder;
        61: invokevirtual #1190               // Method net/minecraft/server/level/ServerPlayer.removeEffect:(Lnet/minecraft/core/Holder;)Z
        64: pop
        65: aload         5
        67: getstatic     #688                // Field net/minecraft/world/effect/MobEffects.SLOWNESS:Lnet/minecraft/core/Holder;
        70: invokevirtual #1190               // Method net/minecraft/server/level/ServerPlayer.removeEffect:(Lnet/minecraft/core/Holder;)Z
        73: pop
        74: aload         5
        76: getstatic     #1197               // Field net/minecraft/world/effect/MobEffects.BLINDNESS:Lnet/minecraft/core/Holder;
        79: invokevirtual #1190               // Method net/minecraft/server/level/ServerPlayer.removeEffect:(Lnet/minecraft/core/Holder;)Z
        82: pop
        83: aload         5
        85: getstatic     #1200               // Field net/minecraft/world/effect/MobEffects.HUNGER:Lnet/minecraft/core/Holder;
        88: invokevirtual #1190               // Method net/minecraft/server/level/ServerPlayer.removeEffect:(Lnet/minecraft/core/Holder;)Z
        91: pop
        92: aload         5
        94: fload_1
        95: invokestatic  #770                // Method healScaled:(Lnet/minecraft/server/level/ServerPlayer;F)V
        98: goto          16
       101: aload_0
       102: invokevirtual #508                // Method net/minecraft/server/level/ServerPlayer.level:()Lnet/minecraft/server/level/ServerLevel;
       105: astore        5
       107: aload         5
       109: instanceof    #71                 // class net/minecraft/server/level/ServerLevel
       112: ifeq          142
       115: aload         5
       117: astore        4
       119: aload         4
       121: aload_0
       122: aload_3
       123: invokestatic  #1203               // Method kr/moonseungjun/villageguardians/VillageSkillEffectSystem.cleanse:(Lnet/minecraft/server/level/ServerLevel;Lnet/minecraft/server/level/ServerPlayer;Ljava/util/List;)V
       126: aload         4
       128: aload_0
       129: invokevirtual #158                // Method net/minecraft/server/level/ServerPlayer.position:()Lnet/minecraft/world/phys/Vec3;
       132: getstatic     #411                // Field net/minecraft/sounds/SoundEvents.BEACON_ACTIVATE:Lnet/minecraft/sounds/SoundEvent;
       135: fconst_1
       136: ldc_w         #269                // float 1.35f
       139: invokestatic  #170                // Method play:(Lnet/minecraft/server/level/ServerLevel;Lnet/minecraft/world/phys/Vec3;Lnet/minecraft/sounds/SoundEvent;FF)V
       142: return

  private static void miracle(net.minecraft.server.level.ServerPlayer, float, int, int);
    Code:
         0: aload_0
         1: invokevirtual #508                // Method net/minecraft/server/level/ServerPlayer.level:()Lnet/minecraft/server/level/ServerLevel;
         4: invokevirtual #1207               // Method net/minecraft/server/level/ServerLevel.getServer:()Lnet/minecraft/server/MinecraftServer;
         7: astore        4
         9: aload         4
        11: ifnonnull     15
        14: return
        15: aload         4
        17: invokevirtual #498                // Method net/minecraft/server/MinecraftServer.getPlayerList:()Lnet/minecraft/server/players/PlayerList;
        20: invokevirtual #502                // Method net/minecraft/server/players/PlayerList.getPlayers:()Ljava/util/List;
        23: invokeinterface #1168,  1         // InterfaceMethod java/util/List.stream:()Ljava/util/stream/Stream;
        28: aload_0
        29: invokedynamic #1211,  0           // InvokeDynamic #11:test:(Lnet/minecraft/server/level/ServerPlayer;)Ljava/util/function/Predicate;
        34: invokeinterface #1214,  2         // InterfaceMethod java/util/stream/Stream.filter:(Ljava/util/function/Predicate;)Ljava/util/stream/Stream;
        39: invokeinterface #1218,  1         // InterfaceMethod java/util/stream/Stream.toList:()Ljava/util/List;
        44: astore        5
        46: aload         5
        48: invokeinterface #199,  1          // InterfaceMethod java/util/List.iterator:()Ljava/util/Iterator;
        53: astore        6
        55: aload         6
        57: invokeinterface #203,  1          // InterfaceMethod java/util/Iterator.hasNext:()Z
        62: ifeq          160
        65: aload         6
        67: invokeinterface #209,  1          // InterfaceMethod java/util/Iterator.next:()Ljava/lang/Object;
        72: checkcast     #77                 // class net/minecraft/server/level/ServerPlayer
        75: astore        7
        77: aload         7
        79: invokestatic  #511                // Method kr/moonseungjun/villageguardians/VillageRespawnSystem.isDowned:(Lnet/minecraft/server/level/ServerPlayer;)Z
        82: ifeq          94
        85: aload         7
        87: ldc_w         #1221               // String 기적의 대성역
        90: invokestatic  #1223               // Method kr/moonseungjun/villageguardians/VillageRespawnSystem.reviveNow:(Lnet/minecraft/server/level/ServerPlayer;Ljava/lang/String;)Z
        93: pop
        94: aload         7
        96: fload_1
        97: invokestatic  #770                // Method healScaled:(Lnet/minecraft/server/level/ServerPlayer;F)V
       100: aload         7
       102: iconst_2
       103: iconst_3
       104: iload_2
       105: invokestatic  #187                // Method java/lang/Math.min:(II)I
       108: iadd
       109: invokestatic  #1227               // Method lowHealthAmplifier:(Lnet/minecraft/server/level/ServerPlayer;I)I
       112: istore        8
       114: aload         7
       116: new           #143                // class net/minecraft/world/effect/MobEffectInstance
       119: dup
       120: getstatic     #435                // Field net/minecraft/world/effect/MobEffects.ABSORPTION:Lnet/minecraft/core/Holder;
       123: iload_3
       124: iload         8
       126: iconst_0
       127: iconst_0
       128: iconst_1
       129: invokespecial #151                // Method net/minecraft/world/effect/MobEffectInstance."<init>":(Lnet/minecraft/core/Holder;IIZZZ)V
       132: invokevirtual #154                // Method net/minecraft/server/level/ServerPlayer.addEffect:(Lnet/minecraft/world/effect/MobEffectInstance;)Z
       135: pop
       136: aload         7
       138: new           #143                // class net/minecraft/world/effect/MobEffectInstance
       141: dup
       142: getstatic     #774                // Field net/minecraft/world/effect/MobEffects.REGENERATION:Lnet/minecraft/core/Holder;
       145: iload_3
       146: iconst_1
       147: iconst_0
       148: iconst_0
       149: iconst_1
       150: invokespecial #151                // Method net/minecraft/world/effect/MobEffectInstance."<init>":(Lnet/minecraft/core/Holder;IIZZZ)V
       153: invokevirtual #154                // Method net/minecraft/server/level/ServerPlayer.addEffect:(Lnet/minecraft/world/effect/MobEffectInstance;)Z
       156: pop
       157: goto          55
       160: aload_0
       161: invokevirtual #508                // Method net/minecraft/server/level/ServerPlayer.level:()Lnet/minecraft/server/level/ServerLevel;
       164: astore        7
       166: aload         7
       168: instanceof    #71                 // class net/minecraft/server/level/ServerLevel
       171: ifeq          218
       174: aload         7
       176: astore        6
       178: aload         6
       180: aload_0
       181: aload         5
       183: invokestatic  #1231               // Method kr/moonseungjun/villageguardians/VillageSkillEffectSystem.miracle:(Lnet/minecraft/server/level/ServerLevel;Lnet/minecraft/server/level/ServerPlayer;Ljava/util/List;)V
       186: aload         6
       188: aload_0
       189: invokevirtual #158                // Method net/minecraft/server/level/ServerPlayer.position:()Lnet/minecraft/world/phys/Vec3;
       192: getstatic     #411                // Field net/minecraft/sounds/SoundEvents.BEACON_ACTIVATE:Lnet/minecraft/sounds/SoundEvent;
       195: ldc_w         #441                // float 1.4f
       198: ldc_w         #994                // float 0.82f
       201: invokestatic  #170                // Method play:(Lnet/minecraft/server/level/ServerLevel;Lnet/minecraft/world/phys/Vec3;Lnet/minecraft/sounds/SoundEvent;FF)V
       204: aload         6
       206: aload_0
       207: invokevirtual #158                // Method net/minecraft/server/level/ServerPlayer.position:()Lnet/minecraft/world/phys/Vec3;
       210: getstatic     #1233               // Field net/minecraft/sounds/SoundEvents.TOTEM_USE:Lnet/minecraft/sounds/SoundEvent;
       213: fconst_1
       214: fconst_1
       215: invokestatic  #170                // Method play:(Lnet/minecraft/server/level/ServerLevel;Lnet/minecraft/world/phys/Vec3;Lnet/minecraft/sounds/SoundEvent;FF)V
       218: return

  private static void healScaled(net.minecraft.server.level.ServerPlayer, float);
    Code:
         0: fconst_1
         1: aload_0
         2: invokevirtual #1236               // Method net/minecraft/server/level/ServerPlayer.getHealth:()F
         5: fconst_1
         6: aload_0
         7: invokevirtual #1239               // Method net/minecraft/server/level/ServerPlayer.getMaxHealth:()F
        10: invokestatic  #980                // Method java/lang/Math.max:(FF)F
        13: fdiv
        14: fsub
        15: fstore_2
        16: aload_0
        17: invokevirtual #76                 // Method net/minecraft/server/level/ServerPlayer.getUUID:()Ljava/util/UUID;
        20: invokestatic  #601                // Method kr/moonseungjun/villageguardians/VillageCouncilState.roleOf:(Ljava/util/UUID;)Ljava/util/Optional;
        23: aconst_null
        24: invokevirtual #605                // Method java/util/Optional.orElse:(Ljava/lang/Object;)Ljava/lang/Object;
        27: getstatic     #1242               // Field kr/moonseungjun/villageguardians/VillageRole.LUMINAR:Lkr/moonseungjun/villageguardians/VillageRole;
        30: if_acmpne     37
        33: fconst_1
        34: goto          38
        37: fconst_1
        38: fstore_3
        39: fload_2
        40: ldc_w         #314                // float 0.75f
        43: fcmpl
        44: iflt          56
        47: fload_3
        48: ldc_w         #1245               // float 1.75f
        51: fmul
        52: fstore_3
        53: goto          86
        56: fload_2
        57: ldc_w         #1246               // float 0.5f
        60: fcmpl
        61: iflt          73
        64: fload_3
        65: ldc_w         #1121               // float 1.45f
        68: fmul
        69: fstore_3
        70: goto          86
        73: fload_2
        74: ldc_w         #430                // float 0.25f
        77: fcmpl
        78: iflt          86
        81: fload_3
        82: ldc           #168                // float 1.2f
        84: fmul
        85: fstore_3
        86: aload_0
        87: fload_1
        88: fload_3
        89: fmul
        90: invokevirtual #615                // Method net/minecraft/server/level/ServerPlayer.heal:(F)V
        93: return

  private static int lowHealthAmplifier(net.minecraft.server.level.ServerPlayer, int);
    Code:
         0: aload_0
         1: invokevirtual #1236               // Method net/minecraft/server/level/ServerPlayer.getHealth:()F
         4: fconst_1
         5: aload_0
         6: invokevirtual #1239               // Method net/minecraft/server/level/ServerPlayer.getMaxHealth:()F
         9: invokestatic  #980                // Method java/lang/Math.max:(FF)F
        12: fdiv
        13: fstore_2
        14: fload_2
        15: ldc_w         #430                // float 0.25f
        18: fcmpg
        19: ifgt          26
        22: iload_1
        23: iconst_2
        24: iadd
        25: ireturn
        26: fload_2
        27: ldc_w         #1246               // float 0.5f
        30: fcmpg
        31: ifgt          38
        34: iload_1
        35: iconst_1
        36: iadd
        37: ireturn
        38: iload_1
        39: ireturn

  private static void launchMoving(net.minecraft.server.level.ServerLevel, net.minecraft.server.level.ServerPlayer, kr.moonseungjun.villageguardians.VillageRoleAbilitySystem$MovingKind, net.minecraft.world.item.ItemStack, double, int, float, double, int, net.minecraft.world.phys.Vec3);
    Code:
         0: aload_0
         1: aload_1
         2: aload_2
         3: aload_3
         4: dload         4
         6: iload         6
         8: fload         7
        10: dload         8
        12: iload         10
        14: aload_1
        15: invokevirtual #1086               // Method net/minecraft/server/level/ServerPlayer.getEyePosition:()Lnet/minecraft/world/phys/Vec3;
        18: aload         11
        20: ldc2_w        #1247               // double 0.8d
        23: invokevirtual #247                // Method net/minecraft/world/phys/Vec3.scale:(D)Lnet/minecraft/world/phys/Vec3;
        26: invokevirtual #374                // Method net/minecraft/world/phys/Vec3.add:(Lnet/minecraft/world/phys/Vec3;)Lnet/minecraft/world/phys/Vec3;
        29: aload         11
        31: invokestatic  #1091               // Method launchMovingAt:(Lnet/minecraft/server/level/ServerLevel;Lnet/minecraft/server/level/ServerPlayer;Lkr/moonseungjun/villageguardians/VillageRoleAbilitySystem$MovingKind;Lnet/minecraft/world/item/ItemStack;DIFDILnet/minecraft/world/phys/Vec3;Lnet/minecraft/world/phys/Vec3;)V
        34: return

  private static void launchMovingAt(net.minecraft.server.level.ServerLevel, net.minecraft.server.level.ServerPlayer, kr.moonseungjun.villageguardians.VillageRoleAbilitySystem$MovingKind, net.minecraft.world.item.ItemStack, double, int, float, double, int, net.minecraft.world.phys.Vec3, net.minecraft.world.phys.Vec3);
    Code:
         0: getstatic     #1249               // Field net/minecraft/world/entity/EntityTypes.SNOWBALL:Lnet/minecraft/world/entity/EntityType;
         3: aload_0
         4: getstatic     #1255               // Field net/minecraft/world/entity/EntitySpawnReason.EVENT:Lnet/minecraft/world/entity/EntitySpawnReason;
         7: invokevirtual #1261               // Method net/minecraft/world/entity/EntityType.create:(Lnet/minecraft/world/level/Level;Lnet/minecraft/world/entity/EntitySpawnReason;)Lnet/minecraft/world/entity/Entity;
        10: checkcast     #1267               // class net/minecraft/world/entity/projectile/throwableitemprojectile/Snowball
        13: astore        13
        15: aload         13
        17: ifnonnull     21
        20: return
        21: aload         13
        23: aload_1
        24: invokevirtual #1269               // Method net/minecraft/world/entity/projectile/throwableitemprojectile/Snowball.setOwner:(Lnet/minecraft/world/entity/Entity;)V
        27: aload         13
        29: getstatic     #1077               // Field net/minecraft/world/item/ItemStack.EMPTY:Lnet/minecraft/world/item/ItemStack;
        32: invokevirtual #1273               // Method net/minecraft/world/entity/projectile/throwableitemprojectile/Snowball.setItem:(Lnet/minecraft/world/item/ItemStack;)V
        35: aload         13
        37: iconst_1
        38: invokevirtual #1277               // Method net/minecraft/world/entity/projectile/throwableitemprojectile/Snowball.setInvisible:(Z)V
        41: aload         13
        43: aload         11
        45: getfield      #712                // Field net/minecraft/world/phys/Vec3.x:D
        48: aload         11
        50: getfield      #1280               // Field net/minecraft/world/phys/Vec3.y:D
        53: aload         11
        55: getfield      #716                // Field net/minecraft/world/phys/Vec3.z:D
        58: invokevirtual #1283               // Method net/minecraft/world/entity/projectile/throwableitemprojectile/Snowball.setPos:(DDD)V
        61: aload         13
        63: iconst_1
        64: invokevirtual #1286               // Method net/minecraft/world/entity/projectile/throwableitemprojectile/Snowball.setNoGravity:(Z)V
        67: aload         13
        69: aload         12
        71: invokevirtual #727                // Method net/minecraft/world/phys/Vec3.normalize:()Lnet/minecraft/world/phys/Vec3;
        74: dload         4
        76: invokevirtual #247                // Method net/minecraft/world/phys/Vec3.scale:(D)Lnet/minecraft/world/phys/Vec3;
        79: invokevirtual #1289               // Method net/minecraft/world/entity/projectile/throwableitemprojectile/Snowball.setDeltaMovement:(Lnet/minecraft/world/phys/Vec3;)V
        82: aload_0
        83: aload         13
        85: invokevirtual #1290               // Method net/minecraft/server/level/ServerLevel.addFreshEntity:(Lnet/minecraft/world/entity/Entity;)Z
        88: ifne          92
        91: return
        92: getstatic     #55                 // Field MOVING:Ljava/util/Map;
        95: aload         13
        97: invokevirtual #1293               // Method net/minecraft/world/entity/projectile/throwableitemprojectile/Snowball.getUUID:()Ljava/util/UUID;
       100: new           #792                // class kr/moonseungjun/villageguardians/VillageRoleAbilitySystem$MovingSkill
       103: dup
       104: aload_1
       105: invokevirtual #76                 // Method net/minecraft/server/level/ServerPlayer.getUUID:()Ljava/util/UUID;
       108: aload_2
       109: iload         6
       111: fload         7
       113: dload         8
       115: iload         10
       117: aload         11
       119: invokespecial #1294               // Method kr/moonseungjun/villageguardians/VillageRoleAbilitySystem$MovingSkill."<init>":(Ljava/util/UUID;Lkr/moonseungjun/villageguardians/VillageRoleAbilitySystem$MovingKind;IFDILnet/minecraft/world/phys/Vec3;)V
       122: invokeinterface #131,  3          // InterfaceMethod java/util/Map.put:(Ljava/lang/Object;Ljava/lang/Object;)Ljava/lang/Object;
       127: pop
       128: return

  private static void spawnFallingArrow(net.minecraft.server.level.ServerLevel, net.minecraft.server.level.ServerPlayer, net.minecraft.world.phys.Vec3);
    Code:
         0: new           #1297               // class net/minecraft/world/entity/projectile/arrow/Arrow
         3: dup
         4: aload_0
         5: aload_1
         6: new           #332                // class net/minecraft/world/item/ItemStack
         9: dup
        10: getstatic     #1012               // Field net/minecraft/world/item/Items.ARROW:Lnet/minecraft/world/item/Item;
        13: invokespecial #340                // Method net/minecraft/world/item/ItemStack."<init>":(Lnet/minecraft/world/level/ItemLike;)V
        16: aload_1
        17: invokevirtual #1299               // Method net/minecraft/server/level/ServerPlayer.getMainHandItem:()Lnet/minecraft/world/item/ItemStack;
        20: invokespecial #1303               // Method net/minecraft/world/entity/projectile/arrow/Arrow."<init>":(Lnet/minecraft/world/level/Level;Lnet/minecraft/world/entity/LivingEntity;Lnet/minecraft/world/item/ItemStack;Lnet/minecraft/world/item/ItemStack;)V
        23: astore_3
        24: aload_3
        25: aload_2
        26: getfield      #712                // Field net/minecraft/world/phys/Vec3.x:D
        29: aload_2
        30: getfield      #1280               // Field net/minecraft/world/phys/Vec3.y:D
        33: aload_2
        34: getfield      #716                // Field net/minecraft/world/phys/Vec3.z:D
        37: invokevirtual #1306               // Method net/minecraft/world/entity/projectile/arrow/Arrow.setPos:(DDD)V
        40: aload_3
        41: dconst_0
        42: ldc2_w        #1307               // double -2.4d
        45: dconst_0
        46: invokevirtual #1309               // Method net/minecraft/world/entity/projectile/arrow/Arrow.setDeltaMovement:(DDD)V
        49: aload_3
        50: iconst_1
        51: invokevirtual #1311               // Method net/minecraft/world/entity/projectile/arrow/Arrow.setInvisible:(Z)V
        54: aload_3
        55: getstatic     #1312               // Field net/minecraft/world/entity/projectile/arrow/AbstractArrow$Pickup.DISALLOWED:Lnet/minecraft/world/entity/projectile/arrow/AbstractArrow$Pickup;
        58: putfield      #1318               // Field net/minecraft/world/entity/projectile/arrow/Arrow.pickup:Lnet/minecraft/world/entity/projectile/arrow/AbstractArrow$Pickup;
        61: iconst_1
        62: putstatic     #63                 // Field spawningGeneratedArrow:Z
        65: aload_0
        66: aload_3
        67: invokevirtual #1290               // Method net/minecraft/server/level/ServerLevel.addFreshEntity:(Lnet/minecraft/world/entity/Entity;)Z
        70: pop
        71: iconst_0
        72: putstatic     #63                 // Field spawningGeneratedArrow:Z
        75: goto          87
        78: astore        4
        80: iconst_0
        81: putstatic     #63                 // Field spawningGeneratedArrow:Z
        84: aload         4
        86: athrow
        87: return
      Exception table:
         from    to  target type
            65    71    78   any
            78    80    78   any

  private static void spawnSideArrow(net.minecraft.server.level.ServerLevel, net.minecraft.server.level.ServerPlayer, net.minecraft.world.entity.projectile.arrow.AbstractArrow, double);
    Code:
         0: new           #1297               // class net/minecraft/world/entity/projectile/arrow/Arrow
         3: dup
         4: aload_0
         5: aload_1
         6: new           #332                // class net/minecraft/world/item/ItemStack
         9: dup
        10: getstatic     #1012               // Field net/minecraft/world/item/Items.ARROW:Lnet/minecraft/world/item/Item;
        13: invokespecial #340                // Method net/minecraft/world/item/ItemStack."<init>":(Lnet/minecraft/world/level/ItemLike;)V
        16: aload_1
        17: invokevirtual #1299               // Method net/minecraft/server/level/ServerPlayer.getMainHandItem:()Lnet/minecraft/world/item/ItemStack;
        20: invokespecial #1303               // Method net/minecraft/world/entity/projectile/arrow/Arrow."<init>":(Lnet/minecraft/world/level/Level;Lnet/minecraft/world/entity/LivingEntity;Lnet/minecraft/world/item/ItemStack;Lnet/minecraft/world/item/ItemStack;)V
        23: astore        5
        25: aload         5
        27: aload_2
        28: invokevirtual #1321               // Method net/minecraft/world/entity/projectile/arrow/AbstractArrow.getX:()D
        31: aload_2
        32: invokevirtual #1324               // Method net/minecraft/world/entity/projectile/arrow/AbstractArrow.getY:()D
        35: aload_2
        36: invokevirtual #1327               // Method net/minecraft/world/entity/projectile/arrow/AbstractArrow.getZ:()D
        39: invokevirtual #1306               // Method net/minecraft/world/entity/projectile/arrow/Arrow.setPos:(DDD)V
        42: aload_2
        43: invokevirtual #1330               // Method net/minecraft/world/entity/projectile/arrow/AbstractArrow.getDeltaMovement:()Lnet/minecraft/world/phys/Vec3;
        46: dload_3
        47: invokestatic  #1333               // Method java/lang/Math.toRadians:(D)D
        50: invokestatic  #1337               // Method rotateY:(Lnet/minecraft/world/phys/Vec3;D)Lnet/minecraft/world/phys/Vec3;
        53: astore        6
        55: aload         5
        57: aload         6
        59: invokevirtual #1341               // Method net/minecraft/world/entity/projectile/arrow/Arrow.setDeltaMovement:(Lnet/minecraft/world/phys/Vec3;)V
        62: aload         5
        64: ldc2_w        #1342               // double 2.0d
        67: invokevirtual #1344               // Method net/minecraft/world/entity/projectile/arrow/Arrow.setBaseDamage:(D)V
        70: aload         5
        72: getstatic     #1312               // Field net/minecraft/world/entity/projectile/arrow/AbstractArrow$Pickup.DISALLOWED:Lnet/minecraft/world/entity/projectile/arrow/AbstractArrow$Pickup;
        75: putfield      #1318               // Field net/minecraft/world/entity/projectile/arrow/Arrow.pickup:Lnet/minecraft/world/entity/projectile/arrow/AbstractArrow$Pickup;
        78: iconst_1
        79: putstatic     #63                 // Field spawningGeneratedArrow:Z
        82: aload_0
        83: aload         5
        85: invokevirtual #1290               // Method net/minecraft/server/level/ServerLevel.addFreshEntity:(Lnet/minecraft/world/entity/Entity;)Z
        88: pop
        89: iconst_0
        90: putstatic     #63                 // Field spawningGeneratedArrow:Z
        93: goto          105
        96: astore        7
        98: iconst_0
        99: putstatic     #63                 // Field spawningGeneratedArrow:Z
       102: aload         7
       104: athrow
       105: return
      Exception table:
         from    to  target type
            82    89    96   any
            96    98    96   any

  private static void aimAssist(net.minecraft.server.level.ServerLevel, net.minecraft.server.level.ServerPlayer, net.minecraft.world.entity.projectile.arrow.AbstractArrow, double);
    Code:
         0: aload_2
         1: invokevirtual #1330               // Method net/minecraft/world/entity/projectile/arrow/AbstractArrow.getDeltaMovement:()Lnet/minecraft/world/phys/Vec3;
         4: astore        5
         6: aload         5
         8: invokevirtual #1348               // Method net/minecraft/world/phys/Vec3.length:()D
        11: dstore        6
        13: dload         6
        15: ldc2_w        #1351               // double 0.1d
        18: dcmpg
        19: ifge          23
        22: return
        23: aload         5
        25: invokevirtual #727                // Method net/minecraft/world/phys/Vec3.normalize:()Lnet/minecraft/world/phys/Vec3;
        28: astore        8
        30: aload_0
        31: aload_1
        32: aload_1
        33: invokevirtual #158                // Method net/minecraft/server/level/ServerPlayer.position:()Lnet/minecraft/world/phys/Vec3;
        36: ldc2_w        #1353               // double 44.0d
        39: bipush        48
        41: invokestatic  #682                // Method targetsNear:(Lnet/minecraft/server/level/ServerLevel;Lnet/minecraft/server/level/ServerPlayer;Lnet/minecraft/world/phys/Vec3;DI)Ljava/util/List;
        44: invokeinterface #1168,  1         // InterfaceMethod java/util/List.stream:()Ljava/util/stream/Stream;
        49: aload_2
        50: aload         8
        52: invokedynamic #1355,  0           // InvokeDynamic #12:test:(Lnet/minecraft/world/entity/projectile/arrow/AbstractArrow;Lnet/minecraft/world/phys/Vec3;)Ljava/util/function/Predicate;
        57: invokeinterface #1214,  2         // InterfaceMethod java/util/stream/Stream.filter:(Ljava/util/function/Predicate;)Ljava/util/stream/Stream;
        62: aload_0
        63: aload_1
        64: invokedynamic #1358,  0           // InvokeDynamic #13:applyAsDouble:(Lnet/minecraft/server/level/ServerLevel;Lnet/minecraft/server/level/ServerPlayer;)Ljava/util/function/ToDoubleFunction;
        69: invokestatic  #970                // InterfaceMethod java/util/Comparator.comparingDouble:(Ljava/util/function/ToDoubleFunction;)Ljava/util/Comparator;
        72: invokeinterface #1175,  2         // InterfaceMethod java/util/stream/Stream.min:(Ljava/util/Comparator;)Ljava/util/Optional;
        77: aconst_null
        78: invokevirtual #605                // Method java/util/Optional.orElse:(Ljava/lang/Object;)Ljava/lang/Object;
        81: checkcast     #686                // class net/minecraft/world/entity/Mob
        84: astore        9
        86: aload         9
        88: ifnonnull     92
        91: return
        92: aload         9
        94: invokevirtual #1361               // Method net/minecraft/world/entity/Mob.getEyePosition:()Lnet/minecraft/world/phys/Vec3;
        97: aload_2
        98: invokevirtual #1362               // Method net/minecraft/world/entity/projectile/arrow/AbstractArrow.position:()Lnet/minecraft/world/phys/Vec3;
       101: invokevirtual #709                // Method net/minecraft/world/phys/Vec3.subtract:(Lnet/minecraft/world/phys/Vec3;)Lnet/minecraft/world/phys/Vec3;
       104: invokevirtual #727                // Method net/minecraft/world/phys/Vec3.normalize:()Lnet/minecraft/world/phys/Vec3;
       107: astore        10
       109: dconst_0
       110: ldc2_w        #1363               // double 0.82d
       113: dload_3
       114: invokestatic  #1365               // Method java/lang/Math.min:(DD)D
       117: invokestatic  #1368               // Method java/lang/Math.max:(DD)D
       120: dstore        11
       122: aload         8
       124: dconst_1
       125: dload         11
       127: dsub
       128: invokevirtual #247                // Method net/minecraft/world/phys/Vec3.scale:(D)Lnet/minecraft/world/phys/Vec3;
       131: aload         10
       133: dload         11
       135: invokevirtual #247                // Method net/minecraft/world/phys/Vec3.scale:(D)Lnet/minecraft/world/phys/Vec3;
       138: invokevirtual #374                // Method net/minecraft/world/phys/Vec3.add:(Lnet/minecraft/world/phys/Vec3;)Lnet/minecraft/world/phys/Vec3;
       141: invokevirtual #727                // Method net/minecraft/world/phys/Vec3.normalize:()Lnet/minecraft/world/phys/Vec3;
       144: astore        13
       146: aload_2
       147: aload         13
       149: dload         6
       151: invokevirtual #247                // Method net/minecraft/world/phys/Vec3.scale:(D)Lnet/minecraft/world/phys/Vec3;
       154: invokevirtual #1370               // Method net/minecraft/world/entity/projectile/arrow/AbstractArrow.setDeltaMovement:(Lnet/minecraft/world/phys/Vec3;)V
       157: aload_2
       158: iconst_1
       159: putfield      #1371               // Field net/minecraft/world/entity/projectile/arrow/AbstractArrow.hurtMarked:Z
       162: return

  private static java.util.List<net.minecraft.world.entity.Mob> targetsNear(net.minecraft.server.level.ServerLevel, net.minecraft.server.level.ServerPlayer, net.minecraft.world.phys.Vec3, double, int);
    Code:
         0: aload_1
         1: invokestatic  #1372               // Method kr/moonseungjun/villageguardians/VillageSkillTestSystem.isEnabled:(Lnet/minecraft/server/level/ServerPlayer;)Z
         4: ifeq          28
         7: aload_0
         8: aload_1
         9: ldc2_w        #1375               // double 40.0d
        12: dload_3
        13: ldc2_w        #929                // double 8.0d
        16: dadd
        17: invokestatic  #1368               // Method java/lang/Math.max:(DD)D
        20: bipush        64
        22: invokestatic  #1377               // Method kr/moonseungjun/villageguardians/VillageSkillTestSystem.targetsNear:(Lnet/minecraft/server/level/ServerLevel;Lnet/minecraft/server/level/ServerPlayer;DI)Ljava/util/List;
        25: goto          41
        28: aload_0
        29: aload_2
        30: dload_3
        31: iload         5
        33: iconst_1
        34: invokestatic  #94                 // Method java/lang/Math.max:(II)I
        37: aconst_null
        38: invokestatic  #1380               // Method kr/moonseungjun/villageguardians/VillageRaidSystem.activeEnemiesNear:(Lnet/minecraft/server/level/ServerLevel;Lnet/minecraft/world/phys/Vec3;DILjava/util/UUID;)Ljava/util/List;
        41: astore        6
        43: dload_3
        44: dload_3
        45: dmul
        46: dstore        7
        48: aload         6
        50: invokeinterface #1168,  1         // InterfaceMethod java/util/List.stream:()Ljava/util/stream/Stream;
        55: invokedynamic #1386,  0           // InvokeDynamic #14:test:()Ljava/util/function/Predicate;
        60: invokeinterface #1214,  2         // InterfaceMethod java/util/stream/Stream.filter:(Ljava/util/function/Predicate;)Ljava/util/stream/Stream;
        65: aload_2
        66: dload         7
        68: invokedynamic #1389,  0           // InvokeDynamic #15:test:(Lnet/minecraft/world/phys/Vec3;D)Ljava/util/function/Predicate;
        73: invokeinterface #1214,  2         // InterfaceMethod java/util/stream/Stream.filter:(Ljava/util/function/Predicate;)Ljava/util/stream/Stream;
        78: aload_2
        79: invokedynamic #1392,  0           // InvokeDynamic #16:applyAsDouble:(Lnet/minecraft/world/phys/Vec3;)Ljava/util/function/ToDoubleFunction;
        84: invokestatic  #970                // InterfaceMethod java/util/Comparator.comparingDouble:(Ljava/util/function/ToDoubleFunction;)Ljava/util/Comparator;
        87: invokeinterface #1395,  2         // InterfaceMethod java/util/stream/Stream.sorted:(Ljava/util/Comparator;)Ljava/util/stream/Stream;
        92: invokeinterface #1218,  1         // InterfaceMethod java/util/stream/Stream.toList:()Ljava/util/List;
        97: astore        9
        99: aload         9
       101: invokeinterface #749,  1          // InterfaceMethod java/util/List.size:()I
       106: iload         5
       108: if_icmpgt     123
       111: new           #982                // class java/util/ArrayList
       114: dup
       115: aload         9
       117: invokespecial #1399               // Method java/util/ArrayList."<init>":(Ljava/util/Collection;)V
       120: goto          140
       123: new           #982                // class java/util/ArrayList
       126: dup
       127: aload         9
       129: iconst_0
       130: iload         5
       132: invokeinterface #1402,  3         // InterfaceMethod java/util/List.subList:(II)Ljava/util/List;
       137: invokespecial #1399               // Method java/util/ArrayList."<init>":(Ljava/util/Collection;)V
       140: areturn

  private static void damageRadius(net.minecraft.server.level.ServerLevel, net.minecraft.server.level.ServerPlayer, net.minecraft.world.phys.Vec3, double, int, float, boolean, double, double);
    Code:
         0: aload_0
         1: aload_1
         2: aload_2
         3: dload_3
         4: iload         5
         6: invokestatic  #682                // Method targetsNear:(Lnet/minecraft/server/level/ServerLevel;Lnet/minecraft/server/level/ServerPlayer;Lnet/minecraft/world/phys/Vec3;DI)Ljava/util/List;
         9: invokeinterface #199,  1          // InterfaceMethod java/util/List.iterator:()Ljava/util/Iterator;
        14: astore        12
        16: aload         12
        18: invokeinterface #203,  1          // InterfaceMethod java/util/Iterator.hasNext:()Z
        23: ifeq          93
        26: aload         12
        28: invokeinterface #209,  1          // InterfaceMethod java/util/Iterator.next:()Ljava/lang/Object;
        33: checkcast     #686                // class net/minecraft/world/entity/Mob
        36: astore        13
        38: aload_0
        39: aload         13
        41: fload         6
        43: invokestatic  #696                // Method hurt:(Lnet/minecraft/server/level/ServerLevel;Lnet/minecraft/world/entity/Mob;F)V
        46: iload         7
        48: ifeq          66
        51: aload         13
        53: aload         13
        55: invokevirtual #829                // Method net/minecraft/world/entity/Mob.getRemainingFireTicks:()I
        58: bipush        80
        60: invokestatic  #94                 // Method java/lang/Math.max:(II)I
        63: invokevirtual #833                // Method net/minecraft/world/entity/Mob.setRemainingFireTicks:(I)V
        66: dload         8
        68: dconst_0
        69: dcmpl
        70: ifgt          80
        73: dload         10
        75: dconst_0
        76: dcmpl
        77: ifle          90
        80: aload_2
        81: aload         13
        83: dload         8
        85: dload         10
        87: invokestatic  #852                // Method knockFrom:(Lnet/minecraft/world/phys/Vec3;Lnet/minecraft/world/entity/Mob;DD)V
        90: goto          16
        93: return

  private static void pushFront(net.minecraft.server.level.ServerLevel, net.minecraft.server.level.ServerPlayer, double, int, double, double, float);
    Code:
         0: aload_1
         1: invokestatic  #98                 // Method horizontalLook:(Lnet/minecraft/server/level/ServerPlayer;)Lnet/minecraft/world/phys/Vec3;
         4: astore        10
         6: aload_0
         7: aload_1
         8: aload_1
         9: invokevirtual #158                // Method net/minecraft/server/level/ServerPlayer.position:()Lnet/minecraft/world/phys/Vec3;
        12: dload_2
        13: ldc2_w        #1342               // double 2.0d
        16: dadd
        17: iload         4
        19: invokestatic  #682                // Method targetsNear:(Lnet/minecraft/server/level/ServerLevel;Lnet/minecraft/server/level/ServerPlayer;Lnet/minecraft/world/phys/Vec3;DI)Ljava/util/List;
        22: invokeinterface #199,  1          // InterfaceMethod java/util/List.iterator:()Ljava/util/Iterator;
        27: astore        11
        29: aload         11
        31: invokeinterface #203,  1          // InterfaceMethod java/util/Iterator.hasNext:()Z
        36: ifeq          144
        39: aload         11
        41: invokeinterface #209,  1          // InterfaceMethod java/util/Iterator.next:()Ljava/lang/Object;
        46: checkcast     #686                // class net/minecraft/world/entity/Mob
        49: astore        12
        51: aload         12
        53: invokevirtual #708                // Method net/minecraft/world/entity/Mob.position:()Lnet/minecraft/world/phys/Vec3;
        56: aload_1
        57: invokevirtual #158                // Method net/minecraft/server/level/ServerPlayer.position:()Lnet/minecraft/world/phys/Vec3;
        60: invokevirtual #709                // Method net/minecraft/world/phys/Vec3.subtract:(Lnet/minecraft/world/phys/Vec3;)Lnet/minecraft/world/phys/Vec3;
        63: astore        13
        65: aload         13
        67: invokevirtual #722                // Method net/minecraft/world/phys/Vec3.lengthSqr:()D
        70: ldc2_w        #725                // double 0.01d
        73: dcmpg
        74: iflt          29
        77: aload         13
        79: invokevirtual #727                // Method net/minecraft/world/phys/Vec3.normalize:()Lnet/minecraft/world/phys/Vec3;
        82: aload         10
        84: invokevirtual #1406               // Method net/minecraft/world/phys/Vec3.dot:(Lnet/minecraft/world/phys/Vec3;)D
        87: ldc2_w        #730                // double 0.2d
        90: dcmpg
        91: ifge          97
        94: goto          29
        97: fload         9
        99: fconst_0
       100: fcmpl
       101: ifle          112
       104: aload_0
       105: aload         12
       107: fload         9
       109: invokestatic  #696                // Method hurt:(Lnet/minecraft/server/level/ServerLevel;Lnet/minecraft/world/entity/Mob;F)V
       112: aload         12
       114: aload         10
       116: getfield      #712                // Field net/minecraft/world/phys/Vec3.x:D
       119: dload         5
       121: dmul
       122: dload         7
       124: aload         10
       126: getfield      #716                // Field net/minecraft/world/phys/Vec3.z:D
       129: dload         5
       131: dmul
       132: invokevirtual #732                // Method net/minecraft/world/entity/Mob.push:(DDD)V
       135: aload         12
       137: iconst_1
       138: putfield      #735                // Field net/minecraft/world/entity/Mob.hurtMarked:Z
       141: goto          29
       144: return

  private static void knockFrom(net.minecraft.world.phys.Vec3, net.minecraft.world.entity.Mob, double, double);
    Code:
         0: aload_1
         1: invokevirtual #708                // Method net/minecraft/world/entity/Mob.position:()Lnet/minecraft/world/phys/Vec3;
         4: aload_0
         5: invokevirtual #709                // Method net/minecraft/world/phys/Vec3.subtract:(Lnet/minecraft/world/phys/Vec3;)Lnet/minecraft/world/phys/Vec3;
         8: astore        6
        10: new           #248                // class net/minecraft/world/phys/Vec3
        13: dup
        14: aload         6
        16: getfield      #712                // Field net/minecraft/world/phys/Vec3.x:D
        19: dconst_0
        20: aload         6
        22: getfield      #716                // Field net/minecraft/world/phys/Vec3.z:D
        25: invokespecial #719                // Method net/minecraft/world/phys/Vec3."<init>":(DDD)V
        28: astore        7
        30: aload         7
        32: invokevirtual #722                // Method net/minecraft/world/phys/Vec3.lengthSqr:()D
        35: ldc2_w        #1410               // double 0.001d
        38: dcmpg
        39: ifge          54
        42: new           #248                // class net/minecraft/world/phys/Vec3
        45: dup
        46: dconst_0
        47: dconst_0
        48: dconst_1
        49: invokespecial #719                // Method net/minecraft/world/phys/Vec3."<init>":(DDD)V
        52: astore        7
        54: aload         7
        56: invokevirtual #727                // Method net/minecraft/world/phys/Vec3.normalize:()Lnet/minecraft/world/phys/Vec3;
        59: dload_2
        60: invokevirtual #247                // Method net/minecraft/world/phys/Vec3.scale:(D)Lnet/minecraft/world/phys/Vec3;
        63: astore        7
        65: aload_1
        66: aload         7
        68: getfield      #712                // Field net/minecraft/world/phys/Vec3.x:D
        71: dload         4
        73: aload         7
        75: getfield      #716                // Field net/minecraft/world/phys/Vec3.z:D
        78: invokevirtual #732                // Method net/minecraft/world/entity/Mob.push:(DDD)V
        81: aload_1
        82: iconst_1
        83: putfield      #735                // Field net/minecraft/world/entity/Mob.hurtMarked:Z
        86: return

  private static void hurt(net.minecraft.server.level.ServerLevel, net.minecraft.world.entity.Mob, float);
    Code:
         0: aload_1
         1: aload_0
         2: aload_0
         3: invokevirtual #1412               // Method net/minecraft/server/level/ServerLevel.damageSources:()Lnet/minecraft/world/damagesource/DamageSources;
         6: invokevirtual #1416               // Method net/minecraft/world/damagesource/DamageSources.magic:()Lnet/minecraft/world/damagesource/DamageSource;
         9: ldc_w         #1421               // float 0.1f
        12: fload_2
        13: invokestatic  #980                // Method java/lang/Math.max:(FF)F
        16: invokevirtual #1422               // Method net/minecraft/world/entity/Mob.hurtServer:(Lnet/minecraft/server/level/ServerLevel;Lnet/minecraft/world/damagesource/DamageSource;F)Z
        19: pop
        20: return

  private static java.util.List<net.minecraft.server.level.ServerPlayer> allies(net.minecraft.server.level.ServerPlayer, double);
    Code:
         0: aload_0
         1: invokevirtual #508                // Method net/minecraft/server/level/ServerPlayer.level:()Lnet/minecraft/server/level/ServerLevel;
         4: invokevirtual #1207               // Method net/minecraft/server/level/ServerLevel.getServer:()Lnet/minecraft/server/MinecraftServer;
         7: astore_3
         8: aload_3
         9: ifnonnull     17
        12: aload_0
        13: invokestatic  #1426               // InterfaceMethod java/util/List.of:(Ljava/lang/Object;)Ljava/util/List;
        16: areturn
        17: dload_1
        18: dconst_0
        19: dcmpg
        20: ifge          29
        23: ldc2_w        #1430               // double 1.7976931348623157E308d
        26: goto          32
        29: dload_1
        30: dload_1
        31: dmul
        32: dstore        4
        34: aload_3
        35: invokevirtual #498                // Method net/minecraft/server/MinecraftServer.getPlayerList:()Lnet/minecraft/server/players/PlayerList;
        38: invokevirtual #502                // Method net/minecraft/server/players/PlayerList.getPlayers:()Ljava/util/List;
        41: invokeinterface #1168,  1         // InterfaceMethod java/util/List.stream:()Ljava/util/stream/Stream;
        46: aload_0
        47: invokedynamic #1432,  0           // InvokeDynamic #17:test:(Lnet/minecraft/server/level/ServerPlayer;)Ljava/util/function/Predicate;
        52: invokeinterface #1214,  2         // InterfaceMethod java/util/stream/Stream.filter:(Ljava/util/function/Predicate;)Ljava/util/stream/Stream;
        57: aload_0
        58: dload         4
        60: invokedynamic #1433,  0           // InvokeDynamic #18:test:(Lnet/minecraft/server/level/ServerPlayer;D)Ljava/util/function/Predicate;
        65: invokeinterface #1214,  2         // InterfaceMethod java/util/stream/Stream.filter:(Ljava/util/function/Predicate;)Ljava/util/stream/Stream;
        70: invokeinterface #1218,  1         // InterfaceMethod java/util/stream/Stream.toList:()Ljava/util/List;
        75: areturn

  private static java.util.List<net.minecraft.server.level.ServerPlayer> alliesAt(net.minecraft.server.level.ServerPlayer, net.minecraft.world.phys.Vec3, double);
    Code:
         0: aload_0
         1: invokevirtual #508                // Method net/minecraft/server/level/ServerPlayer.level:()Lnet/minecraft/server/level/ServerLevel;
         4: invokevirtual #1207               // Method net/minecraft/server/level/ServerLevel.getServer:()Lnet/minecraft/server/MinecraftServer;
         7: astore        4
         9: aload         4
        11: ifnonnull     19
        14: aload_0
        15: invokestatic  #1426               // InterfaceMethod java/util/List.of:(Ljava/lang/Object;)Ljava/util/List;
        18: areturn
        19: dload_2
        20: dload_2
        21: dmul
        22: dstore        5
        24: aload         4
        26: invokevirtual #498                // Method net/minecraft/server/MinecraftServer.getPlayerList:()Lnet/minecraft/server/players/PlayerList;
        29: invokevirtual #502                // Method net/minecraft/server/players/PlayerList.getPlayers:()Ljava/util/List;
        32: invokeinterface #1168,  1         // InterfaceMethod java/util/List.stream:()Ljava/util/stream/Stream;
        37: aload_0
        38: invokedynamic #1436,  0           // InvokeDynamic #19:test:(Lnet/minecraft/server/level/ServerPlayer;)Ljava/util/function/Predicate;
        43: invokeinterface #1214,  2         // InterfaceMethod java/util/stream/Stream.filter:(Ljava/util/function/Predicate;)Ljava/util/stream/Stream;
        48: aload_1
        49: dload         5
        51: invokedynamic #1437,  0           // InvokeDynamic #20:test:(Lnet/minecraft/world/phys/Vec3;D)Ljava/util/function/Predicate;
        56: invokeinterface #1214,  2         // InterfaceMethod java/util/stream/Stream.filter:(Ljava/util/function/Predicate;)Ljava/util/stream/Stream;
        61: invokeinterface #1218,  1         // InterfaceMethod java/util/stream/Stream.toList:()Ljava/util/List;
        66: areturn

  private static net.minecraft.world.phys.Vec3 aimedGround(net.minecraft.server.level.ServerLevel, net.minecraft.server.level.ServerPlayer, double);
    Code:
         0: aload_0
         1: aload_1
         2: dload_2
         3: invokestatic  #550                // Method aimPoint:(Lnet/minecraft/server/level/ServerLevel;Lnet/minecraft/server/level/ServerPlayer;D)Lnet/minecraft/world/phys/Vec3;
         6: astore        4
         8: new           #248                // class net/minecraft/world/phys/Vec3
        11: dup
        12: aload         4
        14: getfield      #712                // Field net/minecraft/world/phys/Vec3.x:D
        17: aload_1
        18: invokevirtual #1438               // Method net/minecraft/server/level/ServerPlayer.getY:()D
        21: aload         4
        23: getfield      #716                // Field net/minecraft/world/phys/Vec3.z:D
        26: invokespecial #719                // Method net/minecraft/world/phys/Vec3."<init>":(DDD)V
        29: areturn

  private static net.minecraft.world.phys.Vec3 aimPoint(net.minecraft.server.level.ServerLevel, net.minecraft.server.level.ServerPlayer, double);
    Code:
         0: aload_1
         1: invokevirtual #1086               // Method net/minecraft/server/level/ServerPlayer.getEyePosition:()Lnet/minecraft/world/phys/Vec3;
         4: astore        4
         6: aload         4
         8: aload_1
         9: invokestatic  #102                // Method lookDirection:(Lnet/minecraft/server/level/ServerPlayer;)Lnet/minecraft/world/phys/Vec3;
        12: dload_2
        13: invokevirtual #247                // Method net/minecraft/world/phys/Vec3.scale:(D)Lnet/minecraft/world/phys/Vec3;
        16: invokevirtual #374                // Method net/minecraft/world/phys/Vec3.add:(Lnet/minecraft/world/phys/Vec3;)Lnet/minecraft/world/phys/Vec3;
        19: astore        5
        21: aload_0
        22: new           #1439               // class net/minecraft/world/level/ClipContext
        25: dup
        26: aload         4
        28: aload         5
        30: getstatic     #1441               // Field net/minecraft/world/level/ClipContext$Block.COLLIDER:Lnet/minecraft/world/level/ClipContext$Block;
        33: getstatic     #1447               // Field net/minecraft/world/level/ClipContext$Fluid.NONE:Lnet/minecraft/world/level/ClipContext$Fluid;
        36: aload_1
        37: invokespecial #1453               // Method net/minecraft/world/level/ClipContext."<init>":(Lnet/minecraft/world/phys/Vec3;Lnet/minecraft/world/phys/Vec3;Lnet/minecraft/world/level/ClipContext$Block;Lnet/minecraft/world/level/ClipContext$Fluid;Lnet/minecraft/world/entity/Entity;)V
        40: invokevirtual #1456               // Method net/minecraft/server/level/ServerLevel.clip:(Lnet/minecraft/world/level/ClipContext;)Lnet/minecraft/world/phys/BlockHitResult;
        43: astore        6
        45: aload         6
        47: invokevirtual #1460               // Method net/minecraft/world/phys/BlockHitResult.getType:()Lnet/minecraft/world/phys/HitResult$Type;
        50: getstatic     #1466               // Field net/minecraft/world/phys/HitResult$Type.MISS:Lnet/minecraft/world/phys/HitResult$Type;
        53: if_acmpne     61
        56: aload         5
        58: goto          66
        61: aload         6
        63: invokevirtual #1472               // Method net/minecraft/world/phys/BlockHitResult.getLocation:()Lnet/minecraft/world/phys/Vec3;
        66: areturn

  private static net.minecraft.world.phys.Vec3 lookDirection(net.minecraft.server.level.ServerPlayer);
    Code:
         0: aload_0
         1: invokevirtual #1475               // Method net/minecraft/server/level/ServerPlayer.getLookAngle:()Lnet/minecraft/world/phys/Vec3;
         4: astore_1
         5: aload_1
         6: invokevirtual #722                // Method net/minecraft/world/phys/Vec3.lengthSqr:()D
         9: ldc2_w        #1410               // double 0.001d
        12: dcmpg
        13: ifge          29
        16: new           #248                // class net/minecraft/world/phys/Vec3
        19: dup
        20: dconst_0
        21: dconst_0
        22: dconst_1
        23: invokespecial #719                // Method net/minecraft/world/phys/Vec3."<init>":(DDD)V
        26: goto          33
        29: aload_1
        30: invokevirtual #727                // Method net/minecraft/world/phys/Vec3.normalize:()Lnet/minecraft/world/phys/Vec3;
        33: areturn

  private static net.minecraft.world.phys.Vec3 horizontalLook(net.minecraft.server.level.ServerPlayer);
    Code:
         0: aload_0
         1: invokevirtual #1475               // Method net/minecraft/server/level/ServerPlayer.getLookAngle:()Lnet/minecraft/world/phys/Vec3;
         4: astore_1
         5: new           #248                // class net/minecraft/world/phys/Vec3
         8: dup
         9: aload_1
        10: getfield      #712                // Field net/minecraft/world/phys/Vec3.x:D
        13: dconst_0
        14: aload_1
        15: getfield      #716                // Field net/minecraft/world/phys/Vec3.z:D
        18: invokespecial #719                // Method net/minecraft/world/phys/Vec3."<init>":(DDD)V
        21: astore_2
        22: aload_2
        23: invokevirtual #722                // Method net/minecraft/world/phys/Vec3.lengthSqr:()D
        26: ldc2_w        #1410               // double 0.001d
        29: dcmpg
        30: ifge          46
        33: new           #248                // class net/minecraft/world/phys/Vec3
        36: dup
        37: dconst_0
        38: dconst_0
        39: dconst_1
        40: invokespecial #719                // Method net/minecraft/world/phys/Vec3."<init>":(DDD)V
        43: goto          50
        46: aload_2
        47: invokevirtual #727                // Method net/minecraft/world/phys/Vec3.normalize:()Lnet/minecraft/world/phys/Vec3;
        50: areturn

  private static net.minecraft.world.phys.Vec3 rotateY(net.minecraft.world.phys.Vec3, double);
    Code:
         0: dload_1
         1: invokestatic  #1478               // Method java/lang/Math.cos:(D)D
         4: dstore_3
         5: dload_1
         6: invokestatic  #1481               // Method java/lang/Math.sin:(D)D
         9: dstore        5
        11: new           #248                // class net/minecraft/world/phys/Vec3
        14: dup
        15: aload_0
        16: getfield      #712                // Field net/minecraft/world/phys/Vec3.x:D
        19: dload_3
        20: dmul
        21: aload_0
        22: getfield      #716                // Field net/minecraft/world/phys/Vec3.z:D
        25: dload         5
        27: dmul
        28: dsub
        29: aload_0
        30: getfield      #1280               // Field net/minecraft/world/phys/Vec3.y:D
        33: aload_0
        34: getfield      #712                // Field net/minecraft/world/phys/Vec3.x:D
        37: dload         5
        39: dmul
        40: aload_0
        41: getfield      #716                // Field net/minecraft/world/phys/Vec3.z:D
        44: dload_3
        45: dmul
        46: dadd
        47: invokespecial #719                // Method net/minecraft/world/phys/Vec3."<init>":(DDD)V
        50: areturn

  private static net.minecraft.world.phys.Vec3 randomPointInCircle(net.minecraft.server.level.ServerLevel, net.minecraft.world.phys.Vec3, double);
    Code:
         0: aload_0
         1: invokevirtual #1111               // Method net/minecraft/server/level/ServerLevel.getRandom:()Lnet/minecraft/util/RandomSource;
         4: invokeinterface #1112,  1         // InterfaceMethod net/minecraft/util/RandomSource.nextDouble:()D
         9: ldc2_w        #1484               // double 3.141592653589793d
        12: dmul
        13: ldc2_w        #1342               // double 2.0d
        16: dmul
        17: dstore        4
        19: aload_0
        20: invokevirtual #1111               // Method net/minecraft/server/level/ServerLevel.getRandom:()Lnet/minecraft/util/RandomSource;
        23: invokeinterface #1112,  1         // InterfaceMethod net/minecraft/util/RandomSource.nextDouble:()D
        28: invokestatic  #1486               // Method java/lang/Math.sqrt:(D)D
        31: dload_2
        32: dmul
        33: dstore        6
        35: aload_1
        36: dload         4
        38: invokestatic  #1478               // Method java/lang/Math.cos:(D)D
        41: dload         6
        43: dmul
        44: dconst_0
        45: dload         4
        47: invokestatic  #1481               // Method java/lang/Math.sin:(D)D
        50: dload         6
        52: dmul
        53: invokevirtual #255                // Method net/minecraft/world/phys/Vec3.add:(DDD)Lnet/minecraft/world/phys/Vec3;
        56: areturn

  private static void spawnVisualLightning(net.minecraft.server.level.ServerLevel, net.minecraft.world.phys.Vec3);
    Code:
         0: getstatic     #1489               // Field net/minecraft/world/entity/EntityTypes.LIGHTNING_BOLT:Lnet/minecraft/world/entity/EntityType;
         3: aload_0
         4: getstatic     #1255               // Field net/minecraft/world/entity/EntitySpawnReason.EVENT:Lnet/minecraft/world/entity/EntitySpawnReason;
         7: invokevirtual #1261               // Method net/minecraft/world/entity/EntityType.create:(Lnet/minecraft/world/level/Level;Lnet/minecraft/world/entity/EntitySpawnReason;)Lnet/minecraft/world/entity/Entity;
        10: checkcast     #1492               // class net/minecraft/world/entity/LightningBolt
        13: astore_2
        14: aload_2
        15: ifnonnull     19
        18: return
        19: aload_2
        20: iconst_1
        21: invokevirtual #1494               // Method net/minecraft/world/entity/LightningBolt.setVisualOnly:(Z)V
        24: aload_2
        25: aload_1
        26: getfield      #712                // Field net/minecraft/world/phys/Vec3.x:D
        29: aload_1
        30: getfield      #1280               // Field net/minecraft/world/phys/Vec3.y:D
        33: aload_1
        34: getfield      #716                // Field net/minecraft/world/phys/Vec3.z:D
        37: invokevirtual #1497               // Method net/minecraft/world/entity/LightningBolt.setPos:(DDD)V
        40: aload_0
        41: aload_2
        42: invokevirtual #1290               // Method net/minecraft/server/level/ServerLevel.addFreshEntity:(Lnet/minecraft/world/entity/Entity;)Z
        45: pop
        46: return

  private static void play(net.minecraft.server.level.ServerLevel, net.minecraft.world.phys.Vec3, net.minecraft.sounds.SoundEvent, float, float);
    Code:
         0: aload_0
         1: aconst_null
         2: aload_1
         3: invokestatic  #1498               // Method net/minecraft/core/BlockPos.containing:(Lnet/minecraft/core/Position;)Lnet/minecraft/core/BlockPos;
         6: aload_2
         7: getstatic     #1504               // Field net/minecraft/sounds/SoundSource.PLAYERS:Lnet/minecraft/sounds/SoundSource;
        10: fload_3
        11: fload         4
        13: invokevirtual #1510               // Method net/minecraft/server/level/ServerLevel.playSound:(Lnet/minecraft/world/entity/Entity;Lnet/minecraft/core/BlockPos;Lnet/minecraft/sounds/SoundEvent;Lnet/minecraft/sounds/SoundSource;FF)V
        16: return

  private static boolean lambda$alliesAt$1(net.minecraft.world.phys.Vec3, double, net.minecraft.server.level.ServerPlayer);
    Code:
         0: aload_3
         1: invokevirtual #158                // Method net/minecraft/server/level/ServerPlayer.position:()Lnet/minecraft/world/phys/Vec3;
         4: aload_0
         5: invokevirtual #1514               // Method net/minecraft/world/phys/Vec3.distanceToSqr:(Lnet/minecraft/world/phys/Vec3;)D
         8: dload_1
         9: dcmpg
        10: ifgt          17
        13: iconst_1
        14: goto          18
        17: iconst_0
        18: ireturn

  private static boolean lambda$alliesAt$0(net.minecraft.server.level.ServerPlayer, net.minecraft.server.level.ServerPlayer);
    Code:
         0: aload_1
         1: invokevirtual #508                // Method net/minecraft/server/level/ServerPlayer.level:()Lnet/minecraft/server/level/ServerLevel;
         4: aload_0
         5: invokevirtual #508                // Method net/minecraft/server/level/ServerPlayer.level:()Lnet/minecraft/server/level/ServerLevel;
         8: if_acmpne     15
        11: iconst_1
        12: goto          16
        15: iconst_0
        16: ireturn

  private static boolean lambda$allies$1(net.minecraft.server.level.ServerPlayer, double, net.minecraft.server.level.ServerPlayer);
    Code:
         0: aload_3
         1: aload_0
         2: invokevirtual #1517               // Method net/minecraft/server/level/ServerPlayer.distanceToSqr:(Lnet/minecraft/world/entity/Entity;)D
         5: dload_1
         6: dcmpg
         7: ifgt          14
        10: iconst_1
        11: goto          15
        14: iconst_0
        15: ireturn

  private static boolean lambda$allies$0(net.minecraft.server.level.ServerPlayer, net.minecraft.server.level.ServerPlayer);
    Code:
         0: aload_1
         1: invokevirtual #508                // Method net/minecraft/server/level/ServerPlayer.level:()Lnet/minecraft/server/level/ServerLevel;
         4: aload_0
         5: invokevirtual #508                // Method net/minecraft/server/level/ServerPlayer.level:()Lnet/minecraft/server/level/ServerLevel;
         8: if_acmpne     15
        11: iconst_1
        12: goto          16
        15: iconst_0
        16: ireturn

  private static double lambda$targetsNear$1(net.minecraft.world.phys.Vec3, net.minecraft.world.entity.Mob);
    Code:
         0: aload_1
         1: invokevirtual #708                // Method net/minecraft/world/entity/Mob.position:()Lnet/minecraft/world/phys/Vec3;
         4: aload_0
         5: invokevirtual #1514               // Method net/minecraft/world/phys/Vec3.distanceToSqr:(Lnet/minecraft/world/phys/Vec3;)D
         8: dreturn

  private static boolean lambda$targetsNear$0(net.minecraft.world.phys.Vec3, double, net.minecraft.world.entity.Mob);
    Code:
         0: aload_3
         1: invokevirtual #708                // Method net/minecraft/world/entity/Mob.position:()Lnet/minecraft/world/phys/Vec3;
         4: aload_0
         5: invokevirtual #1514               // Method net/minecraft/world/phys/Vec3.distanceToSqr:(Lnet/minecraft/world/phys/Vec3;)D
         8: dload_1
         9: dcmpg
        10: ifgt          17
        13: iconst_1
        14: goto          18
        17: iconst_0
        18: ireturn

  private static double lambda$aimAssist$1(net.minecraft.server.level.ServerLevel, net.minecraft.server.level.ServerPlayer, net.minecraft.world.entity.Mob);
    Code:
         0: aload_2
         1: invokevirtual #1361               // Method net/minecraft/world/entity/Mob.getEyePosition:()Lnet/minecraft/world/phys/Vec3;
         4: aload_0
         5: aload_1
         6: ldc2_w        #1353               // double 44.0d
         9: invokestatic  #550                // Method aimPoint:(Lnet/minecraft/server/level/ServerLevel;Lnet/minecraft/server/level/ServerPlayer;D)Lnet/minecraft/world/phys/Vec3;
        12: invokevirtual #1514               // Method net/minecraft/world/phys/Vec3.distanceToSqr:(Lnet/minecraft/world/phys/Vec3;)D
        15: dreturn

  private static boolean lambda$aimAssist$0(net.minecraft.world.entity.projectile.arrow.AbstractArrow, net.minecraft.world.phys.Vec3, net.minecraft.world.entity.Mob);
    Code:
         0: aload_2
         1: invokevirtual #1361               // Method net/minecraft/world/entity/Mob.getEyePosition:()Lnet/minecraft/world/phys/Vec3;
         4: aload_0
         5: invokevirtual #1362               // Method net/minecraft/world/entity/projectile/arrow/AbstractArrow.position:()Lnet/minecraft/world/phys/Vec3;
         8: invokevirtual #709                // Method net/minecraft/world/phys/Vec3.subtract:(Lnet/minecraft/world/phys/Vec3;)Lnet/minecraft/world/phys/Vec3;
        11: astore_3
        12: aload_3
        13: invokevirtual #722                // Method net/minecraft/world/phys/Vec3.lengthSqr:()D
        16: ldc2_w        #1351               // double 0.1d
        19: dcmpl
        20: ifle          42
        23: aload_3
        24: invokevirtual #727                // Method net/minecraft/world/phys/Vec3.normalize:()Lnet/minecraft/world/phys/Vec3;
        27: aload_1
        28: invokevirtual #1406               // Method net/minecraft/world/phys/Vec3.dot:(Lnet/minecraft/world/phys/Vec3;)D
        31: ldc2_w        #1520               // double 0.72d
        34: dcmpl
        35: iflt          42
        38: iconst_1
        39: goto          43
        42: iconst_0
        43: ireturn

  private static boolean lambda$miracle$0(net.minecraft.server.level.ServerPlayer, net.minecraft.server.level.ServerPlayer);
    Code:
         0: aload_1
         1: invokevirtual #508                // Method net/minecraft/server/level/ServerPlayer.level:()Lnet/minecraft/server/level/ServerLevel;
         4: aload_0
         5: invokevirtual #508                // Method net/minecraft/server/level/ServerPlayer.level:()Lnet/minecraft/server/level/ServerLevel;
         8: if_acmpne     15
        11: iconst_1
        12: goto          16
        15: iconst_0
        16: ireturn

  private static double lambda$healLowestAlly$0(net.minecraft.server.level.ServerPlayer);
    Code:
         0: aload_0
         1: invokevirtual #1236               // Method net/minecraft/server/level/ServerPlayer.getHealth:()F
         4: fconst_1
         5: aload_0
         6: invokevirtual #1239               // Method net/minecraft/server/level/ServerPlayer.getMaxHealth:()F
         9: invokestatic  #980                // Method java/lang/Math.max:(FF)F
        12: fdiv
        13: f2d
        14: dreturn

  private static boolean lambda$cleanupExpired$7(long, java.util.Map$Entry);
    Code:
         0: aload_2
         1: invokeinterface #789,  1          // InterfaceMethod java/util/Map$Entry.getValue:()Ljava/lang/Object;
         6: checkcast     #126                // class java/lang/Long
         9: invokevirtual #520                // Method java/lang/Long.longValue:()J
        12: lload_0
        13: lcmp
        14: ifge          21
        17: iconst_1
        18: goto          22
        21: iconst_0
        22: ireturn

  private static boolean lambda$cleanupExpired$6(long, java.util.Map$Entry);
    Code:
         0: aload_2
         1: invokeinterface #789,  1          // InterfaceMethod java/util/Map$Entry.getValue:()Ljava/lang/Object;
         6: checkcast     #126                // class java/lang/Long
         9: invokevirtual #520                // Method java/lang/Long.longValue:()J
        12: lload_0
        13: lcmp
        14: ifge          21
        17: iconst_1
        18: goto          22
        21: iconst_0
        22: ireturn

  private static boolean lambda$cleanupExpired$5(long, java.util.Map$Entry);
    Code:
         0: aload_2
         1: invokeinterface #789,  1          // InterfaceMethod java/util/Map$Entry.getValue:()Ljava/lang/Object;
         6: checkcast     #126                // class java/lang/Long
         9: invokevirtual #520                // Method java/lang/Long.longValue:()J
        12: lload_0
        13: lcmp
        14: ifge          21
        17: iconst_1
        18: goto          22
        21: iconst_0
        22: ireturn

  private static boolean lambda$cleanupExpired$4(long, java.util.Map$Entry);
    Code:
         0: aload_2
         1: invokeinterface #789,  1          // InterfaceMethod java/util/Map$Entry.getValue:()Ljava/lang/Object;
         6: checkcast     #317                // class kr/moonseungjun/villageguardians/VillageRoleAbilitySystem$EmpoweredArrowState
         9: invokevirtual #910                // Method kr/moonseungjun/villageguardians/VillageRoleAbilitySystem$EmpoweredArrowState.until:()J
        12: lload_0
        13: lcmp
        14: ifge          21
        17: iconst_1
        18: goto          22
        21: iconst_0
        22: ireturn

  private static boolean lambda$cleanupExpired$3(long, java.util.Map$Entry);
    Code:
         0: aload_2
         1: invokeinterface #789,  1          // InterfaceMethod java/util/Map$Entry.getValue:()Ljava/lang/Object;
         6: checkcast     #126                // class java/lang/Long
         9: invokevirtual #520                // Method java/lang/Long.longValue:()J
        12: lload_0
        13: lcmp
        14: ifge          21
        17: iconst_1
        18: goto          22
        21: iconst_0
        22: ireturn

  private static boolean lambda$cleanupExpired$2(long, java.util.Map$Entry);
    Code:
         0: aload_2
         1: invokeinterface #789,  1          // InterfaceMethod java/util/Map$Entry.getValue:()Ljava/lang/Object;
         6: checkcast     #126                // class java/lang/Long
         9: invokevirtual #520                // Method java/lang/Long.longValue:()J
        12: lload_0
        13: lcmp
        14: ifge          21
        17: iconst_1
        18: goto          22
        21: iconst_0
        22: ireturn

  private static boolean lambda$cleanupExpired$1(long, java.util.Map$Entry);
    Code:
         0: aload_2
         1: invokeinterface #789,  1          // InterfaceMethod java/util/Map$Entry.getValue:()Ljava/lang/Object;
         6: checkcast     #126                // class java/lang/Long
         9: invokevirtual #520                // Method java/lang/Long.longValue:()J
        12: lload_0
        13: lcmp
        14: ifge          21
        17: iconst_1
        18: goto          22
        21: iconst_0
        22: ireturn

  private static boolean lambda$cleanupExpired$0(long, java.util.Map$Entry);
    Code:
         0: aload_2
         1: invokeinterface #789,  1          // InterfaceMethod java/util/Map$Entry.getValue:()Ljava/lang/Object;
         6: checkcast     #126                // class java/lang/Long
         9: invokevirtual #520                // Method java/lang/Long.longValue:()J
        12: lload_0
        13: lcmp
        14: ifge          21
        17: iconst_1
        18: goto          22
        21: iconst_0
        22: ireturn

  static {};
    Code:
         0: new           #1522               // class java/util/HashMap
         3: dup
         4: invokespecial #1524               // Method java/util/HashMap."<init>":()V
         7: putstatic     #7                  // Field SPIN_UNTIL:Ljava/util/Map;
        10: new           #1522               // class java/util/HashMap
        13: dup
        14: invokespecial #1524               // Method java/util/HashMap."<init>":()V
        17: putstatic     #18                 // Field RAPID_UNTIL:Ljava/util/Map;
        20: new           #1522               // class java/util/HashMap
        23: dup
        24: invokespecial #1524               // Method java/util/HashMap."<init>":()V
        27: putstatic     #21                 // Field RICOCHET_UNTIL:Ljava/util/Map;
        30: new           #1522               // class java/util/HashMap
        33: dup
        34: invokespecial #1524               // Method java/util/HashMap."<init>":()V
        37: putstatic     #24                 // Field RICOCHET_ARROWS:Ljava/util/Map;
        40: new           #1522               // class java/util/HashMap
        43: dup
        44: invokespecial #1524               // Method java/util/HashMap."<init>":()V
        47: putstatic     #27                 // Field MEGA_ARROW_READY:Ljava/util/Map;
        50: new           #1522               // class java/util/HashMap
        53: dup
        54: invokespecial #1524               // Method java/util/HashMap."<init>":()V
        57: putstatic     #30                 // Field FORTRESS_UNTIL:Ljava/util/Map;
        60: new           #1522               // class java/util/HashMap
        63: dup
        64: invokespecial #1524               // Method java/util/HashMap."<init>":()V
        67: putstatic     #33                 // Field AEGIS_UNTIL:Ljava/util/Map;
        70: new           #1522               // class java/util/HashMap
        73: dup
        74: invokespecial #1524               // Method java/util/HashMap."<init>":()V
        77: putstatic     #36                 // Field CHARGE_UNTIL:Ljava/util/Map;
        80: new           #1522               // class java/util/HashMap
        83: dup
        84: invokespecial #1524               // Method java/util/HashMap."<init>":()V
        87: putstatic     #39                 // Field LAST_AEGIS_DASH:Ljava/util/Map;
        90: new           #1522               // class java/util/HashMap
        93: dup
        94: invokespecial #1524               // Method java/util/HashMap."<init>":()V
        97: putstatic     #42                 // Field SLAMS:Ljava/util/Map;
       100: new           #982                // class java/util/ArrayList
       103: dup
       104: invokespecial #984                // Method java/util/ArrayList."<init>":()V
       107: putstatic     #45                 // Field SCHEDULED:Ljava/util/List;
       110: new           #982                // class java/util/ArrayList
       113: dup
       114: invokespecial #984                // Method java/util/ArrayList."<init>":()V
       117: putstatic     #52                 // Field AREAS:Ljava/util/List;
       120: new           #1525               // class java/util/LinkedHashMap
       123: dup
       124: invokespecial #1527               // Method java/util/LinkedHashMap."<init>":()V
       127: putstatic     #55                 // Field MOVING:Ljava/util/Map;
       130: return
}
Compiled from "VillageSkillEffectSystem.java"
public final class kr.moonseungjun.villageguardians.VillageSkillEffectSystem {
  private kr.moonseungjun.villageguardians.VillageSkillEffectSystem();
    Code:
         0: aload_0
         1: invokespecial #1                  // Method java/lang/Object."<init>":()V
         4: return

  public static void reset();
    Code:
         0: return

  public static void startCast(net.minecraft.server.level.ServerLevel, net.minecraft.server.level.ServerPlayer, kr.moonseungjun.villageguardians.VillageRoleSkillSystem$ActiveSkill, int, net.minecraft.world.phys.Vec3);
    Code:
         0: aload_0
         1: ifnull        12
         4: aload_1
         5: ifnull        12
         8: aload_2
         9: ifnonnull     13
        12: return
        13: aload         4
        15: invokestatic  #7                  // Method horizontal:(Lnet/minecraft/world/phys/Vec3;)Lnet/minecraft/world/phys/Vec3;
        18: astore        5
        20: aload         4
        22: invokestatic  #13                 // Method normalized:(Lnet/minecraft/world/phys/Vec3;)Lnet/minecraft/world/phys/Vec3;
        25: astore        6
        27: getstatic     #16                 // Field kr/moonseungjun/villageguardians/VillageSkillEffectSystem$1.$SwitchMap$kr$moonseungjun$villageguardians$VillageRoleSkillSystem$ActiveSkill:[I
        30: aload_2
        31: invokevirtual #22                 // Method kr/moonseungjun/villageguardians/VillageRoleSkillSystem$ActiveSkill.ordinal:()I
        34: iaload
        35: tableswitch   { // 1 to 20
                       1: 128
                       2: 172
                       3: 194
                       4: 216
                       5: 238
                       6: 265
                       7: 287
                       8: 309
                       9: 338
                      10: 370
                      11: 408
                      12: 446
                      13: 485
                      14: 507
                      15: 529
                      16: 558
                      17: 580
                      18: 602
                      19: 624
                      20: 650
                 default: 676
            }
       128: bipush        48
       130: iload_3
       131: iconst_2
       132: idiv
       133: invokestatic  #28                 // Method java/lang/Math.max:(II)I
       136: istore        7
       138: aload_0
       139: aload_1
       140: ldc           #34                 // String vanguard_spin
       142: aload_1
       143: invokevirtual #36                 // Method net/minecraft/server/level/ServerPlayer.position:()Lnet/minecraft/world/phys/Vec3;
       146: aload         5
       148: iload         7
       150: fconst_0
       151: ldc           #42                 // String
       153: invokestatic  #44                 // Method spawn:(Lnet/minecraft/server/level/ServerLevel;Lnet/minecraft/server/level/ServerPlayer;Ljava/lang/String;Lnet/minecraft/world/phys/Vec3;Lnet/minecraft/world/phys/Vec3;IFLjava/lang/String;)Lkr/moonseungjun/villageguardians/VillageSkillEffectEntity;
       156: pop
       157: aload_0
       158: aload_1
       159: ldc           #34                 // String vanguard_spin
       161: iload         7
       163: bipush        8
       165: iadd
       166: invokestatic  #48                 // Method kr/moonseungjun/villageguardians/VillageNetwork.sendSkillMotion:(Lnet/minecraft/server/level/ServerLevel;Lnet/minecraft/server/level/ServerPlayer;Ljava/lang/String;I)V
       169: goto          676
       172: aload_0
       173: aload_1
       174: ldc           #54                 // String vanguard_rally
       176: aload_1
       177: invokevirtual #36                 // Method net/minecraft/server/level/ServerPlayer.position:()Lnet/minecraft/world/phys/Vec3;
       180: aload         5
       182: bipush        60
       184: fconst_0
       185: ldc           #42                 // String
       187: invokestatic  #44                 // Method spawn:(Lnet/minecraft/server/level/ServerLevel;Lnet/minecraft/server/level/ServerPlayer;Ljava/lang/String;Lnet/minecraft/world/phys/Vec3;Lnet/minecraft/world/phys/Vec3;IFLjava/lang/String;)Lkr/moonseungjun/villageguardians/VillageSkillEffectEntity;
       190: pop
       191: goto          676
       194: aload_0
       195: aload_1
       196: ldc           #56                 // String vanguard_blade_charge
       198: aload_1
       199: invokevirtual #36                 // Method net/minecraft/server/level/ServerPlayer.position:()Lnet/minecraft/world/phys/Vec3;
       202: aload         5
       204: bipush        26
       206: fconst_0
       207: ldc           #42                 // String
       209: invokestatic  #44                 // Method spawn:(Lnet/minecraft/server/level/ServerLevel;Lnet/minecraft/server/level/ServerPlayer;Ljava/lang/String;Lnet/minecraft/world/phys/Vec3;Lnet/minecraft/world/phys/Vec3;IFLjava/lang/String;)Lkr/moonseungjun/villageguardians/VillageSkillEffectEntity;
       212: pop
       213: goto          676
       216: aload_0
       217: aload_1
       218: ldc           #58                 // String vanguard_slam_charge
       220: aload_1
       221: invokevirtual #36                 // Method net/minecraft/server/level/ServerPlayer.position:()Lnet/minecraft/world/phys/Vec3;
       224: aload         5
       226: bipush        44
       228: fconst_0
       229: ldc           #42                 // String
       231: invokestatic  #44                 // Method spawn:(Lnet/minecraft/server/level/ServerLevel;Lnet/minecraft/server/level/ServerPlayer;Ljava/lang/String;Lnet/minecraft/world/phys/Vec3;Lnet/minecraft/world/phys/Vec3;IFLjava/lang/String;)Lkr/moonseungjun/villageguardians/VillageSkillEffectEntity;
       234: pop
       235: goto          676
       238: aload_0
       239: aload_1
       240: ldc           #60                 // String ranger_rapid
       242: aload_1
       243: invokevirtual #36                 // Method net/minecraft/server/level/ServerPlayer.position:()Lnet/minecraft/world/phys/Vec3;
       246: aload         5
       248: sipush        200
       251: iload_3
       252: invokestatic  #28                 // Method java/lang/Math.max:(II)I
       255: fconst_0
       256: ldc           #42                 // String
       258: invokestatic  #44                 // Method spawn:(Lnet/minecraft/server/level/ServerLevel;Lnet/minecraft/server/level/ServerPlayer;Ljava/lang/String;Lnet/minecraft/world/phys/Vec3;Lnet/minecraft/world/phys/Vec3;IFLjava/lang/String;)Lkr/moonseungjun/villageguardians/VillageSkillEffectEntity;
       261: pop
       262: goto          676
       265: aload_0
       266: aload_1
       267: ldc           #62                 // String ranger_focus
       269: aload_1
       270: invokevirtual #36                 // Method net/minecraft/server/level/ServerPlayer.position:()Lnet/minecraft/world/phys/Vec3;
       273: aload         5
       275: bipush        28
       277: fconst_0
       278: ldc           #42                 // String
       280: invokestatic  #44                 // Method spawn:(Lnet/minecraft/server/level/ServerLevel;Lnet/minecraft/server/level/ServerPlayer;Ljava/lang/String;Lnet/minecraft/world/phys/Vec3;Lnet/minecraft/world/phys/Vec3;IFLjava/lang/String;)Lkr/moonseungjun/villageguardians/VillageSkillEffectEntity;
       283: pop
       284: goto          676
       287: aload_0
       288: aload_1
       289: ldc           #62                 // String ranger_focus
       291: aload_1
       292: invokevirtual #36                 // Method net/minecraft/server/level/ServerPlayer.position:()Lnet/minecraft/world/phys/Vec3;
       295: aload         5
       297: bipush        20
       299: fconst_0
       300: ldc           #42                 // String
       302: invokestatic  #44                 // Method spawn:(Lnet/minecraft/server/level/ServerLevel;Lnet/minecraft/server/level/ServerPlayer;Ljava/lang/String;Lnet/minecraft/world/phys/Vec3;Lnet/minecraft/world/phys/Vec3;IFLjava/lang/String;)Lkr/moonseungjun/villageguardians/VillageSkillEffectEntity;
       305: pop
       306: goto          676
       309: aload_0
       310: aload_1
       311: ldc           #64                 // String ranger_energy_charge
       313: aload_1
       314: invokevirtual #36                 // Method net/minecraft/server/level/ServerPlayer.position:()Lnet/minecraft/world/phys/Vec3;
       317: aload         5
       319: sipush        280
       322: iload_3
       323: iconst_2
       324: imul
       325: invokestatic  #28                 // Method java/lang/Math.max:(II)I
       328: fconst_0
       329: ldc           #42                 // String
       331: invokestatic  #44                 // Method spawn:(Lnet/minecraft/server/level/ServerLevel;Lnet/minecraft/server/level/ServerPlayer;Ljava/lang/String;Lnet/minecraft/world/phys/Vec3;Lnet/minecraft/world/phys/Vec3;IFLjava/lang/String;)Lkr/moonseungjun/villageguardians/VillageSkillEffectEntity;
       334: pop
       335: goto          676
       338: aload_0
       339: aload_1
       340: ldc           #66                 // String arcanist_fire_orb
       342: aload_1
       343: invokevirtual #68                 // Method net/minecraft/server/level/ServerPlayer.getEyePosition:()Lnet/minecraft/world/phys/Vec3;
       346: aload         6
       348: dconst_1
       349: invokevirtual #71                 // Method net/minecraft/world/phys/Vec3.scale:(D)Lnet/minecraft/world/phys/Vec3;
       352: invokevirtual #77                 // Method net/minecraft/world/phys/Vec3.add:(Lnet/minecraft/world/phys/Vec3;)Lnet/minecraft/world/phys/Vec3;
       355: aload         6
       357: bipush        100
       359: ldc           #80                 // float 1.35f
       361: ldc           #42                 // String
       363: invokestatic  #44                 // Method spawn:(Lnet/minecraft/server/level/ServerLevel;Lnet/minecraft/server/level/ServerPlayer;Ljava/lang/String;Lnet/minecraft/world/phys/Vec3;Lnet/minecraft/world/phys/Vec3;IFLjava/lang/String;)Lkr/moonseungjun/villageguardians/VillageSkillEffectEntity;
       366: pop
       367: goto          676
       370: aload_0
       371: aload_1
       372: ldc           #81                 // String arcanist_frost
       374: aload_1
       375: invokevirtual #36                 // Method net/minecraft/server/level/ServerPlayer.position:()Lnet/minecraft/world/phys/Vec3;
       378: aload         5
       380: ldc2_w        #83                 // double 18.0d
       383: invokevirtual #71                 // Method net/minecraft/world/phys/Vec3.scale:(D)Lnet/minecraft/world/phys/Vec3;
       386: invokevirtual #77                 // Method net/minecraft/world/phys/Vec3.add:(Lnet/minecraft/world/phys/Vec3;)Lnet/minecraft/world/phys/Vec3;
       389: aload         5
       391: sipush        140
       394: iload_3
       395: invokestatic  #28                 // Method java/lang/Math.max:(II)I
       398: fconst_0
       399: ldc           #42                 // String
       401: invokestatic  #44                 // Method spawn:(Lnet/minecraft/server/level/ServerLevel;Lnet/minecraft/server/level/ServerPlayer;Ljava/lang/String;Lnet/minecraft/world/phys/Vec3;Lnet/minecraft/world/phys/Vec3;IFLjava/lang/String;)Lkr/moonseungjun/villageguardians/VillageSkillEffectEntity;
       404: pop
       405: goto          676
       408: aload_0
       409: aload_1
       410: ldc           #85                 // String arcanist_tornado
       412: aload_1
       413: invokevirtual #36                 // Method net/minecraft/server/level/ServerPlayer.position:()Lnet/minecraft/world/phys/Vec3;
       416: aload         5
       418: ldc2_w        #87                 // double 3.0d
       421: invokevirtual #71                 // Method net/minecraft/world/phys/Vec3.scale:(D)Lnet/minecraft/world/phys/Vec3;
       424: invokevirtual #77                 // Method net/minecraft/world/phys/Vec3.add:(Lnet/minecraft/world/phys/Vec3;)Lnet/minecraft/world/phys/Vec3;
       427: aload         5
       429: bipush        120
       431: iload_3
       432: invokestatic  #28                 // Method java/lang/Math.max:(II)I
       435: ldc           #89                 // float 0.24f
       437: ldc           #42                 // String
       439: invokestatic  #44                 // Method spawn:(Lnet/minecraft/server/level/ServerLevel;Lnet/minecraft/server/level/ServerPlayer;Ljava/lang/String;Lnet/minecraft/world/phys/Vec3;Lnet/minecraft/world/phys/Vec3;IFLjava/lang/String;)Lkr/moonseungjun/villageguardians/VillageSkillEffectEntity;
       442: pop
       443: goto          676
       446: aload_0
       447: aload_1
       448: ldc           #90                 // String arcanist_lightning
       450: aload_1
       451: invokevirtual #36                 // Method net/minecraft/server/level/ServerPlayer.position:()Lnet/minecraft/world/phys/Vec3;
       454: aload         5
       456: ldc2_w        #92                 // double 22.0d
       459: invokevirtual #71                 // Method net/minecraft/world/phys/Vec3.scale:(D)Lnet/minecraft/world/phys/Vec3;
       462: invokevirtual #77                 // Method net/minecraft/world/phys/Vec3.add:(Lnet/minecraft/world/phys/Vec3;)Lnet/minecraft/world/phys/Vec3;
       465: aload         5
       467: bipush        100
       469: iload_3
       470: iconst_2
       471: idiv
       472: invokestatic  #28                 // Method java/lang/Math.max:(II)I
       475: fconst_0
       476: ldc           #42                 // String
       478: invokestatic  #44                 // Method spawn:(Lnet/minecraft/server/level/ServerLevel;Lnet/minecraft/server/level/ServerPlayer;Ljava/lang/String;Lnet/minecraft/world/phys/Vec3;Lnet/minecraft/world/phys/Vec3;IFLjava/lang/String;)Lkr/moonseungjun/villageguardians/VillageSkillEffectEntity;
       481: pop
       482: goto          676
       485: aload_0
       486: aload_1
       487: ldc           #94                 // String luminar_heal_cast
       489: aload_1
       490: invokevirtual #36                 // Method net/minecraft/server/level/ServerPlayer.position:()Lnet/minecraft/world/phys/Vec3;
       493: aload         5
       495: bipush        32
       497: fconst_0
       498: ldc           #42                 // String
       500: invokestatic  #44                 // Method spawn:(Lnet/minecraft/server/level/ServerLevel;Lnet/minecraft/server/level/ServerPlayer;Ljava/lang/String;Lnet/minecraft/world/phys/Vec3;Lnet/minecraft/world/phys/Vec3;IFLjava/lang/String;)Lkr/moonseungjun/villageguardians/VillageSkillEffectEntity;
       503: pop
       504: goto          676
       507: aload_0
       508: aload_1
       509: ldc           #96                 // String luminar_cleanse_cast
       511: aload_1
       512: invokevirtual #36                 // Method net/minecraft/server/level/ServerPlayer.position:()Lnet/minecraft/world/phys/Vec3;
       515: aload         5
       517: bipush        44
       519: fconst_0
       520: ldc           #42                 // String
       522: invokestatic  #44                 // Method spawn:(Lnet/minecraft/server/level/ServerLevel;Lnet/minecraft/server/level/ServerPlayer;Ljava/lang/String;Lnet/minecraft/world/phys/Vec3;Lnet/minecraft/world/phys/Vec3;IFLjava/lang/String;)Lkr/moonseungjun/villageguardians/VillageSkillEffectEntity;
       525: pop
       526: goto          676
       529: aload_0
       530: aload_1
       531: ldc           #98                 // String luminar_healing_field
       533: aload_1
       534: invokevirtual #36                 // Method net/minecraft/server/level/ServerPlayer.position:()Lnet/minecraft/world/phys/Vec3;
       537: aload         5
       539: sipush        160
       542: iload_3
       543: iconst_2
       544: imul
       545: invokestatic  #28                 // Method java/lang/Math.max:(II)I
       548: fconst_0
       549: ldc           #42                 // String
       551: invokestatic  #44                 // Method spawn:(Lnet/minecraft/server/level/ServerLevel;Lnet/minecraft/server/level/ServerPlayer;Ljava/lang/String;Lnet/minecraft/world/phys/Vec3;Lnet/minecraft/world/phys/Vec3;IFLjava/lang/String;)Lkr/moonseungjun/villageguardians/VillageSkillEffectEntity;
       554: pop
       555: goto          676
       558: aload_0
       559: aload_1
       560: ldc           #100                // String luminar_miracle_cast
       562: aload_1
       563: invokevirtual #36                 // Method net/minecraft/server/level/ServerPlayer.position:()Lnet/minecraft/world/phys/Vec3;
       566: aload         5
       568: bipush        72
       570: fconst_0
       571: ldc           #42                 // String
       573: invokestatic  #44                 // Method spawn:(Lnet/minecraft/server/level/ServerLevel;Lnet/minecraft/server/level/ServerPlayer;Ljava/lang/String;Lnet/minecraft/world/phys/Vec3;Lnet/minecraft/world/phys/Vec3;IFLjava/lang/String;)Lkr/moonseungjun/villageguardians/VillageSkillEffectEntity;
       576: pop
       577: goto          676
       580: aload_0
       581: aload_1
       582: ldc           #102                // String warden_charge_cast
       584: aload_1
       585: invokevirtual #36                 // Method net/minecraft/server/level/ServerPlayer.position:()Lnet/minecraft/world/phys/Vec3;
       588: aload         5
       590: bipush        32
       592: fconst_0
       593: ldc           #42                 // String
       595: invokestatic  #44                 // Method spawn:(Lnet/minecraft/server/level/ServerLevel;Lnet/minecraft/server/level/ServerPlayer;Ljava/lang/String;Lnet/minecraft/world/phys/Vec3;Lnet/minecraft/world/phys/Vec3;IFLjava/lang/String;)Lkr/moonseungjun/villageguardians/VillageSkillEffectEntity;
       598: pop
       599: goto          676
       602: aload_0
       603: aload_1
       604: ldc           #104                // String warden_taunt
       606: aload_1
       607: invokevirtual #36                 // Method net/minecraft/server/level/ServerPlayer.position:()Lnet/minecraft/world/phys/Vec3;
       610: aload         5
       612: bipush        48
       614: fconst_0
       615: ldc           #42                 // String
       617: invokestatic  #44                 // Method spawn:(Lnet/minecraft/server/level/ServerLevel;Lnet/minecraft/server/level/ServerPlayer;Ljava/lang/String;Lnet/minecraft/world/phys/Vec3;Lnet/minecraft/world/phys/Vec3;IFLjava/lang/String;)Lkr/moonseungjun/villageguardians/VillageSkillEffectEntity;
       620: pop
       621: goto          676
       624: aload_0
       625: aload_1
       626: ldc           #106                // String warden_fortress
       628: aload_1
       629: invokevirtual #36                 // Method net/minecraft/server/level/ServerPlayer.position:()Lnet/minecraft/world/phys/Vec3;
       632: aload         5
       634: bipush        120
       636: iload_3
       637: invokestatic  #28                 // Method java/lang/Math.max:(II)I
       640: fconst_0
       641: ldc           #42                 // String
       643: invokestatic  #44                 // Method spawn:(Lnet/minecraft/server/level/ServerLevel;Lnet/minecraft/server/level/ServerPlayer;Ljava/lang/String;Lnet/minecraft/world/phys/Vec3;Lnet/minecraft/world/phys/Vec3;IFLjava/lang/String;)Lkr/moonseungjun/villageguardians/VillageSkillEffectEntity;
       646: pop
       647: goto          676
       650: aload_0
       651: aload_1
       652: ldc           #108                // String warden_aegis
       654: aload_1
       655: invokevirtual #36                 // Method net/minecraft/server/level/ServerPlayer.position:()Lnet/minecraft/world/phys/Vec3;
       658: aload         5
       660: sipush        180
       663: iload_3
       664: iconst_2
       665: imul
       666: invokestatic  #28                 // Method java/lang/Math.max:(II)I
       669: fconst_0
       670: ldc           #42                 // String
       672: invokestatic  #44                 // Method spawn:(Lnet/minecraft/server/level/ServerLevel;Lnet/minecraft/server/level/ServerPlayer;Ljava/lang/String;Lnet/minecraft/world/phys/Vec3;Lnet/minecraft/world/phys/Vec3;IFLjava/lang/String;)Lkr/moonseungjun/villageguardians/VillageSkillEffectEntity;
       675: pop
       676: return

  public static void tick(net.minecraft.server.MinecraftServer);
    Code:
         0: return

  public static void bladeWave(net.minecraft.server.level.ServerLevel, net.minecraft.server.level.ServerPlayer, net.minecraft.world.phys.Vec3);
    Code:
         0: aload_2
         1: invokestatic  #7                  // Method horizontal:(Lnet/minecraft/world/phys/Vec3;)Lnet/minecraft/world/phys/Vec3;
         4: astore_3
         5: aload_0
         6: aload_1
         7: ldc           #110                // String vanguard_blade_wave
         9: aload_1
        10: invokevirtual #68                 // Method net/minecraft/server/level/ServerPlayer.getEyePosition:()Lnet/minecraft/world/phys/Vec3;
        13: aload_3
        14: ldc2_w        #112                // double 1.25d
        17: invokevirtual #71                 // Method net/minecraft/world/phys/Vec3.scale:(D)Lnet/minecraft/world/phys/Vec3;
        20: invokevirtual #77                 // Method net/minecraft/world/phys/Vec3.add:(Lnet/minecraft/world/phys/Vec3;)Lnet/minecraft/world/phys/Vec3;
        23: aload_3
        24: bipush        24
        26: ldc           #114                // float 1.75f
        28: ldc           #42                 // String
        30: invokestatic  #44                 // Method spawn:(Lnet/minecraft/server/level/ServerLevel;Lnet/minecraft/server/level/ServerPlayer;Ljava/lang/String;Lnet/minecraft/world/phys/Vec3;Lnet/minecraft/world/phys/Vec3;IFLjava/lang/String;)Lkr/moonseungjun/villageguardians/VillageSkillEffectEntity;
        33: pop
        34: return

  public static void slamImpact(net.minecraft.server.level.ServerLevel, net.minecraft.server.level.ServerPlayer);
    Code:
         0: aload_0
         1: aload_1
         2: ldc           #115                // String vanguard_slam_impact
         4: aload_1
         5: invokevirtual #36                 // Method net/minecraft/server/level/ServerPlayer.position:()Lnet/minecraft/world/phys/Vec3;
         8: aload_1
         9: invokevirtual #117                // Method net/minecraft/server/level/ServerPlayer.getLookAngle:()Lnet/minecraft/world/phys/Vec3;
        12: invokestatic  #7                  // Method horizontal:(Lnet/minecraft/world/phys/Vec3;)Lnet/minecraft/world/phys/Vec3;
        15: bipush        30
        17: fconst_0
        18: ldc           #42                 // String
        20: invokestatic  #44                 // Method spawn:(Lnet/minecraft/server/level/ServerLevel;Lnet/minecraft/server/level/ServerPlayer;Ljava/lang/String;Lnet/minecraft/world/phys/Vec3;Lnet/minecraft/world/phys/Vec3;IFLjava/lang/String;)Lkr/moonseungjun/villageguardians/VillageSkillEffectEntity;
        23: pop
        24: return

  public static void energyArrow(net.minecraft.server.level.ServerLevel, net.minecraft.server.level.ServerPlayer, net.minecraft.world.phys.Vec3);
    Code:
         0: aload_2
         1: invokestatic  #13                 // Method normalized:(Lnet/minecraft/world/phys/Vec3;)Lnet/minecraft/world/phys/Vec3;
         4: astore_3
         5: aload_0
         6: aload_1
         7: aload_1
         8: invokevirtual #68                 // Method net/minecraft/server/level/ServerPlayer.getEyePosition:()Lnet/minecraft/world/phys/Vec3;
        11: aload_3
        12: ldc2_w        #120                // double 2.8d
        15: invokevirtual #71                 // Method net/minecraft/world/phys/Vec3.scale:(D)Lnet/minecraft/world/phys/Vec3;
        18: invokevirtual #77                 // Method net/minecraft/world/phys/Vec3.add:(Lnet/minecraft/world/phys/Vec3;)Lnet/minecraft/world/phys/Vec3;
        21: aload_3
        22: invokestatic  #122                // Method energyArrow:(Lnet/minecraft/server/level/ServerLevel;Lnet/minecraft/server/level/ServerPlayer;Lnet/minecraft/world/phys/Vec3;Lnet/minecraft/world/phys/Vec3;)V
        25: return

  public static void energyArrow(net.minecraft.server.level.ServerLevel, net.minecraft.server.level.ServerPlayer, net.minecraft.world.phys.Vec3, net.minecraft.world.phys.Vec3);
    Code:
         0: aload_0
         1: aload_1
         2: ldc           #126                // String ranger_energy_projectile
         4: aload_2
         5: aload_3
         6: invokestatic  #13                 // Method normalized:(Lnet/minecraft/world/phys/Vec3;)Lnet/minecraft/world/phys/Vec3;
         9: bipush        55
        11: ldc           #128                // float 2.65f
        13: ldc           #42                 // String
        15: invokestatic  #44                 // Method spawn:(Lnet/minecraft/server/level/ServerLevel;Lnet/minecraft/server/level/ServerPlayer;Ljava/lang/String;Lnet/minecraft/world/phys/Vec3;Lnet/minecraft/world/phys/Vec3;IFLjava/lang/String;)Lkr/moonseungjun/villageguardians/VillageSkillEffectEntity;
        18: pop
        19: return

  public static void arrowRainImpact(net.minecraft.server.level.ServerLevel, net.minecraft.server.level.ServerPlayer, net.minecraft.world.phys.Vec3);
    Code:
         0: aload_0
         1: aload_1
         2: ldc           #129                // String ranger_rain_impact
         4: aload_2
         5: aload_1
         6: invokevirtual #117                // Method net/minecraft/server/level/ServerPlayer.getLookAngle:()Lnet/minecraft/world/phys/Vec3;
         9: invokestatic  #7                  // Method horizontal:(Lnet/minecraft/world/phys/Vec3;)Lnet/minecraft/world/phys/Vec3;
        12: bipush        24
        14: fconst_0
        15: ldc           #42                 // String
        17: invokestatic  #44                 // Method spawn:(Lnet/minecraft/server/level/ServerLevel;Lnet/minecraft/server/level/ServerPlayer;Ljava/lang/String;Lnet/minecraft/world/phys/Vec3;Lnet/minecraft/world/phys/Vec3;IFLjava/lang/String;)Lkr/moonseungjun/villageguardians/VillageSkillEffectEntity;
        20: pop
        21: return

  public static void shieldCharge(net.minecraft.server.level.ServerLevel, net.minecraft.server.level.ServerPlayer, net.minecraft.world.phys.Vec3);
    Code:
         0: aload_0
         1: aload_1
         2: ldc           #102                // String warden_charge_cast
         4: aload_1
         5: invokevirtual #36                 // Method net/minecraft/server/level/ServerPlayer.position:()Lnet/minecraft/world/phys/Vec3;
         8: aload_2
         9: invokestatic  #7                  // Method horizontal:(Lnet/minecraft/world/phys/Vec3;)Lnet/minecraft/world/phys/Vec3;
        12: bipush        26
        14: fconst_0
        15: ldc           #42                 // String
        17: invokestatic  #44                 // Method spawn:(Lnet/minecraft/server/level/ServerLevel;Lnet/minecraft/server/level/ServerPlayer;Ljava/lang/String;Lnet/minecraft/world/phys/Vec3;Lnet/minecraft/world/phys/Vec3;IFLjava/lang/String;)Lkr/moonseungjun/villageguardians/VillageSkillEffectEntity;
        20: pop
        21: return

  public static void trackingReticle(net.minecraft.server.level.ServerLevel, net.minecraft.server.level.ServerPlayer, net.minecraft.world.phys.Vec3, net.minecraft.world.phys.Vec3);
    Code:
         0: aload_0
         1: aload_1
         2: ldc           #131                // String ranger_lock
         4: aload_2
         5: aload_3
         6: invokestatic  #13                 // Method normalized:(Lnet/minecraft/world/phys/Vec3;)Lnet/minecraft/world/phys/Vec3;
         9: bipush        7
        11: fconst_0
        12: ldc           #42                 // String
        14: invokestatic  #44                 // Method spawn:(Lnet/minecraft/server/level/ServerLevel;Lnet/minecraft/server/level/ServerPlayer;Ljava/lang/String;Lnet/minecraft/world/phys/Vec3;Lnet/minecraft/world/phys/Vec3;IFLjava/lang/String;)Lkr/moonseungjun/villageguardians/VillageSkillEffectEntity;
        17: pop
        18: return

  public static void arrowRainField(net.minecraft.server.level.ServerLevel, net.minecraft.server.level.ServerPlayer, net.minecraft.world.phys.Vec3, int, double);
    Code:
         0: aload_0
         1: aload_1
         2: ldc           #133                // String ranger_rain_field
         4: aload_2
         5: aload_1
         6: invokevirtual #117                // Method net/minecraft/server/level/ServerPlayer.getLookAngle:()Lnet/minecraft/world/phys/Vec3;
         9: invokestatic  #7                  // Method horizontal:(Lnet/minecraft/world/phys/Vec3;)Lnet/minecraft/world/phys/Vec3;
        12: bipush        20
        14: iload_3
        15: invokestatic  #28                 // Method java/lang/Math.max:(II)I
        18: fconst_0
        19: getstatic     #135                // Field java/util/Locale.ROOT:Ljava/util/Locale;
        22: ldc           #141                // String %.2f
        24: iconst_1
        25: anewarray     #2                  // class java/lang/Object
        28: dup
        29: iconst_0
        30: ldc2_w        #143                // double 2.0d
        33: dload         4
        35: invokestatic  #145                // Method java/lang/Math.max:(DD)D
        38: invokestatic  #148                // Method java/lang/Double.valueOf:(D)Ljava/lang/Double;
        41: aastore
        42: invokestatic  #154                // Method java/lang/String.format:(Ljava/util/Locale;Ljava/lang/String;[Ljava/lang/Object;)Ljava/lang/String;
        45: invokestatic  #44                 // Method spawn:(Lnet/minecraft/server/level/ServerLevel;Lnet/minecraft/server/level/ServerPlayer;Ljava/lang/String;Lnet/minecraft/world/phys/Vec3;Lnet/minecraft/world/phys/Vec3;IFLjava/lang/String;)Lkr/moonseungjun/villageguardians/VillageSkillEffectEntity;
        48: pop
        49: return

  public static void fireImpact(net.minecraft.server.level.ServerLevel, net.minecraft.server.level.ServerPlayer, net.minecraft.world.phys.Vec3, double);
    Code:
         0: aload_0
         1: aload_1
         2: ldc           #160                // String arcanist_fire_impact
         4: aload_2
         5: aload_1
         6: invokevirtual #117                // Method net/minecraft/server/level/ServerPlayer.getLookAngle:()Lnet/minecraft/world/phys/Vec3;
         9: invokestatic  #13                 // Method normalized:(Lnet/minecraft/world/phys/Vec3;)Lnet/minecraft/world/phys/Vec3;
        12: bipush        24
        14: fconst_0
        15: getstatic     #135                // Field java/util/Locale.ROOT:Ljava/util/Locale;
        18: ldc           #141                // String %.2f
        20: iconst_1
        21: anewarray     #2                  // class java/lang/Object
        24: dup
        25: iconst_0
        26: dconst_1
        27: dload_3
        28: invokestatic  #145                // Method java/lang/Math.max:(DD)D
        31: invokestatic  #148                // Method java/lang/Double.valueOf:(D)Ljava/lang/Double;
        34: aastore
        35: invokestatic  #154                // Method java/lang/String.format:(Ljava/util/Locale;Ljava/lang/String;[Ljava/lang/Object;)Ljava/lang/String;
        38: invokestatic  #44                 // Method spawn:(Lnet/minecraft/server/level/ServerLevel;Lnet/minecraft/server/level/ServerPlayer;Ljava/lang/String;Lnet/minecraft/world/phys/Vec3;Lnet/minecraft/world/phys/Vec3;IFLjava/lang/String;)Lkr/moonseungjun/villageguardians/VillageSkillEffectEntity;
        41: pop
        42: return

  public static void ricochet(net.minecraft.server.level.ServerLevel, net.minecraft.server.level.ServerPlayer, net.minecraft.world.entity.Mob, java.util.List<net.minecraft.world.entity.Mob>);
    Code:
         0: aload_2
         1: ifnonnull     5
         4: return
         5: new           #162                // class java/util/ArrayList
         8: dup
         9: invokespecial #164                // Method java/util/ArrayList."<init>":()V
        12: astore        4
        14: aload         4
        16: aload_1
        17: invokevirtual #68                 // Method net/minecraft/server/level/ServerPlayer.getEyePosition:()Lnet/minecraft/world/phys/Vec3;
        20: invokeinterface #165,  2          // InterfaceMethod java/util/List.add:(Ljava/lang/Object;)Z
        25: pop
        26: aload         4
        28: aload_2
        29: invokevirtual #170                // Method net/minecraft/world/entity/Mob.getEyePosition:()Lnet/minecraft/world/phys/Vec3;
        32: invokeinterface #165,  2          // InterfaceMethod java/util/List.add:(Ljava/lang/Object;)Z
        37: pop
        38: aload_3
        39: ifnull        93
        42: aload_3
        43: invokeinterface #173,  1          // InterfaceMethod java/util/List.iterator:()Ljava/util/Iterator;
        48: astore        5
        50: aload         5
        52: invokeinterface #177,  1          // InterfaceMethod java/util/Iterator.hasNext:()Z
        57: ifeq          93
        60: aload         5
        62: invokeinterface #183,  1          // InterfaceMethod java/util/Iterator.next:()Ljava/lang/Object;
        67: checkcast     #171                // class net/minecraft/world/entity/Mob
        70: astore        6
        72: aload         6
        74: ifnull        90
        77: aload         4
        79: aload         6
        81: invokevirtual #170                // Method net/minecraft/world/entity/Mob.getEyePosition:()Lnet/minecraft/world/phys/Vec3;
        84: invokeinterface #165,  2          // InterfaceMethod java/util/List.add:(Ljava/lang/Object;)Z
        89: pop
        90: goto          50
        93: aload_0
        94: aload_1
        95: ldc           #187                // String ranger_ricochet_path
        97: aload         4
        99: iconst_0
       100: invokeinterface #189,  2          // InterfaceMethod java/util/List.get:(I)Ljava/lang/Object;
       105: checkcast     #72                 // class net/minecraft/world/phys/Vec3
       108: aload         4
       110: iconst_1
       111: invokeinterface #189,  2          // InterfaceMethod java/util/List.get:(I)Ljava/lang/Object;
       116: checkcast     #72                 // class net/minecraft/world/phys/Vec3
       119: aload         4
       121: iconst_0
       122: invokeinterface #189,  2          // InterfaceMethod java/util/List.get:(I)Ljava/lang/Object;
       127: checkcast     #72                 // class net/minecraft/world/phys/Vec3
       130: invokevirtual #193                // Method net/minecraft/world/phys/Vec3.subtract:(Lnet/minecraft/world/phys/Vec3;)Lnet/minecraft/world/phys/Vec3;
       133: invokestatic  #7                  // Method horizontal:(Lnet/minecraft/world/phys/Vec3;)Lnet/minecraft/world/phys/Vec3;
       136: bipush        9
       138: aload         4
       140: invokeinterface #196,  1          // InterfaceMethod java/util/List.size:()I
       145: iconst_3
       146: imul
       147: iadd
       148: fconst_0
       149: aload         4
       151: invokestatic  #199                // Method encode:(Ljava/util/List;)Ljava/lang/String;
       154: invokestatic  #44                 // Method spawn:(Lnet/minecraft/server/level/ServerLevel;Lnet/minecraft/server/level/ServerPlayer;Ljava/lang/String;Lnet/minecraft/world/phys/Vec3;Lnet/minecraft/world/phys/Vec3;IFLjava/lang/String;)Lkr/moonseungjun/villageguardians/VillageSkillEffectEntity;
       157: pop
       158: return

  public static void healLink(net.minecraft.server.level.ServerLevel, net.minecraft.server.level.ServerPlayer, net.minecraft.server.level.ServerPlayer);
    Code:
         0: aload_2
         1: ifnonnull     5
         4: return
         5: aload_1
         6: invokevirtual #68                 // Method net/minecraft/server/level/ServerPlayer.getEyePosition:()Lnet/minecraft/world/phys/Vec3;
         9: aload_2
        10: invokevirtual #68                 // Method net/minecraft/server/level/ServerPlayer.getEyePosition:()Lnet/minecraft/world/phys/Vec3;
        13: invokestatic  #203                // InterfaceMethod java/util/List.of:(Ljava/lang/Object;Ljava/lang/Object;)Ljava/util/List;
        16: astore_3
        17: aload_0
        18: aload_1
        19: ldc           #207                // String luminar_heal_link
        21: aload_3
        22: iconst_0
        23: invokeinterface #189,  2          // InterfaceMethod java/util/List.get:(I)Ljava/lang/Object;
        28: checkcast     #72                 // class net/minecraft/world/phys/Vec3
        31: aload_3
        32: iconst_1
        33: invokeinterface #189,  2          // InterfaceMethod java/util/List.get:(I)Ljava/lang/Object;
        38: checkcast     #72                 // class net/minecraft/world/phys/Vec3
        41: aload_3
        42: iconst_0
        43: invokeinterface #189,  2          // InterfaceMethod java/util/List.get:(I)Ljava/lang/Object;
        48: checkcast     #72                 // class net/minecraft/world/phys/Vec3
        51: invokevirtual #193                // Method net/minecraft/world/phys/Vec3.subtract:(Lnet/minecraft/world/phys/Vec3;)Lnet/minecraft/world/phys/Vec3;
        54: invokestatic  #7                  // Method horizontal:(Lnet/minecraft/world/phys/Vec3;)Lnet/minecraft/world/phys/Vec3;
        57: bipush        32
        59: fconst_0
        60: aload_3
        61: invokestatic  #199                // Method encode:(Ljava/util/List;)Ljava/lang/String;
        64: invokestatic  #44                 // Method spawn:(Lnet/minecraft/server/level/ServerLevel;Lnet/minecraft/server/level/ServerPlayer;Ljava/lang/String;Lnet/minecraft/world/phys/Vec3;Lnet/minecraft/world/phys/Vec3;IFLjava/lang/String;)Lkr/moonseungjun/villageguardians/VillageSkillEffectEntity;
        67: pop
        68: return

  public static void cleanse(net.minecraft.server.level.ServerLevel, net.minecraft.server.level.ServerPlayer, java.util.List<net.minecraft.server.level.ServerPlayer>);
    Code:
         0: aload_2
         1: aload_1
         2: invokevirtual #36                 // Method net/minecraft/server/level/ServerPlayer.position:()Lnet/minecraft/world/phys/Vec3;
         5: invokestatic  #209                // Method positions:(Ljava/util/List;Lnet/minecraft/world/phys/Vec3;)Ljava/util/List;
         8: astore_3
         9: aload_0
        10: aload_1
        11: ldc           #213                // String luminar_cleanse_wave
        13: aload_1
        14: invokevirtual #36                 // Method net/minecraft/server/level/ServerPlayer.position:()Lnet/minecraft/world/phys/Vec3;
        17: aload_1
        18: invokevirtual #117                // Method net/minecraft/server/level/ServerPlayer.getLookAngle:()Lnet/minecraft/world/phys/Vec3;
        21: invokestatic  #7                  // Method horizontal:(Lnet/minecraft/world/phys/Vec3;)Lnet/minecraft/world/phys/Vec3;
        24: bipush        44
        26: fconst_0
        27: aload_3
        28: invokestatic  #199                // Method encode:(Ljava/util/List;)Ljava/lang/String;
        31: invokestatic  #44                 // Method spawn:(Lnet/minecraft/server/level/ServerLevel;Lnet/minecraft/server/level/ServerPlayer;Ljava/lang/String;Lnet/minecraft/world/phys/Vec3;Lnet/minecraft/world/phys/Vec3;IFLjava/lang/String;)Lkr/moonseungjun/villageguardians/VillageSkillEffectEntity;
        34: pop
        35: return

  public static void miracle(net.minecraft.server.level.ServerLevel, net.minecraft.server.level.ServerPlayer, java.util.List<net.minecraft.server.level.ServerPlayer>);
    Code:
         0: aload_2
         1: aload_1
         2: invokevirtual #36                 // Method net/minecraft/server/level/ServerPlayer.position:()Lnet/minecraft/world/phys/Vec3;
         5: invokestatic  #209                // Method positions:(Ljava/util/List;Lnet/minecraft/world/phys/Vec3;)Ljava/util/List;
         8: astore_3
         9: aload_0
        10: aload_1
        11: ldc           #215                // String luminar_miracle_wave
        13: aload_1
        14: invokevirtual #36                 // Method net/minecraft/server/level/ServerPlayer.position:()Lnet/minecraft/world/phys/Vec3;
        17: aload_1
        18: invokevirtual #117                // Method net/minecraft/server/level/ServerPlayer.getLookAngle:()Lnet/minecraft/world/phys/Vec3;
        21: invokestatic  #7                  // Method horizontal:(Lnet/minecraft/world/phys/Vec3;)Lnet/minecraft/world/phys/Vec3;
        24: bipush        72
        26: fconst_0
        27: aload_3
        28: invokestatic  #199                // Method encode:(Ljava/util/List;)Ljava/lang/String;
        31: invokestatic  #44                 // Method spawn:(Lnet/minecraft/server/level/ServerLevel;Lnet/minecraft/server/level/ServerPlayer;Ljava/lang/String;Lnet/minecraft/world/phys/Vec3;Lnet/minecraft/world/phys/Vec3;IFLjava/lang/String;)Lkr/moonseungjun/villageguardians/VillageSkillEffectEntity;
        34: pop
        35: return

  private static kr.moonseungjun.villageguardians.VillageSkillEffectEntity spawn(net.minecraft.server.level.ServerLevel, net.minecraft.server.level.ServerPlayer, java.lang.String, net.minecraft.world.phys.Vec3, net.minecraft.world.phys.Vec3, int, float, java.lang.String);
    Code:
         0: aload_0
         1: aload_1
         2: aload_2
         3: aload_3
         4: aload         4
         6: iload         5
         8: fload         6
        10: aload         7
        12: invokestatic  #217                // Method kr/moonseungjun/villageguardians/VillageSkillEffectEntity.spawn:(Lnet/minecraft/server/level/ServerLevel;Lnet/minecraft/world/entity/Entity;Ljava/lang/String;Lnet/minecraft/world/phys/Vec3;Lnet/minecraft/world/phys/Vec3;IFLjava/lang/String;)Lkr/moonseungjun/villageguardians/VillageSkillEffectEntity;
        15: areturn

  private static java.util.List<net.minecraft.world.phys.Vec3> positions(java.util.List<net.minecraft.server.level.ServerPlayer>, net.minecraft.world.phys.Vec3);
    Code:
         0: new           #162                // class java/util/ArrayList
         3: dup
         4: invokespecial #164                // Method java/util/ArrayList."<init>":()V
         7: astore_2
         8: aload_0
         9: ifnull        59
        12: aload_0
        13: invokeinterface #173,  1          // InterfaceMethod java/util/List.iterator:()Ljava/util/Iterator;
        18: astore_3
        19: aload_3
        20: invokeinterface #177,  1          // InterfaceMethod java/util/Iterator.hasNext:()Z
        25: ifeq          59
        28: aload_3
        29: invokeinterface #183,  1          // InterfaceMethod java/util/Iterator.next:()Ljava/lang/Object;
        34: checkcast     #37                 // class net/minecraft/server/level/ServerPlayer
        37: astore        4
        39: aload         4
        41: ifnull        56
        44: aload_2
        45: aload         4
        47: invokevirtual #36                 // Method net/minecraft/server/level/ServerPlayer.position:()Lnet/minecraft/world/phys/Vec3;
        50: invokeinterface #165,  2          // InterfaceMethod java/util/List.add:(Ljava/lang/Object;)Z
        55: pop
        56: goto          19
        59: aload_2
        60: invokeinterface #222,  1          // InterfaceMethod java/util/List.isEmpty:()Z
        65: ifeq          76
        68: aload_2
        69: aload_1
        70: invokeinterface #165,  2          // InterfaceMethod java/util/List.add:(Ljava/lang/Object;)Z
        75: pop
        76: aload_2
        77: areturn

  private static java.lang.String encode(java.util.List<net.minecraft.world.phys.Vec3>);
    Code:
         0: new           #225                // class java/lang/StringBuilder
         3: dup
         4: invokespecial #227                // Method java/lang/StringBuilder."<init>":()V
         7: astore_1
         8: aload_0
         9: invokeinterface #173,  1          // InterfaceMethod java/util/List.iterator:()Ljava/util/Iterator;
        14: astore_2
        15: aload_2
        16: invokeinterface #177,  1          // InterfaceMethod java/util/Iterator.hasNext:()Z
        21: ifeq          98
        24: aload_2
        25: invokeinterface #183,  1          // InterfaceMethod java/util/Iterator.next:()Ljava/lang/Object;
        30: checkcast     #72                 // class net/minecraft/world/phys/Vec3
        33: astore_3
        34: aload_1
        35: invokevirtual #228                // Method java/lang/StringBuilder.length:()I
        38: ifle          48
        41: aload_1
        42: bipush        59
        44: invokevirtual #231                // Method java/lang/StringBuilder.append:(C)Ljava/lang/StringBuilder;
        47: pop
        48: aload_1
        49: getstatic     #135                // Field java/util/Locale.ROOT:Ljava/util/Locale;
        52: ldc           #235                // String %.3f,%.3f,%.3f
        54: iconst_3
        55: anewarray     #2                  // class java/lang/Object
        58: dup
        59: iconst_0
        60: aload_3
        61: getfield      #237                // Field net/minecraft/world/phys/Vec3.x:D
        64: invokestatic  #148                // Method java/lang/Double.valueOf:(D)Ljava/lang/Double;
        67: aastore
        68: dup
        69: iconst_1
        70: aload_3
        71: getfield      #241                // Field net/minecraft/world/phys/Vec3.y:D
        74: invokestatic  #148                // Method java/lang/Double.valueOf:(D)Ljava/lang/Double;
        77: aastore
        78: dup
        79: iconst_2
        80: aload_3
        81: getfield      #244                // Field net/minecraft/world/phys/Vec3.z:D
        84: invokestatic  #148                // Method java/lang/Double.valueOf:(D)Ljava/lang/Double;
        87: aastore
        88: invokestatic  #154                // Method java/lang/String.format:(Ljava/util/Locale;Ljava/lang/String;[Ljava/lang/Object;)Ljava/lang/String;
        91: invokevirtual #247                // Method java/lang/StringBuilder.append:(Ljava/lang/String;)Ljava/lang/StringBuilder;
        94: pop
        95: goto          15
        98: aload_1
        99: invokevirtual #250                // Method java/lang/StringBuilder.toString:()Ljava/lang/String;
       102: areturn

  private static net.minecraft.world.phys.Vec3 normalized(net.minecraft.world.phys.Vec3);
    Code:
         0: aload_0
         1: ifnonnull     10
         4: getstatic     #254                // Field net/minecraft/world/phys/Vec3.ZERO:Lnet/minecraft/world/phys/Vec3;
         7: goto          11
        10: aload_0
        11: astore_1
        12: aload_1
        13: invokevirtual #258                // Method net/minecraft/world/phys/Vec3.lengthSqr:()D
        16: ldc2_w        #262                // double 1.0E-6d
        19: dcmpg
        20: ifge          36
        23: new           #72                 // class net/minecraft/world/phys/Vec3
        26: dup
        27: dconst_0
        28: dconst_0
        29: dconst_1
        30: invokespecial #264                // Method net/minecraft/world/phys/Vec3."<init>":(DDD)V
        33: goto          40
        36: aload_1
        37: invokevirtual #267                // Method net/minecraft/world/phys/Vec3.normalize:()Lnet/minecraft/world/phys/Vec3;
        40: areturn

  private static net.minecraft.world.phys.Vec3 horizontal(net.minecraft.world.phys.Vec3);
    Code:
         0: aload_0
         1: ifnonnull     10
         4: getstatic     #254                // Field net/minecraft/world/phys/Vec3.ZERO:Lnet/minecraft/world/phys/Vec3;
         7: goto          11
        10: aload_0
        11: astore_1
        12: new           #72                 // class net/minecraft/world/phys/Vec3
        15: dup
        16: aload_1
        17: getfield      #237                // Field net/minecraft/world/phys/Vec3.x:D
        20: dconst_0
        21: aload_1
        22: getfield      #244                // Field net/minecraft/world/phys/Vec3.z:D
        25: invokespecial #264                // Method net/minecraft/world/phys/Vec3."<init>":(DDD)V
        28: astore_2
        29: aload_2
        30: invokevirtual #258                // Method net/minecraft/world/phys/Vec3.lengthSqr:()D
        33: ldc2_w        #262                // double 1.0E-6d
        36: dcmpg
        37: ifge          53
        40: new           #72                 // class net/minecraft/world/phys/Vec3
        43: dup
        44: dconst_0
        45: dconst_0
        46: dconst_1
        47: invokespecial #264                // Method net/minecraft/world/phys/Vec3."<init>":(DDD)V
        50: goto          57
        53: aload_2
        54: invokevirtual #267                // Method net/minecraft/world/phys/Vec3.normalize:()Lnet/minecraft/world/phys/Vec3;
        57: areturn
}
Compiled from "VillageSkillEffectRenderer.java"
public final class kr.moonseungjun.villageguardians.VillageSkillEffectRenderer extends net.minecraft.client.renderer.entity.EntityRenderer<kr.moonseungjun.villageguardians.VillageSkillEffectEntity, kr.moonseungjun.villageguardians.VillageSkillEffectRenderState> {
  private static final net.minecraft.resources.Identifier TEXTURE;

  private static final net.minecraft.client.renderer.rendertype.RenderType RENDER_TYPE;

  public kr.moonseungjun.villageguardians.VillageSkillEffectRenderer(net.minecraft.client.renderer.entity.EntityRendererProvider$Context);
    Code:
         0: aload_0
         1: aload_1
         2: invokespecial #1                  // Method net/minecraft/client/renderer/entity/EntityRenderer."<init>":(Lnet/minecraft/client/renderer/entity/EntityRendererProvider$Context;)V
         5: aload_0
         6: fconst_0
         7: putfield      #7                  // Field shadowRadius:F
        10: aload_0
        11: fconst_0
        12: putfield      #13                 // Field shadowStrength:F
        15: return

  public kr.moonseungjun.villageguardians.VillageSkillEffectRenderState createRenderState();
    Code:
         0: new           #16                 // class kr/moonseungjun/villageguardians/VillageSkillEffectRenderState
         3: dup
         4: invokespecial #18                 // Method kr/moonseungjun/villageguardians/VillageSkillEffectRenderState."<init>":()V
         7: areturn

  public void extractRenderState(kr.moonseungjun.villageguardians.VillageSkillEffectEntity, kr.moonseungjun.villageguardians.VillageSkillEffectRenderState, float);
    Code:
         0: aload_0
         1: aload_1
         2: aload_2
         3: fload_3
         4: invokespecial #21                 // Method net/minecraft/client/renderer/entity/EntityRenderer.extractRenderState:(Lnet/minecraft/world/entity/Entity;Lnet/minecraft/client/renderer/entity/state/EntityRenderState;F)V
         7: aload_2
         8: aload_1
         9: invokevirtual #25                 // Method kr/moonseungjun/villageguardians/VillageSkillEffectEntity.kind:()Ljava/lang/String;
        12: putfield      #31                 // Field kr/moonseungjun/villageguardians/VillageSkillEffectRenderState.kind:Ljava/lang/String;
        15: aload_2
        16: aload_1
        17: invokevirtual #34                 // Method kr/moonseungjun/villageguardians/VillageSkillEffectEntity.ownerEntityId:()I
        20: putfield      #38                 // Field kr/moonseungjun/villageguardians/VillageSkillEffectRenderState.ownerEntityId:I
        23: aload_2
        24: aload_1
        25: invokevirtual #41                 // Method kr/moonseungjun/villageguardians/VillageSkillEffectEntity.duration:()I
        28: putfield      #44                 // Field kr/moonseungjun/villageguardians/VillageSkillEffectRenderState.duration:I
        31: aload_2
        32: aload_1
        33: getfield      #46                 // Field kr/moonseungjun/villageguardians/VillageSkillEffectEntity.tickCount:I
        36: i2f
        37: fload_3
        38: fadd
        39: putfield      #49                 // Field kr/moonseungjun/villageguardians/VillageSkillEffectRenderState.age:F
        42: aload_2
        43: aload_1
        44: invokevirtual #52                 // Method kr/moonseungjun/villageguardians/VillageSkillEffectEntity.direction:()Lnet/minecraft/world/phys/Vec3;
        47: putfield      #56                 // Field kr/moonseungjun/villageguardians/VillageSkillEffectRenderState.direction:Lnet/minecraft/world/phys/Vec3;
        50: aload_2
        51: aload_1
        52: invokevirtual #59                 // Method kr/moonseungjun/villageguardians/VillageSkillEffectEntity.seed:()I
        55: putfield      #62                 // Field kr/moonseungjun/villageguardians/VillageSkillEffectRenderState.seed:I
        58: aload_2
        59: aload_1
        60: invokevirtual #64                 // Method kr/moonseungjun/villageguardians/VillageSkillEffectEntity.extra:()Ljava/lang/String;
        63: putfield      #67                 // Field kr/moonseungjun/villageguardians/VillageSkillEffectRenderState.extra:Ljava/lang/String;
        66: return

  public void submit(kr.moonseungjun.villageguardians.VillageSkillEffectRenderState, com.mojang.blaze3d.vertex.PoseStack, net.minecraft.client.renderer.SubmitNodeCollector, net.minecraft.client.renderer.state.level.CameraRenderState);
    Code:
         0: aload_1
         1: getfield      #31                 // Field kr/moonseungjun/villageguardians/VillageSkillEffectRenderState.kind:Ljava/lang/String;
         4: ifnull        17
         7: aload_1
         8: getfield      #31                 // Field kr/moonseungjun/villageguardians/VillageSkillEffectRenderState.kind:Ljava/lang/String;
        11: invokevirtual #69                 // Method java/lang/String.isBlank:()Z
        14: ifeq          18
        17: return
        18: aload_3
        19: aload_2
        20: getstatic     #75                 // Field RENDER_TYPE:Lnet/minecraft/client/renderer/rendertype/RenderType;
        23: aload_1
        24: invokedynamic #79,  0             // InvokeDynamic #0:render:(Lkr/moonseungjun/villageguardians/VillageSkillEffectRenderState;)Lnet/minecraft/client/renderer/SubmitNodeCollector$CustomGeometryRenderer;
        29: invokeinterface #83,  4           // InterfaceMethod net/minecraft/client/renderer/SubmitNodeCollector.submitCustomGeometry:(Lcom/mojang/blaze3d/vertex/PoseStack;Lnet/minecraft/client/renderer/rendertype/RenderType;Lnet/minecraft/client/renderer/SubmitNodeCollector$CustomGeometryRenderer;)V
        34: return

  public void extractRenderState(net.minecraft.world.entity.Entity, net.minecraft.client.renderer.entity.state.EntityRenderState, float);
    Code:
         0: aload_0
         1: aload_1
         2: checkcast     #26                 // class kr/moonseungjun/villageguardians/VillageSkillEffectEntity
         5: aload_2
         6: checkcast     #16                 // class kr/moonseungjun/villageguardians/VillageSkillEffectRenderState
         9: fload_3
        10: invokevirtual #89                 // Method extractRenderState:(Lkr/moonseungjun/villageguardians/VillageSkillEffectEntity;Lkr/moonseungjun/villageguardians/VillageSkillEffectRenderState;F)V
        13: return

  public net.minecraft.client.renderer.entity.state.EntityRenderState createRenderState();
    Code:
         0: aload_0
         1: invokevirtual #92                 // Method createRenderState:()Lkr/moonseungjun/villageguardians/VillageSkillEffectRenderState;
         4: areturn

  public void submit(net.minecraft.client.renderer.entity.state.EntityRenderState, com.mojang.blaze3d.vertex.PoseStack, net.minecraft.client.renderer.SubmitNodeCollector, net.minecraft.client.renderer.state.level.CameraRenderState);
    Code:
         0: aload_0
         1: aload_1
         2: checkcast     #16                 // class kr/moonseungjun/villageguardians/VillageSkillEffectRenderState
         5: aload_2
         6: aload_3
         7: aload         4
         9: invokevirtual #96                 // Method submit:(Lkr/moonseungjun/villageguardians/VillageSkillEffectRenderState;Lcom/mojang/blaze3d/vertex/PoseStack;Lnet/minecraft/client/renderer/SubmitNodeCollector;Lnet/minecraft/client/renderer/state/level/CameraRenderState;)V
        12: return

  private static void lambda$submit$0(kr.moonseungjun.villageguardians.VillageSkillEffectRenderState, com.mojang.blaze3d.vertex.PoseStack$Pose, com.mojang.blaze3d.vertex.VertexConsumer);
    Code:
         0: aload_0
         1: aload_1
         2: aload_2
         3: invokestatic  #100                // Method kr/moonseungjun/villageguardians/VillageSkillMeshLibrary.render:(Lkr/moonseungjun/villageguardians/VillageSkillEffectRenderState;Lcom/mojang/blaze3d/vertex/PoseStack$Pose;Lcom/mojang/blaze3d/vertex/VertexConsumer;)V
         6: return

  static {};
    Code:
         0: ldc           #107                // String villageguardians
         2: ldc           #109                // String textures/effect/skill_mesh.png
         4: invokestatic  #111                // Method net/minecraft/resources/Identifier.fromNamespaceAndPath:(Ljava/lang/String;Ljava/lang/String;)Lnet/minecraft/resources/Identifier;
         7: putstatic     #117                // Field TEXTURE:Lnet/minecraft/resources/Identifier;
        10: getstatic     #117                // Field TEXTURE:Lnet/minecraft/resources/Identifier;
        13: invokestatic  #121                // Method net/minecraft/client/renderer/rendertype/RenderTypes.entityTranslucentEmissive:(Lnet/minecraft/resources/Identifier;)Lnet/minecraft/client/renderer/rendertype/RenderType;
        16: putstatic     #75                 // Field RENDER_TYPE:Lnet/minecraft/client/renderer/rendertype/RenderType;
        19: return
}
Compiled from "VillageSkillMeshLibrary.java"
public final class kr.moonseungjun.villageguardians.VillageSkillMeshLibrary {
  private static final int FULL_BRIGHT;

  private static final double TAU;

  private kr.moonseungjun.villageguardians.VillageSkillMeshLibrary();
    Code:
         0: aload_0
         1: invokespecial #3                  // Method java/lang/Object."<init>":()V
         4: return

  public static void render(kr.moonseungjun.villageguardians.VillageSkillEffectRenderState, com.mojang.blaze3d.vertex.PoseStack$Pose, com.mojang.blaze3d.vertex.VertexConsumer);
    Code:
         0: aload_0
         1: getfield      #9                  // Field kr/moonseungjun/villageguardians/VillageSkillEffectRenderState.age:F
         4: f2d
         5: dstore_3
         6: dload_3
         7: dconst_1
         8: aload_0
         9: getfield      #15                 // Field kr/moonseungjun/villageguardians/VillageSkillEffectRenderState.duration:I
        12: i2d
        13: invokestatic  #19                 // Method java/lang/Math.max:(DD)D
        16: ddiv
        17: dconst_0
        18: dconst_1
        19: invokestatic  #23                 // Method clamp:(DDD)D
        22: dstore        5
        24: aload_0
        25: getfield      #29                 // Field kr/moonseungjun/villageguardians/VillageSkillEffectRenderState.direction:Lnet/minecraft/world/phys/Vec3;
        28: invokestatic  #33                 // Method kr/moonseungjun/villageguardians/VillageSkillMeshLibrary$Basis.from:(Lnet/minecraft/world/phys/Vec3;)Lkr/moonseungjun/villageguardians/VillageSkillMeshLibrary$Basis;
        31: astore        7
        33: new           #39                 // class java/util/Random
        36: dup
        37: aload_0
        38: getfield      #41                 // Field kr/moonseungjun/villageguardians/VillageSkillEffectRenderState.seed:I
        41: i2l
        42: invokespecial #44                 // Method java/util/Random."<init>":(J)V
        45: astore        8
        47: aload_0
        48: getfield      #47                 // Field kr/moonseungjun/villageguardians/VillageSkillEffectRenderState.kind:Ljava/lang/String;
        51: astore        9
        53: iconst_m1
        54: istore        10
        56: aload         9
        58: invokevirtual #51                 // Method java/lang/String.hashCode:()I
        61: lookupswitch  { // 30
             -1703724611: 376
             -1662021575: 459
             -1463539592: 344
             -1457163538: 425
             -1446486254: 408
              -917656255: 595
              -764728223: 493
              -455189437: 527
               -34464933: 561
                 2677928: 663
                 3273826: 680
                91720789: 442
               106837479: 476
               111739025: 360
               221080658: 714
               221676556: 731
               269632659: 799
               287074004: 765
               288561955: 392
               444455245: 328
               544834576: 697
               762372304: 748
              1103519664: 578
              1276870070: 612
              1283601686: 510
              1644289873: 629
              1644565516: 646
              1772070392: 782
              1949470954: 544
              2092591359: 312
                 default: 813
            }
       312: aload         9
       314: ldc           #57                 // String vanguard_spin
       316: invokevirtual #59                 // Method java/lang/String.equals:(Ljava/lang/Object;)Z
       319: ifeq          813
       322: iconst_0
       323: istore        10
       325: goto          813
       328: aload         9
       330: ldc           #63                 // String vanguard_rally
       332: invokevirtual #59                 // Method java/lang/String.equals:(Ljava/lang/Object;)Z
       335: ifeq          813
       338: iconst_1
       339: istore        10
       341: goto          813
       344: aload         9
       346: ldc           #65                 // String vanguard_blade_charge
       348: invokevirtual #59                 // Method java/lang/String.equals:(Ljava/lang/Object;)Z
       351: ifeq          813
       354: iconst_2
       355: istore        10
       357: goto          813
       360: aload         9
       362: ldc           #67                 // String vanguard_slam_charge
       364: invokevirtual #59                 // Method java/lang/String.equals:(Ljava/lang/Object;)Z
       367: ifeq          813
       370: iconst_3
       371: istore        10
       373: goto          813
       376: aload         9
       378: ldc           #69                 // String vanguard_blade_wave
       380: invokevirtual #59                 // Method java/lang/String.equals:(Ljava/lang/Object;)Z
       383: ifeq          813
       386: iconst_4
       387: istore        10
       389: goto          813
       392: aload         9
       394: ldc           #71                 // String vanguard_slam_impact
       396: invokevirtual #59                 // Method java/lang/String.equals:(Ljava/lang/Object;)Z
       399: ifeq          813
       402: iconst_5
       403: istore        10
       405: goto          813
       408: aload         9
       410: ldc           #73                 // String ranger_rapid
       412: invokevirtual #59                 // Method java/lang/String.equals:(Ljava/lang/Object;)Z
       415: ifeq          813
       418: bipush        6
       420: istore        10
       422: goto          813
       425: aload         9
       427: ldc           #75                 // String ranger_focus
       429: invokevirtual #59                 // Method java/lang/String.equals:(Ljava/lang/Object;)Z
       432: ifeq          813
       435: bipush        7
       437: istore        10
       439: goto          813
       442: aload         9
       444: ldc           #77                 // String ranger_lock
       446: invokevirtual #59                 // Method java/lang/String.equals:(Ljava/lang/Object;)Z
       449: ifeq          813
       452: bipush        8
       454: istore        10
       456: goto          813
       459: aload         9
       461: ldc           #79                 // String ranger_rain_field
       463: invokevirtual #59                 // Method java/lang/String.equals:(Ljava/lang/Object;)Z
       466: ifeq          813
       469: bipush        9
       471: istore        10
       473: goto          813
       476: aload         9
       478: ldc           #81                 // String ranger_rain_impact
       480: invokevirtual #59                 // Method java/lang/String.equals:(Ljava/lang/Object;)Z
       483: ifeq          813
       486: bipush        10
       488: istore        10
       490: goto          813
       493: aload         9
       495: ldc           #83                 // String ranger_energy_charge
       497: invokevirtual #59                 // Method java/lang/String.equals:(Ljava/lang/Object;)Z
       500: ifeq          813
       503: bipush        11
       505: istore        10
       507: goto          813
       510: aload         9
       512: ldc           #85                 // String ranger_energy_projectile
       514: invokevirtual #59                 // Method java/lang/String.equals:(Ljava/lang/Object;)Z
       517: ifeq          813
       520: bipush        12
       522: istore        10
       524: goto          813
       527: aload         9
       529: ldc           #87                 // String ranger_ricochet_path
       531: invokevirtual #59                 // Method java/lang/String.equals:(Ljava/lang/Object;)Z
       534: ifeq          813
       537: bipush        13
       539: istore        10
       541: goto          813
       544: aload         9
       546: ldc           #89                 // String arcanist_fire_orb
       548: invokevirtual #59                 // Method java/lang/String.equals:(Ljava/lang/Object;)Z
       551: ifeq          813
       554: bipush        14
       556: istore        10
       558: goto          813
       561: aload         9
       563: ldc           #91                 // String arcanist_fire_impact
       565: invokevirtual #59                 // Method java/lang/String.equals:(Ljava/lang/Object;)Z
       568: ifeq          813
       571: bipush        15
       573: istore        10
       575: goto          813
       578: aload         9
       580: ldc           #93                 // String arcanist_frost
       582: invokevirtual #59                 // Method java/lang/String.equals:(Ljava/lang/Object;)Z
       585: ifeq          813
       588: bipush        16
       590: istore        10
       592: goto          813
       595: aload         9
       597: ldc           #95                 // String arcanist_tornado
       599: invokevirtual #59                 // Method java/lang/String.equals:(Ljava/lang/Object;)Z
       602: ifeq          813
       605: bipush        17
       607: istore        10
       609: goto          813
       612: aload         9
       614: ldc           #97                 // String arcanist_lightning
       616: invokevirtual #59                 // Method java/lang/String.equals:(Ljava/lang/Object;)Z
       619: ifeq          813
       622: bipush        18
       624: istore        10
       626: goto          813
       629: aload         9
       631: ldc           #99                 // String luminar_heal_cast
       633: invokevirtual #59                 // Method java/lang/String.equals:(Ljava/lang/Object;)Z
       636: ifeq          813
       639: bipush        19
       641: istore        10
       643: goto          813
       646: aload         9
       648: ldc           #101                // String luminar_heal_link
       650: invokevirtual #59                 // Method java/lang/String.equals:(Ljava/lang/Object;)Z
       653: ifeq          813
       656: bipush        20
       658: istore        10
       660: goto          813
       663: aload         9
       665: ldc           #103                // String luminar_cleanse_cast
       667: invokevirtual #59                 // Method java/lang/String.equals:(Ljava/lang/Object;)Z
       670: ifeq          813
       673: bipush        21
       675: istore        10
       677: goto          813
       680: aload         9
       682: ldc           #105                // String luminar_cleanse_wave
       684: invokevirtual #59                 // Method java/lang/String.equals:(Ljava/lang/Object;)Z
       687: ifeq          813
       690: bipush        22
       692: istore        10
       694: goto          813
       697: aload         9
       699: ldc           #107                // String luminar_healing_field
       701: invokevirtual #59                 // Method java/lang/String.equals:(Ljava/lang/Object;)Z
       704: ifeq          813
       707: bipush        23
       709: istore        10
       711: goto          813
       714: aload         9
       716: ldc           #109                // String luminar_miracle_cast
       718: invokevirtual #59                 // Method java/lang/String.equals:(Ljava/lang/Object;)Z
       721: ifeq          813
       724: bipush        24
       726: istore        10
       728: goto          813
       731: aload         9
       733: ldc           #111                // String luminar_miracle_wave
       735: invokevirtual #59                 // Method java/lang/String.equals:(Ljava/lang/Object;)Z
       738: ifeq          813
       741: bipush        25
       743: istore        10
       745: goto          813
       748: aload         9
       750: ldc           #113                // String warden_charge_cast
       752: invokevirtual #59                 // Method java/lang/String.equals:(Ljava/lang/Object;)Z
       755: ifeq          813
       758: bipush        26
       760: istore        10
       762: goto          813
       765: aload         9
       767: ldc           #115                // String warden_taunt
       769: invokevirtual #59                 // Method java/lang/String.equals:(Ljava/lang/Object;)Z
       772: ifeq          813
       775: bipush        27
       777: istore        10
       779: goto          813
       782: aload         9
       784: ldc           #117                // String warden_fortress
       786: invokevirtual #59                 // Method java/lang/String.equals:(Ljava/lang/Object;)Z
       789: ifeq          813
       792: bipush        28
       794: istore        10
       796: goto          813
       799: aload         9
       801: ldc           #119                // String warden_aegis
       803: invokevirtual #59                 // Method java/lang/String.equals:(Ljava/lang/Object;)Z
       806: ifeq          813
       809: bipush        29
       811: istore        10
       813: iload         10
       815: tableswitch   { // 0 to 29
                       0: 948
                       1: 961
                       2: 974
                       3: 987
                       4: 1000
                       5: 1013
                       6: 1028
                       7: 1041
                       8: 1054
                       9: 1067
                      10: 1082
                      11: 1097
                      12: 1110
                      13: 1123
                      14: 1138
                      15: 1151
                      16: 1168
                      17: 1181
                      18: 1194
                      19: 1209
                      20: 1222
                      21: 1237
                      22: 1250
                      23: 1262
                      24: 1275
                      25: 1288
                      26: 1300
                      27: 1313
                      28: 1326
                      29: 1340
                 default: 1354
            }
       948: aload_1
       949: aload_2
       950: aload         7
       952: dload_3
       953: dload         5
       955: invokestatic  #121                // Method renderVanguardSpin:(Lcom/mojang/blaze3d/vertex/PoseStack$Pose;Lcom/mojang/blaze3d/vertex/VertexConsumer;Lkr/moonseungjun/villageguardians/VillageSkillMeshLibrary$Basis;DD)V
       958: goto          1364
       961: aload_1
       962: aload_2
       963: aload         7
       965: dload_3
       966: dload         5
       968: invokestatic  #125                // Method renderVanguardRally:(Lcom/mojang/blaze3d/vertex/PoseStack$Pose;Lcom/mojang/blaze3d/vertex/VertexConsumer;Lkr/moonseungjun/villageguardians/VillageSkillMeshLibrary$Basis;DD)V
       971: goto          1364
       974: aload_1
       975: aload_2
       976: aload         7
       978: dload_3
       979: dload         5
       981: invokestatic  #128                // Method renderBladeCharge:(Lcom/mojang/blaze3d/vertex/PoseStack$Pose;Lcom/mojang/blaze3d/vertex/VertexConsumer;Lkr/moonseungjun/villageguardians/VillageSkillMeshLibrary$Basis;DD)V
       984: goto          1364
       987: aload_1
       988: aload_2
       989: aload         7
       991: dload_3
       992: dload         5
       994: invokestatic  #131                // Method renderSlamCharge:(Lcom/mojang/blaze3d/vertex/PoseStack$Pose;Lcom/mojang/blaze3d/vertex/VertexConsumer;Lkr/moonseungjun/villageguardians/VillageSkillMeshLibrary$Basis;DD)V
       997: goto          1364
      1000: aload_1
      1001: aload_2
      1002: aload         7
      1004: dload_3
      1005: dload         5
      1007: invokestatic  #134                // Method renderBladeWave:(Lcom/mojang/blaze3d/vertex/PoseStack$Pose;Lcom/mojang/blaze3d/vertex/VertexConsumer;Lkr/moonseungjun/villageguardians/VillageSkillMeshLibrary$Basis;DD)V
      1010: goto          1364
      1013: aload_1
      1014: aload_2
      1015: aload         7
      1017: dload_3
      1018: dload         5
      1020: aload         8
      1022: invokestatic  #137                // Method renderSlamImpact:(Lcom/mojang/blaze3d/vertex/PoseStack$Pose;Lcom/mojang/blaze3d/vertex/VertexConsumer;Lkr/moonseungjun/villageguardians/VillageSkillMeshLibrary$Basis;DDLjava/util/Random;)V
      1025: goto          1364
      1028: aload_1
      1029: aload_2
      1030: aload         7
      1032: dload_3
      1033: dload         5
      1035: invokestatic  #141                // Method renderRapidFire:(Lcom/mojang/blaze3d/vertex/PoseStack$Pose;Lcom/mojang/blaze3d/vertex/VertexConsumer;Lkr/moonseungjun/villageguardians/VillageSkillMeshLibrary$Basis;DD)V
      1038: goto          1364
      1041: aload_1
      1042: aload_2
      1043: aload         7
      1045: dload_3
      1046: dload         5
      1048: invokestatic  #144                // Method renderRangerFocus:(Lcom/mojang/blaze3d/vertex/PoseStack$Pose;Lcom/mojang/blaze3d/vertex/VertexConsumer;Lkr/moonseungjun/villageguardians/VillageSkillMeshLibrary$Basis;DD)V
      1051: goto          1364
      1054: aload_1
      1055: aload_2
      1056: aload         7
      1058: dload_3
      1059: dload         5
      1061: invokestatic  #147                // Method renderTargetLock:(Lcom/mojang/blaze3d/vertex/PoseStack$Pose;Lcom/mojang/blaze3d/vertex/VertexConsumer;Lkr/moonseungjun/villageguardians/VillageSkillMeshLibrary$Basis;DD)V
      1064: goto          1364
      1067: aload_1
      1068: aload_2
      1069: aload         7
      1071: dload_3
      1072: dload         5
      1074: aload         8
      1076: invokestatic  #150                // Method renderArrowRainField:(Lcom/mojang/blaze3d/vertex/PoseStack$Pose;Lcom/mojang/blaze3d/vertex/VertexConsumer;Lkr/moonseungjun/villageguardians/VillageSkillMeshLibrary$Basis;DDLjava/util/Random;)V
      1079: goto          1364
      1082: aload_1
      1083: aload_2
      1084: aload         7
      1086: dload_3
      1087: dload         5
      1089: aload         8
      1091: invokestatic  #153                // Method renderArrowRainImpact:(Lcom/mojang/blaze3d/vertex/PoseStack$Pose;Lcom/mojang/blaze3d/vertex/VertexConsumer;Lkr/moonseungjun/villageguardians/VillageSkillMeshLibrary$Basis;DDLjava/util/Random;)V
      1094: goto          1364
      1097: aload_1
      1098: aload_2
      1099: aload         7
      1101: dload_3
      1102: dload         5
      1104: invokestatic  #156                // Method renderEnergyCharge:(Lcom/mojang/blaze3d/vertex/PoseStack$Pose;Lcom/mojang/blaze3d/vertex/VertexConsumer;Lkr/moonseungjun/villageguardians/VillageSkillMeshLibrary$Basis;DD)V
      1107: goto          1364
      1110: aload_1
      1111: aload_2
      1112: aload         7
      1114: dload_3
      1115: dload         5
      1117: invokestatic  #159                // Method renderEnergyProjectile:(Lcom/mojang/blaze3d/vertex/PoseStack$Pose;Lcom/mojang/blaze3d/vertex/VertexConsumer;Lkr/moonseungjun/villageguardians/VillageSkillMeshLibrary$Basis;DD)V
      1120: goto          1364
      1123: aload_1
      1124: aload_2
      1125: aload_0
      1126: dload_3
      1127: dload         5
      1129: ldc           #162                // int 9558015
      1131: iconst_0
      1132: invokestatic  #163                // Method renderPath:(Lcom/mojang/blaze3d/vertex/PoseStack$Pose;Lcom/mojang/blaze3d/vertex/VertexConsumer;Lkr/moonseungjun/villageguardians/VillageSkillEffectRenderState;DDIZ)V
      1135: goto          1364
      1138: aload_1
      1139: aload_2
      1140: aload         7
      1142: dload_3
      1143: dload         5
      1145: invokestatic  #167                // Method renderFireOrb:(Lcom/mojang/blaze3d/vertex/PoseStack$Pose;Lcom/mojang/blaze3d/vertex/VertexConsumer;Lkr/moonseungjun/villageguardians/VillageSkillMeshLibrary$Basis;DD)V
      1148: goto          1364
      1151: aload_1
      1152: aload_2
      1153: aload         7
      1155: dload_3
      1156: dload         5
      1158: aload_0
      1159: getfield      #170                // Field kr/moonseungjun/villageguardians/VillageSkillEffectRenderState.extra:Ljava/lang/String;
      1162: invokestatic  #173                // Method renderFireImpact:(Lcom/mojang/blaze3d/vertex/PoseStack$Pose;Lcom/mojang/blaze3d/vertex/VertexConsumer;Lkr/moonseungjun/villageguardians/VillageSkillMeshLibrary$Basis;DDLjava/lang/String;)V
      1165: goto          1364
      1168: aload_1
      1169: aload_2
      1170: aload         7
      1172: dload_3
      1173: dload         5
      1175: invokestatic  #177                // Method renderFrostField:(Lcom/mojang/blaze3d/vertex/PoseStack$Pose;Lcom/mojang/blaze3d/vertex/VertexConsumer;Lkr/moonseungjun/villageguardians/VillageSkillMeshLibrary$Basis;DD)V
      1178: goto          1364
      1181: aload_1
      1182: aload_2
      1183: aload         7
      1185: dload_3
      1186: dload         5
      1188: invokestatic  #180                // Method renderTornado:(Lcom/mojang/blaze3d/vertex/PoseStack$Pose;Lcom/mojang/blaze3d/vertex/VertexConsumer;Lkr/moonseungjun/villageguardians/VillageSkillMeshLibrary$Basis;DD)V
      1191: goto          1364
      1194: aload_1
      1195: aload_2
      1196: aload         7
      1198: dload_3
      1199: dload         5
      1201: aload         8
      1203: invokestatic  #183                // Method renderLightningField:(Lcom/mojang/blaze3d/vertex/PoseStack$Pose;Lcom/mojang/blaze3d/vertex/VertexConsumer;Lkr/moonseungjun/villageguardians/VillageSkillMeshLibrary$Basis;DDLjava/util/Random;)V
      1206: goto          1364
      1209: aload_1
      1210: aload_2
      1211: aload         7
      1213: dload_3
      1214: dload         5
      1216: invokestatic  #186                // Method renderHealCast:(Lcom/mojang/blaze3d/vertex/PoseStack$Pose;Lcom/mojang/blaze3d/vertex/VertexConsumer;Lkr/moonseungjun/villageguardians/VillageSkillMeshLibrary$Basis;DD)V
      1219: goto          1364
      1222: aload_1
      1223: aload_2
      1224: aload_0
      1225: dload_3
      1226: dload         5
      1228: ldc           #189                // int 16773800
      1230: iconst_1
      1231: invokestatic  #163                // Method renderPath:(Lcom/mojang/blaze3d/vertex/PoseStack$Pose;Lcom/mojang/blaze3d/vertex/VertexConsumer;Lkr/moonseungjun/villageguardians/VillageSkillEffectRenderState;DDIZ)V
      1234: goto          1364
      1237: aload_1
      1238: aload_2
      1239: aload         7
      1241: dload_3
      1242: dload         5
      1244: invokestatic  #190                // Method renderCleanseCast:(Lcom/mojang/blaze3d/vertex/PoseStack$Pose;Lcom/mojang/blaze3d/vertex/VertexConsumer;Lkr/moonseungjun/villageguardians/VillageSkillMeshLibrary$Basis;DD)V
      1247: goto          1364
      1250: aload_1
      1251: aload_2
      1252: aload_0
      1253: dload_3
      1254: dload         5
      1256: invokestatic  #193                // Method renderCleanseWave:(Lcom/mojang/blaze3d/vertex/PoseStack$Pose;Lcom/mojang/blaze3d/vertex/VertexConsumer;Lkr/moonseungjun/villageguardians/VillageSkillEffectRenderState;DD)V
      1259: goto          1364
      1262: aload_1
      1263: aload_2
      1264: aload         7
      1266: dload_3
      1267: dload         5
      1269: invokestatic  #197                // Method renderHealingField:(Lcom/mojang/blaze3d/vertex/PoseStack$Pose;Lcom/mojang/blaze3d/vertex/VertexConsumer;Lkr/moonseungjun/villageguardians/VillageSkillMeshLibrary$Basis;DD)V
      1272: goto          1364
      1275: aload_1
      1276: aload_2
      1277: aload         7
      1279: dload_3
      1280: dload         5
      1282: invokestatic  #200                // Method renderMiracleCast:(Lcom/mojang/blaze3d/vertex/PoseStack$Pose;Lcom/mojang/blaze3d/vertex/VertexConsumer;Lkr/moonseungjun/villageguardians/VillageSkillMeshLibrary$Basis;DD)V
      1285: goto          1364
      1288: aload_1
      1289: aload_2
      1290: aload_0
      1291: dload_3
      1292: dload         5
      1294: invokestatic  #203                // Method renderMiracleWave:(Lcom/mojang/blaze3d/vertex/PoseStack$Pose;Lcom/mojang/blaze3d/vertex/VertexConsumer;Lkr/moonseungjun/villageguardians/VillageSkillEffectRenderState;DD)V
      1297: goto          1364
      1300: aload_1
      1301: aload_2
      1302: aload         7
      1304: dload_3
      1305: dload         5
      1307: invokestatic  #206                // Method renderShieldCharge:(Lcom/mojang/blaze3d/vertex/PoseStack$Pose;Lcom/mojang/blaze3d/vertex/VertexConsumer;Lkr/moonseungjun/villageguardians/VillageSkillMeshLibrary$Basis;DD)V
      1310: goto          1364
      1313: aload_1
      1314: aload_2
      1315: aload         7
      1317: dload_3
      1318: dload         5
      1320: invokestatic  #209                // Method renderTaunt:(Lcom/mojang/blaze3d/vertex/PoseStack$Pose;Lcom/mojang/blaze3d/vertex/VertexConsumer;Lkr/moonseungjun/villageguardians/VillageSkillMeshLibrary$Basis;DD)V
      1323: goto          1364
      1326: aload_1
      1327: aload_2
      1328: aload         7
      1330: dload_3
      1331: dload         5
      1333: iconst_1
      1334: invokestatic  #212                // Method renderFortress:(Lcom/mojang/blaze3d/vertex/PoseStack$Pose;Lcom/mojang/blaze3d/vertex/VertexConsumer;Lkr/moonseungjun/villageguardians/VillageSkillMeshLibrary$Basis;DDZ)V
      1337: goto          1364
      1340: aload_1
      1341: aload_2
      1342: aload         7
      1344: dload_3
      1345: dload         5
      1347: iconst_0
      1348: invokestatic  #212                // Method renderFortress:(Lcom/mojang/blaze3d/vertex/PoseStack$Pose;Lcom/mojang/blaze3d/vertex/VertexConsumer;Lkr/moonseungjun/villageguardians/VillageSkillMeshLibrary$Basis;DDZ)V
      1351: goto          1364
      1354: aload_1
      1355: aload_2
      1356: aload         7
      1358: dload_3
      1359: dload         5
      1361: invokestatic  #216                // Method renderFallbackRune:(Lcom/mojang/blaze3d/vertex/PoseStack$Pose;Lcom/mojang/blaze3d/vertex/VertexConsumer;Lkr/moonseungjun/villageguardians/VillageSkillMeshLibrary$Basis;DD)V
      1364: return

  private static void renderVanguardSpin(com.mojang.blaze3d.vertex.PoseStack$Pose, com.mojang.blaze3d.vertex.VertexConsumer, kr.moonseungjun.villageguardians.VillageSkillMeshLibrary$Basis, double, double);
    Code:
         0: dload         5
         2: ldc2_w        #219                // double 0.08d
         5: ldc2_w        #221                // double 0.16d
         8: invokestatic  #223                // Method envelope:(DDD)D
        11: dstore        7
        13: iconst_0
        14: istore        9
        16: iload         9
        18: iconst_4
        19: if_icmpge     123
        22: dload_3
        23: ldc2_w        #226                // double 0.78d
        26: dmul
        27: iload         9
        29: i2d
        30: ldc2_w        #228                // double 6.283185307179586d
        33: dmul
        34: ldc2_w        #230                // double 4.0d
        37: ddiv
        38: dadd
        39: dstore        10
        41: ldc2_w        #232                // double 1.35d
        44: iload         9
        46: i2d
        47: ldc2_w        #234                // double 0.34d
        50: dmul
        51: dadd
        52: dstore        12
        54: ldc2_w        #236                // double 0.72d
        57: iload         9
        59: i2d
        60: ldc2_w        #238                // double 0.24d
        63: dmul
        64: dadd
        65: dstore        14
        67: aload_0
        68: aload_1
        69: aload_2
        70: dload         10
        72: dload         12
        74: dload         14
        76: ldc2_w        #240                // double 1.18d
        79: ldc2_w        #242                // double 0.14d
        82: iload         9
        84: i2d
        85: ldc2_w        #244                // double 0.018d
        88: dmul
        89: dadd
        90: sipush        255
        93: sipush        188
        96: iload         9
        98: bipush        14
       100: imul
       101: isub
       102: bipush        72
       104: ldc2_w        #246                // double 190.0d
       107: dload         7
       109: dmul
       110: d2i
       111: invokestatic  #248                // Method rgba:(IIII)I
       114: invokestatic  #252                // Method slashArc:(Lcom/mojang/blaze3d/vertex/PoseStack$Pose;Lcom/mojang/blaze3d/vertex/VertexConsumer;Lkr/moonseungjun/villageguardians/VillageSkillMeshLibrary$Basis;DDDDDI)V
       117: iinc          9, 1
       120: goto          16
       123: aload_0
       124: aload_1
       125: aload_2
       126: ldc2_w        #256                // double 1.05d
       129: ldc2_w        #258                // double 0.06d
       132: ldc2_w        #219                // double 0.08d
       135: bipush        56
       137: sipush        255
       140: bipush        103
       142: bipush        38
       144: ldc2_w        #260                // double 120.0d
       147: dload         7
       149: dmul
       150: d2i
       151: invokestatic  #248                // Method rgba:(IIII)I
       154: dload_3
       155: dneg
       156: ldc2_w        #262                // double 0.035d
       159: dmul
       160: invokestatic  #264                // Method ring:(Lcom/mojang/blaze3d/vertex/PoseStack$Pose;Lcom/mojang/blaze3d/vertex/VertexConsumer;Lkr/moonseungjun/villageguardians/VillageSkillMeshLibrary$Basis;DDDIID)V
       163: return

  private static void renderVanguardRally(com.mojang.blaze3d.vertex.PoseStack$Pose, com.mojang.blaze3d.vertex.VertexConsumer, kr.moonseungjun.villageguardians.VillageSkillMeshLibrary$Basis, double, double);
    Code:
         0: ldc2_w        #268                // double 0.82d
         3: ldc2_w        #270                // double 0.18d
         6: dload_3
         7: ldc2_w        #234                // double 0.34d
        10: dmul
        11: invokestatic  #272                // Method java/lang/Math.sin:(D)D
        14: dmul
        15: dadd
        16: dstore        7
        18: aload_0
        19: aload_1
        20: aload_2
        21: ldc2_w        #276                // double 1.2d
        24: dload         5
        26: ldc2_w        #278                // double 2.2d
        29: dmul
        30: dadd
        31: ldc2_w        #280                // double 0.12d
        34: ldc2_w        #242                // double 0.14d
        37: bipush        56
        39: sipush        255
        42: sipush        171
        45: bipush        58
        47: ldc2_w        #282                // double 170.0d
        50: dconst_1
        51: dload         5
        53: dsub
        54: dmul
        55: d2i
        56: invokestatic  #248                // Method rgba:(IIII)I
        59: dload_3
        60: ldc2_w        #284                // double 0.02d
        63: dmul
        64: invokestatic  #264                // Method ring:(Lcom/mojang/blaze3d/vertex/PoseStack$Pose;Lcom/mojang/blaze3d/vertex/VertexConsumer;Lkr/moonseungjun/villageguardians/VillageSkillMeshLibrary$Basis;DDDIID)V
        67: aload_0
        68: aload_1
        69: aload_2
        70: ldc2_w        #286                // double 0.95d
        73: dload         7
        75: dmul
        76: ldc2_w        #288                // double 1.45d
        79: ldc2_w        #290                // double 0.09d
        82: bipush        40
        84: sipush        255
        87: sipush        224
        90: sipush        130
        93: sipush        185
        96: invokestatic  #248                // Method rgba:(IIII)I
        99: dload_3
       100: dneg
       101: ldc2_w        #292                // double 0.025d
       104: dmul
       105: invokestatic  #264                // Method ring:(Lcom/mojang/blaze3d/vertex/PoseStack$Pose;Lcom/mojang/blaze3d/vertex/VertexConsumer;Lkr/moonseungjun/villageguardians/VillageSkillMeshLibrary$Basis;DDDIID)V
       108: iconst_0
       109: istore        9
       111: iload         9
       113: bipush        6
       115: if_icmpge     199
       118: iload         9
       120: i2d
       121: ldc2_w        #228                // double 6.283185307179586d
       124: dmul
       125: ldc2_w        #294                // double 6.0d
       128: ddiv
       129: dload_3
       130: ldc2_w        #292                // double 0.025d
       133: dmul
       134: dadd
       135: dstore        10
       137: aload_0
       138: aload_1
       139: aload_2
       140: dload         10
       142: dconst_1
       143: ldc2_w        #221                // double 0.16d
       146: dload_3
       147: ldc2_w        #296                // double 0.2d
       150: dmul
       151: iload         9
       153: i2d
       154: dadd
       155: invokestatic  #272                // Method java/lang/Math.sin:(D)D
       158: dmul
       159: dadd
       160: ldc2_w        #276                // double 1.2d
       163: iload         9
       165: iconst_2
       166: irem
       167: i2d
       168: ldc2_w        #298                // double 0.35d
       171: dmul
       172: dadd
       173: ldc2_w        #300                // double 0.42d
       176: sipush        255
       179: sipush        187
       182: bipush        68
       184: sipush        185
       187: invokestatic  #248                // Method rgba:(IIII)I
       190: invokestatic  #302                // Method chevron:(Lcom/mojang/blaze3d/vertex/PoseStack$Pose;Lcom/mojang/blaze3d/vertex/VertexConsumer;Lkr/moonseungjun/villageguardians/VillageSkillMeshLibrary$Basis;DDDDI)V
       193: iinc          9, 1
       196: goto          111
       199: iconst_0
       200: istore        9
       202: iload         9
       204: iconst_4
       205: if_icmpge     271
       208: iload         9
       210: i2d
       211: ldc2_w        #228                // double 6.283185307179586d
       214: dmul
       215: ldc2_w        #230                // double 4.0d
       218: ddiv
       219: dload_3
       220: ldc2_w        #244                // double 0.018d
       223: dmul
       224: dadd
       225: dstore        10
       227: aload_0
       228: aload_1
       229: aload_2
       230: dload         10
       232: ldc2_w        #306                // double 0.65d
       235: ldc2_w        #308                // double 0.25d
       238: invokestatic  #310                // Method polar:(DDD)Lnet/minecraft/world/phys/Vec3;
       241: ldc2_w        #314                // double 1.9d
       244: ldc2_w        #316                // double 0.1d
       247: sipush        255
       250: sipush        236
       253: sipush        165
       256: sipush        150
       259: invokestatic  #248                // Method rgba:(IIII)I
       262: invokestatic  #318                // Method verticalBlade:(Lcom/mojang/blaze3d/vertex/PoseStack$Pose;Lcom/mojang/blaze3d/vertex/VertexConsumer;Lkr/moonseungjun/villageguardians/VillageSkillMeshLibrary$Basis;Lnet/minecraft/world/phys/Vec3;DDI)V
       265: iinc          9, 1
       268: goto          202
       271: return

  private static void renderBladeCharge(com.mojang.blaze3d.vertex.PoseStack$Pose, com.mojang.blaze3d.vertex.VertexConsumer, kr.moonseungjun.villageguardians.VillageSkillMeshLibrary$Basis, double, double);
    Code:
         0: dload         5
         2: ldc2_w        #316                // double 0.1d
         5: ldc2_w        #296                // double 0.2d
         8: invokestatic  #223                // Method envelope:(DDD)D
        11: dstore        7
        13: aload_2
        14: ldc2_w        #300                // double 0.42d
        17: ldc2_w        #256                // double 1.05d
        20: ldc2_w        #322                // double 0.52d
        23: invokevirtual #324                // Method kr/moonseungjun/villageguardians/VillageSkillMeshLibrary$Basis.local:(DDD)Lnet/minecraft/world/phys/Vec3;
        26: astore        9
        28: aload_0
        29: aload_1
        30: aload         9
        32: ldc2_w        #221                // double 0.16d
        35: dload         5
        37: ldc2_w        #316                // double 0.1d
        40: dmul
        41: dadd
        42: bipush        8
        44: bipush        12
        46: sipush        165
        49: sipush        228
        52: sipush        255
        55: ldc2_w        #327                // double 205.0d
        58: dload         7
        60: dmul
        61: d2i
        62: invokestatic  #248                // Method rgba:(IIII)I
        65: invokestatic  #329                // Method sphere:(Lcom/mojang/blaze3d/vertex/PoseStack$Pose;Lcom/mojang/blaze3d/vertex/VertexConsumer;Lnet/minecraft/world/phys/Vec3;DIII)V
        68: iconst_0
        69: istore        10
        71: iload         10
        73: iconst_3
        74: if_icmpge     160
        77: aload_0
        78: aload_1
        79: aload_2
        80: dload_3
        81: ldc2_w        #221                // double 0.16d
        84: dmul
        85: iload         10
        87: i2d
        88: ldc2_w        #228                // double 6.283185307179586d
        91: dmul
        92: ldc2_w        #333                // double 3.0d
        95: ddiv
        96: dadd
        97: ldc2_w        #236                // double 0.72d
       100: iload         10
       102: i2d
       103: ldc2_w        #221                // double 0.16d
       106: dmul
       107: dadd
       108: ldc2_w        #335                // double 0.92d
       111: iload         10
       113: i2d
       114: ldc2_w        #337                // double 0.13d
       117: dmul
       118: dadd
       119: ldc2_w        #268                // double 0.82d
       122: ldc2_w        #339                // double 0.055d
       125: sipush        128
       128: sipush        211
       131: sipush        255
       134: sipush        150
       137: iload         10
       139: bipush        20
       141: imul
       142: isub
       143: i2d
       144: dload         7
       146: dmul
       147: d2i
       148: invokestatic  #248                // Method rgba:(IIII)I
       151: invokestatic  #252                // Method slashArc:(Lcom/mojang/blaze3d/vertex/PoseStack$Pose;Lcom/mojang/blaze3d/vertex/VertexConsumer;Lkr/moonseungjun/villageguardians/VillageSkillMeshLibrary$Basis;DDDDDI)V
       154: iinc          10, 1
       157: goto          71
       160: return

  private static void renderSlamCharge(com.mojang.blaze3d.vertex.PoseStack$Pose, com.mojang.blaze3d.vertex.VertexConsumer, kr.moonseungjun.villageguardians.VillageSkillMeshLibrary$Basis, double, double);
    Code:
         0: ldc2_w        #333                // double 3.0d
         3: dload         5
         5: ldc2_w        #341                // double 1.25d
         8: dmul
         9: dsub
        10: dstore        7
        12: aload_2
        13: dconst_0
        14: dload         7
        16: ldc2_w        #343                // double 0.15d
        19: invokevirtual #324                // Method kr/moonseungjun/villageguardians/VillageSkillMeshLibrary$Basis.local:(DDD)Lnet/minecraft/world/phys/Vec3;
        22: astore        9
        24: aload_2
        25: dconst_0
        26: ldc2_w        #298                // double 0.35d
        29: ldc2_w        #345                // double 0.45d
        32: invokevirtual #324                // Method kr/moonseungjun/villageguardians/VillageSkillMeshLibrary$Basis.local:(DDD)Lnet/minecraft/world/phys/Vec3;
        35: astore        10
        37: aload_0
        38: aload_1
        39: aload         9
        41: aload         10
        43: ldc2_w        #347                // double 0.36d
        46: dload         5
        48: ldc2_w        #349                // double 0.22d
        51: dmul
        52: dadd
        53: sipush        255
        56: bipush        85
        58: bipush        52
        60: sipush        220
        63: invokestatic  #248                // Method rgba:(IIII)I
        66: invokestatic  #351                // Method energyBlade:(Lcom/mojang/blaze3d/vertex/PoseStack$Pose;Lcom/mojang/blaze3d/vertex/VertexConsumer;Lnet/minecraft/world/phys/Vec3;Lnet/minecraft/world/phys/Vec3;DI)V
        69: iconst_0
        70: istore        11
        72: iload         11
        74: iconst_3
        75: if_icmpge     156
        78: aload_0
        79: aload_1
        80: aload_2
        81: ldc2_w        #345                // double 0.45d
        84: iload         11
        86: i2d
        87: ldc2_w        #355                // double 0.38d
        90: dmul
        91: dadd
        92: dload         5
        94: ldc2_w        #357                // double 0.55d
        97: dmul
        98: dadd
        99: ldc2_w        #221                // double 0.16d
       102: iload         11
       104: i2d
       105: ldc2_w        #270                // double 0.18d
       108: dmul
       109: dadd
       110: ldc2_w        #359                // double 0.07d
       113: bipush        36
       115: sipush        255
       118: bipush        96
       120: iload         11
       122: bipush        28
       124: imul
       125: iadd
       126: bipush        70
       128: bipush        125
       130: invokestatic  #248                // Method rgba:(IIII)I
       133: dload_3
       134: dneg
       135: ldc2_w        #258                // double 0.06d
       138: iload         11
       140: i2d
       141: ldc2_w        #361                // double 0.01d
       144: dmul
       145: dadd
       146: dmul
       147: invokestatic  #264                // Method ring:(Lcom/mojang/blaze3d/vertex/PoseStack$Pose;Lcom/mojang/blaze3d/vertex/VertexConsumer;Lkr/moonseungjun/villageguardians/VillageSkillMeshLibrary$Basis;DDDIID)V
       150: iinc          11, 1
       153: goto          72
       156: iconst_0
       157: istore        11
       159: iload         11
       161: bipush        6
       163: if_icmpge     265
       166: iload         11
       168: i2d
       169: ldc2_w        #228                // double 6.283185307179586d
       172: dmul
       173: ldc2_w        #294                // double 6.0d
       176: ddiv
       177: dload_3
       178: ldc2_w        #363                // double 0.04d
       181: dmul
       182: dadd
       183: dstore        12
       185: aload_0
       186: aload_1
       187: aload_2
       188: dload         12
       190: invokestatic  #365                // Method java/lang/Math.cos:(D)D
       193: dconst_1
       194: dmul
       195: ldc2_w        #219                // double 0.08d
       198: dload         12
       200: invokestatic  #272                // Method java/lang/Math.sin:(D)D
       203: dconst_1
       204: dmul
       205: invokevirtual #324                // Method kr/moonseungjun/villageguardians/VillageSkillMeshLibrary$Basis.local:(DDD)Lnet/minecraft/world/phys/Vec3;
       208: aload_2
       209: dload         12
       211: invokestatic  #365                // Method java/lang/Math.cos:(D)D
       214: ldc2_w        #368                // double 1.5d
       217: dmul
       218: ldc2_w        #370                // double 0.75d
       221: dload         5
       223: ldc2_w        #345                // double 0.45d
       226: dmul
       227: dadd
       228: dload         12
       230: invokestatic  #272                // Method java/lang/Math.sin:(D)D
       233: ldc2_w        #368                // double 1.5d
       236: dmul
       237: invokevirtual #324                // Method kr/moonseungjun/villageguardians/VillageSkillMeshLibrary$Basis.local:(DDD)Lnet/minecraft/world/phys/Vec3;
       240: ldc2_w        #280                // double 0.12d
       243: sipush        214
       246: bipush        45
       248: bipush        44
       250: sipush        155
       253: invokestatic  #248                // Method rgba:(IIII)I
       256: invokestatic  #372                // Method spike:(Lcom/mojang/blaze3d/vertex/PoseStack$Pose;Lcom/mojang/blaze3d/vertex/VertexConsumer;Lnet/minecraft/world/phys/Vec3;Lnet/minecraft/world/phys/Vec3;DI)V
       259: iinc          11, 1
       262: goto          159
       265: return

  private static void renderBladeWave(com.mojang.blaze3d.vertex.PoseStack$Pose, com.mojang.blaze3d.vertex.VertexConsumer, kr.moonseungjun.villageguardians.VillageSkillMeshLibrary$Basis, double, double);
    Code:
         0: dconst_1
         1: dload         5
         3: ldc2_w        #375                // double 0.7d
         6: dmul
         7: dsub
         8: dstore        7
        10: aload_0
        11: aload_1
        12: aload_2
        13: ldc2_w        #377                // double 3.4d
        16: ldc2_w        #256                // double 1.05d
        19: ldc2_w        #296                // double 0.2d
        22: ldc2_w        #379                // double 0.3d
        25: bipush        120
        27: sipush        215
        30: sipush        255
        33: ldc2_w        #381                // double 225.0d
        36: dload         7
        38: dmul
        39: d2i
        40: invokestatic  #248                // Method rgba:(IIII)I
        43: invokestatic  #383                // Method horizontalSlash:(Lcom/mojang/blaze3d/vertex/PoseStack$Pose;Lcom/mojang/blaze3d/vertex/VertexConsumer;Lkr/moonseungjun/villageguardians/VillageSkillMeshLibrary$Basis;DDDDI)V
        46: aload_0
        47: aload_1
        48: aload_2
        49: ldc2_w        #386                // double 2.8d
        52: ldc2_w        #388                // double 1.06d
        55: ldc2_w        #290                // double 0.09d
        58: ldc2_w        #296                // double 0.2d
        61: sipush        236
        64: sipush        252
        67: sipush        255
        70: ldc2_w        #246                // double 190.0d
        73: dload         7
        75: dmul
        76: d2i
        77: invokestatic  #248                // Method rgba:(IIII)I
        80: invokestatic  #383                // Method horizontalSlash:(Lcom/mojang/blaze3d/vertex/PoseStack$Pose;Lcom/mojang/blaze3d/vertex/VertexConsumer;Lkr/moonseungjun/villageguardians/VillageSkillMeshLibrary$Basis;DDDDI)V
        83: return

  private static void renderSlamImpact(com.mojang.blaze3d.vertex.PoseStack$Pose, com.mojang.blaze3d.vertex.VertexConsumer, kr.moonseungjun.villageguardians.VillageSkillMeshLibrary$Basis, double, double, java.util.Random);
    Code:
         0: ldc2_w        #390                // double 0.8d
         3: dload         5
         5: ldc2_w        #392                // double 5.5d
         8: dmul
         9: dadd
        10: dstore        8
        12: aload_0
        13: aload_1
        14: aload_2
        15: dload         8
        17: ldc2_w        #258                // double 0.06d
        20: ldc2_w        #270                // double 0.18d
        23: dload         5
        25: ldc2_w        #349                // double 0.22d
        28: dmul
        29: dadd
        30: bipush        64
        32: sipush        255
        35: bipush        74
        37: bipush        48
        39: ldc2_w        #394                // double 210.0d
        42: dconst_1
        43: dload         5
        45: dsub
        46: dmul
        47: d2i
        48: invokestatic  #248                // Method rgba:(IIII)I
        51: dload_3
        52: ldc2_w        #361                // double 0.01d
        55: dmul
        56: invokestatic  #264                // Method ring:(Lcom/mojang/blaze3d/vertex/PoseStack$Pose;Lcom/mojang/blaze3d/vertex/VertexConsumer;Lkr/moonseungjun/villageguardians/VillageSkillMeshLibrary$Basis;DDDIID)V
        59: aload         7
        61: aload         7
        63: invokevirtual #396                // Method java/util/Random.nextLong:()J
        66: ldc2_w        #400                // long 23063l
        69: lxor
        70: invokevirtual #402                // Method java/util/Random.setSeed:(J)V
        73: iconst_0
        74: istore        10
        76: iload         10
        78: bipush        18
        80: if_icmpge     189
        83: iload         10
        85: i2d
        86: ldc2_w        #228                // double 6.283185307179586d
        89: dmul
        90: ldc2_w        #405                // double 18.0d
        93: ddiv
        94: aload         7
        96: invokevirtual #407                // Method java/util/Random.nextDouble:()D
        99: ldc2_w        #221                // double 0.16d
       102: dmul
       103: dadd
       104: dstore        11
       106: ldc2_w        #298                // double 0.35d
       109: aload         7
       111: invokevirtual #407                // Method java/util/Random.nextDouble:()D
       114: ldc2_w        #411                // double 0.4d
       117: dmul
       118: dadd
       119: dstore        13
       121: dload         8
       123: ldc2_w        #236                // double 0.72d
       126: aload         7
       128: invokevirtual #407                // Method java/util/Random.nextDouble:()D
       131: ldc2_w        #298                // double 0.35d
       134: dmul
       135: dadd
       136: dmul
       137: dstore        15
       139: aload_0
       140: aload_1
       141: aload_2
       142: dload         11
       144: dload         13
       146: dload         15
       148: ldc2_w        #413                // double 0.05d
       151: aload         7
       153: invokevirtual #407                // Method java/util/Random.nextDouble:()D
       156: ldc2_w        #258                // double 0.06d
       159: dmul
       160: dadd
       161: sipush        255
       164: bipush        103
       166: bipush        48
       168: ldc2_w        #246                // double 190.0d
       171: dconst_1
       172: dload         5
       174: dsub
       175: dmul
       176: d2i
       177: invokestatic  #248                // Method rgba:(IIII)I
       180: invokestatic  #415                // Method groundCrack:(Lcom/mojang/blaze3d/vertex/PoseStack$Pose;Lcom/mojang/blaze3d/vertex/VertexConsumer;Lkr/moonseungjun/villageguardians/VillageSkillMeshLibrary$Basis;DDDDI)V
       183: iinc          10, 1
       186: goto          76
       189: iconst_0
       190: istore        10
       192: iload         10
       194: bipush        9
       196: if_icmpge     332
       199: iload         10
       201: i2d
       202: ldc2_w        #228                // double 6.283185307179586d
       205: dmul
       206: ldc2_w        #418                // double 9.0d
       209: ddiv
       210: dstore        11
       212: dload         8
       214: ldc2_w        #357                // double 0.55d
       217: ldc2_w        #270                // double 0.18d
       220: iload         10
       222: i2d
       223: ldc2_w        #420                // double 2.3d
       226: dmul
       227: invokestatic  #272                // Method java/lang/Math.sin:(D)D
       230: dmul
       231: dadd
       232: dmul
       233: dstore        13
       235: aload_0
       236: aload_1
       237: aload_2
       238: dload         11
       240: invokestatic  #365                // Method java/lang/Math.cos:(D)D
       243: dload         13
       245: dmul
       246: ldc2_w        #284                // double 0.02d
       249: dload         11
       251: invokestatic  #272                // Method java/lang/Math.sin:(D)D
       254: dload         13
       256: dmul
       257: invokevirtual #324                // Method kr/moonseungjun/villageguardians/VillageSkillMeshLibrary$Basis.local:(DDD)Lnet/minecraft/world/phys/Vec3;
       260: aload_2
       261: dload         11
       263: invokestatic  #365                // Method java/lang/Math.cos:(D)D
       266: dload         13
       268: dmul
       269: ldc2_w        #298                // double 0.35d
       272: dconst_1
       273: dload         5
       275: dsub
       276: ldc2_w        #422                // double 1.6d
       279: dmul
       280: dadd
       281: dload         11
       283: invokestatic  #272                // Method java/lang/Math.sin:(D)D
       286: dload         13
       288: dmul
       289: invokevirtual #324                // Method kr/moonseungjun/villageguardians/VillageSkillMeshLibrary$Basis.local:(DDD)Lnet/minecraft/world/phys/Vec3;
       292: ldc2_w        #280                // double 0.12d
       295: dconst_1
       296: dload         5
       298: dsub
       299: ldc2_w        #242                // double 0.14d
       302: dmul
       303: dadd
       304: sipush        173
       307: bipush        48
       309: bipush        52
       311: ldc2_w        #424                // double 150.0d
       314: dconst_1
       315: dload         5
       317: dsub
       318: dmul
       319: d2i
       320: invokestatic  #248                // Method rgba:(IIII)I
       323: invokestatic  #372                // Method spike:(Lcom/mojang/blaze3d/vertex/PoseStack$Pose;Lcom/mojang/blaze3d/vertex/VertexConsumer;Lnet/minecraft/world/phys/Vec3;Lnet/minecraft/world/phys/Vec3;DI)V
       326: iinc          10, 1
       329: goto          192
       332: return

  private static void renderRapidFire(com.mojang.blaze3d.vertex.PoseStack$Pose, com.mojang.blaze3d.vertex.VertexConsumer, kr.moonseungjun.villageguardians.VillageSkillMeshLibrary$Basis, double, double);
    Code:
         0: dload         5
         2: ldc2_w        #219                // double 0.08d
         5: ldc2_w        #221                // double 0.16d
         8: invokestatic  #223                // Method envelope:(DDD)D
        11: dstore        7
        13: iconst_0
        14: istore        9
        16: iload         9
        18: iconst_3
        19: if_icmpge     91
        22: aload_0
        23: aload_1
        24: aload_2
        25: ldc2_w        #426                // double 0.58d
        28: iload         9
        30: i2d
        31: ldc2_w        #428                // double 0.19d
        34: dmul
        35: dadd
        36: ldc2_w        #276                // double 1.2d
        39: ldc2_w        #262                // double 0.035d
        42: bipush        48
        44: bipush        112
        46: sipush        220
        49: sipush        255
        52: sipush        155
        55: iload         9
        57: bipush        24
        59: imul
        60: isub
        61: i2d
        62: dload         7
        64: dmul
        65: d2i
        66: invokestatic  #248                // Method rgba:(IIII)I
        69: dload_3
        70: ldc2_w        #430                // double 0.045d
        73: iload         9
        75: i2d
        76: ldc2_w        #432                // double 0.012d
        79: dmul
        80: dadd
        81: dmul
        82: invokestatic  #434                // Method ringVertical:(Lcom/mojang/blaze3d/vertex/PoseStack$Pose;Lcom/mojang/blaze3d/vertex/VertexConsumer;Lkr/moonseungjun/villageguardians/VillageSkillMeshLibrary$Basis;DDDIID)V
        85: iinc          9, 1
        88: goto          16
        91: aload_0
        92: aload_1
        93: aload_2
        94: dload_3
        95: ldc2_w        #270                // double 0.18d
        98: dmul
        99: ldc2_w        #226                // double 0.78d
       102: ldc2_w        #437                // double 2.1d
       105: bipush        28
       107: bipush        103
       109: sipush        206
       112: sipush        255
       115: ldc2_w        #439                // double 125.0d
       118: dload         7
       120: dmul
       121: d2i
       122: invokestatic  #248                // Method rgba:(IIII)I
       125: invokestatic  #441                // Method helixRibbon:(Lcom/mojang/blaze3d/vertex/PoseStack$Pose;Lcom/mojang/blaze3d/vertex/VertexConsumer;Lkr/moonseungjun/villageguardians/VillageSkillMeshLibrary$Basis;DDDII)V
       128: aload_0
       129: aload_1
       130: aload_2
       131: ldc2_w        #445                // double 3.141592653589793d
       134: dload_3
       135: ldc2_w        #270                // double 0.18d
       138: dmul
       139: dadd
       140: ldc2_w        #226                // double 0.78d
       143: ldc2_w        #437                // double 2.1d
       146: bipush        28
       148: sipush        205
       151: sipush        246
       154: sipush        255
       157: ldc2_w        #447                // double 105.0d
       160: dload         7
       162: dmul
       163: d2i
       164: invokestatic  #248                // Method rgba:(IIII)I
       167: invokestatic  #441                // Method helixRibbon:(Lcom/mojang/blaze3d/vertex/PoseStack$Pose;Lcom/mojang/blaze3d/vertex/VertexConsumer;Lkr/moonseungjun/villageguardians/VillageSkillMeshLibrary$Basis;DDDII)V
       170: return

  private static void renderRangerFocus(com.mojang.blaze3d.vertex.PoseStack$Pose, com.mojang.blaze3d.vertex.VertexConsumer, kr.moonseungjun.villageguardians.VillageSkillMeshLibrary$Basis, double, double);
    Code:
         0: dload         5
         2: ldc2_w        #219                // double 0.08d
         5: ldc2_w        #296                // double 0.2d
         8: invokestatic  #223                // Method envelope:(DDD)D
        11: dstore        7
        13: aload_2
        14: dconst_0
        15: ldc2_w        #449                // double 1.52d
        18: ldc2_w        #306                // double 0.65d
        21: invokevirtual #324                // Method kr/moonseungjun/villageguardians/VillageSkillMeshLibrary$Basis.local:(DDD)Lnet/minecraft/world/phys/Vec3;
        24: astore        9
        26: aload_0
        27: aload_1
        28: aload         9
        30: ldc2_w        #270                // double 0.18d
        33: dload_3
        34: ldc2_w        #308                // double 0.25d
        37: dmul
        38: invokestatic  #272                // Method java/lang/Math.sin:(D)D
        41: ldc2_w        #262                // double 0.035d
        44: dmul
        45: dadd
        46: bipush        8
        48: bipush        12
        50: sipush        255
        53: sipush        211
        56: bipush        88
        58: ldc2_w        #394                // double 210.0d
        61: dload         7
        63: dmul
        64: d2i
        65: invokestatic  #248                // Method rgba:(IIII)I
        68: invokestatic  #329                // Method sphere:(Lcom/mojang/blaze3d/vertex/PoseStack$Pose;Lcom/mojang/blaze3d/vertex/VertexConsumer;Lnet/minecraft/world/phys/Vec3;DIII)V
        71: aload_0
        72: aload_1
        73: aload_2
        74: ldc2_w        #451                // double 0.48d
        77: ldc2_w        #449                // double 1.52d
        80: ldc2_w        #262                // double 0.035d
        83: bipush        44
        85: sipush        255
        88: sipush        235
        91: sipush        150
        94: ldc2_w        #453                // double 160.0d
        97: dload         7
        99: dmul
       100: d2i
       101: invokestatic  #248                // Method rgba:(IIII)I
       104: dload_3
       105: ldc2_w        #258                // double 0.06d
       108: dmul
       109: invokestatic  #434                // Method ringVertical:(Lcom/mojang/blaze3d/vertex/PoseStack$Pose;Lcom/mojang/blaze3d/vertex/VertexConsumer;Lkr/moonseungjun/villageguardians/VillageSkillMeshLibrary$Basis;DDDIID)V
       112: return

  private static void renderFireImpact(com.mojang.blaze3d.vertex.PoseStack$Pose, com.mojang.blaze3d.vertex.VertexConsumer, kr.moonseungjun.villageguardians.VillageSkillMeshLibrary$Basis, double, double, java.lang.String);
    Code:
         0: ldc2_w        #455                // double 4.8d
         3: dstore        8
         5: aload         7
         7: invokestatic  #457                // Method java/lang/Double.parseDouble:(Ljava/lang/String;)D
        10: dstore        8
        12: goto          17
        15: astore        10
        17: ldc2_w        #345                // double 0.45d
        20: dload         5
        22: dload         8
        24: dmul
        25: dadd
        26: dstore        10
        28: aload_0
        29: aload_1
        30: getstatic     #465                // Field net/minecraft/world/phys/Vec3.ZERO:Lnet/minecraft/world/phys/Vec3;
        33: ldc2_w        #298                // double 0.35d
        36: dload         10
        38: ldc2_w        #300                // double 0.42d
        41: dmul
        42: invokestatic  #19                 // Method java/lang/Math.max:(DD)D
        45: bipush        10
        47: bipush        16
        49: sipush        255
        52: bipush        78
        54: bipush        31
        56: ldc2_w        #439                // double 125.0d
        59: dconst_1
        60: dload         5
        62: dsub
        63: dmul
        64: d2i
        65: invokestatic  #248                // Method rgba:(IIII)I
        68: invokestatic  #329                // Method sphere:(Lcom/mojang/blaze3d/vertex/PoseStack$Pose;Lcom/mojang/blaze3d/vertex/VertexConsumer;Lnet/minecraft/world/phys/Vec3;DIII)V
        71: aload_0
        72: aload_1
        73: aload_2
        74: dload         10
        76: ldc2_w        #316                // double 0.1d
        79: ldc2_w        #221                // double 0.16d
        82: bipush        72
        84: sipush        255
        87: sipush        146
        90: bipush        52
        92: ldc2_w        #470                // double 220.0d
        95: dconst_1
        96: dload         5
        98: dsub
        99: dmul
       100: d2i
       101: invokestatic  #248                // Method rgba:(IIII)I
       104: dconst_0
       105: invokestatic  #264                // Method ring:(Lcom/mojang/blaze3d/vertex/PoseStack$Pose;Lcom/mojang/blaze3d/vertex/VertexConsumer;Lkr/moonseungjun/villageguardians/VillageSkillMeshLibrary$Basis;DDDIID)V
       108: aload_0
       109: aload_1
       110: aload_2
       111: dload         10
       113: ldc2_w        #236                // double 0.72d
       116: dmul
       117: ldc2_w        #300                // double 0.42d
       120: ldc2_w        #290                // double 0.09d
       123: bipush        56
       125: sipush        255
       128: sipush        229
       131: bipush        118
       133: ldc2_w        #453                // double 160.0d
       136: dconst_1
       137: dload         5
       139: dsub
       140: dmul
       141: d2i
       142: invokestatic  #248                // Method rgba:(IIII)I
       145: dload_3
       146: ldc2_w        #284                // double 0.02d
       149: dmul
       150: invokestatic  #264                // Method ring:(Lcom/mojang/blaze3d/vertex/PoseStack$Pose;Lcom/mojang/blaze3d/vertex/VertexConsumer;Lkr/moonseungjun/villageguardians/VillageSkillMeshLibrary$Basis;DDDIID)V
       153: return
      Exception table:
         from    to  target type
             5    12    15   Class java/lang/NumberFormatException

  private static void renderTargetLock(com.mojang.blaze3d.vertex.PoseStack$Pose, com.mojang.blaze3d.vertex.VertexConsumer, kr.moonseungjun.villageguardians.VillageSkillMeshLibrary$Basis, double, double);
    Code:
         0: dload         5
         2: ldc2_w        #413                // double 0.05d
         5: ldc2_w        #270                // double 0.18d
         8: invokestatic  #223                // Method envelope:(DDD)D
        11: dstore        7
        13: ldc2_w        #236                // double 0.72d
        16: dload_3
        17: ldc2_w        #472                // double 0.32d
        20: dmul
        21: invokestatic  #272                // Method java/lang/Math.sin:(D)D
        24: ldc2_w        #258                // double 0.06d
        27: dmul
        28: dadd
        29: dstore        9
        31: aload_0
        32: aload_1
        33: aload_2
        34: dload         9
        36: ldc2_w        #306                // double 0.65d
        39: ldc2_w        #430                // double 0.045d
        42: bipush        56
        44: sipush        255
        47: sipush        207
        50: bipush        76
        52: ldc2_w        #470                // double 220.0d
        55: dload         7
        57: dmul
        58: d2i
        59: invokestatic  #248                // Method rgba:(IIII)I
        62: dload_3
        63: dneg
        64: ldc2_w        #413                // double 0.05d
        67: dmul
        68: invokestatic  #434                // Method ringVertical:(Lcom/mojang/blaze3d/vertex/PoseStack$Pose;Lcom/mojang/blaze3d/vertex/VertexConsumer;Lkr/moonseungjun/villageguardians/VillageSkillMeshLibrary$Basis;DDDIID)V
        71: aload_0
        72: aload_1
        73: aload_2
        74: dload         9
        76: ldc2_w        #345                // double 0.45d
        79: dmul
        80: ldc2_w        #306                // double 0.65d
        83: ldc2_w        #474                // double 0.028d
        86: bipush        40
        88: sipush        255
        91: sipush        247
        94: sipush        180
        97: ldc2_w        #476                // double 175.0d
       100: dload         7
       102: dmul
       103: d2i
       104: invokestatic  #248                // Method rgba:(IIII)I
       107: dload_3
       108: ldc2_w        #359                // double 0.07d
       111: dmul
       112: invokestatic  #434                // Method ringVertical:(Lcom/mojang/blaze3d/vertex/PoseStack$Pose;Lcom/mojang/blaze3d/vertex/VertexConsumer;Lkr/moonseungjun/villageguardians/VillageSkillMeshLibrary$Basis;DDDIID)V
       115: iconst_0
       116: istore        11
       118: iload         11
       120: iconst_4
       121: if_icmpge     174
       124: aload_0
       125: aload_1
       126: aload_2
       127: iload         11
       129: i2d
       130: ldc2_w        #445                // double 3.141592653589793d
       133: dmul
       134: ldc2_w        #478                // double 2.0d
       137: ddiv
       138: dload         9
       140: ldc2_w        #349                // double 0.22d
       143: dadd
       144: ldc2_w        #306                // double 0.65d
       147: sipush        255
       150: sipush        224
       153: bipush        112
       155: ldc2_w        #327                // double 205.0d
       158: dload         7
       160: dmul
       161: d2i
       162: invokestatic  #248                // Method rgba:(IIII)I
       165: invokestatic  #480                // Method reticleBracket:(Lcom/mojang/blaze3d/vertex/PoseStack$Pose;Lcom/mojang/blaze3d/vertex/VertexConsumer;Lkr/moonseungjun/villageguardians/VillageSkillMeshLibrary$Basis;DDDI)V
       168: iinc          11, 1
       171: goto          118
       174: return

  private static void renderArrowRainField(com.mojang.blaze3d.vertex.PoseStack$Pose, com.mojang.blaze3d.vertex.VertexConsumer, kr.moonseungjun.villageguardians.VillageSkillMeshLibrary$Basis, double, double, java.util.Random);
    Code:
         0: ldc2_w        #484                // double 8.5d
         3: dstore        8
         5: aload_0
         6: aload_1
         7: aload_2
         8: dload         8
        10: ldc2_w        #430                // double 0.045d
        13: ldc2_w        #486                // double 0.11d
        16: bipush        96
        18: bipush        88
        20: sipush        188
        23: sipush        255
        26: sipush        170
        29: invokestatic  #248                // Method rgba:(IIII)I
        32: dconst_0
        33: invokestatic  #264                // Method ring:(Lcom/mojang/blaze3d/vertex/PoseStack$Pose;Lcom/mojang/blaze3d/vertex/VertexConsumer;Lkr/moonseungjun/villageguardians/VillageSkillMeshLibrary$Basis;DDDIID)V
        36: aload_0
        37: aload_1
        38: aload_2
        39: dload         8
        41: ldc2_w        #236                // double 0.72d
        44: dmul
        45: ldc2_w        #488                // double 0.052d
        48: ldc2_w        #430                // double 0.045d
        51: bipush        72
        53: sipush        149
        56: sipush        223
        59: sipush        255
        62: bipush        90
        64: invokestatic  #248                // Method rgba:(IIII)I
        67: dload_3
        68: dneg
        69: ldc2_w        #490                // double 0.008d
        72: dmul
        73: invokestatic  #264                // Method ring:(Lcom/mojang/blaze3d/vertex/PoseStack$Pose;Lcom/mojang/blaze3d/vertex/VertexConsumer;Lkr/moonseungjun/villageguardians/VillageSkillMeshLibrary$Basis;DDDIID)V
        76: iconst_0
        77: istore        10
        79: iload         10
        81: bipush        26
        83: if_icmpge     248
        86: iload         10
        88: i2d
        89: ldc2_w        #492                // double 2.399963229728653d
        92: dmul
        93: iload         10
        95: iconst_3
        96: irem
        97: i2d
        98: ldc2_w        #494                // double 0.17d
       101: dmul
       102: dadd
       103: dstore        11
       105: iload         10
       107: i2d
       108: ldc2_w        #496                // double 0.5d
       111: dadd
       112: ldc2_w        #498                // double 26.0d
       115: ddiv
       116: invokestatic  #500                // Method java/lang/Math.sqrt:(D)D
       119: dload         8
       121: dmul
       122: ldc2_w        #335                // double 0.92d
       125: dmul
       126: dstore        13
       128: dload         5
       130: ldc2_w        #377                // double 3.4d
       133: dmul
       134: iload         10
       136: i2d
       137: ldc2_w        #503                // double 0.137d
       140: dmul
       141: dadd
       142: invokestatic  #505                // Method fract:(D)D
       145: dstore        15
       147: ldc2_w        #508                // double 11.0d
       150: dload         15
       152: ldc2_w        #510                // double 13.0d
       155: dmul
       156: dsub
       157: dstore        17
       159: aload_2
       160: dload         11
       162: invokestatic  #365                // Method java/lang/Math.cos:(D)D
       165: dload         13
       167: dmul
       168: dload         17
       170: dload         11
       172: invokestatic  #272                // Method java/lang/Math.sin:(D)D
       175: dload         13
       177: dmul
       178: invokevirtual #324                // Method kr/moonseungjun/villageguardians/VillageSkillMeshLibrary$Basis.local:(DDD)Lnet/minecraft/world/phys/Vec3;
       181: astore        19
       183: aload_0
       184: aload_1
       185: getstatic     #512                // Field kr/moonseungjun/villageguardians/VillageSkillMeshLibrary$Basis.DOWN:Lkr/moonseungjun/villageguardians/VillageSkillMeshLibrary$Basis;
       188: aload         19
       190: ldc2_w        #286                // double 0.95d
       193: iload         10
       195: iconst_4
       196: irem
       197: i2d
       198: ldc2_w        #290                // double 0.09d
       201: dmul
       202: dadd
       203: ldc2_w        #359                // double 0.07d
       206: sipush        164
       209: sipush        228
       212: sipush        255
       215: ldc2_w        #327                // double 205.0d
       218: dconst_1
       219: dconst_0
       220: dload         15
       222: ldc2_w        #516                // double 0.86d
       225: dsub
       226: invokestatic  #19                 // Method java/lang/Math.max:(DD)D
       229: ldc2_w        #242                // double 0.14d
       232: ddiv
       233: dsub
       234: dmul
       235: d2i
       236: invokestatic  #248                // Method rgba:(IIII)I
       239: invokestatic  #518                // Method customArrow:(Lcom/mojang/blaze3d/vertex/PoseStack$Pose;Lcom/mojang/blaze3d/vertex/VertexConsumer;Lkr/moonseungjun/villageguardians/VillageSkillMeshLibrary$Basis;Lnet/minecraft/world/phys/Vec3;DDI)V
       242: iinc          10, 1
       245: goto          79
       248: return

  private static void renderArrowRainImpact(com.mojang.blaze3d.vertex.PoseStack$Pose, com.mojang.blaze3d.vertex.VertexConsumer, kr.moonseungjun.villageguardians.VillageSkillMeshLibrary$Basis, double, double, java.util.Random);
    Code:
         0: aload_0
         1: aload_1
         2: aload_2
         3: ldc2_w        #345                // double 0.45d
         6: dload         5
         8: ldc2_w        #386                // double 2.8d
        11: dmul
        12: dadd
        13: ldc2_w        #430                // double 0.045d
        16: ldc2_w        #316                // double 0.1d
        19: bipush        56
        21: bipush        124
        23: sipush        211
        26: sipush        255
        29: ldc2_w        #521                // double 180.0d
        32: dconst_1
        33: dload         5
        35: dsub
        36: dmul
        37: d2i
        38: invokestatic  #248                // Method rgba:(IIII)I
        41: dconst_0
        42: invokestatic  #264                // Method ring:(Lcom/mojang/blaze3d/vertex/PoseStack$Pose;Lcom/mojang/blaze3d/vertex/VertexConsumer;Lkr/moonseungjun/villageguardians/VillageSkillMeshLibrary$Basis;DDDIID)V
        45: aload_0
        46: aload_1
        47: aload_2
        48: ldc2_w        #308                // double 0.25d
        51: dload         5
        53: ldc2_w        #368                // double 1.5d
        56: dmul
        57: dadd
        58: ldc2_w        #258                // double 0.06d
        61: ldc2_w        #430                // double 0.045d
        64: bipush        40
        66: sipush        225
        69: sipush        249
        72: sipush        255
        75: ldc2_w        #523                // double 130.0d
        78: dconst_1
        79: dload         5
        81: dsub
        82: dmul
        83: d2i
        84: invokestatic  #248                // Method rgba:(IIII)I
        87: dload_3
        88: ldc2_w        #284                // double 0.02d
        91: dmul
        92: invokestatic  #264                // Method ring:(Lcom/mojang/blaze3d/vertex/PoseStack$Pose;Lcom/mojang/blaze3d/vertex/VertexConsumer;Lkr/moonseungjun/villageguardians/VillageSkillMeshLibrary$Basis;DDDIID)V
        95: return

  private static void renderEnergyCharge(com.mojang.blaze3d.vertex.PoseStack$Pose, com.mojang.blaze3d.vertex.VertexConsumer, kr.moonseungjun.villageguardians.VillageSkillMeshLibrary$Basis, double, double);
    Code:
         0: ldc2_w        #234                // double 0.34d
         3: dload_3
         4: ldc2_w        #296                // double 0.2d
         7: dmul
         8: invokestatic  #272                // Method java/lang/Math.sin:(D)D
        11: ldc2_w        #413                // double 0.05d
        14: dmul
        15: dadd
        16: dstore        7
        18: aload_2
        19: dconst_0
        20: dconst_0
        21: dconst_0
        22: invokevirtual #324                // Method kr/moonseungjun/villageguardians/VillageSkillMeshLibrary$Basis.local:(DDD)Lnet/minecraft/world/phys/Vec3;
        25: astore        9
        27: aload_0
        28: aload_1
        29: aload         9
        31: dload         7
        33: bipush        10
        35: bipush        16
        37: bipush        91
        39: sipush        255
        42: bipush        104
        44: sipush        225
        47: invokestatic  #248                // Method rgba:(IIII)I
        50: invokestatic  #329                // Method sphere:(Lcom/mojang/blaze3d/vertex/PoseStack$Pose;Lcom/mojang/blaze3d/vertex/VertexConsumer;Lnet/minecraft/world/phys/Vec3;DIII)V
        53: aload_2
        54: dconst_0
        55: ldc2_w        #525                // double 1.15d
        58: ldc2_w        #270                // double 0.18d
        61: invokevirtual #324                // Method kr/moonseungjun/villageguardians/VillageSkillMeshLibrary$Basis.local:(DDD)Lnet/minecraft/world/phys/Vec3;
        64: astore        10
        66: aload_2
        67: dconst_0
        68: dconst_0
        69: ldc2_w        #375                // double 0.7d
        72: invokevirtual #324                // Method kr/moonseungjun/villageguardians/VillageSkillMeshLibrary$Basis.local:(DDD)Lnet/minecraft/world/phys/Vec3;
        75: astore        11
        77: aload_2
        78: dconst_0
        79: ldc2_w        #527                // double -1.15d
        82: ldc2_w        #270                // double 0.18d
        85: invokevirtual #324                // Method kr/moonseungjun/villageguardians/VillageSkillMeshLibrary$Basis.local:(DDD)Lnet/minecraft/world/phys/Vec3;
        88: astore        12
        90: aload_0
        91: aload_1
        92: aload         10
        94: aload         11
        96: ldc2_w        #529                // double 0.065d
        99: sipush        131
       102: sipush        255
       105: sipush        139
       108: sipush        190
       111: invokestatic  #248                // Method rgba:(IIII)I
       114: invokestatic  #531                // Method prism:(Lcom/mojang/blaze3d/vertex/PoseStack$Pose;Lcom/mojang/blaze3d/vertex/VertexConsumer;Lnet/minecraft/world/phys/Vec3;Lnet/minecraft/world/phys/Vec3;DI)V
       117: aload_0
       118: aload_1
       119: aload         11
       121: aload         12
       123: ldc2_w        #529                // double 0.065d
       126: sipush        131
       129: sipush        255
       132: sipush        139
       135: sipush        190
       138: invokestatic  #248                // Method rgba:(IIII)I
       141: invokestatic  #531                // Method prism:(Lcom/mojang/blaze3d/vertex/PoseStack$Pose;Lcom/mojang/blaze3d/vertex/VertexConsumer;Lnet/minecraft/world/phys/Vec3;Lnet/minecraft/world/phys/Vec3;DI)V
       144: aload_0
       145: aload_1
       146: aload         10
       148: aload         12
       150: ldc2_w        #292                // double 0.025d
       153: sipush        220
       156: sipush        255
       159: sipush        221
       162: sipush        135
       165: invokestatic  #248                // Method rgba:(IIII)I
       168: invokestatic  #531                // Method prism:(Lcom/mojang/blaze3d/vertex/PoseStack$Pose;Lcom/mojang/blaze3d/vertex/VertexConsumer;Lnet/minecraft/world/phys/Vec3;Lnet/minecraft/world/phys/Vec3;DI)V
       171: iconst_0
       172: istore        13
       174: iload         13
       176: iconst_3
       177: if_icmpge     240
       180: aload_0
       181: aload_1
       182: aload_2
       183: ldc2_w        #357                // double 0.55d
       186: iload         13
       188: i2d
       189: ldc2_w        #349                // double 0.22d
       192: dmul
       193: dadd
       194: dconst_0
       195: ldc2_w        #262                // double 0.035d
       198: bipush        42
       200: bipush        80
       202: sipush        255
       205: bipush        96
       207: bipush        125
       209: iload         13
       211: bipush        20
       213: imul
       214: isub
       215: invokestatic  #248                // Method rgba:(IIII)I
       218: dload_3
       219: ldc2_w        #339                // double 0.055d
       222: iload         13
       224: i2d
       225: ldc2_w        #432                // double 0.012d
       228: dmul
       229: dadd
       230: dmul
       231: invokestatic  #434                // Method ringVertical:(Lcom/mojang/blaze3d/vertex/PoseStack$Pose;Lcom/mojang/blaze3d/vertex/VertexConsumer;Lkr/moonseungjun/villageguardians/VillageSkillMeshLibrary$Basis;DDDIID)V
       234: iinc          13, 1
       237: goto          174
       240: return

  private static void renderEnergyProjectile(com.mojang.blaze3d.vertex.PoseStack$Pose, com.mojang.blaze3d.vertex.VertexConsumer, kr.moonseungjun.villageguardians.VillageSkillMeshLibrary$Basis, double, double);
    Code:
         0: dconst_1
         1: dload_3
         2: ldc2_w        #300                // double 0.42d
         5: dmul
         6: invokestatic  #272                // Method java/lang/Math.sin:(D)D
         9: ldc2_w        #413                // double 0.05d
        12: dmul
        13: dadd
        14: dstore        7
        16: aload_0
        17: aload_1
        18: aload_2
        19: getstatic     #465                // Field net/minecraft/world/phys/Vec3.ZERO:Lnet/minecraft/world/phys/Vec3;
        22: ldc2_w        #534                // double 5.2d
        25: dload         7
        27: dmul
        28: ldc2_w        #300                // double 0.42d
        31: bipush        91
        33: sipush        255
        36: bipush        104
        38: sipush        245
        41: invokestatic  #248                // Method rgba:(IIII)I
        44: invokestatic  #518                // Method customArrow:(Lcom/mojang/blaze3d/vertex/PoseStack$Pose;Lcom/mojang/blaze3d/vertex/VertexConsumer;Lkr/moonseungjun/villageguardians/VillageSkillMeshLibrary$Basis;Lnet/minecraft/world/phys/Vec3;DDI)V
        47: aload_0
        48: aload_1
        49: aload_2
        50: dconst_0
        51: dconst_0
        52: ldc2_w        #536                // double -1.55d
        55: invokevirtual #324                // Method kr/moonseungjun/villageguardians/VillageSkillMeshLibrary$Basis.local:(DDD)Lnet/minecraft/world/phys/Vec3;
        58: ldc2_w        #451                // double 0.48d
        61: bipush        9
        63: bipush        14
        65: sipush        195
        68: sipush        255
        71: sipush        198
        74: sipush        170
        77: invokestatic  #248                // Method rgba:(IIII)I
        80: invokestatic  #329                // Method sphere:(Lcom/mojang/blaze3d/vertex/PoseStack$Pose;Lcom/mojang/blaze3d/vertex/VertexConsumer;Lnet/minecraft/world/phys/Vec3;DIII)V
        83: iconst_0
        84: istore        9
        86: iload         9
        88: iconst_4
        89: if_icmpge     199
        92: dload_3
        93: ldc2_w        #296                // double 0.2d
        96: dmul
        97: iload         9
        99: i2d
       100: ldc2_w        #228                // double 6.283185307179586d
       103: dmul
       104: ldc2_w        #230                // double 4.0d
       107: ddiv
       108: dadd
       109: dstore        10
       111: aload_2
       112: dload         10
       114: invokestatic  #365                // Method java/lang/Math.cos:(D)D
       117: ldc2_w        #306                // double 0.65d
       120: dmul
       121: dload         10
       123: invokestatic  #272                // Method java/lang/Math.sin:(D)D
       126: ldc2_w        #306                // double 0.65d
       129: dmul
       130: ldc2_w        #538                // double -2.4d
       133: invokevirtual #324                // Method kr/moonseungjun/villageguardians/VillageSkillMeshLibrary$Basis.local:(DDD)Lnet/minecraft/world/phys/Vec3;
       136: astore        12
       138: aload_2
       139: dload         10
       141: invokestatic  #365                // Method java/lang/Math.cos:(D)D
       144: ldc2_w        #280                // double 0.12d
       147: dmul
       148: dload         10
       150: invokestatic  #272                // Method java/lang/Math.sin:(D)D
       153: ldc2_w        #280                // double 0.12d
       156: dmul
       157: ldc2_w        #540                // double 0.9d
       160: invokevirtual #324                // Method kr/moonseungjun/villageguardians/VillageSkillMeshLibrary$Basis.local:(DDD)Lnet/minecraft/world/phys/Vec3;
       163: astore        13
       165: aload_0
       166: aload_1
       167: aload_2
       168: aload         12
       170: aload         13
       172: ldc2_w        #337                // double 0.13d
       175: sipush        154
       178: sipush        255
       181: sipush        160
       184: sipush        145
       187: invokestatic  #248                // Method rgba:(IIII)I
       190: invokestatic  #542                // Method taperedRibbon:(Lcom/mojang/blaze3d/vertex/PoseStack$Pose;Lcom/mojang/blaze3d/vertex/VertexConsumer;Lkr/moonseungjun/villageguardians/VillageSkillMeshLibrary$Basis;Lnet/minecraft/world/phys/Vec3;Lnet/minecraft/world/phys/Vec3;DI)V
       193: iinc          9, 1
       196: goto          86
       199: return

  private static void renderFireOrb(com.mojang.blaze3d.vertex.PoseStack$Pose, com.mojang.blaze3d.vertex.VertexConsumer, kr.moonseungjun.villageguardians.VillageSkillMeshLibrary$Basis, double, double);
    Code:
         0: ldc2_w        #286                // double 0.95d
         3: dload_3
         4: ldc2_w        #300                // double 0.42d
         7: dmul
         8: invokestatic  #272                // Method java/lang/Math.sin:(D)D
        11: ldc2_w        #280                // double 0.12d
        14: dmul
        15: dadd
        16: dstore        7
        18: aload_0
        19: aload_1
        20: getstatic     #465                // Field net/minecraft/world/phys/Vec3.ZERO:Lnet/minecraft/world/phys/Vec3;
        23: ldc2_w        #546                // double 0.62d
        26: dload         7
        28: dmul
        29: bipush        12
        31: bipush        18
        33: sipush        255
        36: bipush        75
        38: bipush        32
        40: sipush        220
        43: invokestatic  #248                // Method rgba:(IIII)I
        46: invokestatic  #329                // Method sphere:(Lcom/mojang/blaze3d/vertex/PoseStack$Pose;Lcom/mojang/blaze3d/vertex/VertexConsumer;Lnet/minecraft/world/phys/Vec3;DIII)V
        49: aload_0
        50: aload_1
        51: getstatic     #465                // Field net/minecraft/world/phys/Vec3.ZERO:Lnet/minecraft/world/phys/Vec3;
        54: ldc2_w        #298                // double 0.35d
        57: dload         7
        59: dmul
        60: bipush        10
        62: bipush        14
        64: sipush        255
        67: sipush        224
        70: bipush        92
        72: sipush        245
        75: invokestatic  #248                // Method rgba:(IIII)I
        78: invokestatic  #329                // Method sphere:(Lcom/mojang/blaze3d/vertex/PoseStack$Pose;Lcom/mojang/blaze3d/vertex/VertexConsumer;Lnet/minecraft/world/phys/Vec3;DIII)V
        81: iconst_0
        82: istore        9
        84: iload         9
        86: iconst_5
        87: if_icmpge     166
        90: dload_3
        91: ldc2_w        #343                // double 0.15d
        94: iload         9
        96: i2d
        97: ldc2_w        #432                // double 0.012d
       100: dmul
       101: dadd
       102: dmul
       103: iload         9
       105: i2d
       106: ldc2_w        #228                // double 6.283185307179586d
       109: dmul
       110: ldc2_w        #548                // double 5.0d
       113: ddiv
       114: dadd
       115: dstore        10
       117: aload_0
       118: aload_1
       119: aload_2
       120: dload         10
       122: ldc2_w        #451                // double 0.48d
       125: iload         9
       127: i2d
       128: ldc2_w        #262                // double 0.035d
       131: dmul
       132: dadd
       133: ldc2_w        #550                // double 1.8d
       136: bipush        20
       138: sipush        255
       141: bipush        125
       143: iload         9
       145: bipush        12
       147: imul
       148: iadd
       149: bipush        42
       151: sipush        150
       154: invokestatic  #248                // Method rgba:(IIII)I
       157: invokestatic  #441                // Method helixRibbon:(Lcom/mojang/blaze3d/vertex/PoseStack$Pose;Lcom/mojang/blaze3d/vertex/VertexConsumer;Lkr/moonseungjun/villageguardians/VillageSkillMeshLibrary$Basis;DDDII)V
       160: iinc          9, 1
       163: goto          84
       166: return

  private static void renderFrostField(com.mojang.blaze3d.vertex.PoseStack$Pose, com.mojang.blaze3d.vertex.VertexConsumer, kr.moonseungjun.villageguardians.VillageSkillMeshLibrary$Basis, double, double);
    Code:
         0: aload_0
         1: aload_1
         2: aload_2
         3: ldc2_w        #534                // double 5.2d
         6: ldc2_w        #262                // double 0.035d
         9: dload_3
        10: ldc2_w        #432                // double 0.012d
        13: dmul
        14: bipush        112
        16: sipush        218
        19: sipush        255
        22: bipush        105
        24: invokestatic  #248                // Method rgba:(IIII)I
        27: invokestatic  #552                // Method runeDisc:(Lcom/mojang/blaze3d/vertex/PoseStack$Pose;Lcom/mojang/blaze3d/vertex/VertexConsumer;Lkr/moonseungjun/villageguardians/VillageSkillMeshLibrary$Basis;DDDI)V
        30: aload_0
        31: aload_1
        32: aload_2
        33: ldc2_w        #555                // double 4.2d
        36: ldc2_w        #258                // double 0.06d
        39: ldc2_w        #290                // double 0.09d
        42: bipush        72
        44: sipush        189
        47: sipush        246
        50: sipush        255
        53: sipush        155
        56: invokestatic  #248                // Method rgba:(IIII)I
        59: dload_3
        60: dneg
        61: ldc2_w        #244                // double 0.018d
        64: dmul
        65: invokestatic  #264                // Method ring:(Lcom/mojang/blaze3d/vertex/PoseStack$Pose;Lcom/mojang/blaze3d/vertex/VertexConsumer;Lkr/moonseungjun/villageguardians/VillageSkillMeshLibrary$Basis;DDDIID)V
        68: iconst_0
        69: istore        7
        71: iload         7
        73: bipush        12
        75: if_icmpge     212
        78: iload         7
        80: i2d
        81: ldc2_w        #228                // double 6.283185307179586d
        84: dmul
        85: ldc2_w        #557                // double 12.0d
        88: ddiv
        89: iload         7
        91: iconst_2
        92: irem
        93: i2d
        94: ldc2_w        #280                // double 0.12d
        97: dmul
        98: dadd
        99: dstore        8
       101: ldc2_w        #437                // double 2.1d
       104: iload         7
       106: iconst_3
       107: irem
       108: i2d
       109: ldc2_w        #559                // double 0.85d
       112: dmul
       113: dadd
       114: dstore        10
       116: ldc2_w        #375                // double 0.7d
       119: iload         7
       121: iconst_4
       122: irem
       123: i2d
       124: ldc2_w        #561                // double 0.33d
       127: dmul
       128: dadd
       129: dload_3
       130: ldc2_w        #280                // double 0.12d
       133: dmul
       134: iload         7
       136: i2d
       137: dadd
       138: invokestatic  #272                // Method java/lang/Math.sin:(D)D
       141: ldc2_w        #280                // double 0.12d
       144: dmul
       145: dadd
       146: dstore        12
       148: aload_0
       149: aload_1
       150: aload_2
       151: dload         8
       153: invokestatic  #365                // Method java/lang/Math.cos:(D)D
       156: dload         10
       158: dmul
       159: ldc2_w        #284                // double 0.02d
       162: dload         8
       164: invokestatic  #272                // Method java/lang/Math.sin:(D)D
       167: dload         10
       169: dmul
       170: invokevirtual #324                // Method kr/moonseungjun/villageguardians/VillageSkillMeshLibrary$Basis.local:(DDD)Lnet/minecraft/world/phys/Vec3;
       173: dload         12
       175: ldc2_w        #270                // double 0.18d
       178: iload         7
       180: iconst_3
       181: irem
       182: i2d
       183: ldc2_w        #363                // double 0.04d
       186: dmul
       187: dadd
       188: sipush        146
       191: sipush        228
       194: sipush        255
       197: sipush        175
       200: invokestatic  #248                // Method rgba:(IIII)I
       203: invokestatic  #563                // Method crystal:(Lcom/mojang/blaze3d/vertex/PoseStack$Pose;Lcom/mojang/blaze3d/vertex/VertexConsumer;Lnet/minecraft/world/phys/Vec3;DDI)V
       206: iinc          7, 1
       209: goto          71
       212: return

  private static void renderTornado(com.mojang.blaze3d.vertex.PoseStack$Pose, com.mojang.blaze3d.vertex.VertexConsumer, kr.moonseungjun.villageguardians.VillageSkillMeshLibrary$Basis, double, double);
    Code:
         0: iconst_0
         1: istore        7
         3: iload         7
         5: bipush        8
         7: if_icmpge     90
        10: iload         7
        12: i2d
        13: ldc2_w        #228                // double 6.283185307179586d
        16: dmul
        17: ldc2_w        #567                // double 8.0d
        20: ddiv
        21: dload_3
        22: ldc2_w        #428                // double 0.19d
        25: iload         7
        27: i2d
        28: ldc2_w        #569                // double 0.006d
        31: dmul
        32: dadd
        33: dmul
        34: dadd
        35: dstore        8
        37: bipush        118
        39: iload         7
        41: iconst_4
        42: irem
        43: bipush        22
        45: imul
        46: iadd
        47: istore        10
        49: aload_0
        50: aload_1
        51: aload_2
        52: dload         8
        54: ldc2_w        #571                // double 5.8d
        57: bipush        46
        59: iload         10
        61: iload         10
        63: iconst_4
        64: iadd
        65: iload         10
        67: bipush        9
        69: iadd
        70: bipush        125
        72: iload         7
        74: bipush        8
        76: imul
        77: iadd
        78: invokestatic  #248                // Method rgba:(IIII)I
        81: invokestatic  #573                // Method tornadoRibbon:(Lcom/mojang/blaze3d/vertex/PoseStack$Pose;Lcom/mojang/blaze3d/vertex/VertexConsumer;Lkr/moonseungjun/villageguardians/VillageSkillMeshLibrary$Basis;DDII)V
        84: iinc          7, 1
        87: goto          3
        90: iconst_0
        91: istore        7
        93: iload         7
        95: bipush        24
        97: if_icmpge     278
       100: dload_3
       101: ldc2_w        #262                // double 0.035d
       104: dmul
       105: iload         7
       107: i2d
       108: ldc2_w        #577                // double 0.117d
       111: dmul
       112: dadd
       113: invokestatic  #505                // Method fract:(D)D
       116: dstore        8
       118: ldc2_w        #270                // double 0.18d
       121: dload         8
       123: ldc2_w        #579                // double 5.4d
       126: dmul
       127: dadd
       128: dstore        10
       130: ldc2_w        #306                // double 0.65d
       133: dload         8
       135: ldc2_w        #581                // double 2.7d
       138: dmul
       139: dadd
       140: iload         7
       142: iconst_3
       143: irem
       144: i2d
       145: ldc2_w        #242                // double 0.14d
       148: dmul
       149: dadd
       150: dstore        12
       152: dload_3
       153: ldc2_w        #494                // double 0.17d
       156: dmul
       157: iload         7
       159: i2d
       160: ldc2_w        #492                // double 2.399963229728653d
       163: dmul
       164: dadd
       165: dstore        14
       167: aload_2
       168: dload         14
       170: invokestatic  #365                // Method java/lang/Math.cos:(D)D
       173: dload         12
       175: dmul
       176: dload         10
       178: dload         14
       180: invokestatic  #272                // Method java/lang/Math.sin:(D)D
       183: dload         12
       185: dmul
       186: invokevirtual #324                // Method kr/moonseungjun/villageguardians/VillageSkillMeshLibrary$Basis.local:(DDD)Lnet/minecraft/world/phys/Vec3;
       189: astore        16
       191: aload         16
       193: aload_2
       194: dload         14
       196: invokestatic  #272                // Method java/lang/Math.sin:(D)D
       199: dneg
       200: ldc2_w        #583                // double 0.28d
       203: dmul
       204: ldc2_w        #316                // double 0.1d
       207: dload         14
       209: invokestatic  #365                // Method java/lang/Math.cos:(D)D
       212: ldc2_w        #583                // double 0.28d
       215: dmul
       216: invokevirtual #324                // Method kr/moonseungjun/villageguardians/VillageSkillMeshLibrary$Basis.local:(DDD)Lnet/minecraft/world/phys/Vec3;
       219: invokevirtual #585                // Method net/minecraft/world/phys/Vec3.add:(Lnet/minecraft/world/phys/Vec3;)Lnet/minecraft/world/phys/Vec3;
       222: astore        17
       224: bipush        105
       226: iload         7
       228: iconst_5
       229: irem
       230: bipush        18
       232: imul
       233: iadd
       234: istore        18
       236: aload_0
       237: aload_1
       238: aload         16
       240: aload         17
       242: ldc2_w        #258                // double 0.06d
       245: iload         7
       247: iconst_3
       248: irem
       249: i2d
       250: ldc2_w        #244                // double 0.018d
       253: dmul
       254: dadd
       255: iload         18
       257: iload         18
       259: iload         18
       261: iconst_5
       262: iadd
       263: sipush        155
       266: invokestatic  #248                // Method rgba:(IIII)I
       269: invokestatic  #531                // Method prism:(Lcom/mojang/blaze3d/vertex/PoseStack$Pose;Lcom/mojang/blaze3d/vertex/VertexConsumer;Lnet/minecraft/world/phys/Vec3;Lnet/minecraft/world/phys/Vec3;DI)V
       272: iinc          7, 1
       275: goto          93
       278: aload_0
       279: aload_1
       280: aload_2
       281: ldc2_w        #341                // double 1.25d
       284: dload_3
       285: ldc2_w        #270                // double 0.18d
       288: dmul
       289: invokestatic  #272                // Method java/lang/Math.sin:(D)D
       292: ldc2_w        #270                // double 0.18d
       295: dmul
       296: dadd
       297: ldc2_w        #258                // double 0.06d
       300: ldc2_w        #270                // double 0.18d
       303: bipush        56
       305: sipush        174
       308: sipush        178
       311: sipush        186
       314: sipush        165
       317: invokestatic  #248                // Method rgba:(IIII)I
       320: dload_3
       321: ldc2_w        #359                // double 0.07d
       324: dmul
       325: invokestatic  #264                // Method ring:(Lcom/mojang/blaze3d/vertex/PoseStack$Pose;Lcom/mojang/blaze3d/vertex/VertexConsumer;Lkr/moonseungjun/villageguardians/VillageSkillMeshLibrary$Basis;DDDIID)V
       328: return

  private static void renderLightningField(com.mojang.blaze3d.vertex.PoseStack$Pose, com.mojang.blaze3d.vertex.VertexConsumer, kr.moonseungjun.villageguardians.VillageSkillMeshLibrary$Basis, double, double, java.util.Random);
    Code:
         0: aload_0
         1: aload_1
         2: aload_2
         3: ldc2_w        #589                // double 14.0d
         6: ldc2_w        #262                // double 0.035d
         9: ldc2_w        #337                // double 0.13d
        12: bipush        112
        14: sipush        188
        17: sipush        128
        20: sipush        255
        23: bipush        120
        25: invokestatic  #248                // Method rgba:(IIII)I
        28: dload_3
        29: dneg
        30: ldc2_w        #432                // double 0.012d
        33: dmul
        34: invokestatic  #264                // Method ring:(Lcom/mojang/blaze3d/vertex/PoseStack$Pose;Lcom/mojang/blaze3d/vertex/VertexConsumer;Lkr/moonseungjun/villageguardians/VillageSkillMeshLibrary$Basis;DDDIID)V
        37: aload_0
        38: aload_1
        39: aload_2
        40: ldc2_w        #418                // double 9.0d
        43: ldc2_w        #430                // double 0.045d
        46: ldc2_w        #339                // double 0.055d
        49: bipush        88
        51: sipush        229
        54: sipush        207
        57: sipush        255
        60: bipush        95
        62: invokestatic  #248                // Method rgba:(IIII)I
        65: dload_3
        66: ldc2_w        #244                // double 0.018d
        69: dmul
        70: invokestatic  #264                // Method ring:(Lcom/mojang/blaze3d/vertex/PoseStack$Pose;Lcom/mojang/blaze3d/vertex/VertexConsumer;Lkr/moonseungjun/villageguardians/VillageSkillMeshLibrary$Basis;DDDIID)V
        73: iconst_0
        74: istore        8
        76: iload         8
        78: bipush        8
        80: if_icmpge     221
        83: iload         8
        85: i2d
        86: ldc2_w        #228                // double 6.283185307179586d
        89: dmul
        90: ldc2_w        #567                // double 8.0d
        93: ddiv
        94: dload_3
        95: ldc2_w        #413                // double 0.05d
        98: dmul
        99: iload         8
       101: i2d
       102: dadd
       103: invokestatic  #272                // Method java/lang/Math.sin:(D)D
       106: ldc2_w        #357                // double 0.55d
       109: dmul
       110: dadd
       111: dstore        9
       113: ldc2_w        #478                // double 2.0d
       116: iload         8
       118: iconst_4
       119: irem
       120: i2d
       121: ldc2_w        #333                // double 3.0d
       124: dmul
       125: dadd
       126: dstore        11
       128: aload_2
       129: dload         9
       131: invokestatic  #365                // Method java/lang/Math.cos:(D)D
       134: dload         11
       136: dmul
       137: ldc2_w        #413                // double 0.05d
       140: dload         9
       142: invokestatic  #272                // Method java/lang/Math.sin:(D)D
       145: dload         11
       147: dmul
       148: invokevirtual #324                // Method kr/moonseungjun/villageguardians/VillageSkillMeshLibrary$Basis.local:(DDD)Lnet/minecraft/world/phys/Vec3;
       151: astore        13
       153: aload         13
       155: dconst_0
       156: ldc2_w        #484                // double 8.5d
       159: iload         8
       161: iconst_3
       162: irem
       163: i2d
       164: ldc2_w        #276                // double 1.2d
       167: dmul
       168: dadd
       169: dconst_0
       170: invokevirtual #591                // Method net/minecraft/world/phys/Vec3.add:(DDD)Lnet/minecraft/world/phys/Vec3;
       173: astore        14
       175: aload_0
       176: aload_1
       177: aload         14
       179: aload         13
       181: bipush        11
       183: ldc2_w        #486                // double 0.11d
       186: sipush        236
       189: sipush        220
       192: sipush        255
       195: sipush        205
       198: invokestatic  #248                // Method rgba:(IIII)I
       201: aload         7
       203: iload         8
       205: dload_3
       206: d2i
       207: iconst_2
       208: idiv
       209: invokestatic  #593                // Method stateSeed:(Ljava/util/Random;II)J
       212: invokestatic  #597                // Method jaggedBolt:(Lcom/mojang/blaze3d/vertex/PoseStack$Pose;Lcom/mojang/blaze3d/vertex/VertexConsumer;Lnet/minecraft/world/phys/Vec3;Lnet/minecraft/world/phys/Vec3;IDIJ)V
       215: iinc          8, 1
       218: goto          76
       221: return

  private static void renderHealCast(com.mojang.blaze3d.vertex.PoseStack$Pose, com.mojang.blaze3d.vertex.VertexConsumer, kr.moonseungjun.villageguardians.VillageSkillMeshLibrary$Basis, double, double);
    Code:
         0: ldc2_w        #357                // double 0.55d
         3: dload         5
         5: ldc2_w        #601                // double 1.1d
         8: dmul
         9: dadd
        10: dstore        7
        12: aload_0
        13: aload_1
        14: aload_2
        15: dload         7
        17: ldc2_w        #316                // double 0.1d
        20: dload         5
        22: ldc2_w        #390                // double 0.8d
        25: dmul
        26: dadd
        27: dload_3
        28: ldc2_w        #430                // double 0.045d
        31: dmul
        32: sipush        255
        35: sipush        246
        38: sipush        176
        41: ldc2_w        #394                // double 210.0d
        44: dconst_1
        45: dload         5
        47: ldc2_w        #298                // double 0.35d
        50: dmul
        51: dsub
        52: dmul
        53: d2i
        54: invokestatic  #248                // Method rgba:(IIII)I
        57: invokestatic  #552                // Method runeDisc:(Lcom/mojang/blaze3d/vertex/PoseStack$Pose;Lcom/mojang/blaze3d/vertex/VertexConsumer;Lkr/moonseungjun/villageguardians/VillageSkillMeshLibrary$Basis;DDDI)V
        60: iconst_0
        61: istore        9
        63: iload         9
        65: iconst_4
        66: if_icmpge     142
        69: iload         9
        71: i2d
        72: ldc2_w        #228                // double 6.283185307179586d
        75: dmul
        76: ldc2_w        #230                // double 4.0d
        79: ddiv
        80: dload_3
        81: ldc2_w        #262                // double 0.035d
        84: dmul
        85: dadd
        86: dstore        10
        88: aload_0
        89: aload_1
        90: aload_2
        91: dload         10
        93: dload         7
        95: ldc2_w        #370                // double 0.75d
        98: dmul
        99: ldc2_w        #296                // double 0.2d
       102: invokestatic  #310                // Method polar:(DDD)Lnet/minecraft/world/phys/Vec3;
       105: ldc2_w        #232                // double 1.35d
       108: dload         5
       110: ldc2_w        #357                // double 0.55d
       113: dmul
       114: dadd
       115: ldc2_w        #258                // double 0.06d
       118: sipush        255
       121: sipush        255
       124: sipush        215
       127: sipush        145
       130: invokestatic  #248                // Method rgba:(IIII)I
       133: invokestatic  #318                // Method verticalBlade:(Lcom/mojang/blaze3d/vertex/PoseStack$Pose;Lcom/mojang/blaze3d/vertex/VertexConsumer;Lkr/moonseungjun/villageguardians/VillageSkillMeshLibrary$Basis;Lnet/minecraft/world/phys/Vec3;DDI)V
       136: iinc          9, 1
       139: goto          63
       142: return

  private static void renderCleanseCast(com.mojang.blaze3d.vertex.PoseStack$Pose, com.mojang.blaze3d.vertex.VertexConsumer, kr.moonseungjun.villageguardians.VillageSkillMeshLibrary$Basis, double, double);
    Code:
         0: iconst_0
         1: istore        7
         3: iload         7
         5: iconst_3
         6: if_icmpge     89
         9: aload_0
        10: aload_1
        11: aload_2
        12: ldc2_w        #390                // double 0.8d
        15: iload         7
        17: i2d
        18: ldc2_w        #411                // double 0.4d
        21: dmul
        22: dadd
        23: dload         5
        25: ldc2_w        #276                // double 1.2d
        28: dmul
        29: dadd
        30: ldc2_w        #308                // double 0.25d
        33: iload         7
        35: i2d
        36: ldc2_w        #496                // double 0.5d
        39: dmul
        40: dadd
        41: ldc2_w        #359                // double 0.07d
        44: bipush        56
        46: sipush        255
        49: sipush        244
        52: sipush        178
        55: sipush        155
        58: iload         7
        60: bipush        22
        62: imul
        63: isub
        64: invokestatic  #248                // Method rgba:(IIII)I
        67: dload_3
        68: ldc2_w        #603                // double 0.03d
        71: iload         7
        73: i2d
        74: ldc2_w        #361                // double 0.01d
        77: dmul
        78: dadd
        79: dmul
        80: invokestatic  #264                // Method ring:(Lcom/mojang/blaze3d/vertex/PoseStack$Pose;Lcom/mojang/blaze3d/vertex/VertexConsumer;Lkr/moonseungjun/villageguardians/VillageSkillMeshLibrary$Basis;DDDIID)V
        83: iinc          7, 1
        86: goto          3
        89: iconst_2
        90: newarray       int
        92: dup
        93: iconst_0
        94: iconst_m1
        95: iastore
        96: dup
        97: iconst_1
        98: iconst_1
        99: iastore
       100: astore        7
       102: aload         7
       104: arraylength
       105: istore        8
       107: iconst_0
       108: istore        9
       110: iload         9
       112: iload         8
       114: if_icmpge     164
       117: aload         7
       119: iload         9
       121: iaload
       122: istore        10
       124: aload_0
       125: aload_1
       126: aload_2
       127: iload         10
       129: ldc2_w        #525                // double 1.15d
       132: dconst_1
       133: dload         5
       135: ldc2_w        #345                // double 0.45d
       138: dmul
       139: dadd
       140: sipush        255
       143: sipush        255
       146: sipush        223
       149: sipush        165
       152: invokestatic  #248                // Method rgba:(IIII)I
       155: invokestatic  #605                // Method wing:(Lcom/mojang/blaze3d/vertex/PoseStack$Pose;Lcom/mojang/blaze3d/vertex/VertexConsumer;Lkr/moonseungjun/villageguardians/VillageSkillMeshLibrary$Basis;IDDI)V
       158: iinc          9, 1
       161: goto          110
       164: return

  private static void renderCleanseWave(com.mojang.blaze3d.vertex.PoseStack$Pose, com.mojang.blaze3d.vertex.VertexConsumer, kr.moonseungjun.villageguardians.VillageSkillEffectRenderState, double, double);
    Code:
         0: aload_2
         1: getfield      #29                 // Field kr/moonseungjun/villageguardians/VillageSkillEffectRenderState.direction:Lnet/minecraft/world/phys/Vec3;
         4: invokestatic  #33                 // Method kr/moonseungjun/villageguardians/VillageSkillMeshLibrary$Basis.from:(Lnet/minecraft/world/phys/Vec3;)Lkr/moonseungjun/villageguardians/VillageSkillMeshLibrary$Basis;
         7: astore        7
         9: aload_2
        10: getfield      #170                // Field kr/moonseungjun/villageguardians/VillageSkillEffectRenderState.extra:Ljava/lang/String;
        13: new           #466                // class net/minecraft/world/phys/Vec3
        16: dup
        17: aload_2
        18: getfield      #609                // Field kr/moonseungjun/villageguardians/VillageSkillEffectRenderState.x:D
        21: aload_2
        22: getfield      #613                // Field kr/moonseungjun/villageguardians/VillageSkillEffectRenderState.y:D
        25: aload_2
        26: getfield      #616                // Field kr/moonseungjun/villageguardians/VillageSkillEffectRenderState.z:D
        29: invokespecial #619                // Method net/minecraft/world/phys/Vec3."<init>":(DDD)V
        32: invokestatic  #622                // Method parsePoints:(Ljava/lang/String;Lnet/minecraft/world/phys/Vec3;)Ljava/util/List;
        35: invokeinterface #626,  1          // InterfaceMethod java/util/List.iterator:()Ljava/util/Iterator;
        40: astore        8
        42: aload         8
        44: invokeinterface #632,  1          // InterfaceMethod java/util/Iterator.hasNext:()Z
        49: ifeq          126
        52: aload         8
        54: invokeinterface #638,  1          // InterfaceMethod java/util/Iterator.next:()Ljava/lang/Object;
        59: checkcast     #466                // class net/minecraft/world/phys/Vec3
        62: astore        9
        64: aload         9
        66: aload_2
        67: getfield      #609                // Field kr/moonseungjun/villageguardians/VillageSkillEffectRenderState.x:D
        70: aload_2
        71: getfield      #613                // Field kr/moonseungjun/villageguardians/VillageSkillEffectRenderState.y:D
        74: aload_2
        75: getfield      #616                // Field kr/moonseungjun/villageguardians/VillageSkillEffectRenderState.z:D
        78: invokevirtual #642                // Method net/minecraft/world/phys/Vec3.subtract:(DDD)Lnet/minecraft/world/phys/Vec3;
        81: astore        10
        83: aload_0
        84: aload_1
        85: aload         7
        87: aload         10
        89: ldc2_w        #306                // double 0.65d
        92: dload         5
        94: ldc2_w        #286                // double 0.95d
        97: dmul
        98: dadd
        99: sipush        255
       102: sipush        247
       105: sipush        183
       108: ldc2_w        #246                // double 190.0d
       111: dconst_1
       112: dload         5
       114: dsub
       115: dmul
       116: d2i
       117: invokestatic  #248                // Method rgba:(IIII)I
       120: invokestatic  #645                // Method localRune:(Lcom/mojang/blaze3d/vertex/PoseStack$Pose;Lcom/mojang/blaze3d/vertex/VertexConsumer;Lkr/moonseungjun/villageguardians/VillageSkillMeshLibrary$Basis;Lnet/minecraft/world/phys/Vec3;DI)V
       123: goto          42
       126: return

  private static void renderHealingField(com.mojang.blaze3d.vertex.PoseStack$Pose, com.mojang.blaze3d.vertex.VertexConsumer, kr.moonseungjun.villageguardians.VillageSkillMeshLibrary$Basis, double, double);
    Code:
         0: aload_0
         1: aload_1
         2: aload_2
         3: ldc2_w        #571                // double 5.8d
         6: ldc2_w        #603                // double 0.03d
         9: dload_3
        10: ldc2_w        #490                // double 0.008d
        13: dmul
        14: sipush        255
        17: sipush        239
        20: sipush        153
        23: bipush        105
        25: invokestatic  #248                // Method rgba:(IIII)I
        28: invokestatic  #552                // Method runeDisc:(Lcom/mojang/blaze3d/vertex/PoseStack$Pose;Lcom/mojang/blaze3d/vertex/VertexConsumer;Lkr/moonseungjun/villageguardians/VillageSkillMeshLibrary$Basis;DDDI)V
        31: iconst_0
        32: istore        7
        34: iload         7
        36: iconst_3
        37: if_icmpge     112
        40: aload_0
        41: aload_1
        42: aload_2
        43: ldc2_w        #649                // double 1.7d
        46: iload         7
        48: i2d
        49: ldc2_w        #232                // double 1.35d
        52: dmul
        53: dadd
        54: ldc2_w        #339                // double 0.055d
        57: iload         7
        59: i2d
        60: ldc2_w        #284                // double 0.02d
        63: dmul
        64: dadd
        65: ldc2_w        #219                // double 0.08d
        68: bipush        64
        70: sipush        255
        73: sipush        248
        76: sipush        188
        79: bipush        125
        81: iload         7
        83: bipush        18
        85: imul
        86: isub
        87: invokestatic  #248                // Method rgba:(IIII)I
        90: dload_3
        91: ldc2_w        #651                // double 0.015d
        94: iload         7
        96: i2d
        97: ldc2_w        #569                // double 0.006d
       100: dmul
       101: dadd
       102: dmul
       103: invokestatic  #264                // Method ring:(Lcom/mojang/blaze3d/vertex/PoseStack$Pose;Lcom/mojang/blaze3d/vertex/VertexConsumer;Lkr/moonseungjun/villageguardians/VillageSkillMeshLibrary$Basis;DDDIID)V
       106: iinc          7, 1
       109: goto          34
       112: iconst_0
       113: istore        7
       115: iload         7
       117: bipush        8
       119: if_icmpge     217
       122: iload         7
       124: i2d
       125: ldc2_w        #228                // double 6.283185307179586d
       128: dmul
       129: ldc2_w        #567                // double 8.0d
       132: ddiv
       133: dload_3
       134: ldc2_w        #653                // double 0.014d
       137: dmul
       138: dadd
       139: dstore        8
       141: aload_2
       142: dload         8
       144: invokestatic  #365                // Method java/lang/Math.cos:(D)D
       147: ldc2_w        #655                // double 3.6d
       150: dmul
       151: ldc2_w        #413                // double 0.05d
       154: dload         8
       156: invokestatic  #272                // Method java/lang/Math.sin:(D)D
       159: ldc2_w        #655                // double 3.6d
       162: dmul
       163: invokevirtual #324                // Method kr/moonseungjun/villageguardians/VillageSkillMeshLibrary$Basis.local:(DDD)Lnet/minecraft/world/phys/Vec3;
       166: astore        10
       168: aload_0
       169: aload_1
       170: aload_2
       171: aload         10
       173: dconst_1
       174: ldc2_w        #298                // double 0.35d
       177: dload_3
       178: ldc2_w        #337                // double 0.13d
       181: dmul
       182: iload         7
       184: i2d
       185: dadd
       186: invokestatic  #272                // Method java/lang/Math.sin:(D)D
       189: dmul
       190: dadd
       191: ldc2_w        #339                // double 0.055d
       194: sipush        255
       197: sipush        255
       200: sipush        215
       203: bipush        115
       205: invokestatic  #248                // Method rgba:(IIII)I
       208: invokestatic  #318                // Method verticalBlade:(Lcom/mojang/blaze3d/vertex/PoseStack$Pose;Lcom/mojang/blaze3d/vertex/VertexConsumer;Lkr/moonseungjun/villageguardians/VillageSkillMeshLibrary$Basis;Lnet/minecraft/world/phys/Vec3;DDI)V
       211: iinc          7, 1
       214: goto          115
       217: return

  private static void renderMiracleCast(com.mojang.blaze3d.vertex.PoseStack$Pose, com.mojang.blaze3d.vertex.VertexConsumer, kr.moonseungjun.villageguardians.VillageSkillMeshLibrary$Basis, double, double);
    Code:
         0: dload         5
         2: ldc2_w        #280                // double 0.12d
         5: ldc2_w        #308                // double 0.25d
         8: invokestatic  #223                // Method envelope:(DDD)D
        11: dstore        7
        13: aload_0
        14: aload_1
        15: aload_2
        16: dconst_0
        17: ldc2_w        #657                // double 2.4d
        20: dconst_0
        21: invokevirtual #324                // Method kr/moonseungjun/villageguardians/VillageSkillMeshLibrary$Basis.local:(DDD)Lnet/minecraft/world/phys/Vec3;
        24: ldc2_w        #234                // double 0.34d
        27: ldc2_w        #270                // double 0.18d
        30: dload_3
        31: ldc2_w        #270                // double 0.18d
        34: dmul
        35: invokestatic  #272                // Method java/lang/Math.sin:(D)D
        38: dmul
        39: dadd
        40: bipush        10
        42: bipush        16
        44: sipush        255
        47: sipush        250
        50: sipush        198
        53: ldc2_w        #470                // double 220.0d
        56: dload         7
        58: dmul
        59: d2i
        60: invokestatic  #248                // Method rgba:(IIII)I
        63: invokestatic  #329                // Method sphere:(Lcom/mojang/blaze3d/vertex/PoseStack$Pose;Lcom/mojang/blaze3d/vertex/VertexConsumer;Lnet/minecraft/world/phys/Vec3;DIII)V
        66: iconst_2
        67: newarray       int
        69: dup
        70: iconst_0
        71: iconst_m1
        72: iastore
        73: dup
        74: iconst_1
        75: iconst_1
        76: iastore
        77: astore        9
        79: aload         9
        81: arraylength
        82: istore        10
        84: iconst_0
        85: istore        11
        87: iload         11
        89: iload         10
        91: if_icmpge     147
        94: aload         9
        96: iload         11
        98: iaload
        99: istore        12
       101: aload_0
       102: aload_1
       103: aload_2
       104: iload         12
       106: ldc2_w        #659                // double 1.55d
       109: ldc2_w        #661                // double 1.75d
       112: dload         5
       114: ldc2_w        #306                // double 0.65d
       117: dmul
       118: dadd
       119: sipush        255
       122: sipush        255
       125: sipush        225
       128: ldc2_w        #246                // double 190.0d
       131: dload         7
       133: dmul
       134: d2i
       135: invokestatic  #248                // Method rgba:(IIII)I
       138: invokestatic  #605                // Method wing:(Lcom/mojang/blaze3d/vertex/PoseStack$Pose;Lcom/mojang/blaze3d/vertex/VertexConsumer;Lkr/moonseungjun/villageguardians/VillageSkillMeshLibrary$Basis;IDDI)V
       141: iinc          11, 1
       144: goto          87
       147: aload_0
       148: aload_1
       149: aload_2
       150: ldc2_w        #355                // double 0.38d
       153: dload         5
       155: ldc2_w        #370                // double 0.75d
       158: dmul
       159: dadd
       160: ldc2_w        #294                // double 6.0d
       163: sipush        255
       166: sipush        240
       169: sipush        142
       172: ldc2_w        #424                // double 150.0d
       175: dload         7
       177: dmul
       178: d2i
       179: invokestatic  #248                // Method rgba:(IIII)I
       182: invokestatic  #663                // Method verticalPillar:(Lcom/mojang/blaze3d/vertex/PoseStack$Pose;Lcom/mojang/blaze3d/vertex/VertexConsumer;Lkr/moonseungjun/villageguardians/VillageSkillMeshLibrary$Basis;DDI)V
       185: aload_0
       186: aload_1
       187: aload_2
       188: ldc2_w        #657                // double 2.4d
       191: dload         5
       193: ldc2_w        #667                // double 1.4d
       196: dmul
       197: dadd
       198: ldc2_w        #363                // double 0.04d
       201: dload_3
       202: dneg
       203: ldc2_w        #292                // double 0.025d
       206: dmul
       207: sipush        255
       210: sipush        238
       213: sipush        137
       216: ldc2_w        #669                // double 155.0d
       219: dload         7
       221: dmul
       222: d2i
       223: invokestatic  #248                // Method rgba:(IIII)I
       226: invokestatic  #552                // Method runeDisc:(Lcom/mojang/blaze3d/vertex/PoseStack$Pose;Lcom/mojang/blaze3d/vertex/VertexConsumer;Lkr/moonseungjun/villageguardians/VillageSkillMeshLibrary$Basis;DDDI)V
       229: return

  private static void renderMiracleWave(com.mojang.blaze3d.vertex.PoseStack$Pose, com.mojang.blaze3d.vertex.VertexConsumer, kr.moonseungjun.villageguardians.VillageSkillEffectRenderState, double, double);
    Code:
         0: aload_2
         1: getfield      #29                 // Field kr/moonseungjun/villageguardians/VillageSkillEffectRenderState.direction:Lnet/minecraft/world/phys/Vec3;
         4: invokestatic  #33                 // Method kr/moonseungjun/villageguardians/VillageSkillMeshLibrary$Basis.from:(Lnet/minecraft/world/phys/Vec3;)Lkr/moonseungjun/villageguardians/VillageSkillMeshLibrary$Basis;
         7: astore        7
         9: aload_2
        10: getfield      #170                // Field kr/moonseungjun/villageguardians/VillageSkillEffectRenderState.extra:Ljava/lang/String;
        13: new           #466                // class net/minecraft/world/phys/Vec3
        16: dup
        17: aload_2
        18: getfield      #609                // Field kr/moonseungjun/villageguardians/VillageSkillEffectRenderState.x:D
        21: aload_2
        22: getfield      #613                // Field kr/moonseungjun/villageguardians/VillageSkillEffectRenderState.y:D
        25: aload_2
        26: getfield      #616                // Field kr/moonseungjun/villageguardians/VillageSkillEffectRenderState.z:D
        29: invokespecial #619                // Method net/minecraft/world/phys/Vec3."<init>":(DDD)V
        32: invokestatic  #622                // Method parsePoints:(Ljava/lang/String;Lnet/minecraft/world/phys/Vec3;)Ljava/util/List;
        35: invokeinterface #626,  1          // InterfaceMethod java/util/List.iterator:()Ljava/util/Iterator;
        40: astore        8
        42: aload         8
        44: invokeinterface #632,  1          // InterfaceMethod java/util/Iterator.hasNext:()Z
        49: ifeq          180
        52: aload         8
        54: invokeinterface #638,  1          // InterfaceMethod java/util/Iterator.next:()Ljava/lang/Object;
        59: checkcast     #466                // class net/minecraft/world/phys/Vec3
        62: astore        9
        64: aload         9
        66: aload_2
        67: getfield      #609                // Field kr/moonseungjun/villageguardians/VillageSkillEffectRenderState.x:D
        70: aload_2
        71: getfield      #613                // Field kr/moonseungjun/villageguardians/VillageSkillEffectRenderState.y:D
        74: aload_2
        75: getfield      #616                // Field kr/moonseungjun/villageguardians/VillageSkillEffectRenderState.z:D
        78: invokevirtual #642                // Method net/minecraft/world/phys/Vec3.subtract:(DDD)Lnet/minecraft/world/phys/Vec3;
        81: astore        10
        83: aload_0
        84: aload_1
        85: aload         7
        87: aload         10
        89: ldc2_w        #496                // double 0.5d
        92: dload         5
        94: ldc2_w        #368                // double 1.5d
        97: dmul
        98: dadd
        99: sipush        255
       102: sipush        244
       105: sipush        162
       108: ldc2_w        #470                // double 220.0d
       111: dconst_1
       112: dload         5
       114: dsub
       115: dmul
       116: d2i
       117: invokestatic  #248                // Method rgba:(IIII)I
       120: invokestatic  #645                // Method localRune:(Lcom/mojang/blaze3d/vertex/PoseStack$Pose;Lcom/mojang/blaze3d/vertex/VertexConsumer;Lkr/moonseungjun/villageguardians/VillageSkillMeshLibrary$Basis;Lnet/minecraft/world/phys/Vec3;DI)V
       123: aload_0
       124: aload_1
       125: aload         7
       127: aload         10
       129: ldc2_w        #343                // double 0.15d
       132: dconst_1
       133: dload         5
       135: dsub
       136: ldc2_w        #583                // double 0.28d
       139: dmul
       140: dadd
       141: ldc2_w        #478                // double 2.0d
       144: dconst_1
       145: dload         5
       147: dsub
       148: ldc2_w        #671                // double 3.2d
       151: dmul
       152: dadd
       153: sipush        255
       156: sipush        255
       159: sipush        210
       162: ldc2_w        #673                // double 135.0d
       165: dconst_1
       166: dload         5
       168: dsub
       169: dmul
       170: d2i
       171: invokestatic  #248                // Method rgba:(IIII)I
       174: invokestatic  #675                // Method verticalPillarAt:(Lcom/mojang/blaze3d/vertex/PoseStack$Pose;Lcom/mojang/blaze3d/vertex/VertexConsumer;Lkr/moonseungjun/villageguardians/VillageSkillMeshLibrary$Basis;Lnet/minecraft/world/phys/Vec3;DDI)V
       177: goto          42
       180: return

  private static void renderShieldCharge(com.mojang.blaze3d.vertex.PoseStack$Pose, com.mojang.blaze3d.vertex.VertexConsumer, kr.moonseungjun.villageguardians.VillageSkillMeshLibrary$Basis, double, double);
    Code:
         0: ldc2_w        #525                // double 1.15d
         3: dload         5
         5: ldc2_w        #678                // double 1.65d
         8: dmul
         9: dadd
        10: dstore        7
        12: aload_2
        13: dconst_0
        14: ldc2_w        #341                // double 1.25d
        17: dload         7
        19: invokevirtual #324                // Method kr/moonseungjun/villageguardians/VillageSkillMeshLibrary$Basis.local:(DDD)Lnet/minecraft/world/phys/Vec3;
        22: astore        9
        24: aload_0
        25: aload_1
        26: aload_2
        27: aload         9
        29: ldc2_w        #680                // double 3.5d
        32: ldc2_w        #682                // double 3.1d
        35: ldc2_w        #426                // double 0.58d
        38: bipush        62
        40: sipush        157
        43: sipush        255
        46: sipush        205
        49: invokestatic  #248                // Method rgba:(IIII)I
        52: invokestatic  #684                // Method curvedShield:(Lcom/mojang/blaze3d/vertex/PoseStack$Pose;Lcom/mojang/blaze3d/vertex/VertexConsumer;Lkr/moonseungjun/villageguardians/VillageSkillMeshLibrary$Basis;Lnet/minecraft/world/phys/Vec3;DDDI)V
        55: aload_0
        56: aload_1
        57: aload_2
        58: aload         9
        60: aload_2
        61: getfield      #688                // Field kr/moonseungjun/villageguardians/VillageSkillMeshLibrary$Basis.forward:Lnet/minecraft/world/phys/Vec3;
        64: ldc2_w        #339                // double 0.055d
        67: invokevirtual #691                // Method net/minecraft/world/phys/Vec3.scale:(D)Lnet/minecraft/world/phys/Vec3;
        70: invokevirtual #585                // Method net/minecraft/world/phys/Vec3.add:(Lnet/minecraft/world/phys/Vec3;)Lnet/minecraft/world/phys/Vec3;
        73: ldc2_w        #695                // double 2.75d
        76: ldc2_w        #697                // double 2.35d
        79: ldc2_w        #699                // double 0.46d
        82: sipush        171
        85: sipush        227
        88: sipush        255
        91: bipush        125
        93: invokestatic  #248                // Method rgba:(IIII)I
        96: invokestatic  #684                // Method curvedShield:(Lcom/mojang/blaze3d/vertex/PoseStack$Pose;Lcom/mojang/blaze3d/vertex/VertexConsumer;Lkr/moonseungjun/villageguardians/VillageSkillMeshLibrary$Basis;Lnet/minecraft/world/phys/Vec3;DDDI)V
        99: aload_0
       100: aload_1
       101: aload_2
       102: aload         9
       104: aload_2
       105: getfield      #688                // Field kr/moonseungjun/villageguardians/VillageSkillMeshLibrary$Basis.forward:Lnet/minecraft/world/phys/Vec3;
       108: ldc2_w        #290                // double 0.09d
       111: invokevirtual #691                // Method net/minecraft/world/phys/Vec3.scale:(D)Lnet/minecraft/world/phys/Vec3;
       114: invokevirtual #585                // Method net/minecraft/world/phys/Vec3.add:(Lnet/minecraft/world/phys/Vec3;)Lnet/minecraft/world/phys/Vec3;
       117: ldc2_w        #680                // double 3.5d
       120: ldc2_w        #682                // double 3.1d
       123: ldc2_w        #426                // double 0.58d
       126: sipush        220
       129: sipush        246
       132: sipush        255
       135: sipush        220
       138: invokestatic  #248                // Method rgba:(IIII)I
       141: invokestatic  #701                // Method shieldFrame:(Lcom/mojang/blaze3d/vertex/PoseStack$Pose;Lcom/mojang/blaze3d/vertex/VertexConsumer;Lkr/moonseungjun/villageguardians/VillageSkillMeshLibrary$Basis;Lnet/minecraft/world/phys/Vec3;DDDI)V
       144: return

  private static void renderTaunt(com.mojang.blaze3d.vertex.PoseStack$Pose, com.mojang.blaze3d.vertex.VertexConsumer, kr.moonseungjun.villageguardians.VillageSkillMeshLibrary$Basis, double, double);
    Code:
         0: iconst_0
         1: istore        7
         3: iload         7
         5: iconst_4
         6: if_icmpge     85
         9: aload_0
        10: aload_1
        11: aload_2
        12: dconst_1
        13: dload         5
        15: ldc2_w        #704                // double 7.5d
        18: iload         7
        20: i2d
        21: ldc2_w        #667                // double 1.4d
        24: dmul
        25: dadd
        26: dmul
        27: dadd
        28: ldc2_w        #345                // double 0.45d
        31: iload         7
        33: i2d
        34: ldc2_w        #238                // double 0.24d
        37: dmul
        38: dadd
        39: ldc2_w        #486                // double 0.11d
        42: bipush        80
        44: bipush        78
        46: sipush        171
        49: sipush        255
        52: sipush        185
        55: iload         7
        57: bipush        24
        59: imul
        60: isub
        61: i2d
        62: dconst_1
        63: dload         5
        65: dsub
        66: dmul
        67: d2i
        68: invokestatic  #248                // Method rgba:(IIII)I
        71: dload_3
        72: ldc2_w        #432                // double 0.012d
        75: dmul
        76: invokestatic  #264                // Method ring:(Lcom/mojang/blaze3d/vertex/PoseStack$Pose;Lcom/mojang/blaze3d/vertex/VertexConsumer;Lkr/moonseungjun/villageguardians/VillageSkillMeshLibrary$Basis;DDDIID)V
        79: iinc          7, 1
        82: goto          3
        85: aload_0
        86: aload_1
        87: aload_2
        88: dconst_0
        89: ldc2_w        #601                // double 1.1d
        92: dconst_0
        93: invokevirtual #324                // Method kr/moonseungjun/villageguardians/VillageSkillMeshLibrary$Basis.local:(DDD)Lnet/minecraft/world/phys/Vec3;
        96: ldc2_w        #306                // double 0.65d
        99: dload         5
       101: ldc2_w        #540                // double 0.9d
       104: dmul
       105: dadd
       106: bipush        8
       108: bipush        14
       110: sipush        150
       113: sipush        218
       116: sipush        255
       119: ldc2_w        #706                // double 80.0d
       122: dconst_1
       123: dload         5
       125: dsub
       126: dmul
       127: d2i
       128: invokestatic  #248                // Method rgba:(IIII)I
       131: invokestatic  #329                // Method sphere:(Lcom/mojang/blaze3d/vertex/PoseStack$Pose;Lcom/mojang/blaze3d/vertex/VertexConsumer;Lnet/minecraft/world/phys/Vec3;DIII)V
       134: return

  private static void renderFortress(com.mojang.blaze3d.vertex.PoseStack$Pose, com.mojang.blaze3d.vertex.VertexConsumer, kr.moonseungjun.villageguardians.VillageSkillMeshLibrary$Basis, double, double, boolean);
    Code:
         0: iload         7
         2: ifeq          11
         5: ldc2_w        #534                // double 5.2d
         8: goto          14
        11: ldc2_w        #708                // double 17.5d
        14: dstore        8
        16: iload         7
        18: ifeq          27
        21: ldc2_w        #230                // double 4.0d
        24: goto          30
        27: ldc2_w        #710                // double 11.5d
        30: dstore        10
        32: iload         7
        34: ifeq          43
        37: ldc2_w        #697                // double 2.35d
        40: goto          46
        43: ldc2_w        #548                // double 5.0d
        46: dstore        12
        48: iload         7
        50: ifeq          59
        53: ldc2_w        #546                // double 0.62d
        56: goto          62
        59: ldc2_w        #288                // double 1.45d
        62: dstore        14
        64: aload_2
        65: dconst_0
        66: dload         10
        68: ldc2_w        #451                // double 0.48d
        71: dmul
        72: dload         12
        74: invokevirtual #324                // Method kr/moonseungjun/villageguardians/VillageSkillMeshLibrary$Basis.local:(DDD)Lnet/minecraft/world/phys/Vec3;
        77: astore        16
        79: aload_0
        80: aload_1
        81: aload_2
        82: aload         16
        84: dload         8
        86: dload         10
        88: dload         14
        90: bipush        48
        92: sipush        137
        95: sipush        244
        98: iload         7
       100: ifeq          109
       103: sipush        210
       106: goto          112
       109: sipush        195
       112: invokestatic  #248                // Method rgba:(IIII)I
       115: invokestatic  #684                // Method curvedShield:(Lcom/mojang/blaze3d/vertex/PoseStack$Pose;Lcom/mojang/blaze3d/vertex/VertexConsumer;Lkr/moonseungjun/villageguardians/VillageSkillMeshLibrary$Basis;Lnet/minecraft/world/phys/Vec3;DDDI)V
       118: aload_0
       119: aload_1
       120: aload_2
       121: aload         16
       123: aload_2
       124: getfield      #688                // Field kr/moonseungjun/villageguardians/VillageSkillMeshLibrary$Basis.forward:Lnet/minecraft/world/phys/Vec3;
       127: ldc2_w        #359                // double 0.07d
       130: invokevirtual #691                // Method net/minecraft/world/phys/Vec3.scale:(D)Lnet/minecraft/world/phys/Vec3;
       133: invokevirtual #585                // Method net/minecraft/world/phys/Vec3.add:(Lnet/minecraft/world/phys/Vec3;)Lnet/minecraft/world/phys/Vec3;
       136: dload         8
       138: ldc2_w        #712                // double 0.88d
       141: dmul
       142: dload         10
       144: ldc2_w        #714                // double 0.84d
       147: dmul
       148: dload         14
       150: ldc2_w        #268                // double 0.82d
       153: dmul
       154: sipush        133
       157: sipush        209
       160: sipush        255
       163: iload         7
       165: ifeq          173
       168: bipush        115
       170: goto          175
       173: bipush        105
       175: invokestatic  #248                // Method rgba:(IIII)I
       178: invokestatic  #684                // Method curvedShield:(Lcom/mojang/blaze3d/vertex/PoseStack$Pose;Lcom/mojang/blaze3d/vertex/VertexConsumer;Lkr/moonseungjun/villageguardians/VillageSkillMeshLibrary$Basis;Lnet/minecraft/world/phys/Vec3;DDDI)V
       181: aload_0
       182: aload_1
       183: aload_2
       184: aload         16
       186: aload_2
       187: getfield      #688                // Field kr/moonseungjun/villageguardians/VillageSkillMeshLibrary$Basis.forward:Lnet/minecraft/world/phys/Vec3;
       190: ldc2_w        #280                // double 0.12d
       193: invokevirtual #691                // Method net/minecraft/world/phys/Vec3.scale:(D)Lnet/minecraft/world/phys/Vec3;
       196: invokevirtual #585                // Method net/minecraft/world/phys/Vec3.add:(Lnet/minecraft/world/phys/Vec3;)Lnet/minecraft/world/phys/Vec3;
       199: dload         8
       201: dload         10
       203: dload         14
       205: sipush        220
       208: sipush        246
       211: sipush        255
       214: sipush        220
       217: invokestatic  #248                // Method rgba:(IIII)I
       220: invokestatic  #701                // Method shieldFrame:(Lcom/mojang/blaze3d/vertex/PoseStack$Pose;Lcom/mojang/blaze3d/vertex/VertexConsumer;Lkr/moonseungjun/villageguardians/VillageSkillMeshLibrary$Basis;Lnet/minecraft/world/phys/Vec3;DDDI)V
       223: iload         7
       225: ifeq          232
       228: iconst_3
       229: goto          234
       232: bipush        7
       234: istore        17
       236: iconst_1
       237: istore        18
       239: iload         18
       241: iload         17
       243: if_icmpgt     374
       246: iload         18
       248: i2d
       249: iload         17
       251: iconst_1
       252: iadd
       253: i2d
       254: ddiv
       255: dstore        19
       257: aload_2
       258: aload         16
       260: aload_2
       261: getfield      #688                // Field kr/moonseungjun/villageguardians/VillageSkillMeshLibrary$Basis.forward:Lnet/minecraft/world/phys/Vec3;
       264: ldc2_w        #242                // double 0.14d
       267: invokevirtual #691                // Method net/minecraft/world/phys/Vec3.scale:(D)Lnet/minecraft/world/phys/Vec3;
       270: invokevirtual #585                // Method net/minecraft/world/phys/Vec3.add:(Lnet/minecraft/world/phys/Vec3;)Lnet/minecraft/world/phys/Vec3;
       273: dload         8
       275: dload         10
       277: dload         14
       279: dload         19
       281: ldc2_w        #413                // double 0.05d
       284: invokestatic  #716                // Method shieldPoint:(Lkr/moonseungjun/villageguardians/VillageSkillMeshLibrary$Basis;Lnet/minecraft/world/phys/Vec3;DDDDD)Lnet/minecraft/world/phys/Vec3;
       287: astore        21
       289: aload_2
       290: aload         16
       292: aload_2
       293: getfield      #688                // Field kr/moonseungjun/villageguardians/VillageSkillMeshLibrary$Basis.forward:Lnet/minecraft/world/phys/Vec3;
       296: ldc2_w        #242                // double 0.14d
       299: invokevirtual #691                // Method net/minecraft/world/phys/Vec3.scale:(D)Lnet/minecraft/world/phys/Vec3;
       302: invokevirtual #585                // Method net/minecraft/world/phys/Vec3.add:(Lnet/minecraft/world/phys/Vec3;)Lnet/minecraft/world/phys/Vec3;
       305: dload         8
       307: dload         10
       309: dload         14
       311: dload         19
       313: ldc2_w        #286                // double 0.95d
       316: invokestatic  #716                // Method shieldPoint:(Lkr/moonseungjun/villageguardians/VillageSkillMeshLibrary$Basis;Lnet/minecraft/world/phys/Vec3;DDDDD)Lnet/minecraft/world/phys/Vec3;
       319: astore        22
       321: aload_0
       322: aload_1
       323: aload         21
       325: aload         22
       327: iload         7
       329: ifeq          338
       332: ldc2_w        #430                // double 0.045d
       335: goto          341
       338: ldc2_w        #359                // double 0.07d
       341: sipush        188
       344: sipush        232
       347: sipush        255
       350: iload         7
       352: ifeq          360
       355: bipush        120
       357: goto          362
       360: bipush        105
       362: invokestatic  #248                // Method rgba:(IIII)I
       365: invokestatic  #531                // Method prism:(Lcom/mojang/blaze3d/vertex/PoseStack$Pose;Lcom/mojang/blaze3d/vertex/VertexConsumer;Lnet/minecraft/world/phys/Vec3;Lnet/minecraft/world/phys/Vec3;DI)V
       368: iinc          18, 1
       371: goto          239
       374: return

  private static void renderPath(com.mojang.blaze3d.vertex.PoseStack$Pose, com.mojang.blaze3d.vertex.VertexConsumer, kr.moonseungjun.villageguardians.VillageSkillEffectRenderState, double, double, int, boolean);
    Code:
         0: new           #466                // class net/minecraft/world/phys/Vec3
         3: dup
         4: aload_2
         5: getfield      #609                // Field kr/moonseungjun/villageguardians/VillageSkillEffectRenderState.x:D
         8: aload_2
         9: getfield      #613                // Field kr/moonseungjun/villageguardians/VillageSkillEffectRenderState.y:D
        12: aload_2
        13: getfield      #616                // Field kr/moonseungjun/villageguardians/VillageSkillEffectRenderState.z:D
        16: invokespecial #619                // Method net/minecraft/world/phys/Vec3."<init>":(DDD)V
        19: astore        9
        21: aload_2
        22: getfield      #170                // Field kr/moonseungjun/villageguardians/VillageSkillEffectRenderState.extra:Ljava/lang/String;
        25: aload         9
        27: invokestatic  #622                // Method parsePoints:(Ljava/lang/String;Lnet/minecraft/world/phys/Vec3;)Ljava/util/List;
        30: astore        10
        32: aload         10
        34: invokeinterface #720,  1          // InterfaceMethod java/util/List.size:()I
        39: iconst_2
        40: if_icmpge     44
        43: return
        44: iload         7
        46: bipush        16
        48: ishr
        49: sipush        255
        52: iand
        53: iload         7
        55: bipush        8
        57: ishr
        58: sipush        255
        61: iand
        62: iload         7
        64: sipush        255
        67: iand
        68: ldc2_w        #327                // double 205.0d
        71: dconst_1
        72: dload         5
        74: ldc2_w        #306                // double 0.65d
        77: dmul
        78: dsub
        79: dmul
        80: d2i
        81: invokestatic  #248                // Method rgba:(IIII)I
        84: istore        11
        86: iconst_0
        87: istore        12
        89: iload         12
        91: aload         10
        93: invokeinterface #720,  1          // InterfaceMethod java/util/List.size:()I
        98: iconst_1
        99: isub
       100: if_icmpge     183
       103: aload         10
       105: iload         12
       107: invokeinterface #723,  2          // InterfaceMethod java/util/List.get:(I)Ljava/lang/Object;
       112: checkcast     #466                // class net/minecraft/world/phys/Vec3
       115: aload         9
       117: invokevirtual #727                // Method net/minecraft/world/phys/Vec3.subtract:(Lnet/minecraft/world/phys/Vec3;)Lnet/minecraft/world/phys/Vec3;
       120: astore        13
       122: aload         10
       124: iload         12
       126: iconst_1
       127: iadd
       128: invokeinterface #723,  2          // InterfaceMethod java/util/List.get:(I)Ljava/lang/Object;
       133: checkcast     #466                // class net/minecraft/world/phys/Vec3
       136: aload         9
       138: invokevirtual #727                // Method net/minecraft/world/phys/Vec3.subtract:(Lnet/minecraft/world/phys/Vec3;)Lnet/minecraft/world/phys/Vec3;
       141: astore        14
       143: aload_0
       144: aload_1
       145: aload         13
       147: aload         14
       149: dload_3
       150: iload         12
       152: i2d
       153: ldc2_w        #649                // double 1.7d
       156: dmul
       157: dadd
       158: iload         8
       160: ifeq          169
       163: ldc2_w        #316                // double 0.1d
       166: goto          172
       169: ldc2_w        #729                // double 0.075d
       172: iload         11
       174: invokestatic  #731                // Method braidedBeam:(Lcom/mojang/blaze3d/vertex/PoseStack$Pose;Lcom/mojang/blaze3d/vertex/VertexConsumer;Lnet/minecraft/world/phys/Vec3;Lnet/minecraft/world/phys/Vec3;DDI)V
       177: iinc          12, 1
       180: goto          89
       183: return

  private static void renderFallbackRune(com.mojang.blaze3d.vertex.PoseStack$Pose, com.mojang.blaze3d.vertex.VertexConsumer, kr.moonseungjun.villageguardians.VillageSkillMeshLibrary$Basis, double, double);
    Code:
         0: aload_0
         1: aload_1
         2: aload_2
         3: ldc2_w        #276                // double 1.2d
         6: ldc2_w        #308                // double 0.25d
         9: dload_3
        10: ldc2_w        #363                // double 0.04d
        13: dmul
        14: sipush        206
        17: sipush        157
        20: sipush        255
        23: ldc2_w        #521                // double 180.0d
        26: dconst_1
        27: dload         5
        29: dsub
        30: dmul
        31: d2i
        32: invokestatic  #248                // Method rgba:(IIII)I
        35: invokestatic  #552                // Method runeDisc:(Lcom/mojang/blaze3d/vertex/PoseStack$Pose;Lcom/mojang/blaze3d/vertex/VertexConsumer;Lkr/moonseungjun/villageguardians/VillageSkillMeshLibrary$Basis;DDDI)V
        38: return

  private static void horizontalSlash(com.mojang.blaze3d.vertex.PoseStack$Pose, com.mojang.blaze3d.vertex.VertexConsumer, kr.moonseungjun.villageguardians.VillageSkillMeshLibrary$Basis, double, double, double, double, int);
    Code:
         0: bipush        30
         2: istore        12
         4: iconst_0
         5: istore        13
         7: iload         13
         9: iload         12
        11: if_icmpge     225
        14: iload         13
        16: i2d
        17: iload         12
        19: i2d
        20: ddiv
        21: dstore        14
        23: iload         13
        25: iconst_1
        26: iadd
        27: i2d
        28: iload         12
        30: i2d
        31: ddiv
        32: dstore        16
        34: dload         14
        36: ldc2_w        #478                // double 2.0d
        39: dmul
        40: dconst_1
        41: dsub
        42: dstore        18
        44: dload         16
        46: ldc2_w        #478                // double 2.0d
        49: dmul
        50: dconst_1
        51: dsub
        52: dstore        20
        54: dload         18
        56: dload_3
        57: dmul
        58: ldc2_w        #496                // double 0.5d
        61: dmul
        62: dstore        22
        64: dload         20
        66: dload_3
        67: dmul
        68: ldc2_w        #496                // double 0.5d
        71: dmul
        72: dstore        24
        74: dload         5
        76: dconst_1
        77: dload         18
        79: dload         18
        81: dmul
        82: dsub
        83: dload         9
        85: dmul
        86: dadd
        87: dstore        26
        89: dload         5
        91: dconst_1
        92: dload         20
        94: dload         20
        96: dmul
        97: dsub
        98: dload         9
       100: dmul
       101: dadd
       102: dstore        28
       104: ldc2_w        #244                // double 0.018d
       107: dload         7
       109: ldc2_w        #445                // double 3.141592653589793d
       112: dload         14
       114: dmul
       115: invokestatic  #272                // Method java/lang/Math.sin:(D)D
       118: dmul
       119: invokestatic  #19                 // Method java/lang/Math.max:(DD)D
       122: dstore        30
       124: ldc2_w        #244                // double 0.018d
       127: dload         7
       129: ldc2_w        #445                // double 3.141592653589793d
       132: dload         16
       134: dmul
       135: invokestatic  #272                // Method java/lang/Math.sin:(D)D
       138: dmul
       139: invokestatic  #19                 // Method java/lang/Math.max:(DD)D
       142: dstore        32
       144: aload_2
       145: dload         22
       147: dload         26
       149: dload         30
       151: dsub
       152: dconst_0
       153: invokevirtual #324                // Method kr/moonseungjun/villageguardians/VillageSkillMeshLibrary$Basis.local:(DDD)Lnet/minecraft/world/phys/Vec3;
       156: astore        34
       158: aload_2
       159: dload         22
       161: dload         26
       163: dload         30
       165: dadd
       166: ldc2_w        #339                // double 0.055d
       169: invokevirtual #324                // Method kr/moonseungjun/villageguardians/VillageSkillMeshLibrary$Basis.local:(DDD)Lnet/minecraft/world/phys/Vec3;
       172: astore        35
       174: aload_2
       175: dload         24
       177: dload         28
       179: dload         32
       181: dadd
       182: ldc2_w        #339                // double 0.055d
       185: invokevirtual #324                // Method kr/moonseungjun/villageguardians/VillageSkillMeshLibrary$Basis.local:(DDD)Lnet/minecraft/world/phys/Vec3;
       188: astore        36
       190: aload_2
       191: dload         24
       193: dload         28
       195: dload         32
       197: dsub
       198: dconst_0
       199: invokevirtual #324                // Method kr/moonseungjun/villageguardians/VillageSkillMeshLibrary$Basis.local:(DDD)Lnet/minecraft/world/phys/Vec3;
       202: astore        37
       204: aload_0
       205: aload_1
       206: aload         34
       208: aload         35
       210: aload         36
       212: aload         37
       214: iload         11
       216: invokestatic  #735                // Method quadTwoSided:(Lcom/mojang/blaze3d/vertex/PoseStack$Pose;Lcom/mojang/blaze3d/vertex/VertexConsumer;Lnet/minecraft/world/phys/Vec3;Lnet/minecraft/world/phys/Vec3;Lnet/minecraft/world/phys/Vec3;Lnet/minecraft/world/phys/Vec3;I)V
       219: iinc          13, 1
       222: goto          7
       225: return

  private static void shieldFrame(com.mojang.blaze3d.vertex.PoseStack$Pose, com.mojang.blaze3d.vertex.VertexConsumer, kr.moonseungjun.villageguardians.VillageSkillMeshLibrary$Basis, net.minecraft.world.phys.Vec3, double, double, double, int);
    Code:
         0: aload_2
         1: aload_3
         2: dload         4
         4: dload         6
         6: dload         8
         8: dconst_0
         9: dconst_0
        10: invokestatic  #716                // Method shieldPoint:(Lkr/moonseungjun/villageguardians/VillageSkillMeshLibrary$Basis;Lnet/minecraft/world/phys/Vec3;DDDDD)Lnet/minecraft/world/phys/Vec3;
        13: astore        11
        15: aload_2
        16: aload_3
        17: dload         4
        19: dload         6
        21: dload         8
        23: dconst_0
        24: dconst_1
        25: invokestatic  #716                // Method shieldPoint:(Lkr/moonseungjun/villageguardians/VillageSkillMeshLibrary$Basis;Lnet/minecraft/world/phys/Vec3;DDDDD)Lnet/minecraft/world/phys/Vec3;
        28: astore        12
        30: aload_2
        31: aload_3
        32: dload         4
        34: dload         6
        36: dload         8
        38: dconst_1
        39: dconst_1
        40: invokestatic  #716                // Method shieldPoint:(Lkr/moonseungjun/villageguardians/VillageSkillMeshLibrary$Basis;Lnet/minecraft/world/phys/Vec3;DDDDD)Lnet/minecraft/world/phys/Vec3;
        43: astore        13
        45: aload_2
        46: aload_3
        47: dload         4
        49: dload         6
        51: dload         8
        53: dconst_1
        54: dconst_0
        55: invokestatic  #716                // Method shieldPoint:(Lkr/moonseungjun/villageguardians/VillageSkillMeshLibrary$Basis;Lnet/minecraft/world/phys/Vec3;DDDDD)Lnet/minecraft/world/phys/Vec3;
        58: astore        14
        60: ldc2_w        #339                // double 0.055d
        63: dload         4
        65: dload         6
        67: invokestatic  #739                // Method java/lang/Math.min:(DD)D
        70: ldc2_w        #292                // double 0.025d
        73: dmul
        74: invokestatic  #19                 // Method java/lang/Math.max:(DD)D
        77: dstore        15
        79: aload_0
        80: aload_1
        81: aload         11
        83: aload         12
        85: dload         15
        87: iload         10
        89: invokestatic  #531                // Method prism:(Lcom/mojang/blaze3d/vertex/PoseStack$Pose;Lcom/mojang/blaze3d/vertex/VertexConsumer;Lnet/minecraft/world/phys/Vec3;Lnet/minecraft/world/phys/Vec3;DI)V
        92: aload_0
        93: aload_1
        94: aload         12
        96: aload         13
        98: dload         15
       100: iload         10
       102: invokestatic  #531                // Method prism:(Lcom/mojang/blaze3d/vertex/PoseStack$Pose;Lcom/mojang/blaze3d/vertex/VertexConsumer;Lnet/minecraft/world/phys/Vec3;Lnet/minecraft/world/phys/Vec3;DI)V
       105: aload_0
       106: aload_1
       107: aload         13
       109: aload         14
       111: dload         15
       113: iload         10
       115: invokestatic  #531                // Method prism:(Lcom/mojang/blaze3d/vertex/PoseStack$Pose;Lcom/mojang/blaze3d/vertex/VertexConsumer;Lnet/minecraft/world/phys/Vec3;Lnet/minecraft/world/phys/Vec3;DI)V
       118: aload_0
       119: aload_1
       120: aload         14
       122: aload         11
       124: dload         15
       126: iload         10
       128: invokestatic  #531                // Method prism:(Lcom/mojang/blaze3d/vertex/PoseStack$Pose;Lcom/mojang/blaze3d/vertex/VertexConsumer;Lnet/minecraft/world/phys/Vec3;Lnet/minecraft/world/phys/Vec3;DI)V
       131: return

  private static void slashArc(com.mojang.blaze3d.vertex.PoseStack$Pose, com.mojang.blaze3d.vertex.VertexConsumer, kr.moonseungjun.villageguardians.VillageSkillMeshLibrary$Basis, double, double, double, double, double, int);
    Code:
         0: bipush        20
         2: istore        14
         4: iconst_0
         5: istore        15
         7: iload         15
         9: iload         14
        11: if_icmpge     259
        14: iload         15
        16: i2d
        17: iload         14
        19: i2d
        20: ddiv
        21: dstore        16
        23: iload         15
        25: iconst_1
        26: iadd
        27: i2d
        28: iload         14
        30: i2d
        31: ddiv
        32: dstore        18
        34: dload_3
        35: dload         9
        37: ldc2_w        #496                // double 0.5d
        40: dmul
        41: dsub
        42: dload         9
        44: dload         16
        46: dmul
        47: dadd
        48: dstore        20
        50: dload_3
        51: dload         9
        53: ldc2_w        #496                // double 0.5d
        56: dmul
        57: dsub
        58: dload         9
        60: dload         18
        62: dmul
        63: dadd
        64: dstore        22
        66: ldc2_w        #445                // double 3.141592653589793d
        69: dload         16
        71: dmul
        72: invokestatic  #272                // Method java/lang/Math.sin:(D)D
        75: dstore        24
        77: ldc2_w        #445                // double 3.141592653589793d
        80: dload         18
        82: dmul
        83: invokestatic  #272                // Method java/lang/Math.sin:(D)D
        86: dstore        26
        88: dload         5
        90: dload         11
        92: dload         24
        94: dmul
        95: dadd
        96: dstore        28
        98: dload         5
       100: dload         11
       102: dload         24
       104: dmul
       105: dsub
       106: dstore        30
       108: dload         5
       110: dload         11
       112: dload         26
       114: dmul
       115: dadd
       116: dstore        32
       118: dload         5
       120: dload         11
       122: dload         26
       124: dmul
       125: dsub
       126: dstore        34
       128: aload_2
       129: dload         20
       131: invokestatic  #365                // Method java/lang/Math.cos:(D)D
       134: dload         30
       136: dmul
       137: dload         7
       139: dload         20
       141: invokestatic  #272                // Method java/lang/Math.sin:(D)D
       144: dload         30
       146: dmul
       147: invokevirtual #324                // Method kr/moonseungjun/villageguardians/VillageSkillMeshLibrary$Basis.local:(DDD)Lnet/minecraft/world/phys/Vec3;
       150: astore        36
       152: aload_2
       153: dload         20
       155: invokestatic  #365                // Method java/lang/Math.cos:(D)D
       158: dload         28
       160: dmul
       161: dload         7
       163: dload         11
       165: ldc2_w        #742                // double 0.6d
       168: dmul
       169: dadd
       170: dload         20
       172: invokestatic  #272                // Method java/lang/Math.sin:(D)D
       175: dload         28
       177: dmul
       178: invokevirtual #324                // Method kr/moonseungjun/villageguardians/VillageSkillMeshLibrary$Basis.local:(DDD)Lnet/minecraft/world/phys/Vec3;
       181: astore        37
       183: aload_2
       184: dload         22
       186: invokestatic  #365                // Method java/lang/Math.cos:(D)D
       189: dload         32
       191: dmul
       192: dload         7
       194: dload         11
       196: ldc2_w        #742                // double 0.6d
       199: dmul
       200: dadd
       201: dload         22
       203: invokestatic  #272                // Method java/lang/Math.sin:(D)D
       206: dload         32
       208: dmul
       209: invokevirtual #324                // Method kr/moonseungjun/villageguardians/VillageSkillMeshLibrary$Basis.local:(DDD)Lnet/minecraft/world/phys/Vec3;
       212: astore        38
       214: aload_2
       215: dload         22
       217: invokestatic  #365                // Method java/lang/Math.cos:(D)D
       220: dload         34
       222: dmul
       223: dload         7
       225: dload         22
       227: invokestatic  #272                // Method java/lang/Math.sin:(D)D
       230: dload         34
       232: dmul
       233: invokevirtual #324                // Method kr/moonseungjun/villageguardians/VillageSkillMeshLibrary$Basis.local:(DDD)Lnet/minecraft/world/phys/Vec3;
       236: astore        39
       238: aload_0
       239: aload_1
       240: aload         36
       242: aload         37
       244: aload         38
       246: aload         39
       248: iload         13
       250: invokestatic  #735                // Method quadTwoSided:(Lcom/mojang/blaze3d/vertex/PoseStack$Pose;Lcom/mojang/blaze3d/vertex/VertexConsumer;Lnet/minecraft/world/phys/Vec3;Lnet/minecraft/world/phys/Vec3;Lnet/minecraft/world/phys/Vec3;Lnet/minecraft/world/phys/Vec3;I)V
       253: iinc          15, 1
       256: goto          7
       259: return

  private static void crescent(com.mojang.blaze3d.vertex.PoseStack$Pose, com.mojang.blaze3d.vertex.VertexConsumer, kr.moonseungjun.villageguardians.VillageSkillMeshLibrary$Basis, double, double, double, double, int);
    Code:
         0: bipush        28
         2: istore        12
         4: dload         9
         6: dneg
         7: ldc2_w        #496                // double 0.5d
        10: dmul
        11: dstore        13
        13: iconst_0
        14: istore        15
        16: iload         15
        18: iload         12
        20: if_icmpge     258
        23: iload         15
        25: i2d
        26: iload         12
        28: i2d
        29: ddiv
        30: dstore        16
        32: iload         15
        34: iconst_1
        35: iadd
        36: i2d
        37: iload         12
        39: i2d
        40: ddiv
        41: dstore        18
        43: dload         13
        45: dload         9
        47: dload         16
        49: dmul
        50: dadd
        51: dstore        20
        53: dload         13
        55: dload         9
        57: dload         18
        59: dmul
        60: dadd
        61: dstore        22
        63: ldc2_w        #363                // double 0.04d
        66: ldc2_w        #445                // double 3.141592653589793d
        69: dload         16
        71: dmul
        72: invokestatic  #272                // Method java/lang/Math.sin:(D)D
        75: ldc2_w        #472                // double 0.32d
        78: dmul
        79: dadd
        80: dstore        24
        82: ldc2_w        #363                // double 0.04d
        85: ldc2_w        #445                // double 3.141592653589793d
        88: dload         18
        90: dmul
        91: invokestatic  #272                // Method java/lang/Math.sin:(D)D
        94: ldc2_w        #472                // double 0.32d
        97: dmul
        98: dadd
        99: dstore        26
       101: aload_2
       102: dload         20
       104: invokestatic  #272                // Method java/lang/Math.sin:(D)D
       107: dload_3
       108: dmul
       109: dload         5
       111: dload         20
       113: invokestatic  #365                // Method java/lang/Math.cos:(D)D
       116: dload_3
       117: dmul
       118: ldc2_w        #322                // double 0.52d
       121: dmul
       122: dadd
       123: dload         7
       125: invokevirtual #324                // Method kr/moonseungjun/villageguardians/VillageSkillMeshLibrary$Basis.local:(DDD)Lnet/minecraft/world/phys/Vec3;
       128: astore        28
       130: aload_2
       131: dload         20
       133: invokestatic  #272                // Method java/lang/Math.sin:(D)D
       136: dload_3
       137: dload         24
       139: dadd
       140: dmul
       141: dload         5
       143: dload         20
       145: invokestatic  #365                // Method java/lang/Math.cos:(D)D
       148: dload_3
       149: dload         24
       151: dadd
       152: dmul
       153: ldc2_w        #322                // double 0.52d
       156: dmul
       157: dadd
       158: dload         7
       160: ldc2_w        #363                // double 0.04d
       163: dadd
       164: invokevirtual #324                // Method kr/moonseungjun/villageguardians/VillageSkillMeshLibrary$Basis.local:(DDD)Lnet/minecraft/world/phys/Vec3;
       167: astore        29
       169: aload_2
       170: dload         22
       172: invokestatic  #272                // Method java/lang/Math.sin:(D)D
       175: dload_3
       176: dload         26
       178: dadd
       179: dmul
       180: dload         5
       182: dload         22
       184: invokestatic  #365                // Method java/lang/Math.cos:(D)D
       187: dload_3
       188: dload         26
       190: dadd
       191: dmul
       192: ldc2_w        #322                // double 0.52d
       195: dmul
       196: dadd
       197: dload         7
       199: ldc2_w        #363                // double 0.04d
       202: dadd
       203: invokevirtual #324                // Method kr/moonseungjun/villageguardians/VillageSkillMeshLibrary$Basis.local:(DDD)Lnet/minecraft/world/phys/Vec3;
       206: astore        30
       208: aload_2
       209: dload         22
       211: invokestatic  #272                // Method java/lang/Math.sin:(D)D
       214: dload_3
       215: dmul
       216: dload         5
       218: dload         22
       220: invokestatic  #365                // Method java/lang/Math.cos:(D)D
       223: dload_3
       224: dmul
       225: ldc2_w        #322                // double 0.52d
       228: dmul
       229: dadd
       230: dload         7
       232: invokevirtual #324                // Method kr/moonseungjun/villageguardians/VillageSkillMeshLibrary$Basis.local:(DDD)Lnet/minecraft/world/phys/Vec3;
       235: astore        31
       237: aload_0
       238: aload_1
       239: aload         28
       241: aload         29
       243: aload         30
       245: aload         31
       247: iload         11
       249: invokestatic  #735                // Method quadTwoSided:(Lcom/mojang/blaze3d/vertex/PoseStack$Pose;Lcom/mojang/blaze3d/vertex/VertexConsumer;Lnet/minecraft/world/phys/Vec3;Lnet/minecraft/world/phys/Vec3;Lnet/minecraft/world/phys/Vec3;Lnet/minecraft/world/phys/Vec3;I)V
       252: iinc          15, 1
       255: goto          16
       258: return

  private static void ring(com.mojang.blaze3d.vertex.PoseStack$Pose, com.mojang.blaze3d.vertex.VertexConsumer, kr.moonseungjun.villageguardians.VillageSkillMeshLibrary$Basis, double, double, double, int, int, double);
    Code:
         0: iconst_0
         1: istore        13
         3: iload         13
         5: iload         9
         7: if_icmpge     177
        10: dload         11
        12: iload         13
        14: i2d
        15: ldc2_w        #228                // double 6.283185307179586d
        18: dmul
        19: iload         9
        21: i2d
        22: ddiv
        23: dadd
        24: dstore        14
        26: dload         11
        28: iload         13
        30: iconst_1
        31: iadd
        32: i2d
        33: ldc2_w        #228                // double 6.283185307179586d
        36: dmul
        37: iload         9
        39: i2d
        40: ddiv
        41: dadd
        42: dstore        16
        44: aload_2
        45: dload         14
        47: invokestatic  #365                // Method java/lang/Math.cos:(D)D
        50: dload_3
        51: dload         7
        53: dsub
        54: dmul
        55: dload         5
        57: dload         14
        59: invokestatic  #272                // Method java/lang/Math.sin:(D)D
        62: dload_3
        63: dload         7
        65: dsub
        66: dmul
        67: invokevirtual #324                // Method kr/moonseungjun/villageguardians/VillageSkillMeshLibrary$Basis.local:(DDD)Lnet/minecraft/world/phys/Vec3;
        70: astore        18
        72: aload_2
        73: dload         14
        75: invokestatic  #365                // Method java/lang/Math.cos:(D)D
        78: dload_3
        79: dload         7
        81: dadd
        82: dmul
        83: dload         5
        85: dload         14
        87: invokestatic  #272                // Method java/lang/Math.sin:(D)D
        90: dload_3
        91: dload         7
        93: dadd
        94: dmul
        95: invokevirtual #324                // Method kr/moonseungjun/villageguardians/VillageSkillMeshLibrary$Basis.local:(DDD)Lnet/minecraft/world/phys/Vec3;
        98: astore        19
       100: aload_2
       101: dload         16
       103: invokestatic  #365                // Method java/lang/Math.cos:(D)D
       106: dload_3
       107: dload         7
       109: dadd
       110: dmul
       111: dload         5
       113: dload         16
       115: invokestatic  #272                // Method java/lang/Math.sin:(D)D
       118: dload_3
       119: dload         7
       121: dadd
       122: dmul
       123: invokevirtual #324                // Method kr/moonseungjun/villageguardians/VillageSkillMeshLibrary$Basis.local:(DDD)Lnet/minecraft/world/phys/Vec3;
       126: astore        20
       128: aload_2
       129: dload         16
       131: invokestatic  #365                // Method java/lang/Math.cos:(D)D
       134: dload_3
       135: dload         7
       137: dsub
       138: dmul
       139: dload         5
       141: dload         16
       143: invokestatic  #272                // Method java/lang/Math.sin:(D)D
       146: dload_3
       147: dload         7
       149: dsub
       150: dmul
       151: invokevirtual #324                // Method kr/moonseungjun/villageguardians/VillageSkillMeshLibrary$Basis.local:(DDD)Lnet/minecraft/world/phys/Vec3;
       154: astore        21
       156: aload_0
       157: aload_1
       158: aload         18
       160: aload         19
       162: aload         20
       164: aload         21
       166: iload         10
       168: invokestatic  #735                // Method quadTwoSided:(Lcom/mojang/blaze3d/vertex/PoseStack$Pose;Lcom/mojang/blaze3d/vertex/VertexConsumer;Lnet/minecraft/world/phys/Vec3;Lnet/minecraft/world/phys/Vec3;Lnet/minecraft/world/phys/Vec3;Lnet/minecraft/world/phys/Vec3;I)V
       171: iinc          13, 1
       174: goto          3
       177: return

  private static void ringVertical(com.mojang.blaze3d.vertex.PoseStack$Pose, com.mojang.blaze3d.vertex.VertexConsumer, kr.moonseungjun.villageguardians.VillageSkillMeshLibrary$Basis, double, double, double, int, int, double);
    Code:
         0: iconst_0
         1: istore        13
         3: iload         13
         5: iload         9
         7: if_icmpge     193
        10: dload         11
        12: iload         13
        14: i2d
        15: ldc2_w        #228                // double 6.283185307179586d
        18: dmul
        19: iload         9
        21: i2d
        22: ddiv
        23: dadd
        24: dstore        14
        26: dload         11
        28: iload         13
        30: iconst_1
        31: iadd
        32: i2d
        33: ldc2_w        #228                // double 6.283185307179586d
        36: dmul
        37: iload         9
        39: i2d
        40: ddiv
        41: dadd
        42: dstore        16
        44: aload_2
        45: dload         14
        47: invokestatic  #365                // Method java/lang/Math.cos:(D)D
        50: dload_3
        51: dload         7
        53: dsub
        54: dmul
        55: dload         5
        57: dload         14
        59: invokestatic  #272                // Method java/lang/Math.sin:(D)D
        62: dload_3
        63: dload         7
        65: dsub
        66: dmul
        67: dadd
        68: ldc2_w        #375                // double 0.7d
        71: invokevirtual #324                // Method kr/moonseungjun/villageguardians/VillageSkillMeshLibrary$Basis.local:(DDD)Lnet/minecraft/world/phys/Vec3;
        74: astore        18
        76: aload_2
        77: dload         14
        79: invokestatic  #365                // Method java/lang/Math.cos:(D)D
        82: dload_3
        83: dload         7
        85: dadd
        86: dmul
        87: dload         5
        89: dload         14
        91: invokestatic  #272                // Method java/lang/Math.sin:(D)D
        94: dload_3
        95: dload         7
        97: dadd
        98: dmul
        99: dadd
       100: ldc2_w        #375                // double 0.7d
       103: invokevirtual #324                // Method kr/moonseungjun/villageguardians/VillageSkillMeshLibrary$Basis.local:(DDD)Lnet/minecraft/world/phys/Vec3;
       106: astore        19
       108: aload_2
       109: dload         16
       111: invokestatic  #365                // Method java/lang/Math.cos:(D)D
       114: dload_3
       115: dload         7
       117: dadd
       118: dmul
       119: dload         5
       121: dload         16
       123: invokestatic  #272                // Method java/lang/Math.sin:(D)D
       126: dload_3
       127: dload         7
       129: dadd
       130: dmul
       131: dadd
       132: ldc2_w        #375                // double 0.7d
       135: invokevirtual #324                // Method kr/moonseungjun/villageguardians/VillageSkillMeshLibrary$Basis.local:(DDD)Lnet/minecraft/world/phys/Vec3;
       138: astore        20
       140: aload_2
       141: dload         16
       143: invokestatic  #365                // Method java/lang/Math.cos:(D)D
       146: dload_3
       147: dload         7
       149: dsub
       150: dmul
       151: dload         5
       153: dload         16
       155: invokestatic  #272                // Method java/lang/Math.sin:(D)D
       158: dload_3
       159: dload         7
       161: dsub
       162: dmul
       163: dadd
       164: ldc2_w        #375                // double 0.7d
       167: invokevirtual #324                // Method kr/moonseungjun/villageguardians/VillageSkillMeshLibrary$Basis.local:(DDD)Lnet/minecraft/world/phys/Vec3;
       170: astore        21
       172: aload_0
       173: aload_1
       174: aload         18
       176: aload         19
       178: aload         20
       180: aload         21
       182: iload         10
       184: invokestatic  #735                // Method quadTwoSided:(Lcom/mojang/blaze3d/vertex/PoseStack$Pose;Lcom/mojang/blaze3d/vertex/VertexConsumer;Lnet/minecraft/world/phys/Vec3;Lnet/minecraft/world/phys/Vec3;Lnet/minecraft/world/phys/Vec3;Lnet/minecraft/world/phys/Vec3;I)V
       187: iinc          13, 1
       190: goto          3
       193: return

  private static void runeDisc(com.mojang.blaze3d.vertex.PoseStack$Pose, com.mojang.blaze3d.vertex.VertexConsumer, kr.moonseungjun.villageguardians.VillageSkillMeshLibrary$Basis, double, double, double, int);
    Code:
         0: aload_0
         1: aload_1
         2: aload_2
         3: dload_3
         4: dload         5
         6: ldc2_w        #262                // double 0.035d
         9: dload_3
        10: ldc2_w        #244                // double 0.018d
        13: dmul
        14: invokestatic  #19                 // Method java/lang/Math.max:(DD)D
        17: bipush        72
        19: iload         9
        21: dload         7
        23: invokestatic  #264                // Method ring:(Lcom/mojang/blaze3d/vertex/PoseStack$Pose;Lcom/mojang/blaze3d/vertex/VertexConsumer;Lkr/moonseungjun/villageguardians/VillageSkillMeshLibrary$Basis;DDDIID)V
        26: aload_0
        27: aload_1
        28: aload_2
        29: dload_3
        30: ldc2_w        #426                // double 0.58d
        33: dmul
        34: dload         5
        36: ldc2_w        #569                // double 0.006d
        39: dadd
        40: ldc2_w        #474                // double 0.028d
        43: dload_3
        44: ldc2_w        #653                // double 0.014d
        47: dmul
        48: invokestatic  #19                 // Method java/lang/Math.max:(DD)D
        51: bipush        56
        53: iload         9
        55: dload         7
        57: dneg
        58: ldc2_w        #649                // double 1.7d
        61: dmul
        62: invokestatic  #264                // Method ring:(Lcom/mojang/blaze3d/vertex/PoseStack$Pose;Lcom/mojang/blaze3d/vertex/VertexConsumer;Lkr/moonseungjun/villageguardians/VillageSkillMeshLibrary$Basis;DDDIID)V
        65: iconst_0
        66: istore        10
        68: iload         10
        70: bipush        6
        72: if_icmpge     205
        75: dload         7
        77: iload         10
        79: i2d
        80: ldc2_w        #228                // double 6.283185307179586d
        83: dmul
        84: ldc2_w        #294                // double 6.0d
        87: ddiv
        88: dadd
        89: dstore        11
        91: dload         7
        93: iload         10
        95: iconst_2
        96: iadd
        97: i2d
        98: ldc2_w        #228                // double 6.283185307179586d
       101: dmul
       102: ldc2_w        #294                // double 6.0d
       105: ddiv
       106: dadd
       107: dstore        13
       109: aload_2
       110: dload         11
       112: invokestatic  #365                // Method java/lang/Math.cos:(D)D
       115: dload_3
       116: dmul
       117: ldc2_w        #546                // double 0.62d
       120: dmul
       121: dload         5
       123: ldc2_w        #432                // double 0.012d
       126: dadd
       127: dload         11
       129: invokestatic  #272                // Method java/lang/Math.sin:(D)D
       132: dload_3
       133: dmul
       134: ldc2_w        #546                // double 0.62d
       137: dmul
       138: invokevirtual #324                // Method kr/moonseungjun/villageguardians/VillageSkillMeshLibrary$Basis.local:(DDD)Lnet/minecraft/world/phys/Vec3;
       141: astore        15
       143: aload_2
       144: dload         13
       146: invokestatic  #365                // Method java/lang/Math.cos:(D)D
       149: dload_3
       150: dmul
       151: ldc2_w        #546                // double 0.62d
       154: dmul
       155: dload         5
       157: ldc2_w        #432                // double 0.012d
       160: dadd
       161: dload         13
       163: invokestatic  #272                // Method java/lang/Math.sin:(D)D
       166: dload_3
       167: dmul
       168: ldc2_w        #546                // double 0.62d
       171: dmul
       172: invokevirtual #324                // Method kr/moonseungjun/villageguardians/VillageSkillMeshLibrary$Basis.local:(DDD)Lnet/minecraft/world/phys/Vec3;
       175: astore        16
       177: aload_0
       178: aload_1
       179: aload         15
       181: aload         16
       183: ldc2_w        #244                // double 0.018d
       186: dload_3
       187: ldc2_w        #361                // double 0.01d
       190: dmul
       191: invokestatic  #19                 // Method java/lang/Math.max:(DD)D
       194: iload         9
       196: invokestatic  #531                // Method prism:(Lcom/mojang/blaze3d/vertex/PoseStack$Pose;Lcom/mojang/blaze3d/vertex/VertexConsumer;Lnet/minecraft/world/phys/Vec3;Lnet/minecraft/world/phys/Vec3;DI)V
       199: iinc          10, 1
       202: goto          68
       205: return

  private static void localRune(com.mojang.blaze3d.vertex.PoseStack$Pose, com.mojang.blaze3d.vertex.VertexConsumer, kr.moonseungjun.villageguardians.VillageSkillMeshLibrary$Basis, net.minecraft.world.phys.Vec3, double, int);
    Code:
         0: bipush        40
         2: istore        7
         4: iconst_0
         5: istore        8
         7: iload         8
         9: iload         7
        11: if_icmpge     195
        14: iload         8
        16: i2d
        17: ldc2_w        #228                // double 6.283185307179586d
        20: dmul
        21: iload         7
        23: i2d
        24: ddiv
        25: dstore        9
        27: iload         8
        29: iconst_1
        30: iadd
        31: i2d
        32: ldc2_w        #228                // double 6.283185307179586d
        35: dmul
        36: iload         7
        38: i2d
        39: ddiv
        40: dstore        11
        42: aload_3
        43: dload         9
        45: invokestatic  #365                // Method java/lang/Math.cos:(D)D
        48: dload         4
        50: ldc2_w        #262                // double 0.035d
        53: dsub
        54: dmul
        55: ldc2_w        #284                // double 0.02d
        58: dload         9
        60: invokestatic  #272                // Method java/lang/Math.sin:(D)D
        63: dload         4
        65: ldc2_w        #262                // double 0.035d
        68: dsub
        69: dmul
        70: invokevirtual #591                // Method net/minecraft/world/phys/Vec3.add:(DDD)Lnet/minecraft/world/phys/Vec3;
        73: astore        13
        75: aload_3
        76: dload         9
        78: invokestatic  #365                // Method java/lang/Math.cos:(D)D
        81: dload         4
        83: ldc2_w        #262                // double 0.035d
        86: dadd
        87: dmul
        88: ldc2_w        #284                // double 0.02d
        91: dload         9
        93: invokestatic  #272                // Method java/lang/Math.sin:(D)D
        96: dload         4
        98: ldc2_w        #262                // double 0.035d
       101: dadd
       102: dmul
       103: invokevirtual #591                // Method net/minecraft/world/phys/Vec3.add:(DDD)Lnet/minecraft/world/phys/Vec3;
       106: astore        14
       108: aload_3
       109: dload         11
       111: invokestatic  #365                // Method java/lang/Math.cos:(D)D
       114: dload         4
       116: ldc2_w        #262                // double 0.035d
       119: dadd
       120: dmul
       121: ldc2_w        #284                // double 0.02d
       124: dload         11
       126: invokestatic  #272                // Method java/lang/Math.sin:(D)D
       129: dload         4
       131: ldc2_w        #262                // double 0.035d
       134: dadd
       135: dmul
       136: invokevirtual #591                // Method net/minecraft/world/phys/Vec3.add:(DDD)Lnet/minecraft/world/phys/Vec3;
       139: astore        15
       141: aload_3
       142: dload         11
       144: invokestatic  #365                // Method java/lang/Math.cos:(D)D
       147: dload         4
       149: ldc2_w        #262                // double 0.035d
       152: dsub
       153: dmul
       154: ldc2_w        #284                // double 0.02d
       157: dload         11
       159: invokestatic  #272                // Method java/lang/Math.sin:(D)D
       162: dload         4
       164: ldc2_w        #262                // double 0.035d
       167: dsub
       168: dmul
       169: invokevirtual #591                // Method net/minecraft/world/phys/Vec3.add:(DDD)Lnet/minecraft/world/phys/Vec3;
       172: astore        16
       174: aload_0
       175: aload_1
       176: aload         13
       178: aload         14
       180: aload         15
       182: aload         16
       184: iload         6
       186: invokestatic  #735                // Method quadTwoSided:(Lcom/mojang/blaze3d/vertex/PoseStack$Pose;Lcom/mojang/blaze3d/vertex/VertexConsumer;Lnet/minecraft/world/phys/Vec3;Lnet/minecraft/world/phys/Vec3;Lnet/minecraft/world/phys/Vec3;Lnet/minecraft/world/phys/Vec3;I)V
       189: iinc          8, 1
       192: goto          7
       195: return

  private static void customArrow(com.mojang.blaze3d.vertex.PoseStack$Pose, com.mojang.blaze3d.vertex.VertexConsumer, kr.moonseungjun.villageguardians.VillageSkillMeshLibrary$Basis, net.minecraft.world.phys.Vec3, double, double, int);
    Code:
         0: aload_3
         1: aload_2
         2: getfield      #688                // Field kr/moonseungjun/villageguardians/VillageSkillMeshLibrary$Basis.forward:Lnet/minecraft/world/phys/Vec3;
         5: dload         4
         7: dneg
         8: ldc2_w        #345                // double 0.45d
        11: dmul
        12: invokevirtual #691                // Method net/minecraft/world/phys/Vec3.scale:(D)Lnet/minecraft/world/phys/Vec3;
        15: invokevirtual #585                // Method net/minecraft/world/phys/Vec3.add:(Lnet/minecraft/world/phys/Vec3;)Lnet/minecraft/world/phys/Vec3;
        18: astore        9
        20: aload_3
        21: aload_2
        22: getfield      #688                // Field kr/moonseungjun/villageguardians/VillageSkillMeshLibrary$Basis.forward:Lnet/minecraft/world/phys/Vec3;
        25: dload         4
        27: ldc2_w        #583                // double 0.28d
        30: dmul
        31: invokevirtual #691                // Method net/minecraft/world/phys/Vec3.scale:(D)Lnet/minecraft/world/phys/Vec3;
        34: invokevirtual #585                // Method net/minecraft/world/phys/Vec3.add:(Lnet/minecraft/world/phys/Vec3;)Lnet/minecraft/world/phys/Vec3;
        37: astore        10
        39: aload_3
        40: aload_2
        41: getfield      #688                // Field kr/moonseungjun/villageguardians/VillageSkillMeshLibrary$Basis.forward:Lnet/minecraft/world/phys/Vec3;
        44: dload         4
        46: ldc2_w        #546                // double 0.62d
        49: dmul
        50: invokevirtual #691                // Method net/minecraft/world/phys/Vec3.scale:(D)Lnet/minecraft/world/phys/Vec3;
        53: invokevirtual #585                // Method net/minecraft/world/phys/Vec3.add:(Lnet/minecraft/world/phys/Vec3;)Lnet/minecraft/world/phys/Vec3;
        56: astore        11
        58: aload_0
        59: aload_1
        60: aload         9
        62: aload         10
        64: dload         6
        66: iload         8
        68: invokestatic  #531                // Method prism:(Lcom/mojang/blaze3d/vertex/PoseStack$Pose;Lcom/mojang/blaze3d/vertex/VertexConsumer;Lnet/minecraft/world/phys/Vec3;Lnet/minecraft/world/phys/Vec3;DI)V
        71: aload_2
        72: getfield      #744                // Field kr/moonseungjun/villageguardians/VillageSkillMeshLibrary$Basis.right:Lnet/minecraft/world/phys/Vec3;
        75: dload         6
        77: ldc2_w        #747                // double 2.6d
        80: dmul
        81: invokevirtual #691                // Method net/minecraft/world/phys/Vec3.scale:(D)Lnet/minecraft/world/phys/Vec3;
        84: astore        12
        86: new           #466                // class net/minecraft/world/phys/Vec3
        89: dup
        90: dconst_0
        91: dload         6
        93: ldc2_w        #747                // double 2.6d
        96: dmul
        97: dconst_0
        98: invokespecial #619                // Method net/minecraft/world/phys/Vec3."<init>":(DDD)V
       101: astore        13
       103: aload_0
       104: aload_1
       105: aload         10
       107: aload         12
       109: invokevirtual #585                // Method net/minecraft/world/phys/Vec3.add:(Lnet/minecraft/world/phys/Vec3;)Lnet/minecraft/world/phys/Vec3;
       112: aload         10
       114: aload         13
       116: invokevirtual #585                // Method net/minecraft/world/phys/Vec3.add:(Lnet/minecraft/world/phys/Vec3;)Lnet/minecraft/world/phys/Vec3;
       119: aload         11
       121: iload         8
       123: invokestatic  #749                // Method triangleTwoSided:(Lcom/mojang/blaze3d/vertex/PoseStack$Pose;Lcom/mojang/blaze3d/vertex/VertexConsumer;Lnet/minecraft/world/phys/Vec3;Lnet/minecraft/world/phys/Vec3;Lnet/minecraft/world/phys/Vec3;I)V
       126: aload_0
       127: aload_1
       128: aload         10
       130: aload         13
       132: invokevirtual #585                // Method net/minecraft/world/phys/Vec3.add:(Lnet/minecraft/world/phys/Vec3;)Lnet/minecraft/world/phys/Vec3;
       135: aload         10
       137: aload         12
       139: invokevirtual #727                // Method net/minecraft/world/phys/Vec3.subtract:(Lnet/minecraft/world/phys/Vec3;)Lnet/minecraft/world/phys/Vec3;
       142: aload         11
       144: iload         8
       146: invokestatic  #749                // Method triangleTwoSided:(Lcom/mojang/blaze3d/vertex/PoseStack$Pose;Lcom/mojang/blaze3d/vertex/VertexConsumer;Lnet/minecraft/world/phys/Vec3;Lnet/minecraft/world/phys/Vec3;Lnet/minecraft/world/phys/Vec3;I)V
       149: aload_0
       150: aload_1
       151: aload         10
       153: aload         12
       155: invokevirtual #727                // Method net/minecraft/world/phys/Vec3.subtract:(Lnet/minecraft/world/phys/Vec3;)Lnet/minecraft/world/phys/Vec3;
       158: aload         10
       160: aload         13
       162: invokevirtual #727                // Method net/minecraft/world/phys/Vec3.subtract:(Lnet/minecraft/world/phys/Vec3;)Lnet/minecraft/world/phys/Vec3;
       165: aload         11
       167: iload         8
       169: invokestatic  #749                // Method triangleTwoSided:(Lcom/mojang/blaze3d/vertex/PoseStack$Pose;Lcom/mojang/blaze3d/vertex/VertexConsumer;Lnet/minecraft/world/phys/Vec3;Lnet/minecraft/world/phys/Vec3;Lnet/minecraft/world/phys/Vec3;I)V
       172: aload_0
       173: aload_1
       174: aload         10
       176: aload         13
       178: invokevirtual #727                // Method net/minecraft/world/phys/Vec3.subtract:(Lnet/minecraft/world/phys/Vec3;)Lnet/minecraft/world/phys/Vec3;
       181: aload         10
       183: aload         12
       185: invokevirtual #585                // Method net/minecraft/world/phys/Vec3.add:(Lnet/minecraft/world/phys/Vec3;)Lnet/minecraft/world/phys/Vec3;
       188: aload         11
       190: iload         8
       192: invokestatic  #749                // Method triangleTwoSided:(Lcom/mojang/blaze3d/vertex/PoseStack$Pose;Lcom/mojang/blaze3d/vertex/VertexConsumer;Lnet/minecraft/world/phys/Vec3;Lnet/minecraft/world/phys/Vec3;Lnet/minecraft/world/phys/Vec3;I)V
       195: aload         9
       197: aload_2
       198: getfield      #688                // Field kr/moonseungjun/villageguardians/VillageSkillMeshLibrary$Basis.forward:Lnet/minecraft/world/phys/Vec3;
       201: dload         4
       203: ldc2_w        #270                // double 0.18d
       206: dmul
       207: invokevirtual #691                // Method net/minecraft/world/phys/Vec3.scale:(D)Lnet/minecraft/world/phys/Vec3;
       210: invokevirtual #585                // Method net/minecraft/world/phys/Vec3.add:(Lnet/minecraft/world/phys/Vec3;)Lnet/minecraft/world/phys/Vec3;
       213: astore        14
       215: aload_0
       216: aload_1
       217: aload         9
       219: aload         12
       221: ldc2_w        #276                // double 1.2d
       224: invokevirtual #691                // Method net/minecraft/world/phys/Vec3.scale:(D)Lnet/minecraft/world/phys/Vec3;
       227: invokevirtual #585                // Method net/minecraft/world/phys/Vec3.add:(Lnet/minecraft/world/phys/Vec3;)Lnet/minecraft/world/phys/Vec3;
       230: aload         14
       232: aload         9
       234: aload         12
       236: ldc2_w        #276                // double 1.2d
       239: invokevirtual #691                // Method net/minecraft/world/phys/Vec3.scale:(D)Lnet/minecraft/world/phys/Vec3;
       242: invokevirtual #727                // Method net/minecraft/world/phys/Vec3.subtract:(Lnet/minecraft/world/phys/Vec3;)Lnet/minecraft/world/phys/Vec3;
       245: iload         8
       247: invokestatic  #749                // Method triangleTwoSided:(Lcom/mojang/blaze3d/vertex/PoseStack$Pose;Lcom/mojang/blaze3d/vertex/VertexConsumer;Lnet/minecraft/world/phys/Vec3;Lnet/minecraft/world/phys/Vec3;Lnet/minecraft/world/phys/Vec3;I)V
       250: aload_0
       251: aload_1
       252: aload         9
       254: aload         13
       256: ldc2_w        #276                // double 1.2d
       259: invokevirtual #691                // Method net/minecraft/world/phys/Vec3.scale:(D)Lnet/minecraft/world/phys/Vec3;
       262: invokevirtual #585                // Method net/minecraft/world/phys/Vec3.add:(Lnet/minecraft/world/phys/Vec3;)Lnet/minecraft/world/phys/Vec3;
       265: aload         14
       267: aload         9
       269: aload         13
       271: ldc2_w        #276                // double 1.2d
       274: invokevirtual #691                // Method net/minecraft/world/phys/Vec3.scale:(D)Lnet/minecraft/world/phys/Vec3;
       277: invokevirtual #727                // Method net/minecraft/world/phys/Vec3.subtract:(Lnet/minecraft/world/phys/Vec3;)Lnet/minecraft/world/phys/Vec3;
       280: iload         8
       282: invokestatic  #749                // Method triangleTwoSided:(Lcom/mojang/blaze3d/vertex/PoseStack$Pose;Lcom/mojang/blaze3d/vertex/VertexConsumer;Lnet/minecraft/world/phys/Vec3;Lnet/minecraft/world/phys/Vec3;Lnet/minecraft/world/phys/Vec3;I)V
       285: return

  private static void customArrowBetween(com.mojang.blaze3d.vertex.PoseStack$Pose, com.mojang.blaze3d.vertex.VertexConsumer, net.minecraft.world.phys.Vec3, net.minecraft.world.phys.Vec3, double, int);
    Code:
         0: aload_3
         1: aload_2
         2: invokevirtual #727                // Method net/minecraft/world/phys/Vec3.subtract:(Lnet/minecraft/world/phys/Vec3;)Lnet/minecraft/world/phys/Vec3;
         5: astore        7
         7: aload         7
         9: invokestatic  #33                 // Method kr/moonseungjun/villageguardians/VillageSkillMeshLibrary$Basis.from:(Lnet/minecraft/world/phys/Vec3;)Lkr/moonseungjun/villageguardians/VillageSkillMeshLibrary$Basis;
        12: astore        8
        14: aload         7
        16: invokevirtual #753                // Method net/minecraft/world/phys/Vec3.length:()D
        19: dstore        9
        21: aload_2
        22: aload         7
        24: ldc2_w        #496                // double 0.5d
        27: invokevirtual #691                // Method net/minecraft/world/phys/Vec3.scale:(D)Lnet/minecraft/world/phys/Vec3;
        30: invokevirtual #585                // Method net/minecraft/world/phys/Vec3.add:(Lnet/minecraft/world/phys/Vec3;)Lnet/minecraft/world/phys/Vec3;
        33: astore        11
        35: aload_0
        36: aload_1
        37: aload         8
        39: aload         11
        41: dload         9
        43: dload         4
        45: iload         6
        47: invokestatic  #518                // Method customArrow:(Lcom/mojang/blaze3d/vertex/PoseStack$Pose;Lcom/mojang/blaze3d/vertex/VertexConsumer;Lkr/moonseungjun/villageguardians/VillageSkillMeshLibrary$Basis;Lnet/minecraft/world/phys/Vec3;DDI)V
        50: return

  private static void energyBlade(com.mojang.blaze3d.vertex.PoseStack$Pose, com.mojang.blaze3d.vertex.VertexConsumer, net.minecraft.world.phys.Vec3, net.minecraft.world.phys.Vec3, double, int);
    Code:
         0: aload_3
         1: aload_2
         2: invokevirtual #727                // Method net/minecraft/world/phys/Vec3.subtract:(Lnet/minecraft/world/phys/Vec3;)Lnet/minecraft/world/phys/Vec3;
         5: astore        7
         7: aload         7
         9: invokestatic  #33                 // Method kr/moonseungjun/villageguardians/VillageSkillMeshLibrary$Basis.from:(Lnet/minecraft/world/phys/Vec3;)Lkr/moonseungjun/villageguardians/VillageSkillMeshLibrary$Basis;
        12: astore        8
        14: aload_2
        15: aload         7
        17: ldc2_w        #236                // double 0.72d
        20: invokevirtual #691                // Method net/minecraft/world/phys/Vec3.scale:(D)Lnet/minecraft/world/phys/Vec3;
        23: invokevirtual #585                // Method net/minecraft/world/phys/Vec3.add:(Lnet/minecraft/world/phys/Vec3;)Lnet/minecraft/world/phys/Vec3;
        26: astore        9
        28: aload_0
        29: aload_1
        30: aload_2
        31: aload         9
        33: dload         4
        35: iload         6
        37: invokestatic  #531                // Method prism:(Lcom/mojang/blaze3d/vertex/PoseStack$Pose;Lcom/mojang/blaze3d/vertex/VertexConsumer;Lnet/minecraft/world/phys/Vec3;Lnet/minecraft/world/phys/Vec3;DI)V
        40: aload         8
        42: getfield      #744                // Field kr/moonseungjun/villageguardians/VillageSkillMeshLibrary$Basis.right:Lnet/minecraft/world/phys/Vec3;
        45: dload         4
        47: ldc2_w        #278                // double 2.2d
        50: dmul
        51: invokevirtual #691                // Method net/minecraft/world/phys/Vec3.scale:(D)Lnet/minecraft/world/phys/Vec3;
        54: astore        10
        56: aload_0
        57: aload_1
        58: aload         9
        60: aload         10
        62: invokevirtual #585                // Method net/minecraft/world/phys/Vec3.add:(Lnet/minecraft/world/phys/Vec3;)Lnet/minecraft/world/phys/Vec3;
        65: aload         9
        67: aload         10
        69: invokevirtual #727                // Method net/minecraft/world/phys/Vec3.subtract:(Lnet/minecraft/world/phys/Vec3;)Lnet/minecraft/world/phys/Vec3;
        72: aload_3
        73: iload         6
        75: invokestatic  #749                // Method triangleTwoSided:(Lcom/mojang/blaze3d/vertex/PoseStack$Pose;Lcom/mojang/blaze3d/vertex/VertexConsumer;Lnet/minecraft/world/phys/Vec3;Lnet/minecraft/world/phys/Vec3;Lnet/minecraft/world/phys/Vec3;I)V
        78: new           #466                // class net/minecraft/world/phys/Vec3
        81: dup
        82: dconst_0
        83: dload         4
        85: ldc2_w        #649                // double 1.7d
        88: dmul
        89: dconst_0
        90: invokespecial #619                // Method net/minecraft/world/phys/Vec3."<init>":(DDD)V
        93: astore        11
        95: aload_0
        96: aload_1
        97: aload         9
        99: aload         11
       101: invokevirtual #585                // Method net/minecraft/world/phys/Vec3.add:(Lnet/minecraft/world/phys/Vec3;)Lnet/minecraft/world/phys/Vec3;
       104: aload         9
       106: aload         11
       108: invokevirtual #727                // Method net/minecraft/world/phys/Vec3.subtract:(Lnet/minecraft/world/phys/Vec3;)Lnet/minecraft/world/phys/Vec3;
       111: aload_3
       112: iload         6
       114: invokestatic  #749                // Method triangleTwoSided:(Lcom/mojang/blaze3d/vertex/PoseStack$Pose;Lcom/mojang/blaze3d/vertex/VertexConsumer;Lnet/minecraft/world/phys/Vec3;Lnet/minecraft/world/phys/Vec3;Lnet/minecraft/world/phys/Vec3;I)V
       117: return

  private static void prism(com.mojang.blaze3d.vertex.PoseStack$Pose, com.mojang.blaze3d.vertex.VertexConsumer, net.minecraft.world.phys.Vec3, net.minecraft.world.phys.Vec3, double, int);
    Code:
         0: aload_3
         1: aload_2
         2: invokevirtual #727                // Method net/minecraft/world/phys/Vec3.subtract:(Lnet/minecraft/world/phys/Vec3;)Lnet/minecraft/world/phys/Vec3;
         5: astore        7
         7: aload         7
         9: invokestatic  #33                 // Method kr/moonseungjun/villageguardians/VillageSkillMeshLibrary$Basis.from:(Lnet/minecraft/world/phys/Vec3;)Lkr/moonseungjun/villageguardians/VillageSkillMeshLibrary$Basis;
        12: astore        8
        14: aload         8
        16: getfield      #744                // Field kr/moonseungjun/villageguardians/VillageSkillMeshLibrary$Basis.right:Lnet/minecraft/world/phys/Vec3;
        19: dload         4
        21: invokevirtual #691                // Method net/minecraft/world/phys/Vec3.scale:(D)Lnet/minecraft/world/phys/Vec3;
        24: astore        9
        26: aload         8
        28: getfield      #756                // Field kr/moonseungjun/villageguardians/VillageSkillMeshLibrary$Basis.up:Lnet/minecraft/world/phys/Vec3;
        31: dload         4
        33: invokevirtual #691                // Method net/minecraft/world/phys/Vec3.scale:(D)Lnet/minecraft/world/phys/Vec3;
        36: astore        10
        38: iconst_4
        39: anewarray     #466                // class net/minecraft/world/phys/Vec3
        42: dup
        43: iconst_0
        44: aload_2
        45: aload         9
        47: invokevirtual #585                // Method net/minecraft/world/phys/Vec3.add:(Lnet/minecraft/world/phys/Vec3;)Lnet/minecraft/world/phys/Vec3;
        50: aastore
        51: dup
        52: iconst_1
        53: aload_2
        54: aload         10
        56: invokevirtual #585                // Method net/minecraft/world/phys/Vec3.add:(Lnet/minecraft/world/phys/Vec3;)Lnet/minecraft/world/phys/Vec3;
        59: aastore
        60: dup
        61: iconst_2
        62: aload_2
        63: aload         9
        65: invokevirtual #727                // Method net/minecraft/world/phys/Vec3.subtract:(Lnet/minecraft/world/phys/Vec3;)Lnet/minecraft/world/phys/Vec3;
        68: aastore
        69: dup
        70: iconst_3
        71: aload_2
        72: aload         10
        74: invokevirtual #727                // Method net/minecraft/world/phys/Vec3.subtract:(Lnet/minecraft/world/phys/Vec3;)Lnet/minecraft/world/phys/Vec3;
        77: aastore
        78: astore        11
        80: iconst_4
        81: anewarray     #466                // class net/minecraft/world/phys/Vec3
        84: dup
        85: iconst_0
        86: aload_3
        87: aload         9
        89: invokevirtual #585                // Method net/minecraft/world/phys/Vec3.add:(Lnet/minecraft/world/phys/Vec3;)Lnet/minecraft/world/phys/Vec3;
        92: aastore
        93: dup
        94: iconst_1
        95: aload_3
        96: aload         10
        98: invokevirtual #585                // Method net/minecraft/world/phys/Vec3.add:(Lnet/minecraft/world/phys/Vec3;)Lnet/minecraft/world/phys/Vec3;
       101: aastore
       102: dup
       103: iconst_2
       104: aload_3
       105: aload         9
       107: invokevirtual #727                // Method net/minecraft/world/phys/Vec3.subtract:(Lnet/minecraft/world/phys/Vec3;)Lnet/minecraft/world/phys/Vec3;
       110: aastore
       111: dup
       112: iconst_3
       113: aload_3
       114: aload         10
       116: invokevirtual #727                // Method net/minecraft/world/phys/Vec3.subtract:(Lnet/minecraft/world/phys/Vec3;)Lnet/minecraft/world/phys/Vec3;
       119: aastore
       120: astore        12
       122: iconst_0
       123: istore        13
       125: iload         13
       127: iconst_4
       128: if_icmpge     172
       131: iload         13
       133: iconst_1
       134: iadd
       135: iconst_4
       136: irem
       137: istore        14
       139: aload_0
       140: aload_1
       141: aload         11
       143: iload         13
       145: aaload
       146: aload         11
       148: iload         14
       150: aaload
       151: aload         12
       153: iload         14
       155: aaload
       156: aload         12
       158: iload         13
       160: aaload
       161: iload         6
       163: invokestatic  #735                // Method quadTwoSided:(Lcom/mojang/blaze3d/vertex/PoseStack$Pose;Lcom/mojang/blaze3d/vertex/VertexConsumer;Lnet/minecraft/world/phys/Vec3;Lnet/minecraft/world/phys/Vec3;Lnet/minecraft/world/phys/Vec3;Lnet/minecraft/world/phys/Vec3;I)V
       166: iinc          13, 1
       169: goto          125
       172: aload_0
       173: aload_1
       174: aload         11
       176: iconst_0
       177: aaload
       178: aload         11
       180: iconst_1
       181: aaload
       182: aload         11
       184: iconst_2
       185: aaload
       186: aload         11
       188: iconst_3
       189: aaload
       190: iload         6
       192: invokestatic  #735                // Method quadTwoSided:(Lcom/mojang/blaze3d/vertex/PoseStack$Pose;Lcom/mojang/blaze3d/vertex/VertexConsumer;Lnet/minecraft/world/phys/Vec3;Lnet/minecraft/world/phys/Vec3;Lnet/minecraft/world/phys/Vec3;Lnet/minecraft/world/phys/Vec3;I)V
       195: aload_0
       196: aload_1
       197: aload         12
       199: iconst_3
       200: aaload
       201: aload         12
       203: iconst_2
       204: aaload
       205: aload         12
       207: iconst_1
       208: aaload
       209: aload         12
       211: iconst_0
       212: aaload
       213: iload         6
       215: invokestatic  #735                // Method quadTwoSided:(Lcom/mojang/blaze3d/vertex/PoseStack$Pose;Lcom/mojang/blaze3d/vertex/VertexConsumer;Lnet/minecraft/world/phys/Vec3;Lnet/minecraft/world/phys/Vec3;Lnet/minecraft/world/phys/Vec3;Lnet/minecraft/world/phys/Vec3;I)V
       218: return

  private static void sphere(com.mojang.blaze3d.vertex.PoseStack$Pose, com.mojang.blaze3d.vertex.VertexConsumer, net.minecraft.world.phys.Vec3, double, int, int, int);
    Code:
         0: iconst_0
         1: istore        8
         3: iload         8
         5: iload         5
         7: if_icmpge     283
        10: iload         8
        12: i2d
        13: iload         5
        15: i2d
        16: ddiv
        17: dstore        9
        19: iload         8
        21: iconst_1
        22: iadd
        23: i2d
        24: iload         5
        26: i2d
        27: ddiv
        28: dstore        11
        30: ldc2_w        #759                // double -1.5707963267948966d
        33: ldc2_w        #445                // double 3.141592653589793d
        36: dload         9
        38: dmul
        39: dadd
        40: dstore        13
        42: ldc2_w        #759                // double -1.5707963267948966d
        45: ldc2_w        #445                // double 3.141592653589793d
        48: dload         11
        50: dmul
        51: dadd
        52: dstore        15
        54: iconst_0
        55: istore        17
        57: iload         17
        59: iload         6
        61: if_icmpge     277
        64: iload         17
        66: i2d
        67: iload         6
        69: i2d
        70: ddiv
        71: dstore        18
        73: iload         17
        75: iconst_1
        76: iadd
        77: i2d
        78: iload         6
        80: i2d
        81: ddiv
        82: dstore        20
        84: ldc2_w        #228                // double 6.283185307179586d
        87: dload         18
        89: dmul
        90: dstore        22
        92: ldc2_w        #228                // double 6.283185307179586d
        95: dload         20
        97: dmul
        98: dstore        24
       100: aload_2
       101: dload         13
       103: invokestatic  #365                // Method java/lang/Math.cos:(D)D
       106: dload         22
       108: invokestatic  #365                // Method java/lang/Math.cos:(D)D
       111: dmul
       112: dload_3
       113: dmul
       114: dload         13
       116: invokestatic  #272                // Method java/lang/Math.sin:(D)D
       119: dload_3
       120: dmul
       121: dload         13
       123: invokestatic  #365                // Method java/lang/Math.cos:(D)D
       126: dload         22
       128: invokestatic  #272                // Method java/lang/Math.sin:(D)D
       131: dmul
       132: dload_3
       133: dmul
       134: invokevirtual #591                // Method net/minecraft/world/phys/Vec3.add:(DDD)Lnet/minecraft/world/phys/Vec3;
       137: astore        26
       139: aload_2
       140: dload         13
       142: invokestatic  #365                // Method java/lang/Math.cos:(D)D
       145: dload         24
       147: invokestatic  #365                // Method java/lang/Math.cos:(D)D
       150: dmul
       151: dload_3
       152: dmul
       153: dload         13
       155: invokestatic  #272                // Method java/lang/Math.sin:(D)D
       158: dload_3
       159: dmul
       160: dload         13
       162: invokestatic  #365                // Method java/lang/Math.cos:(D)D
       165: dload         24
       167: invokestatic  #272                // Method java/lang/Math.sin:(D)D
       170: dmul
       171: dload_3
       172: dmul
       173: invokevirtual #591                // Method net/minecraft/world/phys/Vec3.add:(DDD)Lnet/minecraft/world/phys/Vec3;
       176: astore        27
       178: aload_2
       179: dload         15
       181: invokestatic  #365                // Method java/lang/Math.cos:(D)D
       184: dload         24
       186: invokestatic  #365                // Method java/lang/Math.cos:(D)D
       189: dmul
       190: dload_3
       191: dmul
       192: dload         15
       194: invokestatic  #272                // Method java/lang/Math.sin:(D)D
       197: dload_3
       198: dmul
       199: dload         15
       201: invokestatic  #365                // Method java/lang/Math.cos:(D)D
       204: dload         24
       206: invokestatic  #272                // Method java/lang/Math.sin:(D)D
       209: dmul
       210: dload_3
       211: dmul
       212: invokevirtual #591                // Method net/minecraft/world/phys/Vec3.add:(DDD)Lnet/minecraft/world/phys/Vec3;
       215: astore        28
       217: aload_2
       218: dload         15
       220: invokestatic  #365                // Method java/lang/Math.cos:(D)D
       223: dload         22
       225: invokestatic  #365                // Method java/lang/Math.cos:(D)D
       228: dmul
       229: dload_3
       230: dmul
       231: dload         15
       233: invokestatic  #272                // Method java/lang/Math.sin:(D)D
       236: dload_3
       237: dmul
       238: dload         15
       240: invokestatic  #365                // Method java/lang/Math.cos:(D)D
       243: dload         22
       245: invokestatic  #272                // Method java/lang/Math.sin:(D)D
       248: dmul
       249: dload_3
       250: dmul
       251: invokevirtual #591                // Method net/minecraft/world/phys/Vec3.add:(DDD)Lnet/minecraft/world/phys/Vec3;
       254: astore        29
       256: aload_0
       257: aload_1
       258: aload         26
       260: aload         27
       262: aload         28
       264: aload         29
       266: iload         7
       268: invokestatic  #735                // Method quadTwoSided:(Lcom/mojang/blaze3d/vertex/PoseStack$Pose;Lcom/mojang/blaze3d/vertex/VertexConsumer;Lnet/minecraft/world/phys/Vec3;Lnet/minecraft/world/phys/Vec3;Lnet/minecraft/world/phys/Vec3;Lnet/minecraft/world/phys/Vec3;I)V
       271: iinc          17, 1
       274: goto          57
       277: iinc          8, 1
       280: goto          3
       283: return

  private static void curvedShield(com.mojang.blaze3d.vertex.PoseStack$Pose, com.mojang.blaze3d.vertex.VertexConsumer, kr.moonseungjun.villageguardians.VillageSkillMeshLibrary$Basis, net.minecraft.world.phys.Vec3, double, double, double, int);
    Code:
         0: bipush        12
         2: istore        11
         4: bipush        6
         6: istore        12
         8: iconst_0
         9: istore        13
        11: iload         13
        13: iload         12
        15: if_icmpge     230
        18: iload         13
        20: i2d
        21: iload         12
        23: i2d
        24: ddiv
        25: dstore        14
        27: iload         13
        29: iconst_1
        30: iadd
        31: i2d
        32: iload         12
        34: i2d
        35: ddiv
        36: dstore        16
        38: iconst_0
        39: istore        18
        41: iload         18
        43: iload         11
        45: if_icmpge     224
        48: iload         18
        50: i2d
        51: iload         11
        53: i2d
        54: ddiv
        55: dstore        19
        57: iload         18
        59: iconst_1
        60: iadd
        61: i2d
        62: iload         11
        64: i2d
        65: ddiv
        66: dstore        21
        68: aload_2
        69: aload_3
        70: dload         4
        72: dload         6
        74: dload         8
        76: dload         19
        78: dload         14
        80: invokestatic  #716                // Method shieldPoint:(Lkr/moonseungjun/villageguardians/VillageSkillMeshLibrary$Basis;Lnet/minecraft/world/phys/Vec3;DDDDD)Lnet/minecraft/world/phys/Vec3;
        83: astore        23
        85: aload_2
        86: aload_3
        87: dload         4
        89: dload         6
        91: dload         8
        93: dload         21
        95: dload         14
        97: invokestatic  #716                // Method shieldPoint:(Lkr/moonseungjun/villageguardians/VillageSkillMeshLibrary$Basis;Lnet/minecraft/world/phys/Vec3;DDDDD)Lnet/minecraft/world/phys/Vec3;
       100: astore        24
       102: aload_2
       103: aload_3
       104: dload         4
       106: dload         6
       108: dload         8
       110: dload         21
       112: dload         16
       114: invokestatic  #716                // Method shieldPoint:(Lkr/moonseungjun/villageguardians/VillageSkillMeshLibrary$Basis;Lnet/minecraft/world/phys/Vec3;DDDDD)Lnet/minecraft/world/phys/Vec3;
       117: astore        25
       119: aload_2
       120: aload_3
       121: dload         4
       123: dload         6
       125: dload         8
       127: dload         19
       129: dload         16
       131: invokestatic  #716                // Method shieldPoint:(Lkr/moonseungjun/villageguardians/VillageSkillMeshLibrary$Basis;Lnet/minecraft/world/phys/Vec3;DDDDD)Lnet/minecraft/world/phys/Vec3;
       134: astore        26
       136: iload         10
       138: bipush        24
       140: iushr
       141: istore        27
       143: iload         18
       145: ifeq          171
       148: iload         18
       150: iload         11
       152: iconst_1
       153: isub
       154: if_icmpeq     171
       157: iload         13
       159: ifeq          171
       162: iload         13
       164: iload         12
       166: iconst_1
       167: isub
       168: if_icmpne     185
       171: sipush        255
       174: iload         27
       176: bipush        45
       178: iadd
       179: invokestatic  #761                // Method java/lang/Math.min:(II)I
       182: goto          187
       185: iload         27
       187: istore        28
       189: iload         10
       191: ldc_w         #764                // int 16777215
       194: iand
       195: iload         28
       197: bipush        24
       199: ishl
       200: ior
       201: istore        29
       203: aload_0
       204: aload_1
       205: aload         23
       207: aload         24
       209: aload         25
       211: aload         26
       213: iload         29
       215: invokestatic  #735                // Method quadTwoSided:(Lcom/mojang/blaze3d/vertex/PoseStack$Pose;Lcom/mojang/blaze3d/vertex/VertexConsumer;Lnet/minecraft/world/phys/Vec3;Lnet/minecraft/world/phys/Vec3;Lnet/minecraft/world/phys/Vec3;Lnet/minecraft/world/phys/Vec3;I)V
       218: iinc          18, 1
       221: goto          41
       224: iinc          13, 1
       227: goto          11
       230: return

  private static net.minecraft.world.phys.Vec3 shieldPoint(kr.moonseungjun.villageguardians.VillageSkillMeshLibrary$Basis, net.minecraft.world.phys.Vec3, double, double, double, double, double);
    Code:
         0: dload         8
         2: ldc2_w        #496                // double 0.5d
         5: dsub
         6: dload_2
         7: dmul
         8: dstore        12
        10: dload         10
        12: ldc2_w        #496                // double 0.5d
        15: dsub
        16: dload         4
        18: dmul
        19: dstore        14
        21: dload         12
        23: invokestatic  #765                // Method java/lang/Math.abs:(D)D
        26: ldc2_w        #768                // double 0.001d
        29: dload_2
        30: ldc2_w        #496                // double 0.5d
        33: dmul
        34: invokestatic  #19                 // Method java/lang/Math.max:(DD)D
        37: ddiv
        38: ldc2_w        #649                // double 1.7d
        41: invokestatic  #770                // Method java/lang/Math.pow:(DD)D
        44: dstore        16
        46: dload         6
        48: invokestatic  #765                // Method java/lang/Math.abs:(D)D
        51: dneg
        52: dload         16
        54: dmul
        55: ldc2_w        #413                // double 0.05d
        58: dload         10
        60: ldc2_w        #496                // double 0.5d
        63: dsub
        64: ldc2_w        #445                // double 3.141592653589793d
        67: dmul
        68: invokestatic  #365                // Method java/lang/Math.cos:(D)D
        71: dmul
        72: dadd
        73: dstore        18
        75: aload_1
        76: aload_0
        77: dload         12
        79: dload         14
        81: dload         18
        83: invokevirtual #324                // Method kr/moonseungjun/villageguardians/VillageSkillMeshLibrary$Basis.local:(DDD)Lnet/minecraft/world/phys/Vec3;
        86: invokevirtual #585                // Method net/minecraft/world/phys/Vec3.add:(Lnet/minecraft/world/phys/Vec3;)Lnet/minecraft/world/phys/Vec3;
        89: areturn

  private static void hexGrid(com.mojang.blaze3d.vertex.PoseStack$Pose, com.mojang.blaze3d.vertex.VertexConsumer, kr.moonseungjun.villageguardians.VillageSkillMeshLibrary$Basis, double, double, double, double, int);
    Code:
         0: ldc2_w        #300                // double 0.42d
         3: dstore        12
         5: iconst_2
         6: dload         5
         8: dload         12
        10: ldc2_w        #288                // double 1.45d
        13: dmul
        14: ddiv
        15: d2i
        16: invokestatic  #773                // Method java/lang/Math.max:(II)I
        19: istore        14
        21: iconst_3
        22: dload_3
        23: dload         12
        25: ldc2_w        #649                // double 1.7d
        28: dmul
        29: ddiv
        30: d2i
        31: invokestatic  #773                // Method java/lang/Math.max:(II)I
        34: istore        15
        36: iconst_0
        37: istore        16
        39: iload         16
        41: iload         14
        43: if_icmpge     153
        46: iconst_0
        47: istore        17
        49: iload         17
        51: iload         15
        53: if_icmpge     147
        56: iload         17
        58: i2d
        59: iload         15
        61: iconst_1
        62: isub
        63: i2d
        64: ldc2_w        #496                // double 0.5d
        67: dmul
        68: dsub
        69: dload         12
        71: dmul
        72: ldc2_w        #775                // double 1.72d
        75: dmul
        76: iload         16
        78: iconst_2
        79: irem
        80: i2d
        81: dload         12
        83: dmul
        84: ldc2_w        #516                // double 0.86d
        87: dmul
        88: dadd
        89: dstore        18
        91: ldc2_w        #298                // double 0.35d
        94: iload         16
        96: i2d
        97: dload         12
        99: dmul
       100: ldc2_w        #777                // double 1.48d
       103: dmul
       104: dadd
       105: dstore        20
       107: aload_0
       108: aload_1
       109: aload_2
       110: aload_2
       111: dload         18
       113: dload         20
       115: dload         7
       117: invokevirtual #324                // Method kr/moonseungjun/villageguardians/VillageSkillMeshLibrary$Basis.local:(DDD)Lnet/minecraft/world/phys/Vec3;
       120: dload         12
       122: iload         11
       124: dload         9
       126: ldc2_w        #361                // double 0.01d
       129: dmul
       130: iload         16
       132: i2d
       133: ldc2_w        #359                // double 0.07d
       136: dmul
       137: dadd
       138: invokestatic  #779                // Method hexagonOutline:(Lcom/mojang/blaze3d/vertex/PoseStack$Pose;Lcom/mojang/blaze3d/vertex/VertexConsumer;Lkr/moonseungjun/villageguardians/VillageSkillMeshLibrary$Basis;Lnet/minecraft/world/phys/Vec3;DID)V
       141: iinc          17, 1
       144: goto          49
       147: iinc          16, 1
       150: goto          39
       153: return

  private static void hexagonOutline(com.mojang.blaze3d.vertex.PoseStack$Pose, com.mojang.blaze3d.vertex.VertexConsumer, kr.moonseungjun.villageguardians.VillageSkillMeshLibrary$Basis, net.minecraft.world.phys.Vec3, double, int, double);
    Code:
         0: iconst_0
         1: istore        9
         3: iload         9
         5: bipush        6
         7: if_icmpge     135
        10: dload         7
        12: iload         9
        14: i2d
        15: ldc2_w        #228                // double 6.283185307179586d
        18: dmul
        19: ldc2_w        #294                // double 6.0d
        22: ddiv
        23: dadd
        24: dstore        10
        26: dload         7
        28: iload         9
        30: iconst_1
        31: iadd
        32: i2d
        33: ldc2_w        #228                // double 6.283185307179586d
        36: dmul
        37: ldc2_w        #294                // double 6.0d
        40: ddiv
        41: dadd
        42: dstore        12
        44: aload_3
        45: aload_2
        46: getfield      #744                // Field kr/moonseungjun/villageguardians/VillageSkillMeshLibrary$Basis.right:Lnet/minecraft/world/phys/Vec3;
        49: dload         10
        51: invokestatic  #365                // Method java/lang/Math.cos:(D)D
        54: dload         4
        56: dmul
        57: invokevirtual #691                // Method net/minecraft/world/phys/Vec3.scale:(D)Lnet/minecraft/world/phys/Vec3;
        60: invokevirtual #585                // Method net/minecraft/world/phys/Vec3.add:(Lnet/minecraft/world/phys/Vec3;)Lnet/minecraft/world/phys/Vec3;
        63: dconst_0
        64: dload         10
        66: invokestatic  #272                // Method java/lang/Math.sin:(D)D
        69: dload         4
        71: dmul
        72: dconst_0
        73: invokevirtual #591                // Method net/minecraft/world/phys/Vec3.add:(DDD)Lnet/minecraft/world/phys/Vec3;
        76: astore        14
        78: aload_3
        79: aload_2
        80: getfield      #744                // Field kr/moonseungjun/villageguardians/VillageSkillMeshLibrary$Basis.right:Lnet/minecraft/world/phys/Vec3;
        83: dload         12
        85: invokestatic  #365                // Method java/lang/Math.cos:(D)D
        88: dload         4
        90: dmul
        91: invokevirtual #691                // Method net/minecraft/world/phys/Vec3.scale:(D)Lnet/minecraft/world/phys/Vec3;
        94: invokevirtual #585                // Method net/minecraft/world/phys/Vec3.add:(Lnet/minecraft/world/phys/Vec3;)Lnet/minecraft/world/phys/Vec3;
        97: dconst_0
        98: dload         12
       100: invokestatic  #272                // Method java/lang/Math.sin:(D)D
       103: dload         4
       105: dmul
       106: dconst_0
       107: invokevirtual #591                // Method net/minecraft/world/phys/Vec3.add:(DDD)Lnet/minecraft/world/phys/Vec3;
       110: astore        15
       112: aload_0
       113: aload_1
       114: aload         14
       116: aload         15
       118: dload         4
       120: ldc2_w        #339                // double 0.055d
       123: dmul
       124: iload         6
       126: invokestatic  #531                // Method prism:(Lcom/mojang/blaze3d/vertex/PoseStack$Pose;Lcom/mojang/blaze3d/vertex/VertexConsumer;Lnet/minecraft/world/phys/Vec3;Lnet/minecraft/world/phys/Vec3;DI)V
       129: iinc          9, 1
       132: goto          3
       135: return

  private static void tornadoRibbon(com.mojang.blaze3d.vertex.PoseStack$Pose, com.mojang.blaze3d.vertex.VertexConsumer, kr.moonseungjun.villageguardians.VillageSkillMeshLibrary$Basis, double, double, int, int);
    Code:
         0: iconst_0
         1: istore        9
         3: iload         9
         5: iload         7
         7: if_icmpge     259
        10: iload         9
        12: i2d
        13: iload         7
        15: i2d
        16: ddiv
        17: dstore        10
        19: iload         9
        21: iconst_1
        22: iadd
        23: i2d
        24: iload         7
        26: i2d
        27: ddiv
        28: dstore        12
        30: ldc2_w        #298                // double 0.35d
        33: dload         10
        35: ldc2_w        #783                // double 2.15d
        38: dmul
        39: dadd
        40: dstore        14
        42: ldc2_w        #298                // double 0.35d
        45: dload         12
        47: ldc2_w        #783                // double 2.15d
        50: dmul
        51: dadd
        52: dstore        16
        54: dload_3
        55: dload         10
        57: ldc2_w        #228                // double 6.283185307179586d
        60: dmul
        61: ldc2_w        #785                // double 2.65d
        64: dmul
        65: dadd
        66: dstore        18
        68: dload_3
        69: dload         12
        71: ldc2_w        #228                // double 6.283185307179586d
        74: dmul
        75: ldc2_w        #785                // double 2.65d
        78: dmul
        79: dadd
        80: dstore        20
        82: ldc2_w        #316                // double 0.1d
        85: dload         10
        87: ldc2_w        #221                // double 0.16d
        90: dmul
        91: dadd
        92: dstore        22
        94: ldc2_w        #316                // double 0.1d
        97: dload         12
        99: ldc2_w        #221                // double 0.16d
       102: dmul
       103: dadd
       104: dstore        24
       106: aload_2
       107: dload         18
       109: invokestatic  #365                // Method java/lang/Math.cos:(D)D
       112: dload         14
       114: dload         22
       116: dsub
       117: dmul
       118: dload         10
       120: dload         5
       122: dmul
       123: dload         18
       125: invokestatic  #272                // Method java/lang/Math.sin:(D)D
       128: dload         14
       130: dload         22
       132: dsub
       133: dmul
       134: invokevirtual #324                // Method kr/moonseungjun/villageguardians/VillageSkillMeshLibrary$Basis.local:(DDD)Lnet/minecraft/world/phys/Vec3;
       137: astore        26
       139: aload_2
       140: dload         18
       142: invokestatic  #365                // Method java/lang/Math.cos:(D)D
       145: dload         14
       147: dload         22
       149: dadd
       150: dmul
       151: dload         10
       153: dload         5
       155: dmul
       156: dload         18
       158: invokestatic  #272                // Method java/lang/Math.sin:(D)D
       161: dload         14
       163: dload         22
       165: dadd
       166: dmul
       167: invokevirtual #324                // Method kr/moonseungjun/villageguardians/VillageSkillMeshLibrary$Basis.local:(DDD)Lnet/minecraft/world/phys/Vec3;
       170: astore        27
       172: aload_2
       173: dload         20
       175: invokestatic  #365                // Method java/lang/Math.cos:(D)D
       178: dload         16
       180: dload         24
       182: dadd
       183: dmul
       184: dload         12
       186: dload         5
       188: dmul
       189: dload         20
       191: invokestatic  #272                // Method java/lang/Math.sin:(D)D
       194: dload         16
       196: dload         24
       198: dadd
       199: dmul
       200: invokevirtual #324                // Method kr/moonseungjun/villageguardians/VillageSkillMeshLibrary$Basis.local:(DDD)Lnet/minecraft/world/phys/Vec3;
       203: astore        28
       205: aload_2
       206: dload         20
       208: invokestatic  #365                // Method java/lang/Math.cos:(D)D
       211: dload         16
       213: dload         24
       215: dsub
       216: dmul
       217: dload         12
       219: dload         5
       221: dmul
       222: dload         20
       224: invokestatic  #272                // Method java/lang/Math.sin:(D)D
       227: dload         16
       229: dload         24
       231: dsub
       232: dmul
       233: invokevirtual #324                // Method kr/moonseungjun/villageguardians/VillageSkillMeshLibrary$Basis.local:(DDD)Lnet/minecraft/world/phys/Vec3;
       236: astore        29
       238: aload_0
       239: aload_1
       240: aload         26
       242: aload         27
       244: aload         28
       246: aload         29
       248: iload         8
       250: invokestatic  #735                // Method quadTwoSided:(Lcom/mojang/blaze3d/vertex/PoseStack$Pose;Lcom/mojang/blaze3d/vertex/VertexConsumer;Lnet/minecraft/world/phys/Vec3;Lnet/minecraft/world/phys/Vec3;Lnet/minecraft/world/phys/Vec3;Lnet/minecraft/world/phys/Vec3;I)V
       253: iinc          9, 1
       256: goto          3
       259: return

  private static void helixRibbon(com.mojang.blaze3d.vertex.PoseStack$Pose, com.mojang.blaze3d.vertex.VertexConsumer, kr.moonseungjun.villageguardians.VillageSkillMeshLibrary$Basis, double, double, double, int, int);
    Code:
         0: iconst_0
         1: istore        11
         3: iload         11
         5: iload         9
         7: if_icmpge     229
        10: iload         11
        12: i2d
        13: iload         9
        15: i2d
        16: ddiv
        17: dstore        12
        19: iload         11
        21: iconst_1
        22: iadd
        23: i2d
        24: iload         9
        26: i2d
        27: ddiv
        28: dstore        14
        30: dload_3
        31: dload         12
        33: ldc2_w        #228                // double 6.283185307179586d
        36: dmul
        37: ldc2_w        #667                // double 1.4d
        40: dmul
        41: dadd
        42: dstore        16
        44: dload_3
        45: dload         14
        47: ldc2_w        #228                // double 6.283185307179586d
        50: dmul
        51: ldc2_w        #667                // double 1.4d
        54: dmul
        55: dadd
        56: dstore        18
        58: dload         12
        60: ldc2_w        #496                // double 0.5d
        63: dsub
        64: dload         7
        66: dmul
        67: dstore        20
        69: dload         14
        71: ldc2_w        #496                // double 0.5d
        74: dsub
        75: dload         7
        77: dmul
        78: dstore        22
        80: aload_2
        81: dload         16
        83: invokestatic  #365                // Method java/lang/Math.cos:(D)D
        86: dload         5
        88: ldc2_w        #413                // double 0.05d
        91: dsub
        92: dmul
        93: dload         20
        95: dload         16
        97: invokestatic  #272                // Method java/lang/Math.sin:(D)D
       100: dload         5
       102: ldc2_w        #413                // double 0.05d
       105: dsub
       106: dmul
       107: invokevirtual #324                // Method kr/moonseungjun/villageguardians/VillageSkillMeshLibrary$Basis.local:(DDD)Lnet/minecraft/world/phys/Vec3;
       110: astore        24
       112: aload_2
       113: dload         16
       115: invokestatic  #365                // Method java/lang/Math.cos:(D)D
       118: dload         5
       120: ldc2_w        #413                // double 0.05d
       123: dadd
       124: dmul
       125: dload         20
       127: dload         16
       129: invokestatic  #272                // Method java/lang/Math.sin:(D)D
       132: dload         5
       134: ldc2_w        #413                // double 0.05d
       137: dadd
       138: dmul
       139: invokevirtual #324                // Method kr/moonseungjun/villageguardians/VillageSkillMeshLibrary$Basis.local:(DDD)Lnet/minecraft/world/phys/Vec3;
       142: astore        25
       144: aload_2
       145: dload         18
       147: invokestatic  #365                // Method java/lang/Math.cos:(D)D
       150: dload         5
       152: ldc2_w        #413                // double 0.05d
       155: dadd
       156: dmul
       157: dload         22
       159: dload         18
       161: invokestatic  #272                // Method java/lang/Math.sin:(D)D
       164: dload         5
       166: ldc2_w        #413                // double 0.05d
       169: dadd
       170: dmul
       171: invokevirtual #324                // Method kr/moonseungjun/villageguardians/VillageSkillMeshLibrary$Basis.local:(DDD)Lnet/minecraft/world/phys/Vec3;
       174: astore        26
       176: aload_2
       177: dload         18
       179: invokestatic  #365                // Method java/lang/Math.cos:(D)D
       182: dload         5
       184: ldc2_w        #413                // double 0.05d
       187: dsub
       188: dmul
       189: dload         22
       191: dload         18
       193: invokestatic  #272                // Method java/lang/Math.sin:(D)D
       196: dload         5
       198: ldc2_w        #413                // double 0.05d
       201: dsub
       202: dmul
       203: invokevirtual #324                // Method kr/moonseungjun/villageguardians/VillageSkillMeshLibrary$Basis.local:(DDD)Lnet/minecraft/world/phys/Vec3;
       206: astore        27
       208: aload_0
       209: aload_1
       210: aload         24
       212: aload         25
       214: aload         26
       216: aload         27
       218: iload         10
       220: invokestatic  #735                // Method quadTwoSided:(Lcom/mojang/blaze3d/vertex/PoseStack$Pose;Lcom/mojang/blaze3d/vertex/VertexConsumer;Lnet/minecraft/world/phys/Vec3;Lnet/minecraft/world/phys/Vec3;Lnet/minecraft/world/phys/Vec3;Lnet/minecraft/world/phys/Vec3;I)V
       223: iinc          11, 1
       226: goto          3
       229: return

  private static void jaggedBolt(com.mojang.blaze3d.vertex.PoseStack$Pose, com.mojang.blaze3d.vertex.VertexConsumer, net.minecraft.world.phys.Vec3, net.minecraft.world.phys.Vec3, int, double, int, long);
    Code:
         0: new           #39                 // class java/util/Random
         3: dup
         4: lload         8
         6: invokespecial #44                 // Method java/util/Random."<init>":(J)V
         9: astore        10
        11: aload_3
        12: aload_2
        13: invokevirtual #727                // Method net/minecraft/world/phys/Vec3.subtract:(Lnet/minecraft/world/phys/Vec3;)Lnet/minecraft/world/phys/Vec3;
        16: astore        11
        18: aload         11
        20: invokestatic  #33                 // Method kr/moonseungjun/villageguardians/VillageSkillMeshLibrary$Basis.from:(Lnet/minecraft/world/phys/Vec3;)Lkr/moonseungjun/villageguardians/VillageSkillMeshLibrary$Basis;
        23: astore        12
        25: aload_2
        26: astore        13
        28: iconst_1
        29: istore        14
        31: iload         14
        33: iload         4
        35: if_icmpgt     170
        38: iload         14
        40: i2d
        41: iload         4
        43: i2d
        44: ddiv
        45: dstore        15
        47: aload_2
        48: aload         11
        50: dload         15
        52: invokevirtual #691                // Method net/minecraft/world/phys/Vec3.scale:(D)Lnet/minecraft/world/phys/Vec3;
        55: invokevirtual #585                // Method net/minecraft/world/phys/Vec3.add:(Lnet/minecraft/world/phys/Vec3;)Lnet/minecraft/world/phys/Vec3;
        58: astore        17
        60: iload         14
        62: iload         4
        64: if_icmpge     138
        67: dconst_1
        68: dload         15
        70: ldc2_w        #496                // double 0.5d
        73: dsub
        74: invokestatic  #765                // Method java/lang/Math.abs:(D)D
        77: ldc2_w        #276                // double 1.2d
        80: dmul
        81: dsub
        82: ldc2_w        #300                // double 0.42d
        85: dmul
        86: dstore        18
        88: aload         17
        90: aload         12
        92: getfield      #744                // Field kr/moonseungjun/villageguardians/VillageSkillMeshLibrary$Basis.right:Lnet/minecraft/world/phys/Vec3;
        95: aload         10
        97: invokevirtual #407                // Method java/util/Random.nextDouble:()D
       100: ldc2_w        #496                // double 0.5d
       103: dsub
       104: dload         18
       106: dmul
       107: invokevirtual #691                // Method net/minecraft/world/phys/Vec3.scale:(D)Lnet/minecraft/world/phys/Vec3;
       110: invokevirtual #585                // Method net/minecraft/world/phys/Vec3.add:(Lnet/minecraft/world/phys/Vec3;)Lnet/minecraft/world/phys/Vec3;
       113: aload         12
       115: getfield      #756                // Field kr/moonseungjun/villageguardians/VillageSkillMeshLibrary$Basis.up:Lnet/minecraft/world/phys/Vec3;
       118: aload         10
       120: invokevirtual #407                // Method java/util/Random.nextDouble:()D
       123: ldc2_w        #496                // double 0.5d
       126: dsub
       127: dload         18
       129: dmul
       130: invokevirtual #691                // Method net/minecraft/world/phys/Vec3.scale:(D)Lnet/minecraft/world/phys/Vec3;
       133: invokevirtual #585                // Method net/minecraft/world/phys/Vec3.add:(Lnet/minecraft/world/phys/Vec3;)Lnet/minecraft/world/phys/Vec3;
       136: astore        17
       138: aload_0
       139: aload_1
       140: aload         13
       142: aload         17
       144: dload         5
       146: dconst_1
       147: dload         15
       149: ldc2_w        #345                // double 0.45d
       152: dmul
       153: dsub
       154: dmul
       155: iload         7
       157: invokestatic  #531                // Method prism:(Lcom/mojang/blaze3d/vertex/PoseStack$Pose;Lcom/mojang/blaze3d/vertex/VertexConsumer;Lnet/minecraft/world/phys/Vec3;Lnet/minecraft/world/phys/Vec3;DI)V
       160: aload         17
       162: astore        13
       164: iinc          14, 1
       167: goto          31
       170: return

  private static void crystal(com.mojang.blaze3d.vertex.PoseStack$Pose, com.mojang.blaze3d.vertex.VertexConsumer, net.minecraft.world.phys.Vec3, double, double, int);
    Code:
         0: aload_2
         1: dconst_0
         2: dload_3
         3: dconst_0
         4: invokevirtual #591                // Method net/minecraft/world/phys/Vec3.add:(DDD)Lnet/minecraft/world/phys/Vec3;
         7: astore        8
         9: iconst_5
        10: istore        9
        12: iconst_0
        13: istore        10
        15: iload         10
        17: iload         9
        19: if_icmpge     200
        22: iload         10
        24: i2d
        25: ldc2_w        #228                // double 6.283185307179586d
        28: dmul
        29: iload         9
        31: i2d
        32: ddiv
        33: dstore        11
        35: iload         10
        37: iconst_1
        38: iadd
        39: i2d
        40: ldc2_w        #228                // double 6.283185307179586d
        43: dmul
        44: iload         9
        46: i2d
        47: ddiv
        48: dstore        13
        50: aload_2
        51: dload         11
        53: invokestatic  #365                // Method java/lang/Math.cos:(D)D
        56: dload         5
        58: dmul
        59: dconst_0
        60: dload         11
        62: invokestatic  #272                // Method java/lang/Math.sin:(D)D
        65: dload         5
        67: dmul
        68: invokevirtual #591                // Method net/minecraft/world/phys/Vec3.add:(DDD)Lnet/minecraft/world/phys/Vec3;
        71: astore        15
        73: aload_2
        74: dload         13
        76: invokestatic  #365                // Method java/lang/Math.cos:(D)D
        79: dload         5
        81: dmul
        82: dconst_0
        83: dload         13
        85: invokestatic  #272                // Method java/lang/Math.sin:(D)D
        88: dload         5
        90: dmul
        91: invokevirtual #591                // Method net/minecraft/world/phys/Vec3.add:(DDD)Lnet/minecraft/world/phys/Vec3;
        94: astore        16
        96: aload_2
        97: dload         11
        99: invokestatic  #365                // Method java/lang/Math.cos:(D)D
       102: dload         5
       104: dmul
       105: ldc2_w        #236                // double 0.72d
       108: dmul
       109: dload_3
       110: ldc2_w        #787                // double 0.68d
       113: dmul
       114: dload         11
       116: invokestatic  #272                // Method java/lang/Math.sin:(D)D
       119: dload         5
       121: dmul
       122: ldc2_w        #236                // double 0.72d
       125: dmul
       126: invokevirtual #591                // Method net/minecraft/world/phys/Vec3.add:(DDD)Lnet/minecraft/world/phys/Vec3;
       129: astore        17
       131: aload_2
       132: dload         13
       134: invokestatic  #365                // Method java/lang/Math.cos:(D)D
       137: dload         5
       139: dmul
       140: ldc2_w        #236                // double 0.72d
       143: dmul
       144: dload_3
       145: ldc2_w        #787                // double 0.68d
       148: dmul
       149: dload         13
       151: invokestatic  #272                // Method java/lang/Math.sin:(D)D
       154: dload         5
       156: dmul
       157: ldc2_w        #236                // double 0.72d
       160: dmul
       161: invokevirtual #591                // Method net/minecraft/world/phys/Vec3.add:(DDD)Lnet/minecraft/world/phys/Vec3;
       164: astore        18
       166: aload_0
       167: aload_1
       168: aload         15
       170: aload         16
       172: aload         18
       174: aload         17
       176: iload         7
       178: invokestatic  #735                // Method quadTwoSided:(Lcom/mojang/blaze3d/vertex/PoseStack$Pose;Lcom/mojang/blaze3d/vertex/VertexConsumer;Lnet/minecraft/world/phys/Vec3;Lnet/minecraft/world/phys/Vec3;Lnet/minecraft/world/phys/Vec3;Lnet/minecraft/world/phys/Vec3;I)V
       181: aload_0
       182: aload_1
       183: aload         17
       185: aload         18
       187: aload         8
       189: iload         7
       191: invokestatic  #749                // Method triangleTwoSided:(Lcom/mojang/blaze3d/vertex/PoseStack$Pose;Lcom/mojang/blaze3d/vertex/VertexConsumer;Lnet/minecraft/world/phys/Vec3;Lnet/minecraft/world/phys/Vec3;Lnet/minecraft/world/phys/Vec3;I)V
       194: iinc          10, 1
       197: goto          15
       200: return

  private static void spike(com.mojang.blaze3d.vertex.PoseStack$Pose, com.mojang.blaze3d.vertex.VertexConsumer, net.minecraft.world.phys.Vec3, net.minecraft.world.phys.Vec3, double, int);
    Code:
         0: aload_3
         1: aload_2
         2: invokevirtual #727                // Method net/minecraft/world/phys/Vec3.subtract:(Lnet/minecraft/world/phys/Vec3;)Lnet/minecraft/world/phys/Vec3;
         5: astore        7
         7: aload         7
         9: invokestatic  #33                 // Method kr/moonseungjun/villageguardians/VillageSkillMeshLibrary$Basis.from:(Lnet/minecraft/world/phys/Vec3;)Lkr/moonseungjun/villageguardians/VillageSkillMeshLibrary$Basis;
        12: astore        8
        14: iconst_5
        15: istore        9
        17: iconst_0
        18: istore        10
        20: iload         10
        22: iload         9
        24: if_icmpge     155
        27: iload         10
        29: i2d
        30: ldc2_w        #228                // double 6.283185307179586d
        33: dmul
        34: iload         9
        36: i2d
        37: ddiv
        38: dstore        11
        40: iload         10
        42: iconst_1
        43: iadd
        44: i2d
        45: ldc2_w        #228                // double 6.283185307179586d
        48: dmul
        49: iload         9
        51: i2d
        52: ddiv
        53: dstore        13
        55: aload_2
        56: aload         8
        58: getfield      #744                // Field kr/moonseungjun/villageguardians/VillageSkillMeshLibrary$Basis.right:Lnet/minecraft/world/phys/Vec3;
        61: dload         11
        63: invokestatic  #365                // Method java/lang/Math.cos:(D)D
        66: dload         4
        68: dmul
        69: invokevirtual #691                // Method net/minecraft/world/phys/Vec3.scale:(D)Lnet/minecraft/world/phys/Vec3;
        72: invokevirtual #585                // Method net/minecraft/world/phys/Vec3.add:(Lnet/minecraft/world/phys/Vec3;)Lnet/minecraft/world/phys/Vec3;
        75: aload         8
        77: getfield      #756                // Field kr/moonseungjun/villageguardians/VillageSkillMeshLibrary$Basis.up:Lnet/minecraft/world/phys/Vec3;
        80: dload         11
        82: invokestatic  #272                // Method java/lang/Math.sin:(D)D
        85: dload         4
        87: dmul
        88: invokevirtual #691                // Method net/minecraft/world/phys/Vec3.scale:(D)Lnet/minecraft/world/phys/Vec3;
        91: invokevirtual #585                // Method net/minecraft/world/phys/Vec3.add:(Lnet/minecraft/world/phys/Vec3;)Lnet/minecraft/world/phys/Vec3;
        94: astore        15
        96: aload_2
        97: aload         8
        99: getfield      #744                // Field kr/moonseungjun/villageguardians/VillageSkillMeshLibrary$Basis.right:Lnet/minecraft/world/phys/Vec3;
       102: dload         13
       104: invokestatic  #365                // Method java/lang/Math.cos:(D)D
       107: dload         4
       109: dmul
       110: invokevirtual #691                // Method net/minecraft/world/phys/Vec3.scale:(D)Lnet/minecraft/world/phys/Vec3;
       113: invokevirtual #585                // Method net/minecraft/world/phys/Vec3.add:(Lnet/minecraft/world/phys/Vec3;)Lnet/minecraft/world/phys/Vec3;
       116: aload         8
       118: getfield      #756                // Field kr/moonseungjun/villageguardians/VillageSkillMeshLibrary$Basis.up:Lnet/minecraft/world/phys/Vec3;
       121: dload         13
       123: invokestatic  #272                // Method java/lang/Math.sin:(D)D
       126: dload         4
       128: dmul
       129: invokevirtual #691                // Method net/minecraft/world/phys/Vec3.scale:(D)Lnet/minecraft/world/phys/Vec3;
       132: invokevirtual #585                // Method net/minecraft/world/phys/Vec3.add:(Lnet/minecraft/world/phys/Vec3;)Lnet/minecraft/world/phys/Vec3;
       135: astore        16
       137: aload_0
       138: aload_1
       139: aload         15
       141: aload         16
       143: aload_3
       144: iload         6
       146: invokestatic  #749                // Method triangleTwoSided:(Lcom/mojang/blaze3d/vertex/PoseStack$Pose;Lcom/mojang/blaze3d/vertex/VertexConsumer;Lnet/minecraft/world/phys/Vec3;Lnet/minecraft/world/phys/Vec3;Lnet/minecraft/world/phys/Vec3;I)V
       149: iinc          10, 1
       152: goto          20
       155: return

  private static void groundCrack(com.mojang.blaze3d.vertex.PoseStack$Pose, com.mojang.blaze3d.vertex.VertexConsumer, kr.moonseungjun.villageguardians.VillageSkillMeshLibrary$Basis, double, double, double, double, int);
    Code:
         0: aload_2
         1: dload_3
         2: invokestatic  #365                // Method java/lang/Math.cos:(D)D
         5: dload         5
         7: dmul
         8: ldc2_w        #244                // double 0.018d
        11: dload_3
        12: invokestatic  #272                // Method java/lang/Math.sin:(D)D
        15: dload         5
        17: dmul
        18: invokevirtual #324                // Method kr/moonseungjun/villageguardians/VillageSkillMeshLibrary$Basis.local:(DDD)Lnet/minecraft/world/phys/Vec3;
        21: astore        12
        23: aload_2
        24: dload_3
        25: ldc2_w        #219                // double 0.08d
        28: dadd
        29: invokestatic  #365                // Method java/lang/Math.cos:(D)D
        32: dload         5
        34: dload         7
        36: dadd
        37: ldc2_w        #322                // double 0.52d
        40: dmul
        41: dmul
        42: ldc2_w        #284                // double 0.02d
        45: dload_3
        46: ldc2_w        #219                // double 0.08d
        49: dadd
        50: invokestatic  #272                // Method java/lang/Math.sin:(D)D
        53: dload         5
        55: dload         7
        57: dadd
        58: ldc2_w        #322                // double 0.52d
        61: dmul
        62: dmul
        63: invokevirtual #324                // Method kr/moonseungjun/villageguardians/VillageSkillMeshLibrary$Basis.local:(DDD)Lnet/minecraft/world/phys/Vec3;
        66: astore        13
        68: aload_2
        69: dload_3
        70: ldc2_w        #430                // double 0.045d
        73: dsub
        74: invokestatic  #365                // Method java/lang/Math.cos:(D)D
        77: dload         7
        79: dmul
        80: ldc2_w        #244                // double 0.018d
        83: dload_3
        84: ldc2_w        #430                // double 0.045d
        87: dsub
        88: invokestatic  #272                // Method java/lang/Math.sin:(D)D
        91: dload         7
        93: dmul
        94: invokevirtual #324                // Method kr/moonseungjun/villageguardians/VillageSkillMeshLibrary$Basis.local:(DDD)Lnet/minecraft/world/phys/Vec3;
        97: astore        14
        99: aload_0
       100: aload_1
       101: aload         12
       103: aload         13
       105: dload         9
       107: iload         11
       109: invokestatic  #531                // Method prism:(Lcom/mojang/blaze3d/vertex/PoseStack$Pose;Lcom/mojang/blaze3d/vertex/VertexConsumer;Lnet/minecraft/world/phys/Vec3;Lnet/minecraft/world/phys/Vec3;DI)V
       112: aload_0
       113: aload_1
       114: aload         13
       116: aload         14
       118: dload         9
       120: ldc2_w        #236                // double 0.72d
       123: dmul
       124: iload         11
       126: invokestatic  #531                // Method prism:(Lcom/mojang/blaze3d/vertex/PoseStack$Pose;Lcom/mojang/blaze3d/vertex/VertexConsumer;Lnet/minecraft/world/phys/Vec3;Lnet/minecraft/world/phys/Vec3;DI)V
       129: return

  private static void braidedBeam(com.mojang.blaze3d.vertex.PoseStack$Pose, com.mojang.blaze3d.vertex.VertexConsumer, net.minecraft.world.phys.Vec3, net.minecraft.world.phys.Vec3, double, double, int);
    Code:
         0: aload_3
         1: aload_2
         2: invokevirtual #727                // Method net/minecraft/world/phys/Vec3.subtract:(Lnet/minecraft/world/phys/Vec3;)Lnet/minecraft/world/phys/Vec3;
         5: astore        9
         7: aload         9
         9: invokestatic  #33                 // Method kr/moonseungjun/villageguardians/VillageSkillMeshLibrary$Basis.from:(Lnet/minecraft/world/phys/Vec3;)Lkr/moonseungjun/villageguardians/VillageSkillMeshLibrary$Basis;
        12: astore        10
        14: bipush        20
        16: istore        11
        18: aload_2
        19: astore        12
        21: aload_2
        22: astore        13
        24: iconst_1
        25: istore        14
        27: iload         14
        29: iload         11
        31: if_icmpgt     178
        34: iload         14
        36: i2d
        37: iload         11
        39: i2d
        40: ddiv
        41: dstore        15
        43: dload         4
        45: ldc2_w        #349                // double 0.22d
        48: dmul
        49: dload         15
        51: ldc2_w        #228                // double 6.283185307179586d
        54: dmul
        55: ldc2_w        #478                // double 2.0d
        58: dmul
        59: dadd
        60: dstore        17
        62: aload_2
        63: aload         9
        65: dload         15
        67: invokevirtual #691                // Method net/minecraft/world/phys/Vec3.scale:(D)Lnet/minecraft/world/phys/Vec3;
        70: invokevirtual #585                // Method net/minecraft/world/phys/Vec3.add:(Lnet/minecraft/world/phys/Vec3;)Lnet/minecraft/world/phys/Vec3;
        73: astore        19
        75: aload         10
        77: getfield      #744                // Field kr/moonseungjun/villageguardians/VillageSkillMeshLibrary$Basis.right:Lnet/minecraft/world/phys/Vec3;
        80: dload         17
        82: invokestatic  #365                // Method java/lang/Math.cos:(D)D
        85: dload         6
        87: dmul
        88: invokevirtual #691                // Method net/minecraft/world/phys/Vec3.scale:(D)Lnet/minecraft/world/phys/Vec3;
        91: aload         10
        93: getfield      #756                // Field kr/moonseungjun/villageguardians/VillageSkillMeshLibrary$Basis.up:Lnet/minecraft/world/phys/Vec3;
        96: dload         17
        98: invokestatic  #272                // Method java/lang/Math.sin:(D)D
       101: dload         6
       103: dmul
       104: invokevirtual #691                // Method net/minecraft/world/phys/Vec3.scale:(D)Lnet/minecraft/world/phys/Vec3;
       107: invokevirtual #585                // Method net/minecraft/world/phys/Vec3.add:(Lnet/minecraft/world/phys/Vec3;)Lnet/minecraft/world/phys/Vec3;
       110: astore        20
       112: aload         19
       114: aload         20
       116: invokevirtual #585                // Method net/minecraft/world/phys/Vec3.add:(Lnet/minecraft/world/phys/Vec3;)Lnet/minecraft/world/phys/Vec3;
       119: astore        21
       121: aload         19
       123: aload         20
       125: invokevirtual #727                // Method net/minecraft/world/phys/Vec3.subtract:(Lnet/minecraft/world/phys/Vec3;)Lnet/minecraft/world/phys/Vec3;
       128: astore        22
       130: aload_0
       131: aload_1
       132: aload         12
       134: aload         21
       136: dload         6
       138: ldc2_w        #298                // double 0.35d
       141: dmul
       142: iload         8
       144: invokestatic  #531                // Method prism:(Lcom/mojang/blaze3d/vertex/PoseStack$Pose;Lcom/mojang/blaze3d/vertex/VertexConsumer;Lnet/minecraft/world/phys/Vec3;Lnet/minecraft/world/phys/Vec3;DI)V
       147: aload_0
       148: aload_1
       149: aload         13
       151: aload         22
       153: dload         6
       155: ldc2_w        #298                // double 0.35d
       158: dmul
       159: iload         8
       161: invokestatic  #531                // Method prism:(Lcom/mojang/blaze3d/vertex/PoseStack$Pose;Lcom/mojang/blaze3d/vertex/VertexConsumer;Lnet/minecraft/world/phys/Vec3;Lnet/minecraft/world/phys/Vec3;DI)V
       164: aload         21
       166: astore        12
       168: aload         22
       170: astore        13
       172: iinc          14, 1
       175: goto          27
       178: return

  private static void wing(com.mojang.blaze3d.vertex.PoseStack$Pose, com.mojang.blaze3d.vertex.VertexConsumer, kr.moonseungjun.villageguardians.VillageSkillMeshLibrary$Basis, int, double, double, int);
    Code:
         0: aload_2
         1: iload_3
         2: i2d
         3: ldc2_w        #349                // double 0.22d
         6: dmul
         7: dload         4
         9: ldc2_w        #789                // double -0.05d
        12: invokevirtual #324                // Method kr/moonseungjun/villageguardians/VillageSkillMeshLibrary$Basis.local:(DDD)Lnet/minecraft/world/phys/Vec3;
        15: astore        9
        17: iconst_0
        18: istore        10
        20: iload         10
        22: iconst_5
        23: if_icmpge     168
        26: iload         10
        28: i2d
        29: ldc2_w        #230                // double 4.0d
        32: ddiv
        33: dstore        11
        35: aload_2
        36: iload_3
        37: i2d
        38: ldc2_w        #306                // double 0.65d
        41: dload         11
        43: ldc2_w        #345                // double 0.45d
        46: dmul
        47: dadd
        48: dmul
        49: dload         4
        51: ldc2_w        #298                // double 0.35d
        54: dadd
        55: dload         11
        57: ldc2_w        #270                // double 0.18d
        60: dmul
        61: dsub
        62: ldc2_w        #791                // double -0.15d
        65: dload         11
        67: ldc2_w        #221                // double 0.16d
        70: dmul
        71: dsub
        72: invokevirtual #324                // Method kr/moonseungjun/villageguardians/VillageSkillMeshLibrary$Basis.local:(DDD)Lnet/minecraft/world/phys/Vec3;
        75: astore        13
        77: aload_2
        78: iload_3
        79: i2d
        80: dload         6
        82: dload         11
        84: ldc2_w        #357                // double 0.55d
        87: dmul
        88: dadd
        89: dmul
        90: dload         4
        92: ldc2_w        #308                // double 0.25d
        95: dadd
        96: dload         11
        98: ldc2_w        #300                // double 0.42d
       101: dmul
       102: dsub
       103: ldc2_w        #793                // double -0.35d
       106: dload         11
       108: ldc2_w        #298                // double 0.35d
       111: dmul
       112: dsub
       113: invokevirtual #324                // Method kr/moonseungjun/villageguardians/VillageSkillMeshLibrary$Basis.local:(DDD)Lnet/minecraft/world/phys/Vec3;
       116: astore        14
       118: aload_0
       119: aload_1
       120: aload_2
       121: aload         9
       123: aload         13
       125: ldc2_w        #316                // double 0.1d
       128: dload         11
       130: ldc2_w        #651                // double 0.015d
       133: dmul
       134: dsub
       135: iload         8
       137: invokestatic  #542                // Method taperedRibbon:(Lcom/mojang/blaze3d/vertex/PoseStack$Pose;Lcom/mojang/blaze3d/vertex/VertexConsumer;Lkr/moonseungjun/villageguardians/VillageSkillMeshLibrary$Basis;Lnet/minecraft/world/phys/Vec3;Lnet/minecraft/world/phys/Vec3;DI)V
       140: aload_0
       141: aload_1
       142: aload_2
       143: aload         13
       145: aload         14
       147: ldc2_w        #280                // double 0.12d
       150: dload         11
       152: ldc2_w        #244                // double 0.018d
       155: dmul
       156: dsub
       157: iload         8
       159: invokestatic  #542                // Method taperedRibbon:(Lcom/mojang/blaze3d/vertex/PoseStack$Pose;Lcom/mojang/blaze3d/vertex/VertexConsumer;Lkr/moonseungjun/villageguardians/VillageSkillMeshLibrary$Basis;Lnet/minecraft/world/phys/Vec3;Lnet/minecraft/world/phys/Vec3;DI)V
       162: iinc          10, 1
       165: goto          20
       168: return

  private static void verticalPillar(com.mojang.blaze3d.vertex.PoseStack$Pose, com.mojang.blaze3d.vertex.VertexConsumer, kr.moonseungjun.villageguardians.VillageSkillMeshLibrary$Basis, double, double, int);
    Code:
         0: aload_0
         1: aload_1
         2: aload_2
         3: getstatic     #465                // Field net/minecraft/world/phys/Vec3.ZERO:Lnet/minecraft/world/phys/Vec3;
         6: dload_3
         7: dload         5
         9: iload         7
        11: invokestatic  #675                // Method verticalPillarAt:(Lcom/mojang/blaze3d/vertex/PoseStack$Pose;Lcom/mojang/blaze3d/vertex/VertexConsumer;Lkr/moonseungjun/villageguardians/VillageSkillMeshLibrary$Basis;Lnet/minecraft/world/phys/Vec3;DDI)V
        14: return

  private static void verticalPillarAt(com.mojang.blaze3d.vertex.PoseStack$Pose, com.mojang.blaze3d.vertex.VertexConsumer, kr.moonseungjun.villageguardians.VillageSkillMeshLibrary$Basis, net.minecraft.world.phys.Vec3, double, double, int);
    Code:
         0: bipush        12
         2: istore        9
         4: iconst_0
         5: istore        10
         7: iload         10
         9: iload         9
        11: if_icmpge     173
        14: iload         10
        16: i2d
        17: ldc2_w        #228                // double 6.283185307179586d
        20: dmul
        21: iload         9
        23: i2d
        24: ddiv
        25: dstore        11
        27: iload         10
        29: iconst_1
        30: iadd
        31: i2d
        32: ldc2_w        #228                // double 6.283185307179586d
        35: dmul
        36: iload         9
        38: i2d
        39: ddiv
        40: dstore        13
        42: aload_3
        43: dload         11
        45: invokestatic  #365                // Method java/lang/Math.cos:(D)D
        48: dload         4
        50: dmul
        51: dconst_0
        52: dload         11
        54: invokestatic  #272                // Method java/lang/Math.sin:(D)D
        57: dload         4
        59: dmul
        60: invokevirtual #591                // Method net/minecraft/world/phys/Vec3.add:(DDD)Lnet/minecraft/world/phys/Vec3;
        63: astore        15
        65: aload_3
        66: dload         13
        68: invokestatic  #365                // Method java/lang/Math.cos:(D)D
        71: dload         4
        73: dmul
        74: dconst_0
        75: dload         13
        77: invokestatic  #272                // Method java/lang/Math.sin:(D)D
        80: dload         4
        82: dmul
        83: invokevirtual #591                // Method net/minecraft/world/phys/Vec3.add:(DDD)Lnet/minecraft/world/phys/Vec3;
        86: astore        16
        88: aload_3
        89: dload         13
        91: invokestatic  #365                // Method java/lang/Math.cos:(D)D
        94: dload         4
        96: dmul
        97: ldc2_w        #357                // double 0.55d
       100: dmul
       101: dload         6
       103: dload         13
       105: invokestatic  #272                // Method java/lang/Math.sin:(D)D
       108: dload         4
       110: dmul
       111: ldc2_w        #357                // double 0.55d
       114: dmul
       115: invokevirtual #591                // Method net/minecraft/world/phys/Vec3.add:(DDD)Lnet/minecraft/world/phys/Vec3;
       118: astore        17
       120: aload_3
       121: dload         11
       123: invokestatic  #365                // Method java/lang/Math.cos:(D)D
       126: dload         4
       128: dmul
       129: ldc2_w        #357                // double 0.55d
       132: dmul
       133: dload         6
       135: dload         11
       137: invokestatic  #272                // Method java/lang/Math.sin:(D)D
       140: dload         4
       142: dmul
       143: ldc2_w        #357                // double 0.55d
       146: dmul
       147: invokevirtual #591                // Method net/minecraft/world/phys/Vec3.add:(DDD)Lnet/minecraft/world/phys/Vec3;
       150: astore        18
       152: aload_0
       153: aload_1
       154: aload         15
       156: aload         16
       158: aload         17
       160: aload         18
       162: iload         8
       164: invokestatic  #735                // Method quadTwoSided:(Lcom/mojang/blaze3d/vertex/PoseStack$Pose;Lcom/mojang/blaze3d/vertex/VertexConsumer;Lnet/minecraft/world/phys/Vec3;Lnet/minecraft/world/phys/Vec3;Lnet/minecraft/world/phys/Vec3;Lnet/minecraft/world/phys/Vec3;I)V
       167: iinc          10, 1
       170: goto          7
       173: return

  private static void chevron(com.mojang.blaze3d.vertex.PoseStack$Pose, com.mojang.blaze3d.vertex.VertexConsumer, kr.moonseungjun.villageguardians.VillageSkillMeshLibrary$Basis, double, double, double, double, int);
    Code:
         0: aload_2
         1: dload_3
         2: invokestatic  #365                // Method java/lang/Math.cos:(D)D
         5: dload         5
         7: dmul
         8: dload         7
        10: dload_3
        11: invokestatic  #272                // Method java/lang/Math.sin:(D)D
        14: dload         5
        16: dmul
        17: invokevirtual #324                // Method kr/moonseungjun/villageguardians/VillageSkillMeshLibrary$Basis.local:(DDD)Lnet/minecraft/world/phys/Vec3;
        20: astore        12
        22: aload_2
        23: dload_3
        24: invokestatic  #272                // Method java/lang/Math.sin:(D)D
        27: dneg
        28: dconst_0
        29: dload_3
        30: invokestatic  #365                // Method java/lang/Math.cos:(D)D
        33: invokevirtual #324                // Method kr/moonseungjun/villageguardians/VillageSkillMeshLibrary$Basis.local:(DDD)Lnet/minecraft/world/phys/Vec3;
        36: invokevirtual #795                // Method net/minecraft/world/phys/Vec3.normalize:()Lnet/minecraft/world/phys/Vec3;
        39: astore        13
        41: aload_2
        42: dload_3
        43: invokestatic  #365                // Method java/lang/Math.cos:(D)D
        46: dconst_0
        47: dload_3
        48: invokestatic  #272                // Method java/lang/Math.sin:(D)D
        51: invokevirtual #324                // Method kr/moonseungjun/villageguardians/VillageSkillMeshLibrary$Basis.local:(DDD)Lnet/minecraft/world/phys/Vec3;
        54: invokevirtual #795                // Method net/minecraft/world/phys/Vec3.normalize:()Lnet/minecraft/world/phys/Vec3;
        57: astore        14
        59: aload         12
        61: aload         13
        63: dload         9
        65: invokevirtual #691                // Method net/minecraft/world/phys/Vec3.scale:(D)Lnet/minecraft/world/phys/Vec3;
        68: invokevirtual #727                // Method net/minecraft/world/phys/Vec3.subtract:(Lnet/minecraft/world/phys/Vec3;)Lnet/minecraft/world/phys/Vec3;
        71: aload         14
        73: dload         9
        75: ldc2_w        #298                // double 0.35d
        78: dmul
        79: invokevirtual #691                // Method net/minecraft/world/phys/Vec3.scale:(D)Lnet/minecraft/world/phys/Vec3;
        82: invokevirtual #727                // Method net/minecraft/world/phys/Vec3.subtract:(Lnet/minecraft/world/phys/Vec3;)Lnet/minecraft/world/phys/Vec3;
        85: astore        15
        87: aload         12
        89: aload         14
        91: dload         9
        93: ldc2_w        #357                // double 0.55d
        96: dmul
        97: invokevirtual #691                // Method net/minecraft/world/phys/Vec3.scale:(D)Lnet/minecraft/world/phys/Vec3;
       100: invokevirtual #585                // Method net/minecraft/world/phys/Vec3.add:(Lnet/minecraft/world/phys/Vec3;)Lnet/minecraft/world/phys/Vec3;
       103: astore        16
       105: aload         12
       107: aload         13
       109: dload         9
       111: invokevirtual #691                // Method net/minecraft/world/phys/Vec3.scale:(D)Lnet/minecraft/world/phys/Vec3;
       114: invokevirtual #585                // Method net/minecraft/world/phys/Vec3.add:(Lnet/minecraft/world/phys/Vec3;)Lnet/minecraft/world/phys/Vec3;
       117: aload         14
       119: dload         9
       121: ldc2_w        #298                // double 0.35d
       124: dmul
       125: invokevirtual #691                // Method net/minecraft/world/phys/Vec3.scale:(D)Lnet/minecraft/world/phys/Vec3;
       128: invokevirtual #727                // Method net/minecraft/world/phys/Vec3.subtract:(Lnet/minecraft/world/phys/Vec3;)Lnet/minecraft/world/phys/Vec3;
       131: astore        17
       133: aload_0
       134: aload_1
       135: aload         15
       137: aload         16
       139: dload         9
       141: ldc2_w        #290                // double 0.09d
       144: dmul
       145: iload         11
       147: invokestatic  #531                // Method prism:(Lcom/mojang/blaze3d/vertex/PoseStack$Pose;Lcom/mojang/blaze3d/vertex/VertexConsumer;Lnet/minecraft/world/phys/Vec3;Lnet/minecraft/world/phys/Vec3;DI)V
       150: aload_0
       151: aload_1
       152: aload         16
       154: aload         17
       156: dload         9
       158: ldc2_w        #290                // double 0.09d
       161: dmul
       162: iload         11
       164: invokestatic  #531                // Method prism:(Lcom/mojang/blaze3d/vertex/PoseStack$Pose;Lcom/mojang/blaze3d/vertex/VertexConsumer;Lnet/minecraft/world/phys/Vec3;Lnet/minecraft/world/phys/Vec3;DI)V
       167: return

  private static void reticleBracket(com.mojang.blaze3d.vertex.PoseStack$Pose, com.mojang.blaze3d.vertex.VertexConsumer, kr.moonseungjun.villageguardians.VillageSkillMeshLibrary$Basis, double, double, double, int);
    Code:
         0: aload_2
         1: getfield      #744                // Field kr/moonseungjun/villageguardians/VillageSkillMeshLibrary$Basis.right:Lnet/minecraft/world/phys/Vec3;
         4: dload_3
         5: invokestatic  #365                // Method java/lang/Math.cos:(D)D
         8: invokevirtual #691                // Method net/minecraft/world/phys/Vec3.scale:(D)Lnet/minecraft/world/phys/Vec3;
        11: aload_2
        12: getfield      #756                // Field kr/moonseungjun/villageguardians/VillageSkillMeshLibrary$Basis.up:Lnet/minecraft/world/phys/Vec3;
        15: dload_3
        16: invokestatic  #272                // Method java/lang/Math.sin:(D)D
        19: invokevirtual #691                // Method net/minecraft/world/phys/Vec3.scale:(D)Lnet/minecraft/world/phys/Vec3;
        22: invokevirtual #585                // Method net/minecraft/world/phys/Vec3.add:(Lnet/minecraft/world/phys/Vec3;)Lnet/minecraft/world/phys/Vec3;
        25: astore        10
        27: aload_2
        28: getfield      #744                // Field kr/moonseungjun/villageguardians/VillageSkillMeshLibrary$Basis.right:Lnet/minecraft/world/phys/Vec3;
        31: dload_3
        32: invokestatic  #272                // Method java/lang/Math.sin:(D)D
        35: dneg
        36: invokevirtual #691                // Method net/minecraft/world/phys/Vec3.scale:(D)Lnet/minecraft/world/phys/Vec3;
        39: aload_2
        40: getfield      #756                // Field kr/moonseungjun/villageguardians/VillageSkillMeshLibrary$Basis.up:Lnet/minecraft/world/phys/Vec3;
        43: dload_3
        44: invokestatic  #365                // Method java/lang/Math.cos:(D)D
        47: invokevirtual #691                // Method net/minecraft/world/phys/Vec3.scale:(D)Lnet/minecraft/world/phys/Vec3;
        50: invokevirtual #585                // Method net/minecraft/world/phys/Vec3.add:(Lnet/minecraft/world/phys/Vec3;)Lnet/minecraft/world/phys/Vec3;
        53: astore        11
        55: aload_2
        56: dconst_0
        57: dload         7
        59: ldc2_w        #375                // double 0.7d
        62: invokevirtual #324                // Method kr/moonseungjun/villageguardians/VillageSkillMeshLibrary$Basis.local:(DDD)Lnet/minecraft/world/phys/Vec3;
        65: aload         10
        67: dload         5
        69: invokevirtual #691                // Method net/minecraft/world/phys/Vec3.scale:(D)Lnet/minecraft/world/phys/Vec3;
        72: invokevirtual #585                // Method net/minecraft/world/phys/Vec3.add:(Lnet/minecraft/world/phys/Vec3;)Lnet/minecraft/world/phys/Vec3;
        75: astore        12
        77: aload_0
        78: aload_1
        79: aload         12
        81: aload         11
        83: ldc2_w        #799                // double 0.26d
        86: invokevirtual #691                // Method net/minecraft/world/phys/Vec3.scale:(D)Lnet/minecraft/world/phys/Vec3;
        89: invokevirtual #727                // Method net/minecraft/world/phys/Vec3.subtract:(Lnet/minecraft/world/phys/Vec3;)Lnet/minecraft/world/phys/Vec3;
        92: aload         12
        94: aload         11
        96: ldc2_w        #799                // double 0.26d
        99: invokevirtual #691                // Method net/minecraft/world/phys/Vec3.scale:(D)Lnet/minecraft/world/phys/Vec3;
       102: invokevirtual #585                // Method net/minecraft/world/phys/Vec3.add:(Lnet/minecraft/world/phys/Vec3;)Lnet/minecraft/world/phys/Vec3;
       105: ldc2_w        #430                // double 0.045d
       108: iload         9
       110: invokestatic  #531                // Method prism:(Lcom/mojang/blaze3d/vertex/PoseStack$Pose;Lcom/mojang/blaze3d/vertex/VertexConsumer;Lnet/minecraft/world/phys/Vec3;Lnet/minecraft/world/phys/Vec3;DI)V
       113: aload_0
       114: aload_1
       115: aload         12
       117: aload         10
       119: ldc2_w        #583                // double 0.28d
       122: invokevirtual #691                // Method net/minecraft/world/phys/Vec3.scale:(D)Lnet/minecraft/world/phys/Vec3;
       125: invokevirtual #727                // Method net/minecraft/world/phys/Vec3.subtract:(Lnet/minecraft/world/phys/Vec3;)Lnet/minecraft/world/phys/Vec3;
       128: aload         12
       130: aload         10
       132: ldc2_w        #413                // double 0.05d
       135: invokevirtual #691                // Method net/minecraft/world/phys/Vec3.scale:(D)Lnet/minecraft/world/phys/Vec3;
       138: invokevirtual #585                // Method net/minecraft/world/phys/Vec3.add:(Lnet/minecraft/world/phys/Vec3;)Lnet/minecraft/world/phys/Vec3;
       141: ldc2_w        #430                // double 0.045d
       144: iload         9
       146: invokestatic  #531                // Method prism:(Lcom/mojang/blaze3d/vertex/PoseStack$Pose;Lcom/mojang/blaze3d/vertex/VertexConsumer;Lnet/minecraft/world/phys/Vec3;Lnet/minecraft/world/phys/Vec3;DI)V
       149: return

  private static void shieldGlyph(com.mojang.blaze3d.vertex.PoseStack$Pose, com.mojang.blaze3d.vertex.VertexConsumer, kr.moonseungjun.villageguardians.VillageSkillMeshLibrary$Basis, double, double, double, int);
    Code:
         0: aload_2
         1: dload_3
         2: invokestatic  #365                // Method java/lang/Math.cos:(D)D
         5: dload         5
         7: dmul
         8: dload         7
        10: dload_3
        11: invokestatic  #272                // Method java/lang/Math.sin:(D)D
        14: dload         5
        16: dmul
        17: invokevirtual #324                // Method kr/moonseungjun/villageguardians/VillageSkillMeshLibrary$Basis.local:(DDD)Lnet/minecraft/world/phys/Vec3;
        20: astore        10
        22: aload         10
        24: invokevirtual #801                // Method net/minecraft/world/phys/Vec3.lengthSqr:()D
        27: ldc2_w        #804                // double 1.0E-5d
        30: dcmpg
        31: ifge          41
        34: aload_2
        35: getfield      #688                // Field kr/moonseungjun/villageguardians/VillageSkillMeshLibrary$Basis.forward:Lnet/minecraft/world/phys/Vec3;
        38: goto          43
        41: aload         10
        43: invokestatic  #33                 // Method kr/moonseungjun/villageguardians/VillageSkillMeshLibrary$Basis.from:(Lnet/minecraft/world/phys/Vec3;)Lkr/moonseungjun/villageguardians/VillageSkillMeshLibrary$Basis;
        46: astore        11
        48: ldc2_w        #583                // double 0.28d
        51: dstore        12
        53: ldc2_w        #300                // double 0.42d
        56: dstore        14
        58: aload         10
        60: aload         11
        62: getfield      #744                // Field kr/moonseungjun/villageguardians/VillageSkillMeshLibrary$Basis.right:Lnet/minecraft/world/phys/Vec3;
        65: dload         12
        67: dneg
        68: invokevirtual #691                // Method net/minecraft/world/phys/Vec3.scale:(D)Lnet/minecraft/world/phys/Vec3;
        71: invokevirtual #585                // Method net/minecraft/world/phys/Vec3.add:(Lnet/minecraft/world/phys/Vec3;)Lnet/minecraft/world/phys/Vec3;
        74: dconst_0
        75: dload         14
        77: dconst_0
        78: invokevirtual #591                // Method net/minecraft/world/phys/Vec3.add:(DDD)Lnet/minecraft/world/phys/Vec3;
        81: astore        16
        83: aload         10
        85: aload         11
        87: getfield      #744                // Field kr/moonseungjun/villageguardians/VillageSkillMeshLibrary$Basis.right:Lnet/minecraft/world/phys/Vec3;
        90: dload         12
        92: invokevirtual #691                // Method net/minecraft/world/phys/Vec3.scale:(D)Lnet/minecraft/world/phys/Vec3;
        95: invokevirtual #585                // Method net/minecraft/world/phys/Vec3.add:(Lnet/minecraft/world/phys/Vec3;)Lnet/minecraft/world/phys/Vec3;
        98: dconst_0
        99: dload         14
       101: dconst_0
       102: invokevirtual #591                // Method net/minecraft/world/phys/Vec3.add:(DDD)Lnet/minecraft/world/phys/Vec3;
       105: astore        17
       107: aload         10
       109: dconst_0
       110: dload         14
       112: dneg
       113: dconst_0
       114: invokevirtual #591                // Method net/minecraft/world/phys/Vec3.add:(DDD)Lnet/minecraft/world/phys/Vec3;
       117: aload         11
       119: getfield      #688                // Field kr/moonseungjun/villageguardians/VillageSkillMeshLibrary$Basis.forward:Lnet/minecraft/world/phys/Vec3;
       122: ldc2_w        #219                // double 0.08d
       125: invokevirtual #691                // Method net/minecraft/world/phys/Vec3.scale:(D)Lnet/minecraft/world/phys/Vec3;
       128: invokevirtual #585                // Method net/minecraft/world/phys/Vec3.add:(Lnet/minecraft/world/phys/Vec3;)Lnet/minecraft/world/phys/Vec3;
       131: astore        18
       133: aload_0
       134: aload_1
       135: aload         16
       137: aload         17
       139: aload         18
       141: iload         9
       143: invokestatic  #749                // Method triangleTwoSided:(Lcom/mojang/blaze3d/vertex/PoseStack$Pose;Lcom/mojang/blaze3d/vertex/VertexConsumer;Lnet/minecraft/world/phys/Vec3;Lnet/minecraft/world/phys/Vec3;Lnet/minecraft/world/phys/Vec3;I)V
       146: return

  private static void verticalBlade(com.mojang.blaze3d.vertex.PoseStack$Pose, com.mojang.blaze3d.vertex.VertexConsumer, kr.moonseungjun.villageguardians.VillageSkillMeshLibrary$Basis, net.minecraft.world.phys.Vec3, double, double, int);
    Code:
         0: aload_3
         1: dconst_0
         2: dload         4
         4: dconst_0
         5: invokevirtual #591                // Method net/minecraft/world/phys/Vec3.add:(DDD)Lnet/minecraft/world/phys/Vec3;
         8: astore        9
        10: aload_0
        11: aload_1
        12: aload_3
        13: aload         9
        15: dload         6
        17: iload         8
        19: invokestatic  #351                // Method energyBlade:(Lcom/mojang/blaze3d/vertex/PoseStack$Pose;Lcom/mojang/blaze3d/vertex/VertexConsumer;Lnet/minecraft/world/phys/Vec3;Lnet/minecraft/world/phys/Vec3;DI)V
        22: return

  private static void taperedRibbon(com.mojang.blaze3d.vertex.PoseStack$Pose, com.mojang.blaze3d.vertex.VertexConsumer, kr.moonseungjun.villageguardians.VillageSkillMeshLibrary$Basis, net.minecraft.world.phys.Vec3, net.minecraft.world.phys.Vec3, double, int);
    Code:
         0: aload         4
         2: aload_3
         3: invokevirtual #727                // Method net/minecraft/world/phys/Vec3.subtract:(Lnet/minecraft/world/phys/Vec3;)Lnet/minecraft/world/phys/Vec3;
         6: astore        8
         8: aload         8
        10: invokestatic  #33                 // Method kr/moonseungjun/villageguardians/VillageSkillMeshLibrary$Basis.from:(Lnet/minecraft/world/phys/Vec3;)Lkr/moonseungjun/villageguardians/VillageSkillMeshLibrary$Basis;
        13: astore        9
        15: aload         9
        17: getfield      #744                // Field kr/moonseungjun/villageguardians/VillageSkillMeshLibrary$Basis.right:Lnet/minecraft/world/phys/Vec3;
        20: dload         5
        22: invokevirtual #691                // Method net/minecraft/world/phys/Vec3.scale:(D)Lnet/minecraft/world/phys/Vec3;
        25: astore        10
        27: aload         9
        29: getfield      #744                // Field kr/moonseungjun/villageguardians/VillageSkillMeshLibrary$Basis.right:Lnet/minecraft/world/phys/Vec3;
        32: dload         5
        34: ldc2_w        #280                // double 0.12d
        37: dmul
        38: invokevirtual #691                // Method net/minecraft/world/phys/Vec3.scale:(D)Lnet/minecraft/world/phys/Vec3;
        41: astore        11
        43: aload_0
        44: aload_1
        45: aload_3
        46: aload         10
        48: invokevirtual #727                // Method net/minecraft/world/phys/Vec3.subtract:(Lnet/minecraft/world/phys/Vec3;)Lnet/minecraft/world/phys/Vec3;
        51: aload_3
        52: aload         10
        54: invokevirtual #585                // Method net/minecraft/world/phys/Vec3.add:(Lnet/minecraft/world/phys/Vec3;)Lnet/minecraft/world/phys/Vec3;
        57: aload         4
        59: aload         11
        61: invokevirtual #585                // Method net/minecraft/world/phys/Vec3.add:(Lnet/minecraft/world/phys/Vec3;)Lnet/minecraft/world/phys/Vec3;
        64: aload         4
        66: aload         11
        68: invokevirtual #727                // Method net/minecraft/world/phys/Vec3.subtract:(Lnet/minecraft/world/phys/Vec3;)Lnet/minecraft/world/phys/Vec3;
        71: iload         7
        73: invokestatic  #735                // Method quadTwoSided:(Lcom/mojang/blaze3d/vertex/PoseStack$Pose;Lcom/mojang/blaze3d/vertex/VertexConsumer;Lnet/minecraft/world/phys/Vec3;Lnet/minecraft/world/phys/Vec3;Lnet/minecraft/world/phys/Vec3;Lnet/minecraft/world/phys/Vec3;I)V
        76: return

  private static net.minecraft.world.phys.Vec3 polar(double, double, double);
    Code:
         0: new           #466                // class net/minecraft/world/phys/Vec3
         3: dup
         4: dload_0
         5: invokestatic  #365                // Method java/lang/Math.cos:(D)D
         8: dload_2
         9: dmul
        10: dload         4
        12: dload_0
        13: invokestatic  #272                // Method java/lang/Math.sin:(D)D
        16: dload_2
        17: dmul
        18: invokespecial #619                // Method net/minecraft/world/phys/Vec3."<init>":(DDD)V
        21: areturn

  private static java.util.List<net.minecraft.world.phys.Vec3> parsePoints(java.lang.String, net.minecraft.world.phys.Vec3);
    Code:
         0: new           #806                // class java/util/ArrayList
         3: dup
         4: invokespecial #808                // Method java/util/ArrayList."<init>":()V
         7: astore_2
         8: aload_0
         9: ifnull        113
        12: aload_0
        13: invokevirtual #809                // Method java/lang/String.isBlank:()Z
        16: ifne          113
        19: aload_0
        20: ldc_w         #812                // String ;
        23: invokevirtual #814                // Method java/lang/String.split:(Ljava/lang/String;)[Ljava/lang/String;
        26: astore_3
        27: aload_3
        28: arraylength
        29: istore        4
        31: iconst_0
        32: istore        5
        34: iload         5
        36: iload         4
        38: if_icmpge     113
        41: aload_3
        42: iload         5
        44: aaload
        45: astore        6
        47: aload         6
        49: ldc_w         #818                // String ,
        52: invokevirtual #814                // Method java/lang/String.split:(Ljava/lang/String;)[Ljava/lang/String;
        55: astore        7
        57: aload         7
        59: arraylength
        60: iconst_3
        61: if_icmpeq     67
        64: goto          107
        67: aload_2
        68: new           #466                // class net/minecraft/world/phys/Vec3
        71: dup
        72: aload         7
        74: iconst_0
        75: aaload
        76: invokestatic  #457                // Method java/lang/Double.parseDouble:(Ljava/lang/String;)D
        79: aload         7
        81: iconst_1
        82: aaload
        83: invokestatic  #457                // Method java/lang/Double.parseDouble:(Ljava/lang/String;)D
        86: aload         7
        88: iconst_2
        89: aaload
        90: invokestatic  #457                // Method java/lang/Double.parseDouble:(Ljava/lang/String;)D
        93: invokespecial #619                // Method net/minecraft/world/phys/Vec3."<init>":(DDD)V
        96: invokeinterface #820,  2          // InterfaceMethod java/util/List.add:(Ljava/lang/Object;)Z
       101: pop
       102: goto          107
       105: astore        8
       107: iinc          5, 1
       110: goto          34
       113: aload_2
       114: invokeinterface #822,  1          // InterfaceMethod java/util/List.isEmpty:()Z
       119: ifeq          130
       122: aload_2
       123: aload_1
       124: invokeinterface #820,  2          // InterfaceMethod java/util/List.add:(Ljava/lang/Object;)Z
       129: pop
       130: aload_2
       131: areturn
      Exception table:
         from    to  target type
            67   102   105   Class java/lang/NumberFormatException

  private static long stateSeed(java.util.Random, int, int);
    Code:
         0: aload_0
         1: invokevirtual #396                // Method java/util/Random.nextLong:()J
         4: iload_1
         5: i2l
         6: bipush        32
         8: lshl
         9: lxor
        10: iload_2
        11: i2l
        12: ldc2_w        #825                // long -7046029254386353131l
        15: lmul
        16: lxor
        17: lreturn

  private static double envelope(double, double, double);
    Code:
         0: dload_2
         1: dconst_0
         2: dcmpg
         3: ifgt          10
         6: dconst_1
         7: goto          18
        10: dload_0
        11: dload_2
        12: ddiv
        13: dconst_0
        14: dconst_1
        15: invokestatic  #23                 // Method clamp:(DDD)D
        18: dstore        6
        20: dload         4
        22: dconst_0
        23: dcmpg
        24: ifgt          31
        27: dconst_1
        28: goto          42
        31: dconst_1
        32: dload_0
        33: dsub
        34: dload         4
        36: ddiv
        37: dconst_0
        38: dconst_1
        39: invokestatic  #23                 // Method clamp:(DDD)D
        42: dstore        8
        44: dload         6
        46: dload         8
        48: invokestatic  #739                // Method java/lang/Math.min:(DD)D
        51: dreturn

  private static double fract(double);
    Code:
         0: dload_0
         1: dload_0
         2: invokestatic  #827                // Method java/lang/Math.floor:(D)D
         5: dsub
         6: dreturn

  private static double clamp(double, double, double);
    Code:
         0: dload_2
         1: dload         4
         3: dload_0
         4: invokestatic  #739                // Method java/lang/Math.min:(DD)D
         7: invokestatic  #19                 // Method java/lang/Math.max:(DD)D
        10: dreturn

  private static int rgba(int, int, int, int);
    Code:
         0: iload_3
         1: invokestatic  #830                // Method clampInt:(I)I
         4: bipush        24
         6: ishl
         7: iload_0
         8: invokestatic  #830                // Method clampInt:(I)I
        11: bipush        16
        13: ishl
        14: ior
        15: iload_1
        16: invokestatic  #830                // Method clampInt:(I)I
        19: bipush        8
        21: ishl
        22: ior
        23: iload_2
        24: invokestatic  #830                // Method clampInt:(I)I
        27: ior
        28: ireturn

  private static int clampInt(int);
    Code:
         0: iconst_0
         1: sipush        255
         4: iload_0
         5: invokestatic  #761                // Method java/lang/Math.min:(II)I
         8: invokestatic  #773                // Method java/lang/Math.max:(II)I
        11: ireturn

  private static void quadTwoSided(com.mojang.blaze3d.vertex.PoseStack$Pose, com.mojang.blaze3d.vertex.VertexConsumer, net.minecraft.world.phys.Vec3, net.minecraft.world.phys.Vec3, net.minecraft.world.phys.Vec3, net.minecraft.world.phys.Vec3, int);
    Code:
         0: aload_0
         1: aload_1
         2: aload_2
         3: aload_3
         4: aload         4
         6: aload         5
         8: iload         6
        10: invokestatic  #834                // Method quad:(Lcom/mojang/blaze3d/vertex/PoseStack$Pose;Lcom/mojang/blaze3d/vertex/VertexConsumer;Lnet/minecraft/world/phys/Vec3;Lnet/minecraft/world/phys/Vec3;Lnet/minecraft/world/phys/Vec3;Lnet/minecraft/world/phys/Vec3;I)V
        13: aload_0
        14: aload_1
        15: aload         5
        17: aload         4
        19: aload_3
        20: aload_2
        21: iload         6
        23: invokestatic  #834                // Method quad:(Lcom/mojang/blaze3d/vertex/PoseStack$Pose;Lcom/mojang/blaze3d/vertex/VertexConsumer;Lnet/minecraft/world/phys/Vec3;Lnet/minecraft/world/phys/Vec3;Lnet/minecraft/world/phys/Vec3;Lnet/minecraft/world/phys/Vec3;I)V
        26: return

  private static void triangleTwoSided(com.mojang.blaze3d.vertex.PoseStack$Pose, com.mojang.blaze3d.vertex.VertexConsumer, net.minecraft.world.phys.Vec3, net.minecraft.world.phys.Vec3, net.minecraft.world.phys.Vec3, int);
    Code:
         0: aload_0
         1: aload_1
         2: aload_2
         3: aload_3
         4: aload         4
         6: iload         5
         8: invokestatic  #837                // Method triangle:(Lcom/mojang/blaze3d/vertex/PoseStack$Pose;Lcom/mojang/blaze3d/vertex/VertexConsumer;Lnet/minecraft/world/phys/Vec3;Lnet/minecraft/world/phys/Vec3;Lnet/minecraft/world/phys/Vec3;I)V
        11: aload_0
        12: aload_1
        13: aload         4
        15: aload_3
        16: aload_2
        17: iload         5
        19: invokestatic  #837                // Method triangle:(Lcom/mojang/blaze3d/vertex/PoseStack$Pose;Lcom/mojang/blaze3d/vertex/VertexConsumer;Lnet/minecraft/world/phys/Vec3;Lnet/minecraft/world/phys/Vec3;Lnet/minecraft/world/phys/Vec3;I)V
        22: return

  private static void quad(com.mojang.blaze3d.vertex.PoseStack$Pose, com.mojang.blaze3d.vertex.VertexConsumer, net.minecraft.world.phys.Vec3, net.minecraft.world.phys.Vec3, net.minecraft.world.phys.Vec3, net.minecraft.world.phys.Vec3, int);
    Code:
         0: aload_3
         1: aload_2
         2: invokevirtual #727                // Method net/minecraft/world/phys/Vec3.subtract:(Lnet/minecraft/world/phys/Vec3;)Lnet/minecraft/world/phys/Vec3;
         5: aload         4
         7: aload_2
         8: invokevirtual #727                // Method net/minecraft/world/phys/Vec3.subtract:(Lnet/minecraft/world/phys/Vec3;)Lnet/minecraft/world/phys/Vec3;
        11: invokevirtual #840                // Method net/minecraft/world/phys/Vec3.cross:(Lnet/minecraft/world/phys/Vec3;)Lnet/minecraft/world/phys/Vec3;
        14: astore        7
        16: aload         7
        18: invokevirtual #801                // Method net/minecraft/world/phys/Vec3.lengthSqr:()D
        21: ldc2_w        #843                // double 1.0E-8d
        24: dcmpg
        25: ifge          43
        28: new           #466                // class net/minecraft/world/phys/Vec3
        31: dup
        32: dconst_0
        33: dconst_1
        34: dconst_0
        35: invokespecial #619                // Method net/minecraft/world/phys/Vec3."<init>":(DDD)V
        38: astore        7
        40: goto          50
        43: aload         7
        45: invokevirtual #795                // Method net/minecraft/world/phys/Vec3.normalize:()Lnet/minecraft/world/phys/Vec3;
        48: astore        7
        50: aload_0
        51: aload_1
        52: aload_2
        53: iload         6
        55: fconst_0
        56: fconst_0
        57: aload         7
        59: invokestatic  #845                // Method vertex:(Lcom/mojang/blaze3d/vertex/PoseStack$Pose;Lcom/mojang/blaze3d/vertex/VertexConsumer;Lnet/minecraft/world/phys/Vec3;IFFLnet/minecraft/world/phys/Vec3;)V
        62: aload_0
        63: aload_1
        64: aload_3
        65: iload         6
        67: fconst_1
        68: fconst_0
        69: aload         7
        71: invokestatic  #845                // Method vertex:(Lcom/mojang/blaze3d/vertex/PoseStack$Pose;Lcom/mojang/blaze3d/vertex/VertexConsumer;Lnet/minecraft/world/phys/Vec3;IFFLnet/minecraft/world/phys/Vec3;)V
        74: aload_0
        75: aload_1
        76: aload         4
        78: iload         6
        80: fconst_1
        81: fconst_1
        82: aload         7
        84: invokestatic  #845                // Method vertex:(Lcom/mojang/blaze3d/vertex/PoseStack$Pose;Lcom/mojang/blaze3d/vertex/VertexConsumer;Lnet/minecraft/world/phys/Vec3;IFFLnet/minecraft/world/phys/Vec3;)V
        87: aload_0
        88: aload_1
        89: aload         5
        91: iload         6
        93: fconst_0
        94: fconst_1
        95: aload         7
        97: invokestatic  #845                // Method vertex:(Lcom/mojang/blaze3d/vertex/PoseStack$Pose;Lcom/mojang/blaze3d/vertex/VertexConsumer;Lnet/minecraft/world/phys/Vec3;IFFLnet/minecraft/world/phys/Vec3;)V
       100: return

  private static void triangle(com.mojang.blaze3d.vertex.PoseStack$Pose, com.mojang.blaze3d.vertex.VertexConsumer, net.minecraft.world.phys.Vec3, net.minecraft.world.phys.Vec3, net.minecraft.world.phys.Vec3, int);
    Code:
         0: aload_3
         1: aload_2
         2: invokevirtual #727                // Method net/minecraft/world/phys/Vec3.subtract:(Lnet/minecraft/world/phys/Vec3;)Lnet/minecraft/world/phys/Vec3;
         5: aload         4
         7: aload_2
         8: invokevirtual #727                // Method net/minecraft/world/phys/Vec3.subtract:(Lnet/minecraft/world/phys/Vec3;)Lnet/minecraft/world/phys/Vec3;
        11: invokevirtual #840                // Method net/minecraft/world/phys/Vec3.cross:(Lnet/minecraft/world/phys/Vec3;)Lnet/minecraft/world/phys/Vec3;
        14: astore        6
        16: aload         6
        18: invokevirtual #801                // Method net/minecraft/world/phys/Vec3.lengthSqr:()D
        21: ldc2_w        #843                // double 1.0E-8d
        24: dcmpg
        25: ifge          43
        28: new           #466                // class net/minecraft/world/phys/Vec3
        31: dup
        32: dconst_0
        33: dconst_1
        34: dconst_0
        35: invokespecial #619                // Method net/minecraft/world/phys/Vec3."<init>":(DDD)V
        38: astore        6
        40: goto          50
        43: aload         6
        45: invokevirtual #795                // Method net/minecraft/world/phys/Vec3.normalize:()Lnet/minecraft/world/phys/Vec3;
        48: astore        6
        50: aload_0
        51: aload_1
        52: aload_2
        53: iload         5
        55: ldc_w         #849                // float 0.5f
        58: fconst_0
        59: aload         6
        61: invokestatic  #845                // Method vertex:(Lcom/mojang/blaze3d/vertex/PoseStack$Pose;Lcom/mojang/blaze3d/vertex/VertexConsumer;Lnet/minecraft/world/phys/Vec3;IFFLnet/minecraft/world/phys/Vec3;)V
        64: aload_0
        65: aload_1
        66: aload_3
        67: iload         5
        69: fconst_0
        70: fconst_1
        71: aload         6
        73: invokestatic  #845                // Method vertex:(Lcom/mojang/blaze3d/vertex/PoseStack$Pose;Lcom/mojang/blaze3d/vertex/VertexConsumer;Lnet/minecraft/world/phys/Vec3;IFFLnet/minecraft/world/phys/Vec3;)V
        76: aload_0
        77: aload_1
        78: aload         4
        80: iload         5
        82: fconst_1
        83: fconst_1
        84: aload         6
        86: invokestatic  #845                // Method vertex:(Lcom/mojang/blaze3d/vertex/PoseStack$Pose;Lcom/mojang/blaze3d/vertex/VertexConsumer;Lnet/minecraft/world/phys/Vec3;IFFLnet/minecraft/world/phys/Vec3;)V
        89: aload_0
        90: aload_1
        91: aload         4
        93: iload         5
        95: fconst_1
        96: fconst_1
        97: aload         6
        99: invokestatic  #845                // Method vertex:(Lcom/mojang/blaze3d/vertex/PoseStack$Pose;Lcom/mojang/blaze3d/vertex/VertexConsumer;Lnet/minecraft/world/phys/Vec3;IFFLnet/minecraft/world/phys/Vec3;)V
       102: return

  private static void vertex(com.mojang.blaze3d.vertex.PoseStack$Pose, com.mojang.blaze3d.vertex.VertexConsumer, net.minecraft.world.phys.Vec3, int, float, float, net.minecraft.world.phys.Vec3);
    Code:
         0: aload_1
         1: aload_0
         2: aload_2
         3: getfield      #850                // Field net/minecraft/world/phys/Vec3.x:D
         6: d2f
         7: aload_2
         8: getfield      #851                // Field net/minecraft/world/phys/Vec3.y:D
        11: d2f
        12: aload_2
        13: getfield      #852                // Field net/minecraft/world/phys/Vec3.z:D
        16: d2f
        17: invokeinterface #853,  5          // InterfaceMethod com/mojang/blaze3d/vertex/VertexConsumer.addVertex:(Lcom/mojang/blaze3d/vertex/PoseStack$Pose;FFF)Lcom/mojang/blaze3d/vertex/VertexConsumer;
        22: iload_3
        23: bipush        16
        25: ishr
        26: sipush        255
        29: iand
        30: iload_3
        31: bipush        8
        33: ishr
        34: sipush        255
        37: iand
        38: iload_3
        39: sipush        255
        42: iand
        43: iload_3
        44: bipush        24
        46: iushr
        47: sipush        255
        50: iand
        51: invokeinterface #859,  5          // InterfaceMethod com/mojang/blaze3d/vertex/VertexConsumer.setColor:(IIII)Lcom/mojang/blaze3d/vertex/VertexConsumer;
        56: fload         4
        58: fload         5
        60: invokeinterface #863,  3          // InterfaceMethod com/mojang/blaze3d/vertex/VertexConsumer.setUv:(FF)Lcom/mojang/blaze3d/vertex/VertexConsumer;
        65: getstatic     #867                // Field net/minecraft/client/renderer/texture/OverlayTexture.NO_OVERLAY:I
        68: invokeinterface #872,  2          // InterfaceMethod com/mojang/blaze3d/vertex/VertexConsumer.setOverlay:(I)Lcom/mojang/blaze3d/vertex/VertexConsumer;
        73: ldc_w         #876                // int 15728880
        76: invokeinterface #877,  2          // InterfaceMethod com/mojang/blaze3d/vertex/VertexConsumer.setLight:(I)Lcom/mojang/blaze3d/vertex/VertexConsumer;
        81: aload_0
        82: aload         6
        84: getfield      #850                // Field net/minecraft/world/phys/Vec3.x:D
        87: d2f
        88: aload         6
        90: getfield      #851                // Field net/minecraft/world/phys/Vec3.y:D
        93: d2f
        94: aload         6
        96: getfield      #852                // Field net/minecraft/world/phys/Vec3.z:D
        99: d2f
       100: invokeinterface #880,  5          // InterfaceMethod com/mojang/blaze3d/vertex/VertexConsumer.setNormal:(Lcom/mojang/blaze3d/vertex/PoseStack$Pose;FFF)Lcom/mojang/blaze3d/vertex/VertexConsumer;
       105: pop
       106: return
}
Compiled from "VillageSkillEffectClient.java"
public final class kr.moonseungjun.villageguardians.VillageSkillEffectClient {
  private static final java.util.Map<java.lang.Integer, kr.moonseungjun.villageguardians.VillageSkillEffectClient$Motion> MOTIONS;

  private static boolean renderListenerRegistered;

  private kr.moonseungjun.villageguardians.VillageSkillEffectClient();
    Code:
         0: aload_0
         1: invokespecial #1                  // Method java/lang/Object."<init>":()V
         4: return

  public static void registerRenderers(net.neoforged.neoforge.client.event.EntityRenderersEvent$RegisterRenderers);
    Code:
         0: aload_0
         1: getstatic     #7                  // Field kr/moonseungjun/villageguardians/VillageSkillEffectEntities.SKILL_EFFECT:Lnet/neoforged/neoforge/registries/DeferredHolder;
         4: invokevirtual #13                 // Method net/neoforged/neoforge/registries/DeferredHolder.get:()Ljava/lang/Object;
         7: checkcast     #19                 // class net/minecraft/world/entity/EntityType
        10: invokedynamic #21,  0             // InvokeDynamic #0:create:()Lnet/minecraft/client/renderer/entity/EntityRendererProvider;
        15: invokevirtual #25                 // Method net/neoforged/neoforge/client/event/EntityRenderersEvent$RegisterRenderers.registerEntityRenderer:(Lnet/minecraft/world/entity/EntityType;Lnet/minecraft/client/renderer/entity/EntityRendererProvider;)V
        18: getstatic     #31                 // Field renderListenerRegistered:Z
        21: ifne          41
        24: iconst_1
        25: putstatic     #31                 // Field renderListenerRegistered:Z
        28: getstatic     #37                 // Field net/neoforged/neoforge/common/NeoForge.EVENT_BUS:Lnet/neoforged/bus/api/IEventBus;
        31: invokedynamic #43,  0             // InvokeDynamic #1:accept:()Ljava/util/function/Consumer;
        36: invokeinterface #47,  2           // InterfaceMethod net/neoforged/bus/api/IEventBus.addListener:(Ljava/util/function/Consumer;)V
        41: return

  public static void acceptMotion(kr.moonseungjun.villageguardians.VillageNetwork$SkillMotionPayload);
    Code:
         0: aload_0
         1: ifnull        18
         4: aload_0
         5: invokevirtual #53                 // Method kr/moonseungjun/villageguardians/VillageNetwork$SkillMotionPayload.entityId:()I
         8: iflt          18
        11: aload_0
        12: invokevirtual #59                 // Method kr/moonseungjun/villageguardians/VillageNetwork$SkillMotionPayload.durationTicks:()I
        15: ifgt          19
        18: return
        19: invokestatic  #62                 // Method java/lang/System.nanoTime:()J
        22: lstore_1
        23: getstatic     #68                 // Field MOTIONS:Ljava/util/Map;
        26: aload_0
        27: invokevirtual #53                 // Method kr/moonseungjun/villageguardians/VillageNetwork$SkillMotionPayload.entityId:()I
        30: invokestatic  #72                 // Method java/lang/Integer.valueOf:(I)Ljava/lang/Integer;
        33: aload_0
        34: lload_1
        35: invokedynamic #78,  0             // InvokeDynamic #2:apply:(Lkr/moonseungjun/villageguardians/VillageNetwork$SkillMotionPayload;J)Ljava/util/function/BiFunction;
        40: invokeinterface #82,  3           // InterfaceMethod java/util/Map.compute:(Ljava/lang/Object;Ljava/util/function/BiFunction;)Ljava/lang/Object;
        45: pop
        46: return

  private static void onRenderPlayer(net.neoforged.neoforge.client.event.RenderPlayerEvent$Pre<?>);
    Code:
         0: invokestatic  #62                 // Method java/lang/System.nanoTime:()J
         3: lstore_1
         4: getstatic     #68                 // Field MOTIONS:Ljava/util/Map;
         7: invokeinterface #88,  1           // InterfaceMethod java/util/Map.entrySet:()Ljava/util/Set;
        12: invokeinterface #92,  1           // InterfaceMethod java/util/Set.iterator:()Ljava/util/Iterator;
        17: astore_3
        18: aload_3
        19: invokeinterface #98,  1           // InterfaceMethod java/util/Iterator.hasNext:()Z
        24: ifeq          61
        27: aload_3
        28: invokeinterface #104,  1          // InterfaceMethod java/util/Iterator.next:()Ljava/lang/Object;
        33: checkcast     #107                // class java/util/Map$Entry
        36: invokeinterface #109,  1          // InterfaceMethod java/util/Map$Entry.getValue:()Ljava/lang/Object;
        41: checkcast     #112                // class kr/moonseungjun/villageguardians/VillageSkillEffectClient$Motion
        44: getfield      #114                // Field kr/moonseungjun/villageguardians/VillageSkillEffectClient$Motion.expiresAt:J
        47: lload_1
        48: lcmp
        49: ifge          18
        52: aload_3
        53: invokeinterface #118,  1          // InterfaceMethod java/util/Iterator.remove:()V
        58: goto          18
        61: aload_0
        62: invokevirtual #121                // Method net/neoforged/neoforge/client/event/RenderPlayerEvent$Pre.getRenderState:()Lnet/minecraft/client/renderer/entity/state/LivingEntityRenderState;
        65: checkcast     #127                // class net/minecraft/client/renderer/entity/state/AvatarRenderState
        68: getfield      #129                // Field net/minecraft/client/renderer/entity/state/AvatarRenderState.id:I
        71: istore        4
        73: getstatic     #68                 // Field MOTIONS:Ljava/util/Map;
        76: iload         4
        78: invokestatic  #72                 // Method java/lang/Integer.valueOf:(I)Ljava/lang/Integer;
        81: invokeinterface #133,  2          // InterfaceMethod java/util/Map.get:(Ljava/lang/Object;)Ljava/lang/Object;
        86: checkcast     #112                // class kr/moonseungjun/villageguardians/VillageSkillEffectClient$Motion
        89: astore        5
        91: aload         5
        93: ifnull        109
        96: ldc           #136                // String vanguard_spin
        98: aload         5
       100: getfield      #138                // Field kr/moonseungjun/villageguardians/VillageSkillEffectClient$Motion.name:Ljava/lang/String;
       103: invokevirtual #142                // Method java/lang/String.equals:(Ljava/lang/Object;)Z
       106: ifne          110
       109: return
       110: lload_1
       111: aload         5
       113: getfield      #148                // Field kr/moonseungjun/villageguardians/VillageSkillEffectClient$Motion.startedAt:J
       116: lsub
       117: l2f
       118: ldc           #151                // float 1.0E9f
       120: fdiv
       121: fstore        6
       123: fload         6
       125: ldc2_w        #152                // double 900.0d
       128: invokestatic  #154                // Method java/lang/Math.toRadians:(D)D
       131: d2f
       132: fmul
       133: fstore        7
       135: aload_0
       136: invokevirtual #160                // Method net/neoforged/neoforge/client/event/RenderPlayerEvent$Pre.getPoseStack:()Lcom/mojang/blaze3d/vertex/PoseStack;
       139: astore        8
       141: aload         8
       143: new           #164                // class org/joml/Quaternionf
       146: dup
       147: invokespecial #166                // Method org/joml/Quaternionf."<init>":()V
       150: fload         7
       152: invokevirtual #167                // Method org/joml/Quaternionf.rotateY:(F)Lorg/joml/Quaternionf;
       155: invokevirtual #171                // Method com/mojang/blaze3d/vertex/PoseStack.mulPose:(Lorg/joml/Quaternionfc;)V
       158: aload_0
       159: invokevirtual #121                // Method net/neoforged/neoforge/client/event/RenderPlayerEvent$Pre.getRenderState:()Lnet/minecraft/client/renderer/entity/state/LivingEntityRenderState;
       162: checkcast     #127                // class net/minecraft/client/renderer/entity/state/AvatarRenderState
       165: fconst_0
       166: putfield      #177                // Field net/minecraft/client/renderer/entity/state/AvatarRenderState.bodyRot:F
       169: aload_0
       170: invokevirtual #121                // Method net/neoforged/neoforge/client/event/RenderPlayerEvent$Pre.getRenderState:()Lnet/minecraft/client/renderer/entity/state/LivingEntityRenderState;
       173: checkcast     #127                // class net/minecraft/client/renderer/entity/state/AvatarRenderState
       176: fconst_0
       177: putfield      #181                // Field net/minecraft/client/renderer/entity/state/AvatarRenderState.yRot:F
       180: aload_0
       181: invokevirtual #121                // Method net/neoforged/neoforge/client/event/RenderPlayerEvent$Pre.getRenderState:()Lnet/minecraft/client/renderer/entity/state/LivingEntityRenderState;
       184: checkcast     #127                // class net/minecraft/client/renderer/entity/state/AvatarRenderState
       187: fconst_0
       188: putfield      #184                // Field net/minecraft/client/renderer/entity/state/AvatarRenderState.xRot:F
       191: aload_0
       192: invokevirtual #121                // Method net/neoforged/neoforge/client/event/RenderPlayerEvent$Pre.getRenderState:()Lnet/minecraft/client/renderer/entity/state/LivingEntityRenderState;
       195: checkcast     #127                // class net/minecraft/client/renderer/entity/state/AvatarRenderState
       198: fconst_0
       199: putfield      #187                // Field net/minecraft/client/renderer/entity/state/AvatarRenderState.walkAnimationSpeed:F
       202: return

  public static void clear();
    Code:
         0: getstatic     #68                 // Field MOTIONS:Ljava/util/Map;
         3: invokeinterface #190,  1          // InterfaceMethod java/util/Map.clear:()V
         8: return

  private static kr.moonseungjun.villageguardians.VillageSkillEffectClient$Motion lambda$acceptMotion$0(kr.moonseungjun.villageguardians.VillageNetwork$SkillMotionPayload, long, java.lang.Integer, kr.moonseungjun.villageguardians.VillageSkillEffectClient$Motion);
    Code:
         0: aload         4
         2: ifnull        28
         5: aload         4
         7: getfield      #138                // Field kr/moonseungjun/villageguardians/VillageSkillEffectClient$Motion.name:Ljava/lang/String;
        10: aload_0
        11: invokevirtual #193                // Method kr/moonseungjun/villageguardians/VillageNetwork$SkillMotionPayload.motion:()Ljava/lang/String;
        14: invokevirtual #142                // Method java/lang/String.equals:(Ljava/lang/Object;)Z
        17: ifeq          28
        20: aload         4
        22: getfield      #148                // Field kr/moonseungjun/villageguardians/VillageSkillEffectClient$Motion.startedAt:J
        25: goto          29
        28: lload_1
        29: lstore        5
        31: new           #112                // class kr/moonseungjun/villageguardians/VillageSkillEffectClient$Motion
        34: dup
        35: aload_0
        36: invokevirtual #193                // Method kr/moonseungjun/villageguardians/VillageNetwork$SkillMotionPayload.motion:()Ljava/lang/String;
        39: lload         5
        41: aload         4
        43: ifnonnull     50
        46: lconst_0
        47: goto          55
        50: aload         4
        52: getfield      #114                // Field kr/moonseungjun/villageguardians/VillageSkillEffectClient$Motion.expiresAt:J
        55: lload_1
        56: aload_0
        57: invokevirtual #59                 // Method kr/moonseungjun/villageguardians/VillageNetwork$SkillMotionPayload.durationTicks:()I
        60: i2l
        61: ldc2_w        #197                // long 50000000l
        64: lmul
        65: ladd
        66: invokestatic  #199                // Method java/lang/Math.max:(JJ)J
        69: invokespecial #203                // Method kr/moonseungjun/villageguardians/VillageSkillEffectClient$Motion."<init>":(Ljava/lang/String;JJ)V
        72: areturn

  static {};
    Code:
         0: new           #206                // class java/util/HashMap
         3: dup
         4: invokespecial #208                // Method java/util/HashMap."<init>":()V
         7: putstatic     #68                 // Field MOTIONS:Ljava/util/Map;
        10: return
}
Compiled from "VillageSkillHudOverlay.java"
public final class kr.moonseungjun.villageguardians.VillageSkillHudOverlay {
  private static final net.minecraft.resources.Identifier LAYER_ID;

  private static java.lang.String text;

  private static long expiresAt;

  private kr.moonseungjun.villageguardians.VillageSkillHudOverlay();
    Code:
         0: aload_0
         1: invokespecial #1                  // Method java/lang/Object."<init>":()V
         4: return

  public static void registerLayer(net.neoforged.neoforge.client.event.RegisterGuiLayersEvent);
    Code:
         0: aload_0
         1: getstatic     #7                  // Field net/neoforged/neoforge/client/gui/VanillaGuiLayers.OVERLAY_MESSAGE:Lnet/minecraft/resources/Identifier;
         4: getstatic     #13                 // Field LAYER_ID:Lnet/minecraft/resources/Identifier;
         7: invokedynamic #18,  0             // InvokeDynamic #0:render:()Lnet/neoforged/neoforge/client/gui/GuiLayer;
        12: invokevirtual #22                 // Method net/neoforged/neoforge/client/event/RegisterGuiLayersEvent.registerAbove:(Lnet/minecraft/resources/Identifier;Lnet/minecraft/resources/Identifier;Lnet/neoforged/neoforge/client/gui/GuiLayer;)V
        15: return

  public static void accept(kr.moonseungjun.villageguardians.VillageNetwork$SkillHudPayload);
    Code:
         0: aload_0
         1: ifnull        11
         4: aload_0
         5: invokevirtual #28                 // Method kr/moonseungjun/villageguardians/VillageNetwork$SkillHudPayload.text:()Ljava/lang/String;
         8: ifnonnull     16
        11: ldc           #34                 // String
        13: goto          20
        16: aload_0
        17: invokevirtual #28                 // Method kr/moonseungjun/villageguardians/VillageNetwork$SkillHudPayload.text:()Ljava/lang/String;
        20: putstatic     #36                 // Field text:Ljava/lang/String;
        23: invokestatic  #39                 // Method java/lang/System.currentTimeMillis:()J
        26: ldc2_w        #45                 // long 1500l
        29: ladd
        30: putstatic     #47                 // Field expiresAt:J
        33: return

  private static void render(net.minecraft.client.gui.GuiGraphicsExtractor, net.minecraft.client.DeltaTracker);
    Code:
         0: invokestatic  #51                 // Method net/minecraft/client/Minecraft.getInstance:()Lnet/minecraft/client/Minecraft;
         3: astore_2
         4: aload_2
         5: getfield      #57                 // Field net/minecraft/client/Minecraft.player:Lnet/minecraft/client/player/LocalPlayer;
         8: ifnull        30
        11: getstatic     #36                 // Field text:Ljava/lang/String;
        14: invokevirtual #61                 // Method java/lang/String.isBlank:()Z
        17: ifne          30
        20: invokestatic  #39                 // Method java/lang/System.currentTimeMillis:()J
        23: getstatic     #47                 // Field expiresAt:J
        26: lcmp
        27: ifle          31
        30: return
        31: aload_2
        32: getfield      #67                 // Field net/minecraft/client/Minecraft.font:Lnet/minecraft/client/gui/Font;
        35: astore_3
        36: bipush        80
        38: aload_0
        39: invokevirtual #71                 // Method net/minecraft/client/gui/GuiGraphicsExtractor.guiWidth:()I
        42: bipush        24
        44: isub
        45: invokestatic  #77                 // Method java/lang/Math.max:(II)I
        48: istore        4
        50: aload_3
        51: getstatic     #36                 // Field text:Ljava/lang/String;
        54: iload         4
        56: bipush        14
        58: isub
        59: invokevirtual #83                 // Method net/minecraft/client/gui/Font.plainSubstrByWidth:(Ljava/lang/String;I)Ljava/lang/String;
        62: astore        5
        64: aload         5
        66: invokevirtual #89                 // Method java/lang/String.length:()I
        69: getstatic     #36                 // Field text:Ljava/lang/String;
        72: invokevirtual #89                 // Method java/lang/String.length:()I
        75: if_icmpge     96
        78: aload_3
        79: aload         5
        81: iload         4
        83: bipush        22
        85: isub
        86: invokevirtual #83                 // Method net/minecraft/client/gui/Font.plainSubstrByWidth:(Ljava/lang/String;I)Ljava/lang/String;
        89: invokedynamic #92,  0             // InvokeDynamic #1:makeConcatWithConstants:(Ljava/lang/String;)Ljava/lang/String;
        94: astore        5
        96: aload_3
        97: aload         5
        99: invokevirtual #96                 // Method net/minecraft/client/gui/Font.width:(Ljava/lang/String;)I
       102: istore        6
       104: aload_0
       105: invokevirtual #71                 // Method net/minecraft/client/gui/GuiGraphicsExtractor.guiWidth:()I
       108: iload         6
       110: isub
       111: iconst_2
       112: idiv
       113: istore        7
       115: aload_0
       116: invokevirtual #100                // Method net/minecraft/client/gui/GuiGraphicsExtractor.guiHeight:()I
       119: bipush        82
       121: isub
       122: istore        8
       124: aload_0
       125: iload         7
       127: iconst_5
       128: isub
       129: iload         8
       131: iconst_3
       132: isub
       133: iload         7
       135: iload         6
       137: iadd
       138: iconst_5
       139: iadd
       140: iload         8
       142: aload_3
       143: invokestatic  #103                // Method java/util/Objects.requireNonNull:(Ljava/lang/Object;)Ljava/lang/Object;
       146: pop
       147: bipush        9
       149: iadd
       150: iconst_3
       151: iadd
       152: ldc           #109                // int 2013265920
       154: invokevirtual #110                // Method net/minecraft/client/gui/GuiGraphicsExtractor.fill:(IIIII)V
       157: aload_0
       158: aload_3
       159: aload         5
       161: invokestatic  #114                // InterfaceMethod net/minecraft/network/chat/Component.literal:(Ljava/lang/String;)Lnet/minecraft/network/chat/MutableComponent;
       164: aload_0
       165: invokevirtual #71                 // Method net/minecraft/client/gui/GuiGraphicsExtractor.guiWidth:()I
       168: iconst_2
       169: idiv
       170: iload         8
       172: iconst_m1
       173: invokevirtual #120                // Method net/minecraft/client/gui/GuiGraphicsExtractor.centeredText:(Lnet/minecraft/client/gui/Font;Lnet/minecraft/network/chat/Component;III)V
       176: return

  static {};
    Code:
         0: ldc           #126                // String villageguardians
         2: ldc           #128                // String skill_status_hud
         4: invokestatic  #130                // Method net/minecraft/resources/Identifier.fromNamespaceAndPath:(Ljava/lang/String;Ljava/lang/String;)Lnet/minecraft/resources/Identifier;
         7: putstatic     #13                 // Field LAYER_ID:Lnet/minecraft/resources/Identifier;
        10: ldc           #34                 // String
        12: putstatic     #36                 // Field text:Ljava/lang/String;
        15: return
}
Compiled from "VillageNetwork.java"
public final class kr.moonseungjun.villageguardians.VillageNetwork {
  private kr.moonseungjun.villageguardians.VillageNetwork();
    Code:
         0: aload_0
         1: invokespecial #1                  // Method java/lang/Object."<init>":()V
         4: return

  public static void registerPayloads(net.neoforged.neoforge.network.event.RegisterPayloadHandlersEvent);
    Code:
         0: aload_0
         1: ldc           #7                  // String 4
         3: invokevirtual #9                  // Method net/neoforged/neoforge/network/event/RegisterPayloadHandlersEvent.registrar:(Ljava/lang/String;)Lnet/neoforged/neoforge/network/registration/PayloadRegistrar;
         6: astore_1
         7: aload_1
         8: getstatic     #15                 // Field kr/moonseungjun/villageguardians/VillageNetwork$OpenVillageUiPayload.TYPE:Lnet/minecraft/network/protocol/common/custom/CustomPacketPayload$Type;
        11: getstatic     #21                 // Field kr/moonseungjun/villageguardians/VillageNetwork$OpenVillageUiPayload.STREAM_CODEC:Lnet/minecraft/network/codec/StreamCodec;
        14: invokevirtual #25                 // Method net/neoforged/neoforge/network/registration/PayloadRegistrar.playToClient:(Lnet/minecraft/network/protocol/common/custom/CustomPacketPayload$Type;Lnet/minecraft/network/codec/StreamCodec;)Lnet/neoforged/neoforge/network/registration/PayloadRegistrar;
        17: pop
        18: aload_1
        19: getstatic     #31                 // Field kr/moonseungjun/villageguardians/VillageNetwork$PlayerStatusPayload.TYPE:Lnet/minecraft/network/protocol/common/custom/CustomPacketPayload$Type;
        22: getstatic     #34                 // Field kr/moonseungjun/villageguardians/VillageNetwork$PlayerStatusPayload.STREAM_CODEC:Lnet/minecraft/network/codec/StreamCodec;
        25: invokevirtual #25                 // Method net/neoforged/neoforge/network/registration/PayloadRegistrar.playToClient:(Lnet/minecraft/network/protocol/common/custom/CustomPacketPayload$Type;Lnet/minecraft/network/codec/StreamCodec;)Lnet/neoforged/neoforge/network/registration/PayloadRegistrar;
        28: pop
        29: aload_1
        30: getstatic     #35                 // Field kr/moonseungjun/villageguardians/VillageNetwork$SkillMotionPayload.TYPE:Lnet/minecraft/network/protocol/common/custom/CustomPacketPayload$Type;
        33: getstatic     #38                 // Field kr/moonseungjun/villageguardians/VillageNetwork$SkillMotionPayload.STREAM_CODEC:Lnet/minecraft/network/codec/StreamCodec;
        36: invokevirtual #25                 // Method net/neoforged/neoforge/network/registration/PayloadRegistrar.playToClient:(Lnet/minecraft/network/protocol/common/custom/CustomPacketPayload$Type;Lnet/minecraft/network/codec/StreamCodec;)Lnet/neoforged/neoforge/network/registration/PayloadRegistrar;
        39: pop
        40: aload_1
        41: getstatic     #39                 // Field kr/moonseungjun/villageguardians/VillageNetwork$SkillHudPayload.TYPE:Lnet/minecraft/network/protocol/common/custom/CustomPacketPayload$Type;
        44: getstatic     #42                 // Field kr/moonseungjun/villageguardians/VillageNetwork$SkillHudPayload.STREAM_CODEC:Lnet/minecraft/network/codec/StreamCodec;
        47: invokevirtual #25                 // Method net/neoforged/neoforge/network/registration/PayloadRegistrar.playToClient:(Lnet/minecraft/network/protocol/common/custom/CustomPacketPayload$Type;Lnet/minecraft/network/codec/StreamCodec;)Lnet/neoforged/neoforge/network/registration/PayloadRegistrar;
        50: pop
        51: aload_1
        52: getstatic     #43                 // Field kr/moonseungjun/villageguardians/VillageNetwork$VillageUiActionPayload.TYPE:Lnet/minecraft/network/protocol/common/custom/CustomPacketPayload$Type;
        55: getstatic     #46                 // Field kr/moonseungjun/villageguardians/VillageNetwork$VillageUiActionPayload.STREAM_CODEC:Lnet/minecraft/network/codec/StreamCodec;
        58: invokedynamic #47,  0             // InvokeDynamic #0:handle:()Lnet/neoforged/neoforge/network/handling/IPayloadHandler;
        63: invokevirtual #51                 // Method net/neoforged/neoforge/network/registration/PayloadRegistrar.playToServer:(Lnet/minecraft/network/protocol/common/custom/CustomPacketPayload$Type;Lnet/minecraft/network/codec/StreamCodec;Lnet/neoforged/neoforge/network/handling/IPayloadHandler;)Lnet/neoforged/neoforge/network/registration/PayloadRegistrar;
        66: pop
        67: aload_1
        68: getstatic     #55                 // Field kr/moonseungjun/villageguardians/VillageNetwork$RequestPlayerStatusPayload.TYPE:Lnet/minecraft/network/protocol/common/custom/CustomPacketPayload$Type;
        71: getstatic     #58                 // Field kr/moonseungjun/villageguardians/VillageNetwork$RequestPlayerStatusPayload.STREAM_CODEC:Lnet/minecraft/network/codec/StreamCodec;
        74: invokedynamic #59,  0             // InvokeDynamic #1:handle:()Lnet/neoforged/neoforge/network/handling/IPayloadHandler;
        79: invokevirtual #51                 // Method net/neoforged/neoforge/network/registration/PayloadRegistrar.playToServer:(Lnet/minecraft/network/protocol/common/custom/CustomPacketPayload$Type;Lnet/minecraft/network/codec/StreamCodec;Lnet/neoforged/neoforge/network/handling/IPayloadHandler;)Lnet/neoforged/neoforge/network/registration/PayloadRegistrar;
        82: pop
        83: return

  public static void open(net.minecraft.server.level.ServerPlayer, kr.moonseungjun.villageguardians.VillageNetwork$OpenVillageUiPayload);
    Code:
         0: aload_0
         1: aload_1
         2: iconst_0
         3: anewarray     #60                 // class net/minecraft/network/protocol/common/custom/CustomPacketPayload
         6: invokestatic  #62                 // Method net/neoforged/neoforge/network/PacketDistributor.sendToPlayer:(Lnet/minecraft/server/level/ServerPlayer;Lnet/minecraft/network/protocol/common/custom/CustomPacketPayload;[Lnet/minecraft/network/protocol/common/custom/CustomPacketPayload;)V
         9: return

  public static void sendSkillMotion(net.minecraft.server.level.ServerLevel, net.minecraft.server.level.ServerPlayer, java.lang.String, int);
    Code:
         0: aload_0
         1: ifnull        16
         4: aload_1
         5: ifnull        16
         8: aload_2
         9: ifnull        16
        12: iload_3
        13: ifgt          17
        16: return
        17: new           #36                 // class kr/moonseungjun/villageguardians/VillageNetwork$SkillMotionPayload
        20: dup
        21: aload_1
        22: invokevirtual #68                 // Method net/minecraft/server/level/ServerPlayer.getId:()I
        25: aload_2
        26: iload_3
        27: invokespecial #74                 // Method kr/moonseungjun/villageguardians/VillageNetwork$SkillMotionPayload."<init>":(ILjava/lang/String;I)V
        30: astore        4
        32: aload_0
        33: invokevirtual #77                 // Method net/minecraft/server/level/ServerLevel.players:()Ljava/util/List;
        36: invokeinterface #83,  1           // InterfaceMethod java/util/List.iterator:()Ljava/util/Iterator;
        41: astore        5
        43: aload         5
        45: invokeinterface #89,  1           // InterfaceMethod java/util/Iterator.hasNext:()Z
        50: ifeq          79
        53: aload         5
        55: invokeinterface #95,  1           // InterfaceMethod java/util/Iterator.next:()Ljava/lang/Object;
        60: checkcast     #69                 // class net/minecraft/server/level/ServerPlayer
        63: astore        6
        65: aload         6
        67: aload         4
        69: iconst_0
        70: anewarray     #60                 // class net/minecraft/network/protocol/common/custom/CustomPacketPayload
        73: invokestatic  #62                 // Method net/neoforged/neoforge/network/PacketDistributor.sendToPlayer:(Lnet/minecraft/server/level/ServerPlayer;Lnet/minecraft/network/protocol/common/custom/CustomPacketPayload;[Lnet/minecraft/network/protocol/common/custom/CustomPacketPayload;)V
        76: goto          43
        79: return

  public static void sendSkillHud(net.minecraft.server.level.ServerPlayer, java.lang.String);
    Code:
         0: aload_0
         1: ifnonnull     5
         4: return
         5: aload_0
         6: new           #40                 // class kr/moonseungjun/villageguardians/VillageNetwork$SkillHudPayload
         9: dup
        10: aload_1
        11: ifnonnull     19
        14: ldc           #99                 // String
        16: goto          20
        19: aload_1
        20: invokespecial #101                // Method kr/moonseungjun/villageguardians/VillageNetwork$SkillHudPayload."<init>":(Ljava/lang/String;)V
        23: iconst_0
        24: anewarray     #60                 // class net/minecraft/network/protocol/common/custom/CustomPacketPayload
        27: invokestatic  #62                 // Method net/neoforged/neoforge/network/PacketDistributor.sendToPlayer:(Lnet/minecraft/server/level/ServerPlayer;Lnet/minecraft/network/protocol/common/custom/CustomPacketPayload;[Lnet/minecraft/network/protocol/common/custom/CustomPacketPayload;)V
        30: return

  public static void sendPlayerStatus(net.minecraft.server.level.ServerPlayer);
    Code:
         0: aload_0
         1: invokevirtual #104                // Method net/minecraft/server/level/ServerPlayer.getUUID:()Ljava/util/UUID;
         4: invokestatic  #108                // Method kr/moonseungjun/villageguardians/VillageCouncilState.progressOf:(Ljava/util/UUID;)Lkr/moonseungjun/villageguardians/RpgProgress;
         7: astore_1
         8: aload_1
         9: invokevirtual #114                // Method kr/moonseungjun/villageguardians/RpgProgress.level:()I
        12: bipush        30
        14: if_icmplt     22
        17: ldc           #119                // String 최고 레벨
        19: goto          35
        22: aload_1
        23: invokevirtual #121                // Method kr/moonseungjun/villageguardians/RpgProgress.experience:()I
        26: aload_1
        27: invokevirtual #124                // Method kr/moonseungjun/villageguardians/RpgProgress.experienceToNextLevel:()I
        30: invokedynamic #127,  0            // InvokeDynamic #2:makeConcatWithConstants:(II)Ljava/lang/String;
        35: astore_2
        36: aload_0
        37: invokevirtual #104                // Method net/minecraft/server/level/ServerPlayer.getUUID:()Ljava/util/UUID;
        40: invokestatic  #131                // Method kr/moonseungjun/villageguardians/VillageCouncilState.roleOf:(Ljava/util/UUID;)Ljava/util/Optional;
        43: invokedynamic #135,  0            // InvokeDynamic #3:apply:()Ljava/util/function/Function;
        48: invokevirtual #139                // Method java/util/Optional.map:(Ljava/util/function/Function;)Ljava/util/Optional;
        51: ldc           #145                // String 미선택
        53: invokevirtual #147                // Method java/util/Optional.orElse:(Ljava/lang/Object;)Ljava/lang/Object;
        56: checkcast     #151                // class java/lang/String
        59: astore_3
        60: aload_0
        61: new           #32                 // class kr/moonseungjun/villageguardians/VillageNetwork$PlayerStatusPayload
        64: dup
        65: aload_1
        66: invokevirtual #114                // Method kr/moonseungjun/villageguardians/RpgProgress.level:()I
        69: aload_2
        70: invokedynamic #153,  0            // InvokeDynamic #4:makeConcatWithConstants:(ILjava/lang/String;)Ljava/lang/String;
        75: aload_3
        76: aload_0
        77: invokestatic  #156                // Method kr/moonseungjun/villageguardians/VillageProgressionSystem.coins:(Lnet/minecraft/server/level/ServerPlayer;)I
        80: aload_0
        81: invokestatic  #162                // Method kr/moonseungjun/villageguardians/VillageEquipmentRaritySystem.bestEquippedEnhancement:(Lnet/minecraft/server/level/ServerPlayer;)I
        84: invokedynamic #167,  0            // InvokeDynamic #5:makeConcatWithConstants:(II)Ljava/lang/String;
        89: aload_0
        90: invokestatic  #168                // Method kr/moonseungjun/villageguardians/VillageProgressionSystem.skillRank:(Lnet/minecraft/server/level/ServerPlayer;)I
        93: aload_0
        94: invokestatic  #171                // Method kr/moonseungjun/villageguardians/VillageRelicSystem.summary:(Lnet/minecraft/server/level/ServerPlayer;)Ljava/lang/String;
        97: invokestatic  #177                // Method kr/moonseungjun/villageguardians/VillageCouncilState.currentDay:()I
       100: invokestatic  #180                // Method kr/moonseungjun/villageguardians/VillageCouncilState.currentPhase:()Lkr/moonseungjun/villageguardians/VillageTimePhase;
       103: invokevirtual #184                // Method kr/moonseungjun/villageguardians/VillageTimePhase.koreanName:()Ljava/lang/String;
       106: invokedynamic #190,  0            // InvokeDynamic #6:makeConcatWithConstants:(ILjava/lang/String;ILjava/lang/String;)Ljava/lang/String;
       111: invokespecial #193                // Method kr/moonseungjun/villageguardians/VillageNetwork$PlayerStatusPayload."<init>":(Ljava/lang/String;Ljava/lang/String;Ljava/lang/String;Ljava/lang/String;)V
       114: iconst_0
       115: anewarray     #60                 // class net/minecraft/network/protocol/common/custom/CustomPacketPayload
       118: invokestatic  #62                 // Method net/neoforged/neoforge/network/PacketDistributor.sendToPlayer:(Lnet/minecraft/server/level/ServerPlayer;Lnet/minecraft/network/protocol/common/custom/CustomPacketPayload;[Lnet/minecraft/network/protocol/common/custom/CustomPacketPayload;)V
       121: return

  private static void lambda$registerPayloads$1(kr.moonseungjun.villageguardians.VillageNetwork$RequestPlayerStatusPayload, net.neoforged.neoforge.network.handling.IPayloadContext);
    Code:
         0: aload_1
         1: invokeinterface #196,  1          // InterfaceMethod net/neoforged/neoforge/network/handling/IPayloadContext.player:()Lnet/minecraft/world/entity/player/Player;
         6: astore_3
         7: aload_3
         8: instanceof    #69                 // class net/minecraft/server/level/ServerPlayer
        11: ifeq          23
        14: aload_3
        15: checkcast     #69                 // class net/minecraft/server/level/ServerPlayer
        18: astore_2
        19: aload_2
        20: invokestatic  #202                // Method sendPlayerStatus:(Lnet/minecraft/server/level/ServerPlayer;)V
        23: return

  private static void lambda$registerPayloads$0(kr.moonseungjun.villageguardians.VillageNetwork$VillageUiActionPayload, net.neoforged.neoforge.network.handling.IPayloadContext);
    Code:
         0: aload_1
         1: invokeinterface #196,  1          // InterfaceMethod net/neoforged/neoforge/network/handling/IPayloadContext.player:()Lnet/minecraft/world/entity/player/Player;
         6: astore_3
         7: aload_3
         8: instanceof    #69                 // class net/minecraft/server/level/ServerPlayer
        11: ifeq          49
        14: aload_3
        15: checkcast     #69                 // class net/minecraft/server/level/ServerPlayer
        18: astore_2
        19: aload_2
        20: aload_0
        21: invokevirtual #208                // Method kr/moonseungjun/villageguardians/VillageNetwork$VillageUiActionPayload.action:()Ljava/lang/String;
        24: invokestatic  #211                // Method kr/moonseungjun/villageguardians/VillageLocalActionSystem.handle:(Lnet/minecraft/server/level/ServerPlayer;Ljava/lang/String;)Z
        27: ifne          49
        30: aload_2
        31: aload_0
        32: invokevirtual #208                // Method kr/moonseungjun/villageguardians/VillageNetwork$VillageUiActionPayload.action:()Ljava/lang/String;
        35: invokestatic  #216                // Method kr/moonseungjun/villageguardians/VillageUiController.handleAction:(Lnet/minecraft/server/level/ServerPlayer;Ljava/lang/String;)Z
        38: ifne          49
        41: aload_2
        42: aload_0
        43: invokevirtual #208                // Method kr/moonseungjun/villageguardians/VillageNetwork$VillageUiActionPayload.action:()Ljava/lang/String;
        46: invokestatic  #221                // Method kr/moonseungjun/villageguardians/VillageUiService.handleAction:(Lnet/minecraft/server/level/ServerPlayer;Ljava/lang/String;)V
        49: return
}
