Compiled from "VillageSkillEffectSystem.java"
public final class kr.moonseungjun.villageguardians.VillageSkillEffectSystem {
  private kr.moonseungjun.villageguardians.VillageSkillEffectSystem();
    Code:
         0: aload_0
         1: invokespecial #1                  // Method java/lang/Object."<init>":()V
         4: return

  public static void reset();
    Code:
         0: return

  public static void startCast(net.minecraft.server.level.ServerLevel, net.minecraft.server.level.ServerPlayer, kr.moonseungjun.villageguardians.VillageRoleSkillSystem$ActiveSkill, int, net.minecraft.world.phys.Vec3);
    Code:
         0: aload_0
         1: ifnull        12
         4: aload_1
         5: ifnull        12
         8: aload_2
         9: ifnonnull     13
        12: return
        13: aload         4
        15: invokestatic  #7                  // Method horizontal:(Lnet/minecraft/world/phys/Vec3;)Lnet/minecraft/world/phys/Vec3;
        18: astore        5
        20: getstatic     #13                 // Field kr/moonseungjun/villageguardians/VillageSkillEffectSystem$1.$SwitchMap$kr$moonseungjun$villageguardians$VillageRoleSkillSystem$ActiveSkill:[I
        23: aload_2
        24: invokevirtual #19                 // Method kr/moonseungjun/villageguardians/VillageRoleSkillSystem$ActiveSkill.ordinal:()I
        27: iaload
        28: tableswitch   { // 1 to 20
                       1: 124
                       2: 165
                       3: 187
                       4: 209
                       5: 231
                       6: 257
                       7: 283
                       8: 316
                       9: 338
                      10: 372
                      11: 409
                      12: 447
                      13: 486
                      14: 508
                      15: 530
                      16: 559
                      17: 581
                      18: 603
                      19: 625
                      20: 651
                 default: 677
            }
       124: bipush        42
       126: iload_3
       127: iconst_2
       128: idiv
       129: invokestatic  #25                 // Method java/lang/Math.max:(II)I
       132: istore        6
       134: aload_0
       135: aload_1
       136: ldc           #31                 // String vanguard_spin
       138: aload_1
       139: invokevirtual #33                 // Method net/minecraft/server/level/ServerPlayer.position:()Lnet/minecraft/world/phys/Vec3;
       142: aload         5
       144: iload         6
       146: fconst_0
       147: ldc           #39                 // String
       149: invokestatic  #41                 // Method spawn:(Lnet/minecraft/server/level/ServerLevel;Lnet/minecraft/server/level/ServerPlayer;Ljava/lang/String;Lnet/minecraft/world/phys/Vec3;Lnet/minecraft/world/phys/Vec3;IFLjava/lang/String;)Lkr/moonseungjun/villageguardians/VillageSkillEffectEntity;
       152: pop
       153: aload_0
       154: aload_1
       155: ldc           #31                 // String vanguard_spin
       157: iload         6
       159: invokestatic  #45                 // Method kr/moonseungjun/villageguardians/VillageNetwork.sendSkillMotion:(Lnet/minecraft/server/level/ServerLevel;Lnet/minecraft/server/level/ServerPlayer;Ljava/lang/String;I)V
       162: goto          677
       165: aload_0
       166: aload_1
       167: ldc           #51                 // String vanguard_rally
       169: aload_1
       170: invokevirtual #33                 // Method net/minecraft/server/level/ServerPlayer.position:()Lnet/minecraft/world/phys/Vec3;
       173: aload         5
       175: bipush        60
       177: fconst_0
       178: ldc           #39                 // String
       180: invokestatic  #41                 // Method spawn:(Lnet/minecraft/server/level/ServerLevel;Lnet/minecraft/server/level/ServerPlayer;Ljava/lang/String;Lnet/minecraft/world/phys/Vec3;Lnet/minecraft/world/phys/Vec3;IFLjava/lang/String;)Lkr/moonseungjun/villageguardians/VillageSkillEffectEntity;
       183: pop
       184: goto          677
       187: aload_0
       188: aload_1
       189: ldc           #53                 // String vanguard_blade_charge
       191: aload_1
       192: invokevirtual #33                 // Method net/minecraft/server/level/ServerPlayer.position:()Lnet/minecraft/world/phys/Vec3;
       195: aload         5
       197: bipush        30
       199: fconst_0
       200: ldc           #39                 // String
       202: invokestatic  #41                 // Method spawn:(Lnet/minecraft/server/level/ServerLevel;Lnet/minecraft/server/level/ServerPlayer;Ljava/lang/String;Lnet/minecraft/world/phys/Vec3;Lnet/minecraft/world/phys/Vec3;IFLjava/lang/String;)Lkr/moonseungjun/villageguardians/VillageSkillEffectEntity;
       205: pop
       206: goto          677
       209: aload_0
       210: aload_1
       211: ldc           #55                 // String vanguard_slam_charge
       213: aload_1
       214: invokevirtual #33                 // Method net/minecraft/server/level/ServerPlayer.position:()Lnet/minecraft/world/phys/Vec3;
       217: aload         5
       219: bipush        44
       221: fconst_0
       222: ldc           #39                 // String
       224: invokestatic  #41                 // Method spawn:(Lnet/minecraft/server/level/ServerLevel;Lnet/minecraft/server/level/ServerPlayer;Ljava/lang/String;Lnet/minecraft/world/phys/Vec3;Lnet/minecraft/world/phys/Vec3;IFLjava/lang/String;)Lkr/moonseungjun/villageguardians/VillageSkillEffectEntity;
       227: pop
       228: goto          677
       231: aload_0
       232: aload_1
       233: ldc           #57                 // String ranger_rapid
       235: aload_1
       236: invokevirtual #33                 // Method net/minecraft/server/level/ServerPlayer.position:()Lnet/minecraft/world/phys/Vec3;
       239: aload         5
       241: bipush        80
       243: iload_3
       244: invokestatic  #25                 // Method java/lang/Math.max:(II)I
       247: fconst_0
       248: ldc           #39                 // String
       250: invokestatic  #41                 // Method spawn:(Lnet/minecraft/server/level/ServerLevel;Lnet/minecraft/server/level/ServerPlayer;Ljava/lang/String;Lnet/minecraft/world/phys/Vec3;Lnet/minecraft/world/phys/Vec3;IFLjava/lang/String;)Lkr/moonseungjun/villageguardians/VillageSkillEffectEntity;
       253: pop
       254: goto          677
       257: aload_0
       258: aload_1
       259: ldc           #59                 // String ranger_lock
       261: aload_1
       262: invokevirtual #33                 // Method net/minecraft/server/level/ServerPlayer.position:()Lnet/minecraft/world/phys/Vec3;
       265: aload         5
       267: bipush        90
       269: iload_3
       270: invokestatic  #25                 // Method java/lang/Math.max:(II)I
       273: fconst_0
       274: ldc           #39                 // String
       276: invokestatic  #41                 // Method spawn:(Lnet/minecraft/server/level/ServerLevel;Lnet/minecraft/server/level/ServerPlayer;Ljava/lang/String;Lnet/minecraft/world/phys/Vec3;Lnet/minecraft/world/phys/Vec3;IFLjava/lang/String;)Lkr/moonseungjun/villageguardians/VillageSkillEffectEntity;
       279: pop
       280: goto          677
       283: aload_0
       284: aload_1
       285: ldc           #61                 // String ranger_rain_field
       287: aload_1
       288: invokevirtual #33                 // Method net/minecraft/server/level/ServerPlayer.position:()Lnet/minecraft/world/phys/Vec3;
       291: aload         5
       293: ldc2_w        #63                 // double 15.0d
       296: invokevirtual #65                 // Method net/minecraft/world/phys/Vec3.scale:(D)Lnet/minecraft/world/phys/Vec3;
       299: invokevirtual #71                 // Method net/minecraft/world/phys/Vec3.add:(Lnet/minecraft/world/phys/Vec3;)Lnet/minecraft/world/phys/Vec3;
       302: aload         5
       304: bipush        54
       306: fconst_0
       307: ldc           #39                 // String
       309: invokestatic  #41                 // Method spawn:(Lnet/minecraft/server/level/ServerLevel;Lnet/minecraft/server/level/ServerPlayer;Ljava/lang/String;Lnet/minecraft/world/phys/Vec3;Lnet/minecraft/world/phys/Vec3;IFLjava/lang/String;)Lkr/moonseungjun/villageguardians/VillageSkillEffectEntity;
       312: pop
       313: goto          677
       316: aload_0
       317: aload_1
       318: ldc           #74                 // String ranger_energy_charge
       320: aload_1
       321: invokevirtual #33                 // Method net/minecraft/server/level/ServerPlayer.position:()Lnet/minecraft/world/phys/Vec3;
       324: aload         5
       326: bipush        38
       328: fconst_0
       329: ldc           #39                 // String
       331: invokestatic  #41                 // Method spawn:(Lnet/minecraft/server/level/ServerLevel;Lnet/minecraft/server/level/ServerPlayer;Ljava/lang/String;Lnet/minecraft/world/phys/Vec3;Lnet/minecraft/world/phys/Vec3;IFLjava/lang/String;)Lkr/moonseungjun/villageguardians/VillageSkillEffectEntity;
       334: pop
       335: goto          677
       338: aload_0
       339: aload_1
       340: ldc           #76                 // String arcanist_fire_orb
       342: aload_1
       343: invokevirtual #78                 // Method net/minecraft/server/level/ServerPlayer.getEyePosition:()Lnet/minecraft/world/phys/Vec3;
       346: aload         5
       348: ldc2_w        #81                 // double 0.8d
       351: invokevirtual #65                 // Method net/minecraft/world/phys/Vec3.scale:(D)Lnet/minecraft/world/phys/Vec3;
       354: invokevirtual #71                 // Method net/minecraft/world/phys/Vec3.add:(Lnet/minecraft/world/phys/Vec3;)Lnet/minecraft/world/phys/Vec3;
       357: aload         5
       359: bipush        72
       361: ldc           #83                 // float 1.15f
       363: ldc           #39                 // String
       365: invokestatic  #41                 // Method spawn:(Lnet/minecraft/server/level/ServerLevel;Lnet/minecraft/server/level/ServerPlayer;Ljava/lang/String;Lnet/minecraft/world/phys/Vec3;Lnet/minecraft/world/phys/Vec3;IFLjava/lang/String;)Lkr/moonseungjun/villageguardians/VillageSkillEffectEntity;
       368: pop
       369: goto          677
       372: aload_0
       373: aload_1
       374: ldc           #84                 // String arcanist_frost
       376: aload_1
       377: invokevirtual #33                 // Method net/minecraft/server/level/ServerPlayer.position:()Lnet/minecraft/world/phys/Vec3;
       380: aload         5
       382: ldc2_w        #86                 // double 10.0d
       385: invokevirtual #65                 // Method net/minecraft/world/phys/Vec3.scale:(D)Lnet/minecraft/world/phys/Vec3;
       388: invokevirtual #71                 // Method net/minecraft/world/phys/Vec3.add:(Lnet/minecraft/world/phys/Vec3;)Lnet/minecraft/world/phys/Vec3;
       391: aload         5
       393: bipush        120
       395: iload_3
       396: invokestatic  #25                 // Method java/lang/Math.max:(II)I
       399: fconst_0
       400: ldc           #39                 // String
       402: invokestatic  #41                 // Method spawn:(Lnet/minecraft/server/level/ServerLevel;Lnet/minecraft/server/level/ServerPlayer;Ljava/lang/String;Lnet/minecraft/world/phys/Vec3;Lnet/minecraft/world/phys/Vec3;IFLjava/lang/String;)Lkr/moonseungjun/villageguardians/VillageSkillEffectEntity;
       405: pop
       406: goto          677
       409: aload_0
       410: aload_1
       411: ldc           #88                 // String arcanist_tornado
       413: aload_1
       414: invokevirtual #33                 // Method net/minecraft/server/level/ServerPlayer.position:()Lnet/minecraft/world/phys/Vec3;
       417: aload         5
       419: ldc2_w        #90                 // double 2.0d
       422: invokevirtual #65                 // Method net/minecraft/world/phys/Vec3.scale:(D)Lnet/minecraft/world/phys/Vec3;
       425: invokevirtual #71                 // Method net/minecraft/world/phys/Vec3.add:(Lnet/minecraft/world/phys/Vec3;)Lnet/minecraft/world/phys/Vec3;
       428: aload         5
       430: bipush        100
       432: iload_3
       433: invokestatic  #25                 // Method java/lang/Math.max:(II)I
       436: ldc           #92                 // float 0.18f
       438: ldc           #39                 // String
       440: invokestatic  #41                 // Method spawn:(Lnet/minecraft/server/level/ServerLevel;Lnet/minecraft/server/level/ServerPlayer;Ljava/lang/String;Lnet/minecraft/world/phys/Vec3;Lnet/minecraft/world/phys/Vec3;IFLjava/lang/String;)Lkr/moonseungjun/villageguardians/VillageSkillEffectEntity;
       443: pop
       444: goto          677
       447: aload_0
       448: aload_1
       449: ldc           #93                 // String arcanist_lightning
       451: aload_1
       452: invokevirtual #33                 // Method net/minecraft/server/level/ServerPlayer.position:()Lnet/minecraft/world/phys/Vec3;
       455: aload         5
       457: ldc2_w        #95                 // double 13.0d
       460: invokevirtual #65                 // Method net/minecraft/world/phys/Vec3.scale:(D)Lnet/minecraft/world/phys/Vec3;
       463: invokevirtual #71                 // Method net/minecraft/world/phys/Vec3.add:(Lnet/minecraft/world/phys/Vec3;)Lnet/minecraft/world/phys/Vec3;
       466: aload         5
       468: bipush        80
       470: iload_3
       471: iconst_2
       472: idiv
       473: invokestatic  #25                 // Method java/lang/Math.max:(II)I
       476: fconst_0
       477: ldc           #39                 // String
       479: invokestatic  #41                 // Method spawn:(Lnet/minecraft/server/level/ServerLevel;Lnet/minecraft/server/level/ServerPlayer;Ljava/lang/String;Lnet/minecraft/world/phys/Vec3;Lnet/minecraft/world/phys/Vec3;IFLjava/lang/String;)Lkr/moonseungjun/villageguardians/VillageSkillEffectEntity;
       482: pop
       483: goto          677
       486: aload_0
       487: aload_1
       488: ldc           #97                 // String luminar_heal_cast
       490: aload_1
       491: invokevirtual #33                 // Method net/minecraft/server/level/ServerPlayer.position:()Lnet/minecraft/world/phys/Vec3;
       494: aload         5
       496: bipush        32
       498: fconst_0
       499: ldc           #39                 // String
       501: invokestatic  #41                 // Method spawn:(Lnet/minecraft/server/level/ServerLevel;Lnet/minecraft/server/level/ServerPlayer;Ljava/lang/String;Lnet/minecraft/world/phys/Vec3;Lnet/minecraft/world/phys/Vec3;IFLjava/lang/String;)Lkr/moonseungjun/villageguardians/VillageSkillEffectEntity;
       504: pop
       505: goto          677
       508: aload_0
       509: aload_1
       510: ldc           #99                 // String luminar_cleanse_cast
       512: aload_1
       513: invokevirtual #33                 // Method net/minecraft/server/level/ServerPlayer.position:()Lnet/minecraft/world/phys/Vec3;
       516: aload         5
       518: bipush        44
       520: fconst_0
       521: ldc           #39                 // String
       523: invokestatic  #41                 // Method spawn:(Lnet/minecraft/server/level/ServerLevel;Lnet/minecraft/server/level/ServerPlayer;Ljava/lang/String;Lnet/minecraft/world/phys/Vec3;Lnet/minecraft/world/phys/Vec3;IFLjava/lang/String;)Lkr/moonseungjun/villageguardians/VillageSkillEffectEntity;
       526: pop
       527: goto          677
       530: aload_0
       531: aload_1
       532: ldc           #101                // String luminar_healing_field
       534: aload_1
       535: invokevirtual #33                 // Method net/minecraft/server/level/ServerPlayer.position:()Lnet/minecraft/world/phys/Vec3;
       538: aload         5
       540: sipush        160
       543: iload_3
       544: iconst_2
       545: imul
       546: invokestatic  #25                 // Method java/lang/Math.max:(II)I
       549: fconst_0
       550: ldc           #39                 // String
       552: invokestatic  #41                 // Method spawn:(Lnet/minecraft/server/level/ServerLevel;Lnet/minecraft/server/level/ServerPlayer;Ljava/lang/String;Lnet/minecraft/world/phys/Vec3;Lnet/minecraft/world/phys/Vec3;IFLjava/lang/String;)Lkr/moonseungjun/villageguardians/VillageSkillEffectEntity;
       555: pop
       556: goto          677
       559: aload_0
       560: aload_1
       561: ldc           #103                // String luminar_miracle_cast
       563: aload_1
       564: invokevirtual #33                 // Method net/minecraft/server/level/ServerPlayer.position:()Lnet/minecraft/world/phys/Vec3;
       567: aload         5
       569: bipush        72
       571: fconst_0
       572: ldc           #39                 // String
       574: invokestatic  #41                 // Method spawn:(Lnet/minecraft/server/level/ServerLevel;Lnet/minecraft/server/level/ServerPlayer;Ljava/lang/String;Lnet/minecraft/world/phys/Vec3;Lnet/minecraft/world/phys/Vec3;IFLjava/lang/String;)Lkr/moonseungjun/villageguardians/VillageSkillEffectEntity;
       577: pop
       578: goto          677
       581: aload_0
       582: aload_1
       583: ldc           #105                // String warden_charge_cast
       585: aload_1
       586: invokevirtual #33                 // Method net/minecraft/server/level/ServerPlayer.position:()Lnet/minecraft/world/phys/Vec3;
       589: aload         5
       591: bipush        32
       593: fconst_0
       594: ldc           #39                 // String
       596: invokestatic  #41                 // Method spawn:(Lnet/minecraft/server/level/ServerLevel;Lnet/minecraft/server/level/ServerPlayer;Ljava/lang/String;Lnet/minecraft/world/phys/Vec3;Lnet/minecraft/world/phys/Vec3;IFLjava/lang/String;)Lkr/moonseungjun/villageguardians/VillageSkillEffectEntity;
       599: pop
       600: goto          677
       603: aload_0
       604: aload_1
       605: ldc           #107                // String warden_taunt
       607: aload_1
       608: invokevirtual #33                 // Method net/minecraft/server/level/ServerPlayer.position:()Lnet/minecraft/world/phys/Vec3;
       611: aload         5
       613: bipush        48
       615: fconst_0
       616: ldc           #39                 // String
       618: invokestatic  #41                 // Method spawn:(Lnet/minecraft/server/level/ServerLevel;Lnet/minecraft/server/level/ServerPlayer;Ljava/lang/String;Lnet/minecraft/world/phys/Vec3;Lnet/minecraft/world/phys/Vec3;IFLjava/lang/String;)Lkr/moonseungjun/villageguardians/VillageSkillEffectEntity;
       621: pop
       622: goto          677
       625: aload_0
       626: aload_1
       627: ldc           #109                // String warden_fortress
       629: aload_1
       630: invokevirtual #33                 // Method net/minecraft/server/level/ServerPlayer.position:()Lnet/minecraft/world/phys/Vec3;
       633: aload         5
       635: bipush        100
       637: iload_3
       638: invokestatic  #25                 // Method java/lang/Math.max:(II)I
       641: fconst_0
       642: ldc           #39                 // String
       644: invokestatic  #41                 // Method spawn:(Lnet/minecraft/server/level/ServerLevel;Lnet/minecraft/server/level/ServerPlayer;Ljava/lang/String;Lnet/minecraft/world/phys/Vec3;Lnet/minecraft/world/phys/Vec3;IFLjava/lang/String;)Lkr/moonseungjun/villageguardians/VillageSkillEffectEntity;
       647: pop
       648: goto          677
       651: aload_0
       652: aload_1
       653: ldc           #111                // String warden_aegis
       655: aload_1
       656: invokevirtual #33                 // Method net/minecraft/server/level/ServerPlayer.position:()Lnet/minecraft/world/phys/Vec3;
       659: aload         5
       661: sipush        160
       664: iload_3
       665: iconst_2
       666: imul
       667: invokestatic  #25                 // Method java/lang/Math.max:(II)I
       670: fconst_0
       671: ldc           #39                 // String
       673: invokestatic  #41                 // Method spawn:(Lnet/minecraft/server/level/ServerLevel;Lnet/minecraft/server/level/ServerPlayer;Ljava/lang/String;Lnet/minecraft/world/phys/Vec3;Lnet/minecraft/world/phys/Vec3;IFLjava/lang/String;)Lkr/moonseungjun/villageguardians/VillageSkillEffectEntity;
       676: pop
       677: return

  public static void tick(net.minecraft.server.MinecraftServer);
    Code:
         0: return

  public static void bladeWave(net.minecraft.server.level.ServerLevel, net.minecraft.server.level.ServerPlayer, net.minecraft.world.phys.Vec3);
    Code:
         0: aload_0
         1: aload_1
         2: ldc           #113                // String vanguard_blade_wave
         4: aload_1
         5: invokevirtual #78                 // Method net/minecraft/server/level/ServerPlayer.getEyePosition:()Lnet/minecraft/world/phys/Vec3;
         8: aload_2
         9: invokestatic  #7                  // Method horizontal:(Lnet/minecraft/world/phys/Vec3;)Lnet/minecraft/world/phys/Vec3;
        12: ldc2_w        #81                 // double 0.8d
        15: invokevirtual #65                 // Method net/minecraft/world/phys/Vec3.scale:(D)Lnet/minecraft/world/phys/Vec3;
        18: invokevirtual #71                 // Method net/minecraft/world/phys/Vec3.add:(Lnet/minecraft/world/phys/Vec3;)Lnet/minecraft/world/phys/Vec3;
        21: aload_2
        22: invokestatic  #7                  // Method horizontal:(Lnet/minecraft/world/phys/Vec3;)Lnet/minecraft/world/phys/Vec3;
        25: bipush        20
        27: ldc           #115                // float 1.45f
        29: ldc           #39                 // String
        31: invokestatic  #41                 // Method spawn:(Lnet/minecraft/server/level/ServerLevel;Lnet/minecraft/server/level/ServerPlayer;Ljava/lang/String;Lnet/minecraft/world/phys/Vec3;Lnet/minecraft/world/phys/Vec3;IFLjava/lang/String;)Lkr/moonseungjun/villageguardians/VillageSkillEffectEntity;
        34: pop
        35: return

  public static void slamImpact(net.minecraft.server.level.ServerLevel, net.minecraft.server.level.ServerPlayer);
    Code:
         0: aload_0
         1: aload_1
         2: ldc           #116                // String vanguard_slam_impact
         4: aload_1
         5: invokevirtual #33                 // Method net/minecraft/server/level/ServerPlayer.position:()Lnet/minecraft/world/phys/Vec3;
         8: aload_1
         9: invokevirtual #118                // Method net/minecraft/server/level/ServerPlayer.getLookAngle:()Lnet/minecraft/world/phys/Vec3;
        12: invokestatic  #7                  // Method horizontal:(Lnet/minecraft/world/phys/Vec3;)Lnet/minecraft/world/phys/Vec3;
        15: bipush        30
        17: fconst_0
        18: ldc           #39                 // String
        20: invokestatic  #41                 // Method spawn:(Lnet/minecraft/server/level/ServerLevel;Lnet/minecraft/server/level/ServerPlayer;Ljava/lang/String;Lnet/minecraft/world/phys/Vec3;Lnet/minecraft/world/phys/Vec3;IFLjava/lang/String;)Lkr/moonseungjun/villageguardians/VillageSkillEffectEntity;
        23: pop
        24: return

  public static void energyArrow(net.minecraft.server.level.ServerLevel, net.minecraft.server.level.ServerPlayer, net.minecraft.world.phys.Vec3);
    Code:
         0: aload_0
         1: aload_1
         2: ldc           #121                // String ranger_energy_projectile
         4: aload_1
         5: invokevirtual #78                 // Method net/minecraft/server/level/ServerPlayer.getEyePosition:()Lnet/minecraft/world/phys/Vec3;
         8: aload_2
         9: invokestatic  #7                  // Method horizontal:(Lnet/minecraft/world/phys/Vec3;)Lnet/minecraft/world/phys/Vec3;
        12: ldc2_w        #81                 // double 0.8d
        15: invokevirtual #65                 // Method net/minecraft/world/phys/Vec3.scale:(D)Lnet/minecraft/world/phys/Vec3;
        18: invokevirtual #71                 // Method net/minecraft/world/phys/Vec3.add:(Lnet/minecraft/world/phys/Vec3;)Lnet/minecraft/world/phys/Vec3;
        21: aload_2
        22: invokestatic  #7                  // Method horizontal:(Lnet/minecraft/world/phys/Vec3;)Lnet/minecraft/world/phys/Vec3;
        25: bipush        38
        27: ldc           #123                // float 2.1f
        29: ldc           #39                 // String
        31: invokestatic  #41                 // Method spawn:(Lnet/minecraft/server/level/ServerLevel;Lnet/minecraft/server/level/ServerPlayer;Ljava/lang/String;Lnet/minecraft/world/phys/Vec3;Lnet/minecraft/world/phys/Vec3;IFLjava/lang/String;)Lkr/moonseungjun/villageguardians/VillageSkillEffectEntity;
        34: pop
        35: return

  public static void arrowRainImpact(net.minecraft.server.level.ServerLevel, net.minecraft.server.level.ServerPlayer, net.minecraft.world.phys.Vec3);
    Code:
         0: aload_0
         1: aload_1
         2: ldc           #124                // String ranger_rain_impact
         4: aload_2
         5: aload_1
         6: invokevirtual #118                // Method net/minecraft/server/level/ServerPlayer.getLookAngle:()Lnet/minecraft/world/phys/Vec3;
         9: invokestatic  #7                  // Method horizontal:(Lnet/minecraft/world/phys/Vec3;)Lnet/minecraft/world/phys/Vec3;
        12: bipush        24
        14: fconst_0
        15: ldc           #39                 // String
        17: invokestatic  #41                 // Method spawn:(Lnet/minecraft/server/level/ServerLevel;Lnet/minecraft/server/level/ServerPlayer;Ljava/lang/String;Lnet/minecraft/world/phys/Vec3;Lnet/minecraft/world/phys/Vec3;IFLjava/lang/String;)Lkr/moonseungjun/villageguardians/VillageSkillEffectEntity;
        20: pop
        21: return

  public static void shieldCharge(net.minecraft.server.level.ServerLevel, net.minecraft.server.level.ServerPlayer, net.minecraft.world.phys.Vec3);
    Code:
         0: aload_0
         1: aload_1
         2: ldc           #105                // String warden_charge_cast
         4: aload_1
         5: invokevirtual #33                 // Method net/minecraft/server/level/ServerPlayer.position:()Lnet/minecraft/world/phys/Vec3;
         8: aload_2
         9: invokestatic  #7                  // Method horizontal:(Lnet/minecraft/world/phys/Vec3;)Lnet/minecraft/world/phys/Vec3;
        12: bipush        26
        14: fconst_0
        15: ldc           #39                 // String
        17: invokestatic  #41                 // Method spawn:(Lnet/minecraft/server/level/ServerLevel;Lnet/minecraft/server/level/ServerPlayer;Ljava/lang/String;Lnet/minecraft/world/phys/Vec3;Lnet/minecraft/world/phys/Vec3;IFLjava/lang/String;)Lkr/moonseungjun/villageguardians/VillageSkillEffectEntity;
        20: pop
        21: return

  public static void ricochet(net.minecraft.server.level.ServerLevel, net.minecraft.server.level.ServerPlayer, net.minecraft.world.entity.Mob, java.util.List<net.minecraft.world.entity.Mob>);
    Code:
         0: aload_2
         1: ifnonnull     5
         4: return
         5: new           #126                // class java/util/ArrayList
         8: dup
         9: invokespecial #128                // Method java/util/ArrayList."<init>":()V
        12: astore        4
        14: aload         4
        16: aload_1
        17: invokevirtual #78                 // Method net/minecraft/server/level/ServerPlayer.getEyePosition:()Lnet/minecraft/world/phys/Vec3;
        20: invokeinterface #129,  2          // InterfaceMethod java/util/List.add:(Ljava/lang/Object;)Z
        25: pop
        26: aload         4
        28: aload_2
        29: invokevirtual #134                // Method net/minecraft/world/entity/Mob.getEyePosition:()Lnet/minecraft/world/phys/Vec3;
        32: invokeinterface #129,  2          // InterfaceMethod java/util/List.add:(Ljava/lang/Object;)Z
        37: pop
        38: aload_3
        39: ifnull        93
        42: aload_3
        43: invokeinterface #137,  1          // InterfaceMethod java/util/List.iterator:()Ljava/util/Iterator;
        48: astore        5
        50: aload         5
        52: invokeinterface #141,  1          // InterfaceMethod java/util/Iterator.hasNext:()Z
        57: ifeq          93
        60: aload         5
        62: invokeinterface #147,  1          // InterfaceMethod java/util/Iterator.next:()Ljava/lang/Object;
        67: checkcast     #135                // class net/minecraft/world/entity/Mob
        70: astore        6
        72: aload         6
        74: ifnull        90
        77: aload         4
        79: aload         6
        81: invokevirtual #134                // Method net/minecraft/world/entity/Mob.getEyePosition:()Lnet/minecraft/world/phys/Vec3;
        84: invokeinterface #129,  2          // InterfaceMethod java/util/List.add:(Ljava/lang/Object;)Z
        89: pop
        90: goto          50
        93: aload_0
        94: aload_1
        95: ldc           #151                // String ranger_ricochet_path
        97: aload         4
        99: iconst_0
       100: invokeinterface #153,  2          // InterfaceMethod java/util/List.get:(I)Ljava/lang/Object;
       105: checkcast     #66                 // class net/minecraft/world/phys/Vec3
       108: aload         4
       110: iconst_1
       111: invokeinterface #153,  2          // InterfaceMethod java/util/List.get:(I)Ljava/lang/Object;
       116: checkcast     #66                 // class net/minecraft/world/phys/Vec3
       119: aload         4
       121: iconst_0
       122: invokeinterface #153,  2          // InterfaceMethod java/util/List.get:(I)Ljava/lang/Object;
       127: checkcast     #66                 // class net/minecraft/world/phys/Vec3
       130: invokevirtual #157                // Method net/minecraft/world/phys/Vec3.subtract:(Lnet/minecraft/world/phys/Vec3;)Lnet/minecraft/world/phys/Vec3;
       133: invokestatic  #7                  // Method horizontal:(Lnet/minecraft/world/phys/Vec3;)Lnet/minecraft/world/phys/Vec3;
       136: bipush        9
       138: aload         4
       140: invokeinterface #160,  1          // InterfaceMethod java/util/List.size:()I
       145: iconst_3
       146: imul
       147: iadd
       148: fconst_0
       149: aload         4
       151: invokestatic  #163                // Method encode:(Ljava/util/List;)Ljava/lang/String;
       154: invokestatic  #41                 // Method spawn:(Lnet/minecraft/server/level/ServerLevel;Lnet/minecraft/server/level/ServerPlayer;Ljava/lang/String;Lnet/minecraft/world/phys/Vec3;Lnet/minecraft/world/phys/Vec3;IFLjava/lang/String;)Lkr/moonseungjun/villageguardians/VillageSkillEffectEntity;
       157: pop
       158: return

  public static void healLink(net.minecraft.server.level.ServerLevel, net.minecraft.server.level.ServerPlayer, net.minecraft.server.level.ServerPlayer);
    Code:
         0: aload_2
         1: ifnonnull     5
         4: return
         5: aload_1
         6: invokevirtual #78                 // Method net/minecraft/server/level/ServerPlayer.getEyePosition:()Lnet/minecraft/world/phys/Vec3;
         9: aload_2
        10: invokevirtual #78                 // Method net/minecraft/server/level/ServerPlayer.getEyePosition:()Lnet/minecraft/world/phys/Vec3;
        13: invokestatic  #167                // InterfaceMethod java/util/List.of:(Ljava/lang/Object;Ljava/lang/Object;)Ljava/util/List;
        16: astore_3
        17: aload_0
        18: aload_1
        19: ldc           #171                // String luminar_heal_link
        21: aload_3
        22: iconst_0
        23: invokeinterface #153,  2          // InterfaceMethod java/util/List.get:(I)Ljava/lang/Object;
        28: checkcast     #66                 // class net/minecraft/world/phys/Vec3
        31: aload_3
        32: iconst_1
        33: invokeinterface #153,  2          // InterfaceMethod java/util/List.get:(I)Ljava/lang/Object;
        38: checkcast     #66                 // class net/minecraft/world/phys/Vec3
        41: aload_3
        42: iconst_0
        43: invokeinterface #153,  2          // InterfaceMethod java/util/List.get:(I)Ljava/lang/Object;
        48: checkcast     #66                 // class net/minecraft/world/phys/Vec3
        51: invokevirtual #157                // Method net/minecraft/world/phys/Vec3.subtract:(Lnet/minecraft/world/phys/Vec3;)Lnet/minecraft/world/phys/Vec3;
        54: invokestatic  #7                  // Method horizontal:(Lnet/minecraft/world/phys/Vec3;)Lnet/minecraft/world/phys/Vec3;
        57: bipush        32
        59: fconst_0
        60: aload_3
        61: invokestatic  #163                // Method encode:(Ljava/util/List;)Ljava/lang/String;
        64: invokestatic  #41                 // Method spawn:(Lnet/minecraft/server/level/ServerLevel;Lnet/minecraft/server/level/ServerPlayer;Ljava/lang/String;Lnet/minecraft/world/phys/Vec3;Lnet/minecraft/world/phys/Vec3;IFLjava/lang/String;)Lkr/moonseungjun/villageguardians/VillageSkillEffectEntity;
        67: pop
        68: return

  public static void cleanse(net.minecraft.server.level.ServerLevel, net.minecraft.server.level.ServerPlayer, java.util.List<net.minecraft.server.level.ServerPlayer>);
    Code:
         0: aload_2
         1: aload_1
         2: invokevirtual #33                 // Method net/minecraft/server/level/ServerPlayer.position:()Lnet/minecraft/world/phys/Vec3;
         5: invokestatic  #173                // Method positions:(Ljava/util/List;Lnet/minecraft/world/phys/Vec3;)Ljava/util/List;
         8: astore_3
         9: aload_0
        10: aload_1
        11: ldc           #177                // String luminar_cleanse_wave
        13: aload_1
        14: invokevirtual #33                 // Method net/minecraft/server/level/ServerPlayer.position:()Lnet/minecraft/world/phys/Vec3;
        17: aload_1
        18: invokevirtual #118                // Method net/minecraft/server/level/ServerPlayer.getLookAngle:()Lnet/minecraft/world/phys/Vec3;
        21: invokestatic  #7                  // Method horizontal:(Lnet/minecraft/world/phys/Vec3;)Lnet/minecraft/world/phys/Vec3;
        24: bipush        44
        26: fconst_0
        27: aload_3
        28: invokestatic  #163                // Method encode:(Ljava/util/List;)Ljava/lang/String;
        31: invokestatic  #41                 // Method spawn:(Lnet/minecraft/server/level/ServerLevel;Lnet/minecraft/server/level/ServerPlayer;Ljava/lang/String;Lnet/minecraft/world/phys/Vec3;Lnet/minecraft/world/phys/Vec3;IFLjava/lang/String;)Lkr/moonseungjun/villageguardians/VillageSkillEffectEntity;
        34: pop
        35: return

  public static void miracle(net.minecraft.server.level.ServerLevel, net.minecraft.server.level.ServerPlayer, java.util.List<net.minecraft.server.level.ServerPlayer>);
    Code:
         0: aload_2
         1: aload_1
         2: invokevirtual #33                 // Method net/minecraft/server/level/ServerPlayer.position:()Lnet/minecraft/world/phys/Vec3;
         5: invokestatic  #173                // Method positions:(Ljava/util/List;Lnet/minecraft/world/phys/Vec3;)Ljava/util/List;
         8: astore_3
         9: aload_0
        10: aload_1
        11: ldc           #179                // String luminar_miracle_wave
        13: aload_1
        14: invokevirtual #33                 // Method net/minecraft/server/level/ServerPlayer.position:()Lnet/minecraft/world/phys/Vec3;
        17: aload_1
        18: invokevirtual #118                // Method net/minecraft/server/level/ServerPlayer.getLookAngle:()Lnet/minecraft/world/phys/Vec3;
        21: invokestatic  #7                  // Method horizontal:(Lnet/minecraft/world/phys/Vec3;)Lnet/minecraft/world/phys/Vec3;
        24: bipush        72
        26: fconst_0
        27: aload_3
        28: invokestatic  #163                // Method encode:(Ljava/util/List;)Ljava/lang/String;
        31: invokestatic  #41                 // Method spawn:(Lnet/minecraft/server/level/ServerLevel;Lnet/minecraft/server/level/ServerPlayer;Ljava/lang/String;Lnet/minecraft/world/phys/Vec3;Lnet/minecraft/world/phys/Vec3;IFLjava/lang/String;)Lkr/moonseungjun/villageguardians/VillageSkillEffectEntity;
        34: pop
        35: return

  private static kr.moonseungjun.villageguardians.VillageSkillEffectEntity spawn(net.minecraft.server.level.ServerLevel, net.minecraft.server.level.ServerPlayer, java.lang.String, net.minecraft.world.phys.Vec3, net.minecraft.world.phys.Vec3, int, float, java.lang.String);
    Code:
         0: aload_0
         1: aload_1
         2: aload_2
         3: aload_3
         4: aload         4
         6: iload         5
         8: fload         6
        10: aload         7
        12: invokestatic  #181                // Method kr/moonseungjun/villageguardians/VillageSkillEffectEntity.spawn:(Lnet/minecraft/server/level/ServerLevel;Lnet/minecraft/world/entity/Entity;Ljava/lang/String;Lnet/minecraft/world/phys/Vec3;Lnet/minecraft/world/phys/Vec3;IFLjava/lang/String;)Lkr/moonseungjun/villageguardians/VillageSkillEffectEntity;
        15: areturn

  private static java.util.List<net.minecraft.world.phys.Vec3> positions(java.util.List<net.minecraft.server.level.ServerPlayer>, net.minecraft.world.phys.Vec3);
    Code:
         0: new           #126                // class java/util/ArrayList
         3: dup
         4: invokespecial #128                // Method java/util/ArrayList."<init>":()V
         7: astore_2
         8: aload_0
         9: ifnull        59
        12: aload_0
        13: invokeinterface #137,  1          // InterfaceMethod java/util/List.iterator:()Ljava/util/Iterator;
        18: astore_3
        19: aload_3
        20: invokeinterface #141,  1          // InterfaceMethod java/util/Iterator.hasNext:()Z
        25: ifeq          59
        28: aload_3
        29: invokeinterface #147,  1          // InterfaceMethod java/util/Iterator.next:()Ljava/lang/Object;
        34: checkcast     #34                 // class net/minecraft/server/level/ServerPlayer
        37: astore        4
        39: aload         4
        41: ifnull        56
        44: aload_2
        45: aload         4
        47: invokevirtual #33                 // Method net/minecraft/server/level/ServerPlayer.position:()Lnet/minecraft/world/phys/Vec3;
        50: invokeinterface #129,  2          // InterfaceMethod java/util/List.add:(Ljava/lang/Object;)Z
        55: pop
        56: goto          19
        59: aload_2
        60: invokeinterface #186,  1          // InterfaceMethod java/util/List.isEmpty:()Z
        65: ifeq          76
        68: aload_2
        69: aload_1
        70: invokeinterface #129,  2          // InterfaceMethod java/util/List.add:(Ljava/lang/Object;)Z
        75: pop
        76: aload_2
        77: areturn

  private static java.lang.String encode(java.util.List<net.minecraft.world.phys.Vec3>);
    Code:
         0: new           #189                // class java/lang/StringBuilder
         3: dup
         4: invokespecial #191                // Method java/lang/StringBuilder."<init>":()V
         7: astore_1
         8: aload_0
         9: invokeinterface #137,  1          // InterfaceMethod java/util/List.iterator:()Ljava/util/Iterator;
        14: astore_2
        15: aload_2
        16: invokeinterface #141,  1          // InterfaceMethod java/util/Iterator.hasNext:()Z
        21: ifeq          98
        24: aload_2
        25: invokeinterface #147,  1          // InterfaceMethod java/util/Iterator.next:()Ljava/lang/Object;
        30: checkcast     #66                 // class net/minecraft/world/phys/Vec3
        33: astore_3
        34: aload_1
        35: invokevirtual #192                // Method java/lang/StringBuilder.length:()I
        38: ifle          48
        41: aload_1
        42: bipush        59
        44: invokevirtual #195                // Method java/lang/StringBuilder.append:(C)Ljava/lang/StringBuilder;
        47: pop
        48: aload_1
        49: getstatic     #199                // Field java/util/Locale.ROOT:Ljava/util/Locale;
        52: ldc           #205                // String %.3f,%.3f,%.3f
        54: iconst_3
        55: anewarray     #2                  // class java/lang/Object
        58: dup
        59: iconst_0
        60: aload_3
        61: getfield      #207                // Field net/minecraft/world/phys/Vec3.x:D
        64: invokestatic  #211                // Method java/lang/Double.valueOf:(D)Ljava/lang/Double;
        67: aastore
        68: dup
        69: iconst_1
        70: aload_3
        71: getfield      #217                // Field net/minecraft/world/phys/Vec3.y:D
        74: invokestatic  #211                // Method java/lang/Double.valueOf:(D)Ljava/lang/Double;
        77: aastore
        78: dup
        79: iconst_2
        80: aload_3
        81: getfield      #220                // Field net/minecraft/world/phys/Vec3.z:D
        84: invokestatic  #211                // Method java/lang/Double.valueOf:(D)Ljava/lang/Double;
        87: aastore
        88: invokestatic  #223                // Method java/lang/String.format:(Ljava/util/Locale;Ljava/lang/String;[Ljava/lang/Object;)Ljava/lang/String;
        91: invokevirtual #229                // Method java/lang/StringBuilder.append:(Ljava/lang/String;)Ljava/lang/StringBuilder;
        94: pop
        95: goto          15
        98: aload_1
        99: invokevirtual #232                // Method java/lang/StringBuilder.toString:()Ljava/lang/String;
       102: areturn

  private static net.minecraft.world.phys.Vec3 horizontal(net.minecraft.world.phys.Vec3);
    Code:
         0: aload_0
         1: ifnonnull     10
         4: getstatic     #236                // Field net/minecraft/world/phys/Vec3.ZERO:Lnet/minecraft/world/phys/Vec3;
         7: goto          11
        10: aload_0
        11: astore_1
        12: new           #66                 // class net/minecraft/world/phys/Vec3
        15: dup
        16: aload_1
        17: getfield      #207                // Field net/minecraft/world/phys/Vec3.x:D
        20: dconst_0
        21: aload_1
        22: getfield      #220                // Field net/minecraft/world/phys/Vec3.z:D
        25: invokespecial #240                // Method net/minecraft/world/phys/Vec3."<init>":(DDD)V
        28: astore_2
        29: aload_2
        30: invokevirtual #243                // Method net/minecraft/world/phys/Vec3.lengthSqr:()D
        33: ldc2_w        #247                // double 1.0E-6d
        36: dcmpg
        37: ifge          53
        40: new           #66                 // class net/minecraft/world/phys/Vec3
        43: dup
        44: dconst_0
        45: dconst_0
        46: dconst_1
        47: invokespecial #240                // Method net/minecraft/world/phys/Vec3."<init>":(DDD)V
        50: goto          57
        53: aload_2
        54: invokevirtual #249                // Method net/minecraft/world/phys/Vec3.normalize:()Lnet/minecraft/world/phys/Vec3;
        57: areturn
}
Compiled from "VillageSkillEffectRenderer.java"
public final class kr.moonseungjun.villageguardians.VillageSkillEffectRenderer extends net.minecraft.client.renderer.entity.EntityRenderer<kr.moonseungjun.villageguardians.VillageSkillEffectEntity, kr.moonseungjun.villageguardians.VillageSkillEffectRenderState> {
  private static final net.minecraft.resources.Identifier TEXTURE;

  private static final net.minecraft.client.renderer.rendertype.RenderType RENDER_TYPE;

  public kr.moonseungjun.villageguardians.VillageSkillEffectRenderer(net.minecraft.client.renderer.entity.EntityRendererProvider$Context);
    Code:
         0: aload_0
         1: aload_1
         2: invokespecial #1                  // Method net/minecraft/client/renderer/entity/EntityRenderer."<init>":(Lnet/minecraft/client/renderer/entity/EntityRendererProvider$Context;)V
         5: aload_0
         6: fconst_0
         7: putfield      #7                  // Field shadowRadius:F
        10: aload_0
        11: fconst_0
        12: putfield      #13                 // Field shadowStrength:F
        15: return

  public kr.moonseungjun.villageguardians.VillageSkillEffectRenderState createRenderState();
    Code:
         0: new           #16                 // class kr/moonseungjun/villageguardians/VillageSkillEffectRenderState
         3: dup
         4: invokespecial #18                 // Method kr/moonseungjun/villageguardians/VillageSkillEffectRenderState."<init>":()V
         7: areturn

  public void extractRenderState(kr.moonseungjun.villageguardians.VillageSkillEffectEntity, kr.moonseungjun.villageguardians.VillageSkillEffectRenderState, float);
    Code:
         0: aload_0
         1: aload_1
         2: aload_2
         3: fload_3
         4: invokespecial #21                 // Method net/minecraft/client/renderer/entity/EntityRenderer.extractRenderState:(Lnet/minecraft/world/entity/Entity;Lnet/minecraft/client/renderer/entity/state/EntityRenderState;F)V
         7: aload_2
         8: aload_1
         9: invokevirtual #25                 // Method kr/moonseungjun/villageguardians/VillageSkillEffectEntity.kind:()Ljava/lang/String;
        12: putfield      #31                 // Field kr/moonseungjun/villageguardians/VillageSkillEffectRenderState.kind:Ljava/lang/String;
        15: aload_2
        16: aload_1
        17: invokevirtual #34                 // Method kr/moonseungjun/villageguardians/VillageSkillEffectEntity.ownerEntityId:()I
        20: putfield      #38                 // Field kr/moonseungjun/villageguardians/VillageSkillEffectRenderState.ownerEntityId:I
        23: aload_2
        24: aload_1
        25: invokevirtual #41                 // Method kr/moonseungjun/villageguardians/VillageSkillEffectEntity.duration:()I
        28: putfield      #44                 // Field kr/moonseungjun/villageguardians/VillageSkillEffectRenderState.duration:I
        31: aload_2
        32: aload_1
        33: getfield      #46                 // Field kr/moonseungjun/villageguardians/VillageSkillEffectEntity.tickCount:I
        36: i2f
        37: fload_3
        38: fadd
        39: putfield      #49                 // Field kr/moonseungjun/villageguardians/VillageSkillEffectRenderState.age:F
        42: aload_2
        43: aload_1
        44: invokevirtual #52                 // Method kr/moonseungjun/villageguardians/VillageSkillEffectEntity.direction:()Lnet/minecraft/world/phys/Vec3;
        47: putfield      #56                 // Field kr/moonseungjun/villageguardians/VillageSkillEffectRenderState.direction:Lnet/minecraft/world/phys/Vec3;
        50: aload_2
        51: aload_1
        52: invokevirtual #59                 // Method kr/moonseungjun/villageguardians/VillageSkillEffectEntity.seed:()I
        55: putfield      #62                 // Field kr/moonseungjun/villageguardians/VillageSkillEffectRenderState.seed:I
        58: aload_2
        59: aload_1
        60: invokevirtual #64                 // Method kr/moonseungjun/villageguardians/VillageSkillEffectEntity.extra:()Ljava/lang/String;
        63: putfield      #67                 // Field kr/moonseungjun/villageguardians/VillageSkillEffectRenderState.extra:Ljava/lang/String;
        66: return

  public void submit(kr.moonseungjun.villageguardians.VillageSkillEffectRenderState, com.mojang.blaze3d.vertex.PoseStack, net.minecraft.client.renderer.SubmitNodeCollector, net.minecraft.client.renderer.state.level.CameraRenderState);
    Code:
         0: aload_1
         1: getfield      #31                 // Field kr/moonseungjun/villageguardians/VillageSkillEffectRenderState.kind:Ljava/lang/String;
         4: ifnull        17
         7: aload_1
         8: getfield      #31                 // Field kr/moonseungjun/villageguardians/VillageSkillEffectRenderState.kind:Ljava/lang/String;
        11: invokevirtual #69                 // Method java/lang/String.isBlank:()Z
        14: ifeq          18
        17: return
        18: aload_3
        19: aload_2
        20: getstatic     #75                 // Field RENDER_TYPE:Lnet/minecraft/client/renderer/rendertype/RenderType;
        23: aload_1
        24: invokedynamic #79,  0             // InvokeDynamic #0:render:(Lkr/moonseungjun/villageguardians/VillageSkillEffectRenderState;)Lnet/minecraft/client/renderer/SubmitNodeCollector$CustomGeometryRenderer;
        29: invokeinterface #83,  4           // InterfaceMethod net/minecraft/client/renderer/SubmitNodeCollector.submitCustomGeometry:(Lcom/mojang/blaze3d/vertex/PoseStack;Lnet/minecraft/client/renderer/rendertype/RenderType;Lnet/minecraft/client/renderer/SubmitNodeCollector$CustomGeometryRenderer;)V
        34: return

  public void extractRenderState(net.minecraft.world.entity.Entity, net.minecraft.client.renderer.entity.state.EntityRenderState, float);
    Code:
         0: aload_0
         1: aload_1
         2: checkcast     #26                 // class kr/moonseungjun/villageguardians/VillageSkillEffectEntity
         5: aload_2
         6: checkcast     #16                 // class kr/moonseungjun/villageguardians/VillageSkillEffectRenderState
         9: fload_3
        10: invokevirtual #89                 // Method extractRenderState:(Lkr/moonseungjun/villageguardians/VillageSkillEffectEntity;Lkr/moonseungjun/villageguardians/VillageSkillEffectRenderState;F)V
        13: return

  public net.minecraft.client.renderer.entity.state.EntityRenderState createRenderState();
    Code:
         0: aload_0
         1: invokevirtual #92                 // Method createRenderState:()Lkr/moonseungjun/villageguardians/VillageSkillEffectRenderState;
         4: areturn

  public void submit(net.minecraft.client.renderer.entity.state.EntityRenderState, com.mojang.blaze3d.vertex.PoseStack, net.minecraft.client.renderer.SubmitNodeCollector, net.minecraft.client.renderer.state.level.CameraRenderState);
    Code:
         0: aload_0
         1: aload_1
         2: checkcast     #16                 // class kr/moonseungjun/villageguardians/VillageSkillEffectRenderState
         5: aload_2
         6: aload_3
         7: aload         4
         9: invokevirtual #96                 // Method submit:(Lkr/moonseungjun/villageguardians/VillageSkillEffectRenderState;Lcom/mojang/blaze3d/vertex/PoseStack;Lnet/minecraft/client/renderer/SubmitNodeCollector;Lnet/minecraft/client/renderer/state/level/CameraRenderState;)V
        12: return

  private static void lambda$submit$0(kr.moonseungjun.villageguardians.VillageSkillEffectRenderState, com.mojang.blaze3d.vertex.PoseStack$Pose, com.mojang.blaze3d.vertex.VertexConsumer);
    Code:
         0: aload_0
         1: aload_1
         2: aload_2
         3: invokestatic  #100                // Method kr/moonseungjun/villageguardians/VillageSkillMeshLibrary.render:(Lkr/moonseungjun/villageguardians/VillageSkillEffectRenderState;Lcom/mojang/blaze3d/vertex/PoseStack$Pose;Lcom/mojang/blaze3d/vertex/VertexConsumer;)V
         6: return

  static {};
    Code:
         0: ldc           #107                // String villageguardians
         2: ldc           #109                // String textures/effect/skill_mesh.png
         4: invokestatic  #111                // Method net/minecraft/resources/Identifier.fromNamespaceAndPath:(Ljava/lang/String;Ljava/lang/String;)Lnet/minecraft/resources/Identifier;
         7: putstatic     #117                // Field TEXTURE:Lnet/minecraft/resources/Identifier;
        10: getstatic     #117                // Field TEXTURE:Lnet/minecraft/resources/Identifier;
        13: invokestatic  #121                // Method net/minecraft/client/renderer/rendertype/RenderTypes.entityTranslucentEmissive:(Lnet/minecraft/resources/Identifier;)Lnet/minecraft/client/renderer/rendertype/RenderType;
        16: putstatic     #75                 // Field RENDER_TYPE:Lnet/minecraft/client/renderer/rendertype/RenderType;
        19: return
}
Compiled from "VillageSkillMeshLibrary.java"
public final class kr.moonseungjun.villageguardians.VillageSkillMeshLibrary {
  private static final int FULL_BRIGHT;

  private static final double TAU;

  private kr.moonseungjun.villageguardians.VillageSkillMeshLibrary();
    Code:
         0: aload_0
         1: invokespecial #3                  // Method java/lang/Object."<init>":()V
         4: return

  public static void render(kr.moonseungjun.villageguardians.VillageSkillEffectRenderState, com.mojang.blaze3d.vertex.PoseStack$Pose, com.mojang.blaze3d.vertex.VertexConsumer);
    Code:
         0: aload_0
         1: getfield      #9                  // Field kr/moonseungjun/villageguardians/VillageSkillEffectRenderState.age:F
         4: f2d
         5: dstore_3
         6: dload_3
         7: dconst_1
         8: aload_0
         9: getfield      #15                 // Field kr/moonseungjun/villageguardians/VillageSkillEffectRenderState.duration:I
        12: i2d
        13: invokestatic  #19                 // Method java/lang/Math.max:(DD)D
        16: ddiv
        17: dconst_0
        18: dconst_1
        19: invokestatic  #23                 // Method clamp:(DDD)D
        22: dstore        5
        24: aload_0
        25: getfield      #29                 // Field kr/moonseungjun/villageguardians/VillageSkillEffectRenderState.direction:Lnet/minecraft/world/phys/Vec3;
        28: invokestatic  #33                 // Method kr/moonseungjun/villageguardians/VillageSkillMeshLibrary$Basis.from:(Lnet/minecraft/world/phys/Vec3;)Lkr/moonseungjun/villageguardians/VillageSkillMeshLibrary$Basis;
        31: astore        7
        33: new           #39                 // class java/util/Random
        36: dup
        37: aload_0
        38: getfield      #41                 // Field kr/moonseungjun/villageguardians/VillageSkillEffectRenderState.seed:I
        41: i2l
        42: invokespecial #44                 // Method java/util/Random."<init>":(J)V
        45: astore        8
        47: aload_0
        48: getfield      #47                 // Field kr/moonseungjun/villageguardians/VillageSkillEffectRenderState.kind:Ljava/lang/String;
        51: astore        9
        53: iconst_m1
        54: istore        10
        56: aload         9
        58: invokevirtual #51                 // Method java/lang/String.hashCode:()I
        61: lookupswitch  { // 28
             -1703724611: 360
             -1662021575: 426
             -1463539592: 328
             -1446486254: 392
              -917656255: 545
              -764728223: 460
              -455189437: 494
                 2677928: 613
                 3273826: 630
                91720789: 409
               106837479: 443
               111739025: 344
               221080658: 664
               221676556: 681
               269632659: 749
               287074004: 715
               288561955: 376
               444455245: 312
               544834576: 647
               762372304: 698
              1103519664: 528
              1276870070: 562
              1283601686: 477
              1644289873: 579
              1644565516: 596
              1772070392: 732
              1949470954: 511
              2092591359: 296
                 default: 763
            }
       296: aload         9
       298: ldc           #57                 // String vanguard_spin
       300: invokevirtual #59                 // Method java/lang/String.equals:(Ljava/lang/Object;)Z
       303: ifeq          763
       306: iconst_0
       307: istore        10
       309: goto          763
       312: aload         9
       314: ldc           #63                 // String vanguard_rally
       316: invokevirtual #59                 // Method java/lang/String.equals:(Ljava/lang/Object;)Z
       319: ifeq          763
       322: iconst_1
       323: istore        10
       325: goto          763
       328: aload         9
       330: ldc           #65                 // String vanguard_blade_charge
       332: invokevirtual #59                 // Method java/lang/String.equals:(Ljava/lang/Object;)Z
       335: ifeq          763
       338: iconst_2
       339: istore        10
       341: goto          763
       344: aload         9
       346: ldc           #67                 // String vanguard_slam_charge
       348: invokevirtual #59                 // Method java/lang/String.equals:(Ljava/lang/Object;)Z
       351: ifeq          763
       354: iconst_3
       355: istore        10
       357: goto          763
       360: aload         9
       362: ldc           #69                 // String vanguard_blade_wave
       364: invokevirtual #59                 // Method java/lang/String.equals:(Ljava/lang/Object;)Z
       367: ifeq          763
       370: iconst_4
       371: istore        10
       373: goto          763
       376: aload         9
       378: ldc           #71                 // String vanguard_slam_impact
       380: invokevirtual #59                 // Method java/lang/String.equals:(Ljava/lang/Object;)Z
       383: ifeq          763
       386: iconst_5
       387: istore        10
       389: goto          763
       392: aload         9
       394: ldc           #73                 // String ranger_rapid
       396: invokevirtual #59                 // Method java/lang/String.equals:(Ljava/lang/Object;)Z
       399: ifeq          763
       402: bipush        6
       404: istore        10
       406: goto          763
       409: aload         9
       411: ldc           #75                 // String ranger_lock
       413: invokevirtual #59                 // Method java/lang/String.equals:(Ljava/lang/Object;)Z
       416: ifeq          763
       419: bipush        7
       421: istore        10
       423: goto          763
       426: aload         9
       428: ldc           #77                 // String ranger_rain_field
       430: invokevirtual #59                 // Method java/lang/String.equals:(Ljava/lang/Object;)Z
       433: ifeq          763
       436: bipush        8
       438: istore        10
       440: goto          763
       443: aload         9
       445: ldc           #79                 // String ranger_rain_impact
       447: invokevirtual #59                 // Method java/lang/String.equals:(Ljava/lang/Object;)Z
       450: ifeq          763
       453: bipush        9
       455: istore        10
       457: goto          763
       460: aload         9
       462: ldc           #81                 // String ranger_energy_charge
       464: invokevirtual #59                 // Method java/lang/String.equals:(Ljava/lang/Object;)Z
       467: ifeq          763
       470: bipush        10
       472: istore        10
       474: goto          763
       477: aload         9
       479: ldc           #83                 // String ranger_energy_projectile
       481: invokevirtual #59                 // Method java/lang/String.equals:(Ljava/lang/Object;)Z
       484: ifeq          763
       487: bipush        11
       489: istore        10
       491: goto          763
       494: aload         9
       496: ldc           #85                 // String ranger_ricochet_path
       498: invokevirtual #59                 // Method java/lang/String.equals:(Ljava/lang/Object;)Z
       501: ifeq          763
       504: bipush        12
       506: istore        10
       508: goto          763
       511: aload         9
       513: ldc           #87                 // String arcanist_fire_orb
       515: invokevirtual #59                 // Method java/lang/String.equals:(Ljava/lang/Object;)Z
       518: ifeq          763
       521: bipush        13
       523: istore        10
       525: goto          763
       528: aload         9
       530: ldc           #89                 // String arcanist_frost
       532: invokevirtual #59                 // Method java/lang/String.equals:(Ljava/lang/Object;)Z
       535: ifeq          763
       538: bipush        14
       540: istore        10
       542: goto          763
       545: aload         9
       547: ldc           #91                 // String arcanist_tornado
       549: invokevirtual #59                 // Method java/lang/String.equals:(Ljava/lang/Object;)Z
       552: ifeq          763
       555: bipush        15
       557: istore        10
       559: goto          763
       562: aload         9
       564: ldc           #93                 // String arcanist_lightning
       566: invokevirtual #59                 // Method java/lang/String.equals:(Ljava/lang/Object;)Z
       569: ifeq          763
       572: bipush        16
       574: istore        10
       576: goto          763
       579: aload         9
       581: ldc           #95                 // String luminar_heal_cast
       583: invokevirtual #59                 // Method java/lang/String.equals:(Ljava/lang/Object;)Z
       586: ifeq          763
       589: bipush        17
       591: istore        10
       593: goto          763
       596: aload         9
       598: ldc           #97                 // String luminar_heal_link
       600: invokevirtual #59                 // Method java/lang/String.equals:(Ljava/lang/Object;)Z
       603: ifeq          763
       606: bipush        18
       608: istore        10
       610: goto          763
       613: aload         9
       615: ldc           #99                 // String luminar_cleanse_cast
       617: invokevirtual #59                 // Method java/lang/String.equals:(Ljava/lang/Object;)Z
       620: ifeq          763
       623: bipush        19
       625: istore        10
       627: goto          763
       630: aload         9
       632: ldc           #101                // String luminar_cleanse_wave
       634: invokevirtual #59                 // Method java/lang/String.equals:(Ljava/lang/Object;)Z
       637: ifeq          763
       640: bipush        20
       642: istore        10
       644: goto          763
       647: aload         9
       649: ldc           #103                // String luminar_healing_field
       651: invokevirtual #59                 // Method java/lang/String.equals:(Ljava/lang/Object;)Z
       654: ifeq          763
       657: bipush        21
       659: istore        10
       661: goto          763
       664: aload         9
       666: ldc           #105                // String luminar_miracle_cast
       668: invokevirtual #59                 // Method java/lang/String.equals:(Ljava/lang/Object;)Z
       671: ifeq          763
       674: bipush        22
       676: istore        10
       678: goto          763
       681: aload         9
       683: ldc           #107                // String luminar_miracle_wave
       685: invokevirtual #59                 // Method java/lang/String.equals:(Ljava/lang/Object;)Z
       688: ifeq          763
       691: bipush        23
       693: istore        10
       695: goto          763
       698: aload         9
       700: ldc           #109                // String warden_charge_cast
       702: invokevirtual #59                 // Method java/lang/String.equals:(Ljava/lang/Object;)Z
       705: ifeq          763
       708: bipush        24
       710: istore        10
       712: goto          763
       715: aload         9
       717: ldc           #111                // String warden_taunt
       719: invokevirtual #59                 // Method java/lang/String.equals:(Ljava/lang/Object;)Z
       722: ifeq          763
       725: bipush        25
       727: istore        10
       729: goto          763
       732: aload         9
       734: ldc           #113                // String warden_fortress
       736: invokevirtual #59                 // Method java/lang/String.equals:(Ljava/lang/Object;)Z
       739: ifeq          763
       742: bipush        26
       744: istore        10
       746: goto          763
       749: aload         9
       751: ldc           #115                // String warden_aegis
       753: invokevirtual #59                 // Method java/lang/String.equals:(Ljava/lang/Object;)Z
       756: ifeq          763
       759: bipush        27
       761: istore        10
       763: iload         10
       765: tableswitch   { // 0 to 27
                       0: 892
                       1: 905
                       2: 918
                       3: 931
                       4: 944
                       5: 957
                       6: 972
                       7: 985
                       8: 998
                       9: 1013
                      10: 1028
                      11: 1041
                      12: 1054
                      13: 1069
                      14: 1082
                      15: 1095
                      16: 1108
                      17: 1123
                      18: 1136
                      19: 1151
                      20: 1164
                      21: 1176
                      22: 1189
                      23: 1202
                      24: 1214
                      25: 1227
                      26: 1240
                      27: 1254
                 default: 1268
            }
       892: aload_1
       893: aload_2
       894: aload         7
       896: dload_3
       897: dload         5
       899: invokestatic  #117                // Method renderVanguardSpin:(Lcom/mojang/blaze3d/vertex/PoseStack$Pose;Lcom/mojang/blaze3d/vertex/VertexConsumer;Lkr/moonseungjun/villageguardians/VillageSkillMeshLibrary$Basis;DD)V
       902: goto          1278
       905: aload_1
       906: aload_2
       907: aload         7
       909: dload_3
       910: dload         5
       912: invokestatic  #121                // Method renderVanguardRally:(Lcom/mojang/blaze3d/vertex/PoseStack$Pose;Lcom/mojang/blaze3d/vertex/VertexConsumer;Lkr/moonseungjun/villageguardians/VillageSkillMeshLibrary$Basis;DD)V
       915: goto          1278
       918: aload_1
       919: aload_2
       920: aload         7
       922: dload_3
       923: dload         5
       925: invokestatic  #124                // Method renderBladeCharge:(Lcom/mojang/blaze3d/vertex/PoseStack$Pose;Lcom/mojang/blaze3d/vertex/VertexConsumer;Lkr/moonseungjun/villageguardians/VillageSkillMeshLibrary$Basis;DD)V
       928: goto          1278
       931: aload_1
       932: aload_2
       933: aload         7
       935: dload_3
       936: dload         5
       938: invokestatic  #127                // Method renderSlamCharge:(Lcom/mojang/blaze3d/vertex/PoseStack$Pose;Lcom/mojang/blaze3d/vertex/VertexConsumer;Lkr/moonseungjun/villageguardians/VillageSkillMeshLibrary$Basis;DD)V
       941: goto          1278
       944: aload_1
       945: aload_2
       946: aload         7
       948: dload_3
       949: dload         5
       951: invokestatic  #130                // Method renderBladeWave:(Lcom/mojang/blaze3d/vertex/PoseStack$Pose;Lcom/mojang/blaze3d/vertex/VertexConsumer;Lkr/moonseungjun/villageguardians/VillageSkillMeshLibrary$Basis;DD)V
       954: goto          1278
       957: aload_1
       958: aload_2
       959: aload         7
       961: dload_3
       962: dload         5
       964: aload         8
       966: invokestatic  #133                // Method renderSlamImpact:(Lcom/mojang/blaze3d/vertex/PoseStack$Pose;Lcom/mojang/blaze3d/vertex/VertexConsumer;Lkr/moonseungjun/villageguardians/VillageSkillMeshLibrary$Basis;DDLjava/util/Random;)V
       969: goto          1278
       972: aload_1
       973: aload_2
       974: aload         7
       976: dload_3
       977: dload         5
       979: invokestatic  #137                // Method renderRapidFire:(Lcom/mojang/blaze3d/vertex/PoseStack$Pose;Lcom/mojang/blaze3d/vertex/VertexConsumer;Lkr/moonseungjun/villageguardians/VillageSkillMeshLibrary$Basis;DD)V
       982: goto          1278
       985: aload_1
       986: aload_2
       987: aload         7
       989: dload_3
       990: dload         5
       992: invokestatic  #140                // Method renderTargetLock:(Lcom/mojang/blaze3d/vertex/PoseStack$Pose;Lcom/mojang/blaze3d/vertex/VertexConsumer;Lkr/moonseungjun/villageguardians/VillageSkillMeshLibrary$Basis;DD)V
       995: goto          1278
       998: aload_1
       999: aload_2
      1000: aload         7
      1002: dload_3
      1003: dload         5
      1005: aload         8
      1007: invokestatic  #143                // Method renderArrowRainField:(Lcom/mojang/blaze3d/vertex/PoseStack$Pose;Lcom/mojang/blaze3d/vertex/VertexConsumer;Lkr/moonseungjun/villageguardians/VillageSkillMeshLibrary$Basis;DDLjava/util/Random;)V
      1010: goto          1278
      1013: aload_1
      1014: aload_2
      1015: aload         7
      1017: dload_3
      1018: dload         5
      1020: aload         8
      1022: invokestatic  #146                // Method renderArrowRainImpact:(Lcom/mojang/blaze3d/vertex/PoseStack$Pose;Lcom/mojang/blaze3d/vertex/VertexConsumer;Lkr/moonseungjun/villageguardians/VillageSkillMeshLibrary$Basis;DDLjava/util/Random;)V
      1025: goto          1278
      1028: aload_1
      1029: aload_2
      1030: aload         7
      1032: dload_3
      1033: dload         5
      1035: invokestatic  #149                // Method renderEnergyCharge:(Lcom/mojang/blaze3d/vertex/PoseStack$Pose;Lcom/mojang/blaze3d/vertex/VertexConsumer;Lkr/moonseungjun/villageguardians/VillageSkillMeshLibrary$Basis;DD)V
      1038: goto          1278
      1041: aload_1
      1042: aload_2
      1043: aload         7
      1045: dload_3
      1046: dload         5
      1048: invokestatic  #152                // Method renderEnergyProjectile:(Lcom/mojang/blaze3d/vertex/PoseStack$Pose;Lcom/mojang/blaze3d/vertex/VertexConsumer;Lkr/moonseungjun/villageguardians/VillageSkillMeshLibrary$Basis;DD)V
      1051: goto          1278
      1054: aload_1
      1055: aload_2
      1056: aload_0
      1057: dload_3
      1058: dload         5
      1060: ldc           #155                // int 9558015
      1062: iconst_0
      1063: invokestatic  #156                // Method renderPath:(Lcom/mojang/blaze3d/vertex/PoseStack$Pose;Lcom/mojang/blaze3d/vertex/VertexConsumer;Lkr/moonseungjun/villageguardians/VillageSkillEffectRenderState;DDIZ)V
      1066: goto          1278
      1069: aload_1
      1070: aload_2
      1071: aload         7
      1073: dload_3
      1074: dload         5
      1076: invokestatic  #160                // Method renderFireOrb:(Lcom/mojang/blaze3d/vertex/PoseStack$Pose;Lcom/mojang/blaze3d/vertex/VertexConsumer;Lkr/moonseungjun/villageguardians/VillageSkillMeshLibrary$Basis;DD)V
      1079: goto          1278
      1082: aload_1
      1083: aload_2
      1084: aload         7
      1086: dload_3
      1087: dload         5
      1089: invokestatic  #163                // Method renderFrostField:(Lcom/mojang/blaze3d/vertex/PoseStack$Pose;Lcom/mojang/blaze3d/vertex/VertexConsumer;Lkr/moonseungjun/villageguardians/VillageSkillMeshLibrary$Basis;DD)V
      1092: goto          1278
      1095: aload_1
      1096: aload_2
      1097: aload         7
      1099: dload_3
      1100: dload         5
      1102: invokestatic  #166                // Method renderTornado:(Lcom/mojang/blaze3d/vertex/PoseStack$Pose;Lcom/mojang/blaze3d/vertex/VertexConsumer;Lkr/moonseungjun/villageguardians/VillageSkillMeshLibrary$Basis;DD)V
      1105: goto          1278
      1108: aload_1
      1109: aload_2
      1110: aload         7
      1112: dload_3
      1113: dload         5
      1115: aload         8
      1117: invokestatic  #169                // Method renderLightningField:(Lcom/mojang/blaze3d/vertex/PoseStack$Pose;Lcom/mojang/blaze3d/vertex/VertexConsumer;Lkr/moonseungjun/villageguardians/VillageSkillMeshLibrary$Basis;DDLjava/util/Random;)V
      1120: goto          1278
      1123: aload_1
      1124: aload_2
      1125: aload         7
      1127: dload_3
      1128: dload         5
      1130: invokestatic  #172                // Method renderHealCast:(Lcom/mojang/blaze3d/vertex/PoseStack$Pose;Lcom/mojang/blaze3d/vertex/VertexConsumer;Lkr/moonseungjun/villageguardians/VillageSkillMeshLibrary$Basis;DD)V
      1133: goto          1278
      1136: aload_1
      1137: aload_2
      1138: aload_0
      1139: dload_3
      1140: dload         5
      1142: ldc           #175                // int 16773800
      1144: iconst_1
      1145: invokestatic  #156                // Method renderPath:(Lcom/mojang/blaze3d/vertex/PoseStack$Pose;Lcom/mojang/blaze3d/vertex/VertexConsumer;Lkr/moonseungjun/villageguardians/VillageSkillEffectRenderState;DDIZ)V
      1148: goto          1278
      1151: aload_1
      1152: aload_2
      1153: aload         7
      1155: dload_3
      1156: dload         5
      1158: invokestatic  #176                // Method renderCleanseCast:(Lcom/mojang/blaze3d/vertex/PoseStack$Pose;Lcom/mojang/blaze3d/vertex/VertexConsumer;Lkr/moonseungjun/villageguardians/VillageSkillMeshLibrary$Basis;DD)V
      1161: goto          1278
      1164: aload_1
      1165: aload_2
      1166: aload_0
      1167: dload_3
      1168: dload         5
      1170: invokestatic  #179                // Method renderCleanseWave:(Lcom/mojang/blaze3d/vertex/PoseStack$Pose;Lcom/mojang/blaze3d/vertex/VertexConsumer;Lkr/moonseungjun/villageguardians/VillageSkillEffectRenderState;DD)V
      1173: goto          1278
      1176: aload_1
      1177: aload_2
      1178: aload         7
      1180: dload_3
      1181: dload         5
      1183: invokestatic  #183                // Method renderHealingField:(Lcom/mojang/blaze3d/vertex/PoseStack$Pose;Lcom/mojang/blaze3d/vertex/VertexConsumer;Lkr/moonseungjun/villageguardians/VillageSkillMeshLibrary$Basis;DD)V
      1186: goto          1278
      1189: aload_1
      1190: aload_2
      1191: aload         7
      1193: dload_3
      1194: dload         5
      1196: invokestatic  #186                // Method renderMiracleCast:(Lcom/mojang/blaze3d/vertex/PoseStack$Pose;Lcom/mojang/blaze3d/vertex/VertexConsumer;Lkr/moonseungjun/villageguardians/VillageSkillMeshLibrary$Basis;DD)V
      1199: goto          1278
      1202: aload_1
      1203: aload_2
      1204: aload_0
      1205: dload_3
      1206: dload         5
      1208: invokestatic  #189                // Method renderMiracleWave:(Lcom/mojang/blaze3d/vertex/PoseStack$Pose;Lcom/mojang/blaze3d/vertex/VertexConsumer;Lkr/moonseungjun/villageguardians/VillageSkillEffectRenderState;DD)V
      1211: goto          1278
      1214: aload_1
      1215: aload_2
      1216: aload         7
      1218: dload_3
      1219: dload         5
      1221: invokestatic  #192                // Method renderShieldCharge:(Lcom/mojang/blaze3d/vertex/PoseStack$Pose;Lcom/mojang/blaze3d/vertex/VertexConsumer;Lkr/moonseungjun/villageguardians/VillageSkillMeshLibrary$Basis;DD)V
      1224: goto          1278
      1227: aload_1
      1228: aload_2
      1229: aload         7
      1231: dload_3
      1232: dload         5
      1234: invokestatic  #195                // Method renderTaunt:(Lcom/mojang/blaze3d/vertex/PoseStack$Pose;Lcom/mojang/blaze3d/vertex/VertexConsumer;Lkr/moonseungjun/villageguardians/VillageSkillMeshLibrary$Basis;DD)V
      1237: goto          1278
      1240: aload_1
      1241: aload_2
      1242: aload         7
      1244: dload_3
      1245: dload         5
      1247: iconst_1
      1248: invokestatic  #198                // Method renderFortress:(Lcom/mojang/blaze3d/vertex/PoseStack$Pose;Lcom/mojang/blaze3d/vertex/VertexConsumer;Lkr/moonseungjun/villageguardians/VillageSkillMeshLibrary$Basis;DDZ)V
      1251: goto          1278
      1254: aload_1
      1255: aload_2
      1256: aload         7
      1258: dload_3
      1259: dload         5
      1261: iconst_0
      1262: invokestatic  #198                // Method renderFortress:(Lcom/mojang/blaze3d/vertex/PoseStack$Pose;Lcom/mojang/blaze3d/vertex/VertexConsumer;Lkr/moonseungjun/villageguardians/VillageSkillMeshLibrary$Basis;DDZ)V
      1265: goto          1278
      1268: aload_1
      1269: aload_2
      1270: aload         7
      1272: dload_3
      1273: dload         5
      1275: invokestatic  #202                // Method renderFallbackRune:(Lcom/mojang/blaze3d/vertex/PoseStack$Pose;Lcom/mojang/blaze3d/vertex/VertexConsumer;Lkr/moonseungjun/villageguardians/VillageSkillMeshLibrary$Basis;DD)V
      1278: return

  private static void renderVanguardSpin(com.mojang.blaze3d.vertex.PoseStack$Pose, com.mojang.blaze3d.vertex.VertexConsumer, kr.moonseungjun.villageguardians.VillageSkillMeshLibrary$Basis, double, double);
    Code:
         0: dload         5
         2: ldc2_w        #205                // double 0.08d
         5: ldc2_w        #207                // double 0.16d
         8: invokestatic  #209                // Method envelope:(DDD)D
        11: dstore        7
        13: iconst_0
        14: istore        9
        16: iload         9
        18: iconst_3
        19: if_icmpge     123
        22: dload_3
        23: ldc2_w        #212                // double 0.72d
        26: dmul
        27: iload         9
        29: i2d
        30: ldc2_w        #214                // double 6.283185307179586d
        33: dmul
        34: ldc2_w        #216                // double 3.0d
        37: ddiv
        38: dadd
        39: dstore        10
        41: ldc2_w        #218                // double 1.45d
        44: iload         9
        46: i2d
        47: ldc2_w        #220                // double 0.38d
        50: dmul
        51: dadd
        52: dstore        12
        54: ldc2_w        #222                // double 0.78d
        57: iload         9
        59: i2d
        60: ldc2_w        #224                // double 0.27d
        63: dmul
        64: dadd
        65: dstore        14
        67: aload_0
        68: aload_1
        69: aload_2
        70: dload         10
        72: dload         12
        74: dload         14
        76: ldc2_w        #226                // double 1.48d
        79: ldc2_w        #228                // double 0.18d
        82: iload         9
        84: i2d
        85: ldc2_w        #230                // double 0.025d
        88: dmul
        89: dadd
        90: sipush        255
        93: sipush        196
        96: iload         9
        98: bipush        18
       100: imul
       101: isub
       102: bipush        86
       104: ldc2_w        #232                // double 205.0d
       107: dload         7
       109: dmul
       110: d2i
       111: invokestatic  #234                // Method rgba:(IIII)I
       114: invokestatic  #238                // Method slashArc:(Lcom/mojang/blaze3d/vertex/PoseStack$Pose;Lcom/mojang/blaze3d/vertex/VertexConsumer;Lkr/moonseungjun/villageguardians/VillageSkillMeshLibrary$Basis;DDDDDI)V
       117: iinc          9, 1
       120: goto          16
       123: aload_0
       124: aload_1
       125: aload_2
       126: ldc2_w        #242                // double 1.14d
       129: ldc2_w        #205                // double 0.08d
       132: ldc2_w        #244                // double 0.11d
       135: bipush        48
       137: sipush        255
       140: bipush        116
       142: bipush        45
       144: ldc2_w        #246                // double 105.0d
       147: dload         7
       149: dmul
       150: d2i
       151: invokestatic  #234                // Method rgba:(IIII)I
       154: dload_3
       155: ldc2_w        #248                // double 0.04d
       158: dmul
       159: invokestatic  #250                // Method ring:(Lcom/mojang/blaze3d/vertex/PoseStack$Pose;Lcom/mojang/blaze3d/vertex/VertexConsumer;Lkr/moonseungjun/villageguardians/VillageSkillMeshLibrary$Basis;DDDIID)V
       162: iconst_0
       163: istore        9
       165: iload         9
       167: iconst_4
       168: if_icmpge     267
       171: dload_3
       172: dneg
       173: ldc2_w        #254                // double 0.31d
       176: dmul
       177: iload         9
       179: i2d
       180: ldc2_w        #214                // double 6.283185307179586d
       183: dmul
       184: ldc2_w        #256                // double 4.0d
       187: ddiv
       188: dadd
       189: dstore        10
       191: aload_0
       192: aload_1
       193: aload_2
       194: dload         10
       196: ldc2_w        #212                // double 0.72d
       199: ldc2_w        #258                // double 0.45d
       202: iload         9
       204: i2d
       205: ldc2_w        #228                // double 0.18d
       208: dmul
       209: dadd
       210: invokestatic  #260                // Method polar:(DDD)Lnet/minecraft/world/phys/Vec3;
       213: dload         10
       215: ldc2_w        #212                // double 0.72d
       218: dadd
       219: ldc2_w        #264                // double 2.15d
       222: ldc2_w        #266                // double 0.85d
       225: iload         9
       227: i2d
       228: ldc2_w        #268                // double 0.1d
       231: dmul
       232: dadd
       233: invokestatic  #260                // Method polar:(DDD)Lnet/minecraft/world/phys/Vec3;
       236: ldc2_w        #207                // double 0.16d
       239: sipush        255
       242: sipush        224
       245: sipush        145
       248: ldc2_w        #270                // double 125.0d
       251: dload         7
       253: dmul
       254: d2i
       255: invokestatic  #234                // Method rgba:(IIII)I
       258: invokestatic  #272                // Method taperedRibbon:(Lcom/mojang/blaze3d/vertex/PoseStack$Pose;Lcom/mojang/blaze3d/vertex/VertexConsumer;Lkr/moonseungjun/villageguardians/VillageSkillMeshLibrary$Basis;Lnet/minecraft/world/phys/Vec3;Lnet/minecraft/world/phys/Vec3;DI)V
       261: iinc          9, 1
       264: goto          165
       267: return

  private static void renderVanguardRally(com.mojang.blaze3d.vertex.PoseStack$Pose, com.mojang.blaze3d.vertex.VertexConsumer, kr.moonseungjun.villageguardians.VillageSkillMeshLibrary$Basis, double, double);
    Code:
         0: ldc2_w        #276                // double 0.82d
         3: ldc2_w        #228                // double 0.18d
         6: dload_3
         7: ldc2_w        #278                // double 0.34d
        10: dmul
        11: invokestatic  #280                // Method java/lang/Math.sin:(D)D
        14: dmul
        15: dadd
        16: dstore        7
        18: aload_0
        19: aload_1
        20: aload_2
        21: ldc2_w        #284                // double 1.2d
        24: dload         5
        26: ldc2_w        #286                // double 2.2d
        29: dmul
        30: dadd
        31: ldc2_w        #288                // double 0.12d
        34: ldc2_w        #290                // double 0.14d
        37: bipush        56
        39: sipush        255
        42: sipush        171
        45: bipush        58
        47: ldc2_w        #292                // double 170.0d
        50: dconst_1
        51: dload         5
        53: dsub
        54: dmul
        55: d2i
        56: invokestatic  #234                // Method rgba:(IIII)I
        59: dload_3
        60: ldc2_w        #294                // double 0.02d
        63: dmul
        64: invokestatic  #250                // Method ring:(Lcom/mojang/blaze3d/vertex/PoseStack$Pose;Lcom/mojang/blaze3d/vertex/VertexConsumer;Lkr/moonseungjun/villageguardians/VillageSkillMeshLibrary$Basis;DDDIID)V
        67: aload_0
        68: aload_1
        69: aload_2
        70: ldc2_w        #296                // double 0.95d
        73: dload         7
        75: dmul
        76: ldc2_w        #218                // double 1.45d
        79: ldc2_w        #298                // double 0.09d
        82: bipush        40
        84: sipush        255
        87: sipush        224
        90: sipush        130
        93: sipush        185
        96: invokestatic  #234                // Method rgba:(IIII)I
        99: dload_3
       100: dneg
       101: ldc2_w        #230                // double 0.025d
       104: dmul
       105: invokestatic  #250                // Method ring:(Lcom/mojang/blaze3d/vertex/PoseStack$Pose;Lcom/mojang/blaze3d/vertex/VertexConsumer;Lkr/moonseungjun/villageguardians/VillageSkillMeshLibrary$Basis;DDDIID)V
       108: iconst_0
       109: istore        9
       111: iload         9
       113: bipush        6
       115: if_icmpge     199
       118: iload         9
       120: i2d
       121: ldc2_w        #214                // double 6.283185307179586d
       124: dmul
       125: ldc2_w        #300                // double 6.0d
       128: ddiv
       129: dload_3
       130: ldc2_w        #230                // double 0.025d
       133: dmul
       134: dadd
       135: dstore        10
       137: aload_0
       138: aload_1
       139: aload_2
       140: dload         10
       142: dconst_1
       143: ldc2_w        #207                // double 0.16d
       146: dload_3
       147: ldc2_w        #302                // double 0.2d
       150: dmul
       151: iload         9
       153: i2d
       154: dadd
       155: invokestatic  #280                // Method java/lang/Math.sin:(D)D
       158: dmul
       159: dadd
       160: ldc2_w        #284                // double 1.2d
       163: iload         9
       165: iconst_2
       166: irem
       167: i2d
       168: ldc2_w        #304                // double 0.35d
       171: dmul
       172: dadd
       173: ldc2_w        #306                // double 0.42d
       176: sipush        255
       179: sipush        187
       182: bipush        68
       184: sipush        185
       187: invokestatic  #234                // Method rgba:(IIII)I
       190: invokestatic  #308                // Method chevron:(Lcom/mojang/blaze3d/vertex/PoseStack$Pose;Lcom/mojang/blaze3d/vertex/VertexConsumer;Lkr/moonseungjun/villageguardians/VillageSkillMeshLibrary$Basis;DDDDI)V
       193: iinc          9, 1
       196: goto          111
       199: iconst_0
       200: istore        9
       202: iload         9
       204: iconst_4
       205: if_icmpge     271
       208: iload         9
       210: i2d
       211: ldc2_w        #214                // double 6.283185307179586d
       214: dmul
       215: ldc2_w        #256                // double 4.0d
       218: ddiv
       219: dload_3
       220: ldc2_w        #312                // double 0.018d
       223: dmul
       224: dadd
       225: dstore        10
       227: aload_0
       228: aload_1
       229: aload_2
       230: dload         10
       232: ldc2_w        #314                // double 0.65d
       235: ldc2_w        #316                // double 0.25d
       238: invokestatic  #260                // Method polar:(DDD)Lnet/minecraft/world/phys/Vec3;
       241: ldc2_w        #318                // double 1.9d
       244: ldc2_w        #268                // double 0.1d
       247: sipush        255
       250: sipush        236
       253: sipush        165
       256: sipush        150
       259: invokestatic  #234                // Method rgba:(IIII)I
       262: invokestatic  #320                // Method verticalBlade:(Lcom/mojang/blaze3d/vertex/PoseStack$Pose;Lcom/mojang/blaze3d/vertex/VertexConsumer;Lkr/moonseungjun/villageguardians/VillageSkillMeshLibrary$Basis;Lnet/minecraft/world/phys/Vec3;DDI)V
       265: iinc          9, 1
       268: goto          202
       271: return

  private static void renderBladeCharge(com.mojang.blaze3d.vertex.PoseStack$Pose, com.mojang.blaze3d.vertex.VertexConsumer, kr.moonseungjun.villageguardians.VillageSkillMeshLibrary$Basis, double, double);
    Code:
         0: aload_0
         1: aload_1
         2: aload_2
         3: ldc2_w        #324                // double 0.55d
         6: dload         5
         8: ldc2_w        #306                // double 0.42d
        11: dmul
        12: dadd
        13: ldc2_w        #326                // double 1.18d
        16: dload_3
        17: ldc2_w        #328                // double 0.05d
        20: dmul
        21: sipush        140
        24: sipush        205
        27: sipush        255
        30: sipush        180
        33: invokestatic  #234                // Method rgba:(IIII)I
        36: invokestatic  #330                // Method runeDisc:(Lcom/mojang/blaze3d/vertex/PoseStack$Pose;Lcom/mojang/blaze3d/vertex/VertexConsumer;Lkr/moonseungjun/villageguardians/VillageSkillMeshLibrary$Basis;DDDI)V
        39: iconst_0
        40: istore        7
        42: iload         7
        44: iconst_5
        45: if_icmpge     170
        48: iload         7
        50: i2d
        51: ldc2_w        #334                // double 2.0d
        54: dsub
        55: ldc2_w        #336                // double 0.28d
        58: dmul
        59: dstore        8
        61: aload_2
        62: dload         8
        64: ldc2_w        #324                // double 0.55d
        67: dload         8
        69: invokestatic  #338                // Method java/lang/Math.abs:(D)D
        72: ldc2_w        #341                // double 0.3d
        75: dmul
        76: dadd
        77: ldc2_w        #258                // double 0.45d
        80: invokevirtual #343                // Method kr/moonseungjun/villageguardians/VillageSkillMeshLibrary$Basis.local:(DDD)Lnet/minecraft/world/phys/Vec3;
        83: astore        10
        85: aload_2
        86: dload         8
        88: ldc2_w        #346                // double 1.7d
        91: dmul
        92: ldc2_w        #296                // double 0.95d
        95: dload_3
        96: ldc2_w        #341                // double 0.3d
        99: dmul
       100: iload         7
       102: i2d
       103: dadd
       104: invokestatic  #280                // Method java/lang/Math.sin:(D)D
       107: ldc2_w        #288                // double 0.12d
       110: dmul
       111: dadd
       112: ldc2_w        #284                // double 1.2d
       115: dload         5
       117: ldc2_w        #348                // double 1.65d
       120: dmul
       121: dadd
       122: invokevirtual #343                // Method kr/moonseungjun/villageguardians/VillageSkillMeshLibrary$Basis.local:(DDD)Lnet/minecraft/world/phys/Vec3;
       125: astore        11
       127: aload_0
       128: aload_1
       129: aload         10
       131: aload         11
       133: ldc2_w        #350                // double 0.13d
       136: iload         7
       138: iconst_2
       139: irem
       140: i2d
       141: ldc2_w        #230                // double 0.025d
       144: dmul
       145: dadd
       146: sipush        150
       149: sipush        222
       152: sipush        255
       155: sipush        205
       158: invokestatic  #234                // Method rgba:(IIII)I
       161: invokestatic  #352                // Method energyBlade:(Lcom/mojang/blaze3d/vertex/PoseStack$Pose;Lcom/mojang/blaze3d/vertex/VertexConsumer;Lnet/minecraft/world/phys/Vec3;Lnet/minecraft/world/phys/Vec3;DI)V
       164: iinc          7, 1
       167: goto          42
       170: return

  private static void renderSlamCharge(com.mojang.blaze3d.vertex.PoseStack$Pose, com.mojang.blaze3d.vertex.VertexConsumer, kr.moonseungjun.villageguardians.VillageSkillMeshLibrary$Basis, double, double);
    Code:
         0: ldc2_w        #216                // double 3.0d
         3: dload         5
         5: ldc2_w        #356                // double 1.25d
         8: dmul
         9: dsub
        10: dstore        7
        12: aload_2
        13: dconst_0
        14: dload         7
        16: ldc2_w        #358                // double 0.15d
        19: invokevirtual #343                // Method kr/moonseungjun/villageguardians/VillageSkillMeshLibrary$Basis.local:(DDD)Lnet/minecraft/world/phys/Vec3;
        22: astore        9
        24: aload_2
        25: dconst_0
        26: ldc2_w        #304                // double 0.35d
        29: ldc2_w        #258                // double 0.45d
        32: invokevirtual #343                // Method kr/moonseungjun/villageguardians/VillageSkillMeshLibrary$Basis.local:(DDD)Lnet/minecraft/world/phys/Vec3;
        35: astore        10
        37: aload_0
        38: aload_1
        39: aload         9
        41: aload         10
        43: ldc2_w        #360                // double 0.36d
        46: dload         5
        48: ldc2_w        #362                // double 0.22d
        51: dmul
        52: dadd
        53: sipush        255
        56: bipush        85
        58: bipush        52
        60: sipush        220
        63: invokestatic  #234                // Method rgba:(IIII)I
        66: invokestatic  #352                // Method energyBlade:(Lcom/mojang/blaze3d/vertex/PoseStack$Pose;Lcom/mojang/blaze3d/vertex/VertexConsumer;Lnet/minecraft/world/phys/Vec3;Lnet/minecraft/world/phys/Vec3;DI)V
        69: iconst_0
        70: istore        11
        72: iload         11
        74: iconst_3
        75: if_icmpge     156
        78: aload_0
        79: aload_1
        80: aload_2
        81: ldc2_w        #258                // double 0.45d
        84: iload         11
        86: i2d
        87: ldc2_w        #220                // double 0.38d
        90: dmul
        91: dadd
        92: dload         5
        94: ldc2_w        #324                // double 0.55d
        97: dmul
        98: dadd
        99: ldc2_w        #207                // double 0.16d
       102: iload         11
       104: i2d
       105: ldc2_w        #228                // double 0.18d
       108: dmul
       109: dadd
       110: ldc2_w        #364                // double 0.07d
       113: bipush        36
       115: sipush        255
       118: bipush        96
       120: iload         11
       122: bipush        28
       124: imul
       125: iadd
       126: bipush        70
       128: bipush        125
       130: invokestatic  #234                // Method rgba:(IIII)I
       133: dload_3
       134: dneg
       135: ldc2_w        #366                // double 0.06d
       138: iload         11
       140: i2d
       141: ldc2_w        #368                // double 0.01d
       144: dmul
       145: dadd
       146: dmul
       147: invokestatic  #250                // Method ring:(Lcom/mojang/blaze3d/vertex/PoseStack$Pose;Lcom/mojang/blaze3d/vertex/VertexConsumer;Lkr/moonseungjun/villageguardians/VillageSkillMeshLibrary$Basis;DDDIID)V
       150: iinc          11, 1
       153: goto          72
       156: iconst_0
       157: istore        11
       159: iload         11
       161: bipush        6
       163: if_icmpge     265
       166: iload         11
       168: i2d
       169: ldc2_w        #214                // double 6.283185307179586d
       172: dmul
       173: ldc2_w        #300                // double 6.0d
       176: ddiv
       177: dload_3
       178: ldc2_w        #248                // double 0.04d
       181: dmul
       182: dadd
       183: dstore        12
       185: aload_0
       186: aload_1
       187: aload_2
       188: dload         12
       190: invokestatic  #370                // Method java/lang/Math.cos:(D)D
       193: dconst_1
       194: dmul
       195: ldc2_w        #205                // double 0.08d
       198: dload         12
       200: invokestatic  #280                // Method java/lang/Math.sin:(D)D
       203: dconst_1
       204: dmul
       205: invokevirtual #343                // Method kr/moonseungjun/villageguardians/VillageSkillMeshLibrary$Basis.local:(DDD)Lnet/minecraft/world/phys/Vec3;
       208: aload_2
       209: dload         12
       211: invokestatic  #370                // Method java/lang/Math.cos:(D)D
       214: ldc2_w        #373                // double 1.5d
       217: dmul
       218: ldc2_w        #375                // double 0.75d
       221: dload         5
       223: ldc2_w        #258                // double 0.45d
       226: dmul
       227: dadd
       228: dload         12
       230: invokestatic  #280                // Method java/lang/Math.sin:(D)D
       233: ldc2_w        #373                // double 1.5d
       236: dmul
       237: invokevirtual #343                // Method kr/moonseungjun/villageguardians/VillageSkillMeshLibrary$Basis.local:(DDD)Lnet/minecraft/world/phys/Vec3;
       240: ldc2_w        #288                // double 0.12d
       243: sipush        214
       246: bipush        45
       248: bipush        44
       250: sipush        155
       253: invokestatic  #234                // Method rgba:(IIII)I
       256: invokestatic  #377                // Method spike:(Lcom/mojang/blaze3d/vertex/PoseStack$Pose;Lcom/mojang/blaze3d/vertex/VertexConsumer;Lnet/minecraft/world/phys/Vec3;Lnet/minecraft/world/phys/Vec3;DI)V
       259: iinc          11, 1
       262: goto          159
       265: return

  private static void renderBladeWave(com.mojang.blaze3d.vertex.PoseStack$Pose, com.mojang.blaze3d.vertex.VertexConsumer, kr.moonseungjun.villageguardians.VillageSkillMeshLibrary$Basis, double, double);
    Code:
         0: ldc2_w        #218                // double 1.45d
         3: dload         5
         5: ldc2_w        #375                // double 0.75d
         8: dmul
         9: dadd
        10: dstore        7
        12: aload_0
        13: aload_1
        14: aload_2
        15: dload         7
        17: ldc2_w        #222                // double 0.78d
        20: dconst_0
        21: ldc2_w        #348                // double 1.65d
        24: sipush        153
        27: sipush        225
        30: sipush        255
        33: ldc2_w        #380                // double 220.0d
        36: dconst_1
        37: dload         5
        39: ldc2_w        #382                // double 0.7d
        42: dmul
        43: dsub
        44: dmul
        45: d2i
        46: invokestatic  #234                // Method rgba:(IIII)I
        49: invokestatic  #384                // Method crescent:(Lcom/mojang/blaze3d/vertex/PoseStack$Pose;Lcom/mojang/blaze3d/vertex/VertexConsumer;Lkr/moonseungjun/villageguardians/VillageSkillMeshLibrary$Basis;DDDDI)V
        52: aload_0
        53: aload_1
        54: aload_2
        55: dload         7
        57: ldc2_w        #387                // double 0.77d
        60: dmul
        61: ldc2_w        #276                // double 0.82d
        64: ldc2_w        #248                // double 0.04d
        67: ldc2_w        #356                // double 1.25d
        70: sipush        255
        73: sipush        255
        76: sipush        255
        79: ldc2_w        #292                // double 170.0d
        82: dconst_1
        83: dload         5
        85: dsub
        86: dmul
        87: d2i
        88: invokestatic  #234                // Method rgba:(IIII)I
        91: invokestatic  #384                // Method crescent:(Lcom/mojang/blaze3d/vertex/PoseStack$Pose;Lcom/mojang/blaze3d/vertex/VertexConsumer;Lkr/moonseungjun/villageguardians/VillageSkillMeshLibrary$Basis;DDDDI)V
        94: return

  private static void renderSlamImpact(com.mojang.blaze3d.vertex.PoseStack$Pose, com.mojang.blaze3d.vertex.VertexConsumer, kr.moonseungjun.villageguardians.VillageSkillMeshLibrary$Basis, double, double, java.util.Random);
    Code:
         0: ldc2_w        #389                // double 0.8d
         3: dload         5
         5: ldc2_w        #391                // double 5.5d
         8: dmul
         9: dadd
        10: dstore        8
        12: aload_0
        13: aload_1
        14: aload_2
        15: dload         8
        17: ldc2_w        #366                // double 0.06d
        20: ldc2_w        #228                // double 0.18d
        23: dload         5
        25: ldc2_w        #362                // double 0.22d
        28: dmul
        29: dadd
        30: bipush        64
        32: sipush        255
        35: bipush        74
        37: bipush        48
        39: ldc2_w        #393                // double 210.0d
        42: dconst_1
        43: dload         5
        45: dsub
        46: dmul
        47: d2i
        48: invokestatic  #234                // Method rgba:(IIII)I
        51: dload_3
        52: ldc2_w        #368                // double 0.01d
        55: dmul
        56: invokestatic  #250                // Method ring:(Lcom/mojang/blaze3d/vertex/PoseStack$Pose;Lcom/mojang/blaze3d/vertex/VertexConsumer;Lkr/moonseungjun/villageguardians/VillageSkillMeshLibrary$Basis;DDDIID)V
        59: aload         7
        61: aload         7
        63: invokevirtual #395                // Method java/util/Random.nextLong:()J
        66: ldc2_w        #399                // long 23063l
        69: lxor
        70: invokevirtual #401                // Method java/util/Random.setSeed:(J)V
        73: iconst_0
        74: istore        10
        76: iload         10
        78: bipush        18
        80: if_icmpge     189
        83: iload         10
        85: i2d
        86: ldc2_w        #214                // double 6.283185307179586d
        89: dmul
        90: ldc2_w        #404                // double 18.0d
        93: ddiv
        94: aload         7
        96: invokevirtual #406                // Method java/util/Random.nextDouble:()D
        99: ldc2_w        #207                // double 0.16d
       102: dmul
       103: dadd
       104: dstore        11
       106: ldc2_w        #304                // double 0.35d
       109: aload         7
       111: invokevirtual #406                // Method java/util/Random.nextDouble:()D
       114: ldc2_w        #410                // double 0.4d
       117: dmul
       118: dadd
       119: dstore        13
       121: dload         8
       123: ldc2_w        #212                // double 0.72d
       126: aload         7
       128: invokevirtual #406                // Method java/util/Random.nextDouble:()D
       131: ldc2_w        #304                // double 0.35d
       134: dmul
       135: dadd
       136: dmul
       137: dstore        15
       139: aload_0
       140: aload_1
       141: aload_2
       142: dload         11
       144: dload         13
       146: dload         15
       148: ldc2_w        #328                // double 0.05d
       151: aload         7
       153: invokevirtual #406                // Method java/util/Random.nextDouble:()D
       156: ldc2_w        #366                // double 0.06d
       159: dmul
       160: dadd
       161: sipush        255
       164: bipush        103
       166: bipush        48
       168: ldc2_w        #412                // double 190.0d
       171: dconst_1
       172: dload         5
       174: dsub
       175: dmul
       176: d2i
       177: invokestatic  #234                // Method rgba:(IIII)I
       180: invokestatic  #414                // Method groundCrack:(Lcom/mojang/blaze3d/vertex/PoseStack$Pose;Lcom/mojang/blaze3d/vertex/VertexConsumer;Lkr/moonseungjun/villageguardians/VillageSkillMeshLibrary$Basis;DDDDI)V
       183: iinc          10, 1
       186: goto          76
       189: iconst_0
       190: istore        10
       192: iload         10
       194: bipush        9
       196: if_icmpge     332
       199: iload         10
       201: i2d
       202: ldc2_w        #214                // double 6.283185307179586d
       205: dmul
       206: ldc2_w        #417                // double 9.0d
       209: ddiv
       210: dstore        11
       212: dload         8
       214: ldc2_w        #324                // double 0.55d
       217: ldc2_w        #228                // double 0.18d
       220: iload         10
       222: i2d
       223: ldc2_w        #419                // double 2.3d
       226: dmul
       227: invokestatic  #280                // Method java/lang/Math.sin:(D)D
       230: dmul
       231: dadd
       232: dmul
       233: dstore        13
       235: aload_0
       236: aload_1
       237: aload_2
       238: dload         11
       240: invokestatic  #370                // Method java/lang/Math.cos:(D)D
       243: dload         13
       245: dmul
       246: ldc2_w        #294                // double 0.02d
       249: dload         11
       251: invokestatic  #280                // Method java/lang/Math.sin:(D)D
       254: dload         13
       256: dmul
       257: invokevirtual #343                // Method kr/moonseungjun/villageguardians/VillageSkillMeshLibrary$Basis.local:(DDD)Lnet/minecraft/world/phys/Vec3;
       260: aload_2
       261: dload         11
       263: invokestatic  #370                // Method java/lang/Math.cos:(D)D
       266: dload         13
       268: dmul
       269: ldc2_w        #304                // double 0.35d
       272: dconst_1
       273: dload         5
       275: dsub
       276: ldc2_w        #421                // double 1.6d
       279: dmul
       280: dadd
       281: dload         11
       283: invokestatic  #280                // Method java/lang/Math.sin:(D)D
       286: dload         13
       288: dmul
       289: invokevirtual #343                // Method kr/moonseungjun/villageguardians/VillageSkillMeshLibrary$Basis.local:(DDD)Lnet/minecraft/world/phys/Vec3;
       292: ldc2_w        #288                // double 0.12d
       295: dconst_1
       296: dload         5
       298: dsub
       299: ldc2_w        #290                // double 0.14d
       302: dmul
       303: dadd
       304: sipush        173
       307: bipush        48
       309: bipush        52
       311: ldc2_w        #423                // double 150.0d
       314: dconst_1
       315: dload         5
       317: dsub
       318: dmul
       319: d2i
       320: invokestatic  #234                // Method rgba:(IIII)I
       323: invokestatic  #377                // Method spike:(Lcom/mojang/blaze3d/vertex/PoseStack$Pose;Lcom/mojang/blaze3d/vertex/VertexConsumer;Lnet/minecraft/world/phys/Vec3;Lnet/minecraft/world/phys/Vec3;DI)V
       326: iinc          10, 1
       329: goto          192
       332: return

  private static void renderRapidFire(com.mojang.blaze3d.vertex.PoseStack$Pose, com.mojang.blaze3d.vertex.VertexConsumer, kr.moonseungjun.villageguardians.VillageSkillMeshLibrary$Basis, double, double);
    Code:
         0: dload_3
         1: ldc2_w        #304                // double 0.35d
         4: dmul
         5: invokestatic  #280                // Method java/lang/Math.sin:(D)D
         8: ldc2_w        #205                // double 0.08d
        11: dmul
        12: dstore        7
        14: iconst_2
        15: newarray       int
        17: dup
        18: iconst_0
        19: iconst_m1
        20: iastore
        21: dup
        22: iconst_1
        23: iconst_1
        24: iastore
        25: astore        9
        27: aload         9
        29: arraylength
        30: istore        10
        32: iconst_0
        33: istore        11
        35: iload         11
        37: iload         10
        39: if_icmpge     182
        42: aload         9
        44: iload         11
        46: iaload
        47: istore        12
        49: iconst_0
        50: istore        13
        52: iload         13
        54: iconst_3
        55: if_icmpge     176
        58: aload_2
        59: iload         12
        61: i2d
        62: ldc2_w        #336                // double 0.28d
        65: dmul
        66: ldc2_w        #425                // double 1.15d
        69: iload         13
        71: i2d
        72: ldc2_w        #288                // double 0.12d
        75: dmul
        76: dadd
        77: ldc2_w        #427                // double -0.1d
        80: invokevirtual #343                // Method kr/moonseungjun/villageguardians/VillageSkillMeshLibrary$Basis.local:(DDD)Lnet/minecraft/world/phys/Vec3;
        83: astore        14
        85: aload_2
        86: iload         12
        88: i2d
        89: dconst_1
        90: iload         13
        92: i2d
        93: ldc2_w        #220                // double 0.38d
        96: dmul
        97: dadd
        98: dmul
        99: ldc2_w        #429                // double 1.4d
       102: iload         13
       104: i2d
       105: ldc2_w        #336                // double 0.28d
       108: dmul
       109: dadd
       110: dload         7
       112: dadd
       113: ldc2_w        #431                // double -0.55d
       116: iload         13
       118: i2d
       119: ldc2_w        #316                // double 0.25d
       122: dmul
       123: dsub
       124: invokevirtual #343                // Method kr/moonseungjun/villageguardians/VillageSkillMeshLibrary$Basis.local:(DDD)Lnet/minecraft/world/phys/Vec3;
       127: astore        15
       129: aload_0
       130: aload_1
       131: aload_2
       132: aload         14
       134: aload         15
       136: ldc2_w        #288                // double 0.12d
       139: iload         13
       141: i2d
       142: ldc2_w        #230                // double 0.025d
       145: dmul
       146: dadd
       147: bipush        117
       149: sipush        205
       152: sipush        255
       155: sipush        155
       158: iload         13
       160: bipush        20
       162: imul
       163: isub
       164: invokestatic  #234                // Method rgba:(IIII)I
       167: invokestatic  #272                // Method taperedRibbon:(Lcom/mojang/blaze3d/vertex/PoseStack$Pose;Lcom/mojang/blaze3d/vertex/VertexConsumer;Lkr/moonseungjun/villageguardians/VillageSkillMeshLibrary$Basis;Lnet/minecraft/world/phys/Vec3;Lnet/minecraft/world/phys/Vec3;DI)V
       170: iinc          13, 1
       173: goto          52
       176: iinc          11, 1
       179: goto          35
       182: iconst_0
       183: istore        9
       185: iload         9
       187: iconst_3
       188: if_icmpge     266
       191: aload_0
       192: aload_1
       193: aload_2
       194: aload_2
       195: iload         9
       197: iconst_1
       198: isub
       199: i2d
       200: ldc2_w        #224                // double 0.27d
       203: dmul
       204: ldc2_w        #356                // double 1.25d
       207: dload_3
       208: ldc2_w        #258                // double 0.45d
       211: dmul
       212: iload         9
       214: i2d
       215: dadd
       216: invokestatic  #280                // Method java/lang/Math.sin:(D)D
       219: ldc2_w        #205                // double 0.08d
       222: dmul
       223: dadd
       224: ldc2_w        #389                // double 0.8d
       227: invokevirtual #343                // Method kr/moonseungjun/villageguardians/VillageSkillMeshLibrary$Basis.local:(DDD)Lnet/minecraft/world/phys/Vec3;
       230: dconst_1
       231: iload         9
       233: i2d
       234: ldc2_w        #205                // double 0.08d
       237: dmul
       238: dadd
       239: ldc2_w        #268                // double 0.1d
       242: sipush        174
       245: sipush        231
       248: sipush        255
       251: sipush        205
       254: invokestatic  #234                // Method rgba:(IIII)I
       257: invokestatic  #433                // Method customArrow:(Lcom/mojang/blaze3d/vertex/PoseStack$Pose;Lcom/mojang/blaze3d/vertex/VertexConsumer;Lkr/moonseungjun/villageguardians/VillageSkillMeshLibrary$Basis;Lnet/minecraft/world/phys/Vec3;DDI)V
       260: iinc          9, 1
       263: goto          185
       266: return

  private static void renderTargetLock(com.mojang.blaze3d.vertex.PoseStack$Pose, com.mojang.blaze3d.vertex.VertexConsumer, kr.moonseungjun.villageguardians.VillageSkillMeshLibrary$Basis, double, double);
    Code:
         0: ldc2_w        #425                // double 1.15d
         3: dload_3
         4: ldc2_w        #228                // double 0.18d
         7: dmul
         8: invokestatic  #280                // Method java/lang/Math.sin:(D)D
        11: ldc2_w        #288                // double 0.12d
        14: dmul
        15: dadd
        16: dstore        7
        18: aload_0
        19: aload_1
        20: aload_2
        21: dload         7
        23: ldc2_w        #429                // double 1.4d
        26: ldc2_w        #364                // double 0.07d
        29: bipush        56
        31: sipush        255
        34: sipush        190
        37: bipush        70
        39: sipush        195
        42: invokestatic  #234                // Method rgba:(IIII)I
        45: dload_3
        46: ldc2_w        #436                // double 0.035d
        49: dmul
        50: invokestatic  #438                // Method ringVertical:(Lcom/mojang/blaze3d/vertex/PoseStack$Pose;Lcom/mojang/blaze3d/vertex/VertexConsumer;Lkr/moonseungjun/villageguardians/VillageSkillMeshLibrary$Basis;DDDIID)V
        53: aload_0
        54: aload_1
        55: aload_2
        56: dload         7
        58: ldc2_w        #441                // double 0.56d
        61: dmul
        62: ldc2_w        #429                // double 1.4d
        65: ldc2_w        #443                // double 0.045d
        68: bipush        40
        70: sipush        255
        73: sipush        239
        76: sipush        167
        79: sipush        165
        82: invokestatic  #234                // Method rgba:(IIII)I
        85: dload_3
        86: dneg
        87: ldc2_w        #445                // double 0.055d
        90: dmul
        91: invokestatic  #438                // Method ringVertical:(Lcom/mojang/blaze3d/vertex/PoseStack$Pose;Lcom/mojang/blaze3d/vertex/VertexConsumer;Lkr/moonseungjun/villageguardians/VillageSkillMeshLibrary$Basis;DDDIID)V
        94: iconst_0
        95: istore        9
        97: iload         9
        99: iconst_4
       100: if_icmpge     155
       103: iload         9
       105: i2d
       106: ldc2_w        #447                // double 3.141592653589793d
       109: dmul
       110: ldc2_w        #334                // double 2.0d
       113: ddiv
       114: dload_3
       115: ldc2_w        #230                // double 0.025d
       118: dmul
       119: dadd
       120: dstore        10
       122: aload_0
       123: aload_1
       124: aload_2
       125: dload         10
       127: dload         7
       129: ldc2_w        #429                // double 1.4d
       132: sipush        255
       135: sipush        208
       138: bipush        91
       140: sipush        220
       143: invokestatic  #234                // Method rgba:(IIII)I
       146: invokestatic  #449                // Method reticleBracket:(Lcom/mojang/blaze3d/vertex/PoseStack$Pose;Lcom/mojang/blaze3d/vertex/VertexConsumer;Lkr/moonseungjun/villageguardians/VillageSkillMeshLibrary$Basis;DDDI)V
       149: iinc          9, 1
       152: goto          97
       155: return

  private static void renderArrowRainField(com.mojang.blaze3d.vertex.PoseStack$Pose, com.mojang.blaze3d.vertex.VertexConsumer, kr.moonseungjun.villageguardians.VillageSkillMeshLibrary$Basis, double, double, java.util.Random);
    Code:
         0: iconst_0
         1: istore        8
         3: iload         8
         5: bipush        16
         7: if_icmpge     154
        10: iload         8
        12: i2d
        13: ldc2_w        #452                // double 2.399963229728653d
        16: dmul
        17: dstore        9
        19: ldc2_w        #284                // double 1.2d
        22: iload         8
        24: iconst_5
        25: irem
        26: i2d
        27: ldc2_w        #454                // double 0.88d
        30: dmul
        31: dadd
        32: dstore        11
        34: dload         5
        36: ldc2_w        #286                // double 2.2d
        39: dmul
        40: iload         8
        42: i2d
        43: ldc2_w        #456                // double 0.173d
        46: dmul
        47: dadd
        48: invokestatic  #458                // Method fract:(D)D
        51: dstore        13
        53: ldc2_w        #461                // double 8.0d
        56: dload         13
        58: ldc2_w        #417                // double 9.0d
        61: dmul
        62: dsub
        63: dstore        15
        65: aload_2
        66: dload         9
        68: invokestatic  #370                // Method java/lang/Math.cos:(D)D
        71: dload         11
        73: dmul
        74: dload         15
        76: dload         9
        78: invokestatic  #280                // Method java/lang/Math.sin:(D)D
        81: dload         11
        83: dmul
        84: invokevirtual #343                // Method kr/moonseungjun/villageguardians/VillageSkillMeshLibrary$Basis.local:(DDD)Lnet/minecraft/world/phys/Vec3;
        87: astore        17
        89: aload_0
        90: aload_1
        91: getstatic     #463                // Field kr/moonseungjun/villageguardians/VillageSkillMeshLibrary$Basis.DOWN:Lkr/moonseungjun/villageguardians/VillageSkillMeshLibrary$Basis;
        94: aload         17
        96: ldc2_w        #266                // double 0.85d
        99: iload         8
       101: iconst_3
       102: irem
       103: i2d
       104: ldc2_w        #288                // double 0.12d
       107: dmul
       108: dadd
       109: ldc2_w        #205                // double 0.08d
       112: sipush        145
       115: sipush        216
       118: sipush        255
       121: ldc2_w        #467                // double 175.0d
       124: dconst_1
       125: dconst_0
       126: dload         13
       128: ldc2_w        #266                // double 0.85d
       131: dsub
       132: invokestatic  #19                 // Method java/lang/Math.max:(DD)D
       135: ldc2_w        #358                // double 0.15d
       138: ddiv
       139: dsub
       140: dmul
       141: d2i
       142: invokestatic  #234                // Method rgba:(IIII)I
       145: invokestatic  #433                // Method customArrow:(Lcom/mojang/blaze3d/vertex/PoseStack$Pose;Lcom/mojang/blaze3d/vertex/VertexConsumer;Lkr/moonseungjun/villageguardians/VillageSkillMeshLibrary$Basis;Lnet/minecraft/world/phys/Vec3;DDI)V
       148: iinc          8, 1
       151: goto          3
       154: aload_0
       155: aload_1
       156: aload_2
       157: ldc2_w        #469                // double 5.0d
       160: ldc2_w        #328                // double 0.05d
       163: ldc2_w        #366                // double 0.06d
       166: bipush        72
       168: bipush        91
       170: sipush        175
       173: sipush        255
       176: bipush        100
       178: invokestatic  #234                // Method rgba:(IIII)I
       181: dload_3
       182: ldc2_w        #368                // double 0.01d
       185: dmul
       186: invokestatic  #250                // Method ring:(Lcom/mojang/blaze3d/vertex/PoseStack$Pose;Lcom/mojang/blaze3d/vertex/VertexConsumer;Lkr/moonseungjun/villageguardians/VillageSkillMeshLibrary$Basis;DDDIID)V
       189: return

  private static void renderArrowRainImpact(com.mojang.blaze3d.vertex.PoseStack$Pose, com.mojang.blaze3d.vertex.VertexConsumer, kr.moonseungjun.villageguardians.VillageSkillMeshLibrary$Basis, double, double, java.util.Random);
    Code:
         0: iconst_0
         1: istore        8
         3: iload         8
         5: bipush        10
         7: if_icmpge     123
        10: iload         8
        12: i2d
        13: ldc2_w        #452                // double 2.399963229728653d
        16: dmul
        17: dstore        9
        19: ldc2_w        #471                // double 0.5d
        22: iload         8
        24: iconst_4
        25: irem
        26: i2d
        27: ldc2_w        #473                // double 0.74d
        30: dmul
        31: dadd
        32: dstore        11
        34: ldc2_w        #475                // double 3.5d
        37: dload         5
        39: ldc2_w        #477                // double 4.6d
        42: dmul
        43: dsub
        44: iload         8
        46: iconst_3
        47: irem
        48: i2d
        49: ldc2_w        #336                // double 0.28d
        52: dmul
        53: dsub
        54: dstore        13
        56: aload_0
        57: aload_1
        58: getstatic     #463                // Field kr/moonseungjun/villageguardians/VillageSkillMeshLibrary$Basis.DOWN:Lkr/moonseungjun/villageguardians/VillageSkillMeshLibrary$Basis;
        61: aload_2
        62: dload         9
        64: invokestatic  #370                // Method java/lang/Math.cos:(D)D
        67: dload         11
        69: dmul
        70: dload         13
        72: dload         9
        74: invokestatic  #280                // Method java/lang/Math.sin:(D)D
        77: dload         11
        79: dmul
        80: invokevirtual #343                // Method kr/moonseungjun/villageguardians/VillageSkillMeshLibrary$Basis.local:(DDD)Lnet/minecraft/world/phys/Vec3;
        83: ldc2_w        #212                // double 0.72d
        86: ldc2_w        #479                // double 0.065d
        89: sipush        190
        92: sipush        235
        95: sipush        255
        98: ldc2_w        #393                // double 210.0d
       101: dconst_1
       102: dload         5
       104: ldc2_w        #324                // double 0.55d
       107: dmul
       108: dsub
       109: dmul
       110: d2i
       111: invokestatic  #234                // Method rgba:(IIII)I
       114: invokestatic  #433                // Method customArrow:(Lcom/mojang/blaze3d/vertex/PoseStack$Pose;Lcom/mojang/blaze3d/vertex/VertexConsumer;Lkr/moonseungjun/villageguardians/VillageSkillMeshLibrary$Basis;Lnet/minecraft/world/phys/Vec3;DDI)V
       117: iinc          8, 1
       120: goto          3
       123: aload_0
       124: aload_1
       125: aload_2
       126: ldc2_w        #471                // double 0.5d
       129: dload         5
       131: ldc2_w        #475                // double 3.5d
       134: dmul
       135: dadd
       136: ldc2_w        #248                // double 0.04d
       139: ldc2_w        #298                // double 0.09d
       142: bipush        52
       144: bipush        125
       146: sipush        208
       149: sipush        255
       152: ldc2_w        #481                // double 180.0d
       155: dconst_1
       156: dload         5
       158: dsub
       159: dmul
       160: d2i
       161: invokestatic  #234                // Method rgba:(IIII)I
       164: dconst_0
       165: invokestatic  #250                // Method ring:(Lcom/mojang/blaze3d/vertex/PoseStack$Pose;Lcom/mojang/blaze3d/vertex/VertexConsumer;Lkr/moonseungjun/villageguardians/VillageSkillMeshLibrary$Basis;DDDIID)V
       168: return

  private static void renderEnergyCharge(com.mojang.blaze3d.vertex.PoseStack$Pose, com.mojang.blaze3d.vertex.VertexConsumer, kr.moonseungjun.villageguardians.VillageSkillMeshLibrary$Basis, double, double);
    Code:
         0: ldc2_w        #382                // double 0.7d
         3: dload         5
         5: ldc2_w        #429                // double 1.4d
         8: dmul
         9: dadd
        10: dstore        7
        12: aload_0
        13: aload_1
        14: aload_2
        15: aload_2
        16: dconst_0
        17: ldc2_w        #483                // double 1.35d
        20: ldc2_w        #389                // double 0.8d
        23: invokevirtual #343                // Method kr/moonseungjun/villageguardians/VillageSkillMeshLibrary$Basis.local:(DDD)Lnet/minecraft/world/phys/Vec3;
        26: dload         7
        28: ldc2_w        #228                // double 0.18d
        31: dload         5
        33: ldc2_w        #205                // double 0.08d
        36: dmul
        37: dadd
        38: sipush        255
        41: sipush        214
        44: bipush        83
        46: sipush        230
        49: invokestatic  #234                // Method rgba:(IIII)I
        52: invokestatic  #433                // Method customArrow:(Lcom/mojang/blaze3d/vertex/PoseStack$Pose;Lcom/mojang/blaze3d/vertex/VertexConsumer;Lkr/moonseungjun/villageguardians/VillageSkillMeshLibrary$Basis;Lnet/minecraft/world/phys/Vec3;DDI)V
        55: iconst_0
        56: istore        9
        58: iload         9
        60: iconst_3
        61: if_icmpge     135
        64: aload_0
        65: aload_1
        66: aload_2
        67: ldc2_w        #410                // double 0.4d
        70: iload         9
        72: i2d
        73: ldc2_w        #362                // double 0.22d
        76: dmul
        77: dadd
        78: dload         5
        80: ldc2_w        #304                // double 0.35d
        83: dmul
        84: dadd
        85: ldc2_w        #483                // double 1.35d
        88: ldc2_w        #443                // double 0.045d
        91: bipush        36
        93: sipush        255
        96: sipush        225
        99: bipush        117
       101: sipush        155
       104: iload         9
       106: bipush        25
       108: imul
       109: isub
       110: invokestatic  #234                // Method rgba:(IIII)I
       113: dload_3
       114: ldc2_w        #366                // double 0.06d
       117: iload         9
       119: i2d
       120: ldc2_w        #294                // double 0.02d
       123: dmul
       124: dadd
       125: dmul
       126: invokestatic  #438                // Method ringVertical:(Lcom/mojang/blaze3d/vertex/PoseStack$Pose;Lcom/mojang/blaze3d/vertex/VertexConsumer;Lkr/moonseungjun/villageguardians/VillageSkillMeshLibrary$Basis;DDDIID)V
       129: iinc          9, 1
       132: goto          58
       135: iconst_0
       136: istore        9
       138: iload         9
       140: iconst_5
       141: if_icmpge     259
       144: iload         9
       146: i2d
       147: ldc2_w        #214                // double 6.283185307179586d
       150: dmul
       151: ldc2_w        #469                // double 5.0d
       154: ddiv
       155: dload_3
       156: ldc2_w        #350                // double 0.13d
       159: dmul
       160: dadd
       161: dstore        10
       163: aload_2
       164: dload         10
       166: invokestatic  #370                // Method java/lang/Math.cos:(D)D
       169: ldc2_w        #218                // double 1.45d
       172: dmul
       173: ldc2_w        #483                // double 1.35d
       176: dload         10
       178: invokestatic  #280                // Method java/lang/Math.sin:(D)D
       181: ldc2_w        #314                // double 0.65d
       184: dmul
       185: dadd
       186: ldc2_w        #485                // double -0.2d
       189: invokevirtual #343                // Method kr/moonseungjun/villageguardians/VillageSkillMeshLibrary$Basis.local:(DDD)Lnet/minecraft/world/phys/Vec3;
       192: astore        12
       194: aload_2
       195: dload         10
       197: invokestatic  #370                // Method java/lang/Math.cos:(D)D
       200: ldc2_w        #228                // double 0.18d
       203: dmul
       204: ldc2_w        #483                // double 1.35d
       207: dload         10
       209: invokestatic  #280                // Method java/lang/Math.sin:(D)D
       212: ldc2_w        #268                // double 0.1d
       215: dmul
       216: dadd
       217: ldc2_w        #324                // double 0.55d
       220: invokevirtual #343                // Method kr/moonseungjun/villageguardians/VillageSkillMeshLibrary$Basis.local:(DDD)Lnet/minecraft/world/phys/Vec3;
       223: astore        13
       225: aload_0
       226: aload_1
       227: aload_2
       228: aload         12
       230: aload         13
       232: ldc2_w        #298                // double 0.09d
       235: sipush        255
       238: sipush        244
       241: sipush        175
       244: sipush        135
       247: invokestatic  #234                // Method rgba:(IIII)I
       250: invokestatic  #272                // Method taperedRibbon:(Lcom/mojang/blaze3d/vertex/PoseStack$Pose;Lcom/mojang/blaze3d/vertex/VertexConsumer;Lkr/moonseungjun/villageguardians/VillageSkillMeshLibrary$Basis;Lnet/minecraft/world/phys/Vec3;Lnet/minecraft/world/phys/Vec3;DI)V
       253: iinc          9, 1
       256: goto          138
       259: return

  private static void renderEnergyProjectile(com.mojang.blaze3d.vertex.PoseStack$Pose, com.mojang.blaze3d.vertex.VertexConsumer, kr.moonseungjun.villageguardians.VillageSkillMeshLibrary$Basis, double, double);
    Code:
         0: dconst_1
         1: dload_3
         2: ldc2_w        #324                // double 0.55d
         5: dmul
         6: invokestatic  #280                // Method java/lang/Math.sin:(D)D
         9: ldc2_w        #205                // double 0.08d
        12: dmul
        13: dadd
        14: dstore        7
        16: aload_0
        17: aload_1
        18: aload_2
        19: getstatic     #487                // Field net/minecraft/world/phys/Vec3.ZERO:Lnet/minecraft/world/phys/Vec3;
        22: ldc2_w        #492                // double 2.6d
        25: dload         7
        27: dmul
        28: ldc2_w        #336                // double 0.28d
        31: sipush        255
        34: sipush        219
        37: bipush        83
        39: sipush        245
        42: invokestatic  #234                // Method rgba:(IIII)I
        45: invokestatic  #433                // Method customArrow:(Lcom/mojang/blaze3d/vertex/PoseStack$Pose;Lcom/mojang/blaze3d/vertex/VertexConsumer;Lkr/moonseungjun/villageguardians/VillageSkillMeshLibrary$Basis;Lnet/minecraft/world/phys/Vec3;DDI)V
        48: iconst_0
        49: istore        9
        51: iload         9
        53: iconst_4
        54: if_icmpge     164
        57: dload_3
        58: ldc2_w        #228                // double 0.18d
        61: dmul
        62: iload         9
        64: i2d
        65: ldc2_w        #214                // double 6.283185307179586d
        68: dmul
        69: ldc2_w        #256                // double 4.0d
        72: ddiv
        73: dadd
        74: dstore        10
        76: aload_2
        77: dload         10
        79: invokestatic  #370                // Method java/lang/Math.cos:(D)D
        82: ldc2_w        #306                // double 0.42d
        85: dmul
        86: dload         10
        88: invokestatic  #280                // Method java/lang/Math.sin:(D)D
        91: ldc2_w        #306                // double 0.42d
        94: dmul
        95: ldc2_w        #494                // double -1.2d
        98: invokevirtual #343                // Method kr/moonseungjun/villageguardians/VillageSkillMeshLibrary$Basis.local:(DDD)Lnet/minecraft/world/phys/Vec3;
       101: astore        12
       103: aload_2
       104: dload         10
       106: invokestatic  #370                // Method java/lang/Math.cos:(D)D
       109: ldc2_w        #268                // double 0.1d
       112: dmul
       113: dload         10
       115: invokestatic  #280                // Method java/lang/Math.sin:(D)D
       118: ldc2_w        #268                // double 0.1d
       121: dmul
       122: ldc2_w        #356                // double 1.25d
       125: invokevirtual #343                // Method kr/moonseungjun/villageguardians/VillageSkillMeshLibrary$Basis.local:(DDD)Lnet/minecraft/world/phys/Vec3;
       128: astore        13
       130: aload_0
       131: aload_1
       132: aload_2
       133: aload         12
       135: aload         13
       137: ldc2_w        #288                // double 0.12d
       140: sipush        255
       143: sipush        246
       146: sipush        183
       149: sipush        155
       152: invokestatic  #234                // Method rgba:(IIII)I
       155: invokestatic  #272                // Method taperedRibbon:(Lcom/mojang/blaze3d/vertex/PoseStack$Pose;Lcom/mojang/blaze3d/vertex/VertexConsumer;Lkr/moonseungjun/villageguardians/VillageSkillMeshLibrary$Basis;Lnet/minecraft/world/phys/Vec3;Lnet/minecraft/world/phys/Vec3;DI)V
       158: iinc          9, 1
       161: goto          51
       164: return

  private static void renderFireOrb(com.mojang.blaze3d.vertex.PoseStack$Pose, com.mojang.blaze3d.vertex.VertexConsumer, kr.moonseungjun.villageguardians.VillageSkillMeshLibrary$Basis, double, double);
    Code:
         0: ldc2_w        #296                // double 0.95d
         3: dload_3
         4: ldc2_w        #306                // double 0.42d
         7: dmul
         8: invokestatic  #280                // Method java/lang/Math.sin:(D)D
        11: ldc2_w        #288                // double 0.12d
        14: dmul
        15: dadd
        16: dstore        7
        18: aload_0
        19: aload_1
        20: getstatic     #487                // Field net/minecraft/world/phys/Vec3.ZERO:Lnet/minecraft/world/phys/Vec3;
        23: ldc2_w        #496                // double 0.62d
        26: dload         7
        28: dmul
        29: bipush        12
        31: bipush        18
        33: sipush        255
        36: bipush        75
        38: bipush        32
        40: sipush        220
        43: invokestatic  #234                // Method rgba:(IIII)I
        46: invokestatic  #498                // Method sphere:(Lcom/mojang/blaze3d/vertex/PoseStack$Pose;Lcom/mojang/blaze3d/vertex/VertexConsumer;Lnet/minecraft/world/phys/Vec3;DIII)V
        49: aload_0
        50: aload_1
        51: getstatic     #487                // Field net/minecraft/world/phys/Vec3.ZERO:Lnet/minecraft/world/phys/Vec3;
        54: ldc2_w        #304                // double 0.35d
        57: dload         7
        59: dmul
        60: bipush        10
        62: bipush        14
        64: sipush        255
        67: sipush        224
        70: bipush        92
        72: sipush        245
        75: invokestatic  #234                // Method rgba:(IIII)I
        78: invokestatic  #498                // Method sphere:(Lcom/mojang/blaze3d/vertex/PoseStack$Pose;Lcom/mojang/blaze3d/vertex/VertexConsumer;Lnet/minecraft/world/phys/Vec3;DIII)V
        81: iconst_0
        82: istore        9
        84: iload         9
        86: iconst_5
        87: if_icmpge     166
        90: dload_3
        91: ldc2_w        #358                // double 0.15d
        94: iload         9
        96: i2d
        97: ldc2_w        #502                // double 0.012d
       100: dmul
       101: dadd
       102: dmul
       103: iload         9
       105: i2d
       106: ldc2_w        #214                // double 6.283185307179586d
       109: dmul
       110: ldc2_w        #469                // double 5.0d
       113: ddiv
       114: dadd
       115: dstore        10
       117: aload_0
       118: aload_1
       119: aload_2
       120: dload         10
       122: ldc2_w        #504                // double 0.48d
       125: iload         9
       127: i2d
       128: ldc2_w        #436                // double 0.035d
       131: dmul
       132: dadd
       133: ldc2_w        #506                // double 1.8d
       136: bipush        20
       138: sipush        255
       141: bipush        125
       143: iload         9
       145: bipush        12
       147: imul
       148: iadd
       149: bipush        42
       151: sipush        150
       154: invokestatic  #234                // Method rgba:(IIII)I
       157: invokestatic  #508                // Method helixRibbon:(Lcom/mojang/blaze3d/vertex/PoseStack$Pose;Lcom/mojang/blaze3d/vertex/VertexConsumer;Lkr/moonseungjun/villageguardians/VillageSkillMeshLibrary$Basis;DDDII)V
       160: iinc          9, 1
       163: goto          84
       166: return

  private static void renderFrostField(com.mojang.blaze3d.vertex.PoseStack$Pose, com.mojang.blaze3d.vertex.VertexConsumer, kr.moonseungjun.villageguardians.VillageSkillMeshLibrary$Basis, double, double);
    Code:
         0: aload_0
         1: aload_1
         2: aload_2
         3: ldc2_w        #512                // double 5.2d
         6: ldc2_w        #436                // double 0.035d
         9: dload_3
        10: ldc2_w        #502                // double 0.012d
        13: dmul
        14: bipush        112
        16: sipush        218
        19: sipush        255
        22: bipush        105
        24: invokestatic  #234                // Method rgba:(IIII)I
        27: invokestatic  #330                // Method runeDisc:(Lcom/mojang/blaze3d/vertex/PoseStack$Pose;Lcom/mojang/blaze3d/vertex/VertexConsumer;Lkr/moonseungjun/villageguardians/VillageSkillMeshLibrary$Basis;DDDI)V
        30: aload_0
        31: aload_1
        32: aload_2
        33: ldc2_w        #514                // double 4.2d
        36: ldc2_w        #366                // double 0.06d
        39: ldc2_w        #298                // double 0.09d
        42: bipush        72
        44: sipush        189
        47: sipush        246
        50: sipush        255
        53: sipush        155
        56: invokestatic  #234                // Method rgba:(IIII)I
        59: dload_3
        60: dneg
        61: ldc2_w        #312                // double 0.018d
        64: dmul
        65: invokestatic  #250                // Method ring:(Lcom/mojang/blaze3d/vertex/PoseStack$Pose;Lcom/mojang/blaze3d/vertex/VertexConsumer;Lkr/moonseungjun/villageguardians/VillageSkillMeshLibrary$Basis;DDDIID)V
        68: iconst_0
        69: istore        7
        71: iload         7
        73: bipush        12
        75: if_icmpge     212
        78: iload         7
        80: i2d
        81: ldc2_w        #214                // double 6.283185307179586d
        84: dmul
        85: ldc2_w        #516                // double 12.0d
        88: ddiv
        89: iload         7
        91: iconst_2
        92: irem
        93: i2d
        94: ldc2_w        #288                // double 0.12d
        97: dmul
        98: dadd
        99: dstore        8
       101: ldc2_w        #518                // double 2.1d
       104: iload         7
       106: iconst_3
       107: irem
       108: i2d
       109: ldc2_w        #266                // double 0.85d
       112: dmul
       113: dadd
       114: dstore        10
       116: ldc2_w        #382                // double 0.7d
       119: iload         7
       121: iconst_4
       122: irem
       123: i2d
       124: ldc2_w        #520                // double 0.33d
       127: dmul
       128: dadd
       129: dload_3
       130: ldc2_w        #288                // double 0.12d
       133: dmul
       134: iload         7
       136: i2d
       137: dadd
       138: invokestatic  #280                // Method java/lang/Math.sin:(D)D
       141: ldc2_w        #288                // double 0.12d
       144: dmul
       145: dadd
       146: dstore        12
       148: aload_0
       149: aload_1
       150: aload_2
       151: dload         8
       153: invokestatic  #370                // Method java/lang/Math.cos:(D)D
       156: dload         10
       158: dmul
       159: ldc2_w        #294                // double 0.02d
       162: dload         8
       164: invokestatic  #280                // Method java/lang/Math.sin:(D)D
       167: dload         10
       169: dmul
       170: invokevirtual #343                // Method kr/moonseungjun/villageguardians/VillageSkillMeshLibrary$Basis.local:(DDD)Lnet/minecraft/world/phys/Vec3;
       173: dload         12
       175: ldc2_w        #228                // double 0.18d
       178: iload         7
       180: iconst_3
       181: irem
       182: i2d
       183: ldc2_w        #248                // double 0.04d
       186: dmul
       187: dadd
       188: sipush        146
       191: sipush        228
       194: sipush        255
       197: sipush        175
       200: invokestatic  #234                // Method rgba:(IIII)I
       203: invokestatic  #522                // Method crystal:(Lcom/mojang/blaze3d/vertex/PoseStack$Pose;Lcom/mojang/blaze3d/vertex/VertexConsumer;Lnet/minecraft/world/phys/Vec3;DDI)V
       206: iinc          7, 1
       209: goto          71
       212: return

  private static void renderTornado(com.mojang.blaze3d.vertex.PoseStack$Pose, com.mojang.blaze3d.vertex.VertexConsumer, kr.moonseungjun.villageguardians.VillageSkillMeshLibrary$Basis, double, double);
    Code:
         0: iconst_0
         1: istore        7
         3: iload         7
         5: iconst_4
         6: if_icmpge     80
         9: iload         7
        11: i2d
        12: ldc2_w        #214                // double 6.283185307179586d
        15: dmul
        16: ldc2_w        #256                // double 4.0d
        19: ddiv
        20: dload_3
        21: ldc2_w        #362                // double 0.22d
        24: iload         7
        26: i2d
        27: ldc2_w        #502                // double 0.012d
        30: dmul
        31: dadd
        32: dmul
        33: dadd
        34: dstore        8
        36: aload_0
        37: aload_1
        38: aload_2
        39: dload         8
        41: ldc2_w        #526                // double 4.8d
        44: bipush        34
        46: sipush        164
        49: iload         7
        51: bipush        12
        53: imul
        54: iadd
        55: bipush        105
        57: sipush        255
        60: bipush        120
        62: iload         7
        64: bipush        15
        66: imul
        67: iadd
        68: invokestatic  #234                // Method rgba:(IIII)I
        71: invokestatic  #528                // Method tornadoRibbon:(Lcom/mojang/blaze3d/vertex/PoseStack$Pose;Lcom/mojang/blaze3d/vertex/VertexConsumer;Lkr/moonseungjun/villageguardians/VillageSkillMeshLibrary$Basis;DDII)V
        74: iinc          7, 1
        77: goto          3
        80: aload_0
        81: aload_1
        82: aload_2
        83: ldc2_w        #375                // double 0.75d
        86: dload_3
        87: ldc2_w        #302                // double 0.2d
        90: dmul
        91: invokestatic  #280                // Method java/lang/Math.sin:(D)D
        94: ldc2_w        #358                // double 0.15d
        97: dmul
        98: dadd
        99: ldc2_w        #205                // double 0.08d
       102: ldc2_w        #207                // double 0.16d
       105: bipush        40
       107: sipush        221
       110: sipush        191
       113: sipush        255
       116: sipush        150
       119: invokestatic  #234                // Method rgba:(IIII)I
       122: dload_3
       123: ldc2_w        #205                // double 0.08d
       126: dmul
       127: invokestatic  #250                // Method ring:(Lcom/mojang/blaze3d/vertex/PoseStack$Pose;Lcom/mojang/blaze3d/vertex/VertexConsumer;Lkr/moonseungjun/villageguardians/VillageSkillMeshLibrary$Basis;DDDIID)V
       130: return

  private static void renderLightningField(com.mojang.blaze3d.vertex.PoseStack$Pose, com.mojang.blaze3d.vertex.VertexConsumer, kr.moonseungjun.villageguardians.VillageSkillMeshLibrary$Basis, double, double, java.util.Random);
    Code:
         0: aload_0
         1: aload_1
         2: aload_2
         3: ldc2_w        #391                // double 5.5d
         6: ldc2_w        #248                // double 0.04d
         9: dload_3
        10: ldc2_w        #532                // double 0.022d
        13: dmul
        14: sipush        188
        17: bipush        105
        19: sipush        255
        22: bipush        105
        24: invokestatic  #234                // Method rgba:(IIII)I
        27: invokestatic  #330                // Method runeDisc:(Lcom/mojang/blaze3d/vertex/PoseStack$Pose;Lcom/mojang/blaze3d/vertex/VertexConsumer;Lkr/moonseungjun/villageguardians/VillageSkillMeshLibrary$Basis;DDDI)V
        30: aload_0
        31: aload_1
        32: aload_2
        33: ldc2_w        #477                // double 4.6d
        36: ldc2_w        #205                // double 0.08d
        39: ldc2_w        #268                // double 0.1d
        42: bipush        72
        44: sipush        225
        47: sipush        187
        50: sipush        255
        53: sipush        145
        56: invokestatic  #234                // Method rgba:(IIII)I
        59: dload_3
        60: dneg
        61: ldc2_w        #436                // double 0.035d
        64: dmul
        65: invokestatic  #250                // Method ring:(Lcom/mojang/blaze3d/vertex/PoseStack$Pose;Lcom/mojang/blaze3d/vertex/VertexConsumer;Lkr/moonseungjun/villageguardians/VillageSkillMeshLibrary$Basis;DDDIID)V
        68: iconst_5
        69: istore        8
        71: iconst_0
        72: istore        9
        74: iload         9
        76: iload         8
        78: if_icmpge     217
        81: iload         9
        83: i2d
        84: ldc2_w        #214                // double 6.283185307179586d
        87: dmul
        88: iload         8
        90: i2d
        91: ddiv
        92: dload_3
        93: ldc2_w        #328                // double 0.05d
        96: dmul
        97: iload         9
        99: i2d
       100: dadd
       101: invokestatic  #280                // Method java/lang/Math.sin:(D)D
       104: ldc2_w        #258                // double 0.45d
       107: dmul
       108: dadd
       109: dstore        10
       111: ldc2_w        #284                // double 1.2d
       114: iload         9
       116: iconst_3
       117: irem
       118: i2d
       119: ldc2_w        #356                // double 1.25d
       122: dmul
       123: dadd
       124: dstore        12
       126: aload_2
       127: dload         10
       129: invokestatic  #370                // Method java/lang/Math.cos:(D)D
       132: dload         12
       134: dmul
       135: ldc2_w        #328                // double 0.05d
       138: dload         10
       140: invokestatic  #280                // Method java/lang/Math.sin:(D)D
       143: dload         12
       145: dmul
       146: invokevirtual #343                // Method kr/moonseungjun/villageguardians/VillageSkillMeshLibrary$Basis.local:(DDD)Lnet/minecraft/world/phys/Vec3;
       149: astore        14
       151: aload         14
       153: dconst_0
       154: ldc2_w        #391                // double 5.5d
       157: iload         9
       159: i2d
       160: ldc2_w        #341                // double 0.3d
       163: dmul
       164: dadd
       165: dconst_0
       166: invokevirtual #534                // Method net/minecraft/world/phys/Vec3.add:(DDD)Lnet/minecraft/world/phys/Vec3;
       169: astore        15
       171: aload_0
       172: aload_1
       173: aload         15
       175: aload         14
       177: bipush        8
       179: ldc2_w        #298                // double 0.09d
       182: sipush        228
       185: sipush        196
       188: sipush        255
       191: sipush        210
       194: invokestatic  #234                // Method rgba:(IIII)I
       197: aload         7
       199: iload         9
       201: dload_3
       202: d2i
       203: iconst_3
       204: idiv
       205: invokestatic  #537                // Method stateSeed:(Ljava/util/Random;II)J
       208: invokestatic  #541                // Method jaggedBolt:(Lcom/mojang/blaze3d/vertex/PoseStack$Pose;Lcom/mojang/blaze3d/vertex/VertexConsumer;Lnet/minecraft/world/phys/Vec3;Lnet/minecraft/world/phys/Vec3;IDIJ)V
       211: iinc          9, 1
       214: goto          74
       217: return

  private static void renderHealCast(com.mojang.blaze3d.vertex.PoseStack$Pose, com.mojang.blaze3d.vertex.VertexConsumer, kr.moonseungjun.villageguardians.VillageSkillMeshLibrary$Basis, double, double);
    Code:
         0: ldc2_w        #324                // double 0.55d
         3: dload         5
         5: ldc2_w        #545                // double 1.1d
         8: dmul
         9: dadd
        10: dstore        7
        12: aload_0
        13: aload_1
        14: aload_2
        15: dload         7
        17: ldc2_w        #268                // double 0.1d
        20: dload         5
        22: ldc2_w        #389                // double 0.8d
        25: dmul
        26: dadd
        27: dload_3
        28: ldc2_w        #443                // double 0.045d
        31: dmul
        32: sipush        255
        35: sipush        246
        38: sipush        176
        41: ldc2_w        #393                // double 210.0d
        44: dconst_1
        45: dload         5
        47: ldc2_w        #304                // double 0.35d
        50: dmul
        51: dsub
        52: dmul
        53: d2i
        54: invokestatic  #234                // Method rgba:(IIII)I
        57: invokestatic  #330                // Method runeDisc:(Lcom/mojang/blaze3d/vertex/PoseStack$Pose;Lcom/mojang/blaze3d/vertex/VertexConsumer;Lkr/moonseungjun/villageguardians/VillageSkillMeshLibrary$Basis;DDDI)V
        60: iconst_0
        61: istore        9
        63: iload         9
        65: iconst_4
        66: if_icmpge     142
        69: iload         9
        71: i2d
        72: ldc2_w        #214                // double 6.283185307179586d
        75: dmul
        76: ldc2_w        #256                // double 4.0d
        79: ddiv
        80: dload_3
        81: ldc2_w        #436                // double 0.035d
        84: dmul
        85: dadd
        86: dstore        10
        88: aload_0
        89: aload_1
        90: aload_2
        91: dload         10
        93: dload         7
        95: ldc2_w        #375                // double 0.75d
        98: dmul
        99: ldc2_w        #302                // double 0.2d
       102: invokestatic  #260                // Method polar:(DDD)Lnet/minecraft/world/phys/Vec3;
       105: ldc2_w        #483                // double 1.35d
       108: dload         5
       110: ldc2_w        #324                // double 0.55d
       113: dmul
       114: dadd
       115: ldc2_w        #366                // double 0.06d
       118: sipush        255
       121: sipush        255
       124: sipush        215
       127: sipush        145
       130: invokestatic  #234                // Method rgba:(IIII)I
       133: invokestatic  #320                // Method verticalBlade:(Lcom/mojang/blaze3d/vertex/PoseStack$Pose;Lcom/mojang/blaze3d/vertex/VertexConsumer;Lkr/moonseungjun/villageguardians/VillageSkillMeshLibrary$Basis;Lnet/minecraft/world/phys/Vec3;DDI)V
       136: iinc          9, 1
       139: goto          63
       142: return

  private static void renderCleanseCast(com.mojang.blaze3d.vertex.PoseStack$Pose, com.mojang.blaze3d.vertex.VertexConsumer, kr.moonseungjun.villageguardians.VillageSkillMeshLibrary$Basis, double, double);
    Code:
         0: iconst_0
         1: istore        7
         3: iload         7
         5: iconst_3
         6: if_icmpge     89
         9: aload_0
        10: aload_1
        11: aload_2
        12: ldc2_w        #389                // double 0.8d
        15: iload         7
        17: i2d
        18: ldc2_w        #410                // double 0.4d
        21: dmul
        22: dadd
        23: dload         5
        25: ldc2_w        #284                // double 1.2d
        28: dmul
        29: dadd
        30: ldc2_w        #316                // double 0.25d
        33: iload         7
        35: i2d
        36: ldc2_w        #471                // double 0.5d
        39: dmul
        40: dadd
        41: ldc2_w        #364                // double 0.07d
        44: bipush        56
        46: sipush        255
        49: sipush        244
        52: sipush        178
        55: sipush        155
        58: iload         7
        60: bipush        22
        62: imul
        63: isub
        64: invokestatic  #234                // Method rgba:(IIII)I
        67: dload_3
        68: ldc2_w        #547                // double 0.03d
        71: iload         7
        73: i2d
        74: ldc2_w        #368                // double 0.01d
        77: dmul
        78: dadd
        79: dmul
        80: invokestatic  #250                // Method ring:(Lcom/mojang/blaze3d/vertex/PoseStack$Pose;Lcom/mojang/blaze3d/vertex/VertexConsumer;Lkr/moonseungjun/villageguardians/VillageSkillMeshLibrary$Basis;DDDIID)V
        83: iinc          7, 1
        86: goto          3
        89: iconst_2
        90: newarray       int
        92: dup
        93: iconst_0
        94: iconst_m1
        95: iastore
        96: dup
        97: iconst_1
        98: iconst_1
        99: iastore
       100: astore        7
       102: aload         7
       104: arraylength
       105: istore        8
       107: iconst_0
       108: istore        9
       110: iload         9
       112: iload         8
       114: if_icmpge     164
       117: aload         7
       119: iload         9
       121: iaload
       122: istore        10
       124: aload_0
       125: aload_1
       126: aload_2
       127: iload         10
       129: ldc2_w        #425                // double 1.15d
       132: dconst_1
       133: dload         5
       135: ldc2_w        #258                // double 0.45d
       138: dmul
       139: dadd
       140: sipush        255
       143: sipush        255
       146: sipush        223
       149: sipush        165
       152: invokestatic  #234                // Method rgba:(IIII)I
       155: invokestatic  #549                // Method wing:(Lcom/mojang/blaze3d/vertex/PoseStack$Pose;Lcom/mojang/blaze3d/vertex/VertexConsumer;Lkr/moonseungjun/villageguardians/VillageSkillMeshLibrary$Basis;IDDI)V
       158: iinc          9, 1
       161: goto          110
       164: return

  private static void renderCleanseWave(com.mojang.blaze3d.vertex.PoseStack$Pose, com.mojang.blaze3d.vertex.VertexConsumer, kr.moonseungjun.villageguardians.VillageSkillEffectRenderState, double, double);
    Code:
         0: aload_2
         1: getfield      #29                 // Field kr/moonseungjun/villageguardians/VillageSkillEffectRenderState.direction:Lnet/minecraft/world/phys/Vec3;
         4: invokestatic  #33                 // Method kr/moonseungjun/villageguardians/VillageSkillMeshLibrary$Basis.from:(Lnet/minecraft/world/phys/Vec3;)Lkr/moonseungjun/villageguardians/VillageSkillMeshLibrary$Basis;
         7: astore        7
         9: aload_2
        10: getfield      #553                // Field kr/moonseungjun/villageguardians/VillageSkillEffectRenderState.extra:Ljava/lang/String;
        13: new           #488                // class net/minecraft/world/phys/Vec3
        16: dup
        17: aload_2
        18: getfield      #556                // Field kr/moonseungjun/villageguardians/VillageSkillEffectRenderState.x:D
        21: aload_2
        22: getfield      #560                // Field kr/moonseungjun/villageguardians/VillageSkillEffectRenderState.y:D
        25: aload_2
        26: getfield      #563                // Field kr/moonseungjun/villageguardians/VillageSkillEffectRenderState.z:D
        29: invokespecial #566                // Method net/minecraft/world/phys/Vec3."<init>":(DDD)V
        32: invokestatic  #569                // Method parsePoints:(Ljava/lang/String;Lnet/minecraft/world/phys/Vec3;)Ljava/util/List;
        35: invokeinterface #573,  1          // InterfaceMethod java/util/List.iterator:()Ljava/util/Iterator;
        40: astore        8
        42: aload         8
        44: invokeinterface #579,  1          // InterfaceMethod java/util/Iterator.hasNext:()Z
        49: ifeq          126
        52: aload         8
        54: invokeinterface #585,  1          // InterfaceMethod java/util/Iterator.next:()Ljava/lang/Object;
        59: checkcast     #488                // class net/minecraft/world/phys/Vec3
        62: astore        9
        64: aload         9
        66: aload_2
        67: getfield      #556                // Field kr/moonseungjun/villageguardians/VillageSkillEffectRenderState.x:D
        70: aload_2
        71: getfield      #560                // Field kr/moonseungjun/villageguardians/VillageSkillEffectRenderState.y:D
        74: aload_2
        75: getfield      #563                // Field kr/moonseungjun/villageguardians/VillageSkillEffectRenderState.z:D
        78: invokevirtual #589                // Method net/minecraft/world/phys/Vec3.subtract:(DDD)Lnet/minecraft/world/phys/Vec3;
        81: astore        10
        83: aload_0
        84: aload_1
        85: aload         7
        87: aload         10
        89: ldc2_w        #314                // double 0.65d
        92: dload         5
        94: ldc2_w        #296                // double 0.95d
        97: dmul
        98: dadd
        99: sipush        255
       102: sipush        247
       105: sipush        183
       108: ldc2_w        #412                // double 190.0d
       111: dconst_1
       112: dload         5
       114: dsub
       115: dmul
       116: d2i
       117: invokestatic  #234                // Method rgba:(IIII)I
       120: invokestatic  #592                // Method localRune:(Lcom/mojang/blaze3d/vertex/PoseStack$Pose;Lcom/mojang/blaze3d/vertex/VertexConsumer;Lkr/moonseungjun/villageguardians/VillageSkillMeshLibrary$Basis;Lnet/minecraft/world/phys/Vec3;DI)V
       123: goto          42
       126: return

  private static void renderHealingField(com.mojang.blaze3d.vertex.PoseStack$Pose, com.mojang.blaze3d.vertex.VertexConsumer, kr.moonseungjun.villageguardians.VillageSkillMeshLibrary$Basis, double, double);
    Code:
         0: aload_0
         1: aload_1
         2: aload_2
         3: ldc2_w        #596                // double 5.8d
         6: ldc2_w        #547                // double 0.03d
         9: dload_3
        10: ldc2_w        #598                // double 0.008d
        13: dmul
        14: sipush        255
        17: sipush        239
        20: sipush        153
        23: bipush        105
        25: invokestatic  #234                // Method rgba:(IIII)I
        28: invokestatic  #330                // Method runeDisc:(Lcom/mojang/blaze3d/vertex/PoseStack$Pose;Lcom/mojang/blaze3d/vertex/VertexConsumer;Lkr/moonseungjun/villageguardians/VillageSkillMeshLibrary$Basis;DDDI)V
        31: iconst_0
        32: istore        7
        34: iload         7
        36: iconst_3
        37: if_icmpge     112
        40: aload_0
        41: aload_1
        42: aload_2
        43: ldc2_w        #346                // double 1.7d
        46: iload         7
        48: i2d
        49: ldc2_w        #483                // double 1.35d
        52: dmul
        53: dadd
        54: ldc2_w        #445                // double 0.055d
        57: iload         7
        59: i2d
        60: ldc2_w        #294                // double 0.02d
        63: dmul
        64: dadd
        65: ldc2_w        #205                // double 0.08d
        68: bipush        64
        70: sipush        255
        73: sipush        248
        76: sipush        188
        79: bipush        125
        81: iload         7
        83: bipush        18
        85: imul
        86: isub
        87: invokestatic  #234                // Method rgba:(IIII)I
        90: dload_3
        91: ldc2_w        #600                // double 0.015d
        94: iload         7
        96: i2d
        97: ldc2_w        #602                // double 0.006d
       100: dmul
       101: dadd
       102: dmul
       103: invokestatic  #250                // Method ring:(Lcom/mojang/blaze3d/vertex/PoseStack$Pose;Lcom/mojang/blaze3d/vertex/VertexConsumer;Lkr/moonseungjun/villageguardians/VillageSkillMeshLibrary$Basis;DDDIID)V
       106: iinc          7, 1
       109: goto          34
       112: iconst_0
       113: istore        7
       115: iload         7
       117: bipush        8
       119: if_icmpge     217
       122: iload         7
       124: i2d
       125: ldc2_w        #214                // double 6.283185307179586d
       128: dmul
       129: ldc2_w        #461                // double 8.0d
       132: ddiv
       133: dload_3
       134: ldc2_w        #604                // double 0.014d
       137: dmul
       138: dadd
       139: dstore        8
       141: aload_2
       142: dload         8
       144: invokestatic  #370                // Method java/lang/Math.cos:(D)D
       147: ldc2_w        #606                // double 3.6d
       150: dmul
       151: ldc2_w        #328                // double 0.05d
       154: dload         8
       156: invokestatic  #280                // Method java/lang/Math.sin:(D)D
       159: ldc2_w        #606                // double 3.6d
       162: dmul
       163: invokevirtual #343                // Method kr/moonseungjun/villageguardians/VillageSkillMeshLibrary$Basis.local:(DDD)Lnet/minecraft/world/phys/Vec3;
       166: astore        10
       168: aload_0
       169: aload_1
       170: aload_2
       171: aload         10
       173: dconst_1
       174: ldc2_w        #304                // double 0.35d
       177: dload_3
       178: ldc2_w        #350                // double 0.13d
       181: dmul
       182: iload         7
       184: i2d
       185: dadd
       186: invokestatic  #280                // Method java/lang/Math.sin:(D)D
       189: dmul
       190: dadd
       191: ldc2_w        #445                // double 0.055d
       194: sipush        255
       197: sipush        255
       200: sipush        215
       203: bipush        115
       205: invokestatic  #234                // Method rgba:(IIII)I
       208: invokestatic  #320                // Method verticalBlade:(Lcom/mojang/blaze3d/vertex/PoseStack$Pose;Lcom/mojang/blaze3d/vertex/VertexConsumer;Lkr/moonseungjun/villageguardians/VillageSkillMeshLibrary$Basis;Lnet/minecraft/world/phys/Vec3;DDI)V
       211: iinc          7, 1
       214: goto          115
       217: return

  private static void renderMiracleCast(com.mojang.blaze3d.vertex.PoseStack$Pose, com.mojang.blaze3d.vertex.VertexConsumer, kr.moonseungjun.villageguardians.VillageSkillMeshLibrary$Basis, double, double);
    Code:
         0: dload         5
         2: ldc2_w        #288                // double 0.12d
         5: ldc2_w        #316                // double 0.25d
         8: invokestatic  #209                // Method envelope:(DDD)D
        11: dstore        7
        13: aload_0
        14: aload_1
        15: aload_2
        16: dconst_0
        17: ldc2_w        #608                // double 2.4d
        20: dconst_0
        21: invokevirtual #343                // Method kr/moonseungjun/villageguardians/VillageSkillMeshLibrary$Basis.local:(DDD)Lnet/minecraft/world/phys/Vec3;
        24: ldc2_w        #278                // double 0.34d
        27: ldc2_w        #228                // double 0.18d
        30: dload_3
        31: ldc2_w        #228                // double 0.18d
        34: dmul
        35: invokestatic  #280                // Method java/lang/Math.sin:(D)D
        38: dmul
        39: dadd
        40: bipush        10
        42: bipush        16
        44: sipush        255
        47: sipush        250
        50: sipush        198
        53: ldc2_w        #380                // double 220.0d
        56: dload         7
        58: dmul
        59: d2i
        60: invokestatic  #234                // Method rgba:(IIII)I
        63: invokestatic  #498                // Method sphere:(Lcom/mojang/blaze3d/vertex/PoseStack$Pose;Lcom/mojang/blaze3d/vertex/VertexConsumer;Lnet/minecraft/world/phys/Vec3;DIII)V
        66: iconst_2
        67: newarray       int
        69: dup
        70: iconst_0
        71: iconst_m1
        72: iastore
        73: dup
        74: iconst_1
        75: iconst_1
        76: iastore
        77: astore        9
        79: aload         9
        81: arraylength
        82: istore        10
        84: iconst_0
        85: istore        11
        87: iload         11
        89: iload         10
        91: if_icmpge     147
        94: aload         9
        96: iload         11
        98: iaload
        99: istore        12
       101: aload_0
       102: aload_1
       103: aload_2
       104: iload         12
       106: ldc2_w        #610                // double 1.55d
       109: ldc2_w        #612                // double 1.75d
       112: dload         5
       114: ldc2_w        #314                // double 0.65d
       117: dmul
       118: dadd
       119: sipush        255
       122: sipush        255
       125: sipush        225
       128: ldc2_w        #412                // double 190.0d
       131: dload         7
       133: dmul
       134: d2i
       135: invokestatic  #234                // Method rgba:(IIII)I
       138: invokestatic  #549                // Method wing:(Lcom/mojang/blaze3d/vertex/PoseStack$Pose;Lcom/mojang/blaze3d/vertex/VertexConsumer;Lkr/moonseungjun/villageguardians/VillageSkillMeshLibrary$Basis;IDDI)V
       141: iinc          11, 1
       144: goto          87
       147: aload_0
       148: aload_1
       149: aload_2
       150: ldc2_w        #220                // double 0.38d
       153: dload         5
       155: ldc2_w        #375                // double 0.75d
       158: dmul
       159: dadd
       160: ldc2_w        #300                // double 6.0d
       163: sipush        255
       166: sipush        240
       169: sipush        142
       172: ldc2_w        #423                // double 150.0d
       175: dload         7
       177: dmul
       178: d2i
       179: invokestatic  #234                // Method rgba:(IIII)I
       182: invokestatic  #614                // Method verticalPillar:(Lcom/mojang/blaze3d/vertex/PoseStack$Pose;Lcom/mojang/blaze3d/vertex/VertexConsumer;Lkr/moonseungjun/villageguardians/VillageSkillMeshLibrary$Basis;DDI)V
       185: aload_0
       186: aload_1
       187: aload_2
       188: ldc2_w        #608                // double 2.4d
       191: dload         5
       193: ldc2_w        #429                // double 1.4d
       196: dmul
       197: dadd
       198: ldc2_w        #248                // double 0.04d
       201: dload_3
       202: dneg
       203: ldc2_w        #230                // double 0.025d
       206: dmul
       207: sipush        255
       210: sipush        238
       213: sipush        137
       216: ldc2_w        #618                // double 155.0d
       219: dload         7
       221: dmul
       222: d2i
       223: invokestatic  #234                // Method rgba:(IIII)I
       226: invokestatic  #330                // Method runeDisc:(Lcom/mojang/blaze3d/vertex/PoseStack$Pose;Lcom/mojang/blaze3d/vertex/VertexConsumer;Lkr/moonseungjun/villageguardians/VillageSkillMeshLibrary$Basis;DDDI)V
       229: return

  private static void renderMiracleWave(com.mojang.blaze3d.vertex.PoseStack$Pose, com.mojang.blaze3d.vertex.VertexConsumer, kr.moonseungjun.villageguardians.VillageSkillEffectRenderState, double, double);
    Code:
         0: aload_2
         1: getfield      #29                 // Field kr/moonseungjun/villageguardians/VillageSkillEffectRenderState.direction:Lnet/minecraft/world/phys/Vec3;
         4: invokestatic  #33                 // Method kr/moonseungjun/villageguardians/VillageSkillMeshLibrary$Basis.from:(Lnet/minecraft/world/phys/Vec3;)Lkr/moonseungjun/villageguardians/VillageSkillMeshLibrary$Basis;
         7: astore        7
         9: aload_2
        10: getfield      #553                // Field kr/moonseungjun/villageguardians/VillageSkillEffectRenderState.extra:Ljava/lang/String;
        13: new           #488                // class net/minecraft/world/phys/Vec3
        16: dup
        17: aload_2
        18: getfield      #556                // Field kr/moonseungjun/villageguardians/VillageSkillEffectRenderState.x:D
        21: aload_2
        22: getfield      #560                // Field kr/moonseungjun/villageguardians/VillageSkillEffectRenderState.y:D
        25: aload_2
        26: getfield      #563                // Field kr/moonseungjun/villageguardians/VillageSkillEffectRenderState.z:D
        29: invokespecial #566                // Method net/minecraft/world/phys/Vec3."<init>":(DDD)V
        32: invokestatic  #569                // Method parsePoints:(Ljava/lang/String;Lnet/minecraft/world/phys/Vec3;)Ljava/util/List;
        35: invokeinterface #573,  1          // InterfaceMethod java/util/List.iterator:()Ljava/util/Iterator;
        40: astore        8
        42: aload         8
        44: invokeinterface #579,  1          // InterfaceMethod java/util/Iterator.hasNext:()Z
        49: ifeq          180
        52: aload         8
        54: invokeinterface #585,  1          // InterfaceMethod java/util/Iterator.next:()Ljava/lang/Object;
        59: checkcast     #488                // class net/minecraft/world/phys/Vec3
        62: astore        9
        64: aload         9
        66: aload_2
        67: getfield      #556                // Field kr/moonseungjun/villageguardians/VillageSkillEffectRenderState.x:D
        70: aload_2
        71: getfield      #560                // Field kr/moonseungjun/villageguardians/VillageSkillEffectRenderState.y:D
        74: aload_2
        75: getfield      #563                // Field kr/moonseungjun/villageguardians/VillageSkillEffectRenderState.z:D
        78: invokevirtual #589                // Method net/minecraft/world/phys/Vec3.subtract:(DDD)Lnet/minecraft/world/phys/Vec3;
        81: astore        10
        83: aload_0
        84: aload_1
        85: aload         7
        87: aload         10
        89: ldc2_w        #471                // double 0.5d
        92: dload         5
        94: ldc2_w        #373                // double 1.5d
        97: dmul
        98: dadd
        99: sipush        255
       102: sipush        244
       105: sipush        162
       108: ldc2_w        #380                // double 220.0d
       111: dconst_1
       112: dload         5
       114: dsub
       115: dmul
       116: d2i
       117: invokestatic  #234                // Method rgba:(IIII)I
       120: invokestatic  #592                // Method localRune:(Lcom/mojang/blaze3d/vertex/PoseStack$Pose;Lcom/mojang/blaze3d/vertex/VertexConsumer;Lkr/moonseungjun/villageguardians/VillageSkillMeshLibrary$Basis;Lnet/minecraft/world/phys/Vec3;DI)V
       123: aload_0
       124: aload_1
       125: aload         7
       127: aload         10
       129: ldc2_w        #358                // double 0.15d
       132: dconst_1
       133: dload         5
       135: dsub
       136: ldc2_w        #336                // double 0.28d
       139: dmul
       140: dadd
       141: ldc2_w        #334                // double 2.0d
       144: dconst_1
       145: dload         5
       147: dsub
       148: ldc2_w        #620                // double 3.2d
       151: dmul
       152: dadd
       153: sipush        255
       156: sipush        255
       159: sipush        210
       162: ldc2_w        #622                // double 135.0d
       165: dconst_1
       166: dload         5
       168: dsub
       169: dmul
       170: d2i
       171: invokestatic  #234                // Method rgba:(IIII)I
       174: invokestatic  #624                // Method verticalPillarAt:(Lcom/mojang/blaze3d/vertex/PoseStack$Pose;Lcom/mojang/blaze3d/vertex/VertexConsumer;Lkr/moonseungjun/villageguardians/VillageSkillMeshLibrary$Basis;Lnet/minecraft/world/phys/Vec3;DDI)V
       177: goto          42
       180: return

  private static void renderShieldCharge(com.mojang.blaze3d.vertex.PoseStack$Pose, com.mojang.blaze3d.vertex.VertexConsumer, kr.moonseungjun.villageguardians.VillageSkillMeshLibrary$Basis, double, double);
    Code:
         0: ldc2_w        #389                // double 0.8d
         3: dload         5
         5: ldc2_w        #506                // double 1.8d
         8: dmul
         9: dadd
        10: dstore        7
        12: aload_0
        13: aload_1
        14: aload_2
        15: aload_2
        16: dconst_0
        17: dconst_1
        18: dload         7
        20: invokevirtual #343                // Method kr/moonseungjun/villageguardians/VillageSkillMeshLibrary$Basis.local:(DDD)Lnet/minecraft/world/phys/Vec3;
        23: ldc2_w        #608                // double 2.4d
        26: ldc2_w        #627                // double 2.5d
        29: ldc2_w        #504                // double 0.48d
        32: bipush        93
        34: sipush        180
        37: sipush        255
        40: sipush        185
        43: invokestatic  #234                // Method rgba:(IIII)I
        46: invokestatic  #629                // Method curvedShield:(Lcom/mojang/blaze3d/vertex/PoseStack$Pose;Lcom/mojang/blaze3d/vertex/VertexConsumer;Lkr/moonseungjun/villageguardians/VillageSkillMeshLibrary$Basis;Lnet/minecraft/world/phys/Vec3;DDDI)V
        49: aload_0
        50: aload_1
        51: aload_2
        52: aload_2
        53: dconst_0
        54: dconst_1
        55: dload         7
        57: ldc2_w        #362                // double 0.22d
        60: dadd
        61: invokevirtual #343                // Method kr/moonseungjun/villageguardians/VillageSkillMeshLibrary$Basis.local:(DDD)Lnet/minecraft/world/phys/Vec3;
        64: ldc2_w        #610                // double 1.55d
        67: ldc2_w        #348                // double 1.65d
        70: ldc2_w        #304                // double 0.35d
        73: sipush        184
        76: sipush        231
        79: sipush        255
        82: sipush        135
        85: invokestatic  #234                // Method rgba:(IIII)I
        88: invokestatic  #629                // Method curvedShield:(Lcom/mojang/blaze3d/vertex/PoseStack$Pose;Lcom/mojang/blaze3d/vertex/VertexConsumer;Lkr/moonseungjun/villageguardians/VillageSkillMeshLibrary$Basis;Lnet/minecraft/world/phys/Vec3;DDDI)V
        91: iconst_0
        92: istore        9
        94: iload         9
        96: iconst_3
        97: if_icmpge     158
       100: iload         9
       102: iconst_1
       103: isub
       104: i2d
       105: ldc2_w        #212                // double 0.72d
       108: dmul
       109: dstore        10
       111: aload_0
       112: aload_1
       113: aload_2
       114: aload_2
       115: dload         10
       117: ldc2_w        #228                // double 0.18d
       120: dload         7
       122: ldc2_w        #268                // double 0.1d
       125: dsub
       126: invokevirtual #343                // Method kr/moonseungjun/villageguardians/VillageSkillMeshLibrary$Basis.local:(DDD)Lnet/minecraft/world/phys/Vec3;
       129: ldc2_w        #612                // double 1.75d
       132: ldc2_w        #445                // double 0.055d
       135: sipush        211
       138: sipush        241
       141: sipush        255
       144: bipush        120
       146: invokestatic  #234                // Method rgba:(IIII)I
       149: invokestatic  #320                // Method verticalBlade:(Lcom/mojang/blaze3d/vertex/PoseStack$Pose;Lcom/mojang/blaze3d/vertex/VertexConsumer;Lkr/moonseungjun/villageguardians/VillageSkillMeshLibrary$Basis;Lnet/minecraft/world/phys/Vec3;DDI)V
       152: iinc          9, 1
       155: goto          94
       158: return

  private static void renderTaunt(com.mojang.blaze3d.vertex.PoseStack$Pose, com.mojang.blaze3d.vertex.VertexConsumer, kr.moonseungjun.villageguardians.VillageSkillMeshLibrary$Basis, double, double);
    Code:
         0: iconst_0
         1: istore        7
         3: iload         7
         5: iconst_3
         6: if_icmpge     87
         9: aload_0
        10: aload_1
        11: aload_2
        12: ldc2_w        #389                // double 0.8d
        15: dload         5
        17: ldc2_w        #620                // double 3.2d
        20: iload         7
        22: i2d
        23: ldc2_w        #375                // double 0.75d
        26: dmul
        27: dadd
        28: dmul
        29: dadd
        30: ldc2_w        #324                // double 0.55d
        33: iload         7
        35: i2d
        36: ldc2_w        #304                // double 0.35d
        39: dmul
        40: dadd
        41: ldc2_w        #268                // double 0.1d
        44: bipush        64
        46: bipush        92
        48: sipush        176
        51: sipush        255
        54: sipush        175
        57: iload         7
        59: bipush        25
        61: imul
        62: isub
        63: i2d
        64: dconst_1
        65: dload         5
        67: dsub
        68: dmul
        69: d2i
        70: invokestatic  #234                // Method rgba:(IIII)I
        73: dload_3
        74: ldc2_w        #600                // double 0.015d
        77: dmul
        78: invokestatic  #250                // Method ring:(Lcom/mojang/blaze3d/vertex/PoseStack$Pose;Lcom/mojang/blaze3d/vertex/VertexConsumer;Lkr/moonseungjun/villageguardians/VillageSkillMeshLibrary$Basis;DDDIID)V
        81: iinc          7, 1
        84: goto          3
        87: iconst_0
        88: istore        7
        90: iload         7
        92: bipush        8
        94: if_icmpge     162
        97: iload         7
        99: i2d
       100: ldc2_w        #214                // double 6.283185307179586d
       103: dmul
       104: ldc2_w        #461                // double 8.0d
       107: ddiv
       108: dstore        8
       110: aload_0
       111: aload_1
       112: aload_2
       113: dload         8
       115: ldc2_w        #429                // double 1.4d
       118: dload         5
       120: ldc2_w        #627                // double 2.5d
       123: dmul
       124: dadd
       125: ldc2_w        #389                // double 0.8d
       128: sipush        148
       131: sipush        215
       134: sipush        255
       137: ldc2_w        #292                // double 170.0d
       140: dconst_1
       141: dload         5
       143: ldc2_w        #314                // double 0.65d
       146: dmul
       147: dsub
       148: dmul
       149: d2i
       150: invokestatic  #234                // Method rgba:(IIII)I
       153: invokestatic  #633                // Method shieldGlyph:(Lcom/mojang/blaze3d/vertex/PoseStack$Pose;Lcom/mojang/blaze3d/vertex/VertexConsumer;Lkr/moonseungjun/villageguardians/VillageSkillMeshLibrary$Basis;DDDI)V
       156: iinc          7, 1
       159: goto          90
       162: return

  private static void renderFortress(com.mojang.blaze3d.vertex.PoseStack$Pose, com.mojang.blaze3d.vertex.VertexConsumer, kr.moonseungjun.villageguardians.VillageSkillMeshLibrary$Basis, double, double, boolean);
    Code:
         0: iload         7
         2: ifeq          11
         5: ldc2_w        #636                // double 4.7d
         8: goto          14
        11: ldc2_w        #475                // double 3.5d
        14: dstore        8
        16: iload         7
        18: ifeq          27
        21: ldc2_w        #638                // double 3.4d
        24: goto          30
        27: ldc2_w        #640                // double 2.8d
        30: dstore        10
        32: iload         7
        34: ifeq          43
        37: ldc2_w        #518                // double 2.1d
        40: goto          46
        43: ldc2_w        #346                // double 1.7d
        46: dstore        12
        48: aload_0
        49: aload_1
        50: aload_2
        51: aload_2
        52: dconst_0
        53: dload         10
        55: ldc2_w        #306                // double 0.42d
        58: dmul
        59: dload         12
        61: invokevirtual #343                // Method kr/moonseungjun/villageguardians/VillageSkillMeshLibrary$Basis.local:(DDD)Lnet/minecraft/world/phys/Vec3;
        64: dload         8
        66: dload         10
        68: iload         7
        70: ifeq          79
        73: ldc2_w        #336                // double 0.28d
        76: goto          82
        79: ldc2_w        #306                // double 0.42d
        82: bipush        75
        84: sipush        160
        87: sipush        255
        90: iload         7
        92: ifeq          101
        95: sipush        175
        98: goto          104
       101: sipush        150
       104: invokestatic  #234                // Method rgba:(IIII)I
       107: invokestatic  #629                // Method curvedShield:(Lcom/mojang/blaze3d/vertex/PoseStack$Pose;Lcom/mojang/blaze3d/vertex/VertexConsumer;Lkr/moonseungjun/villageguardians/VillageSkillMeshLibrary$Basis;Lnet/minecraft/world/phys/Vec3;DDDI)V
       110: aload_0
       111: aload_1
       112: aload_2
       113: dload         8
       115: dload         10
       117: dload         12
       119: ldc2_w        #547                // double 0.03d
       122: dadd
       123: dload_3
       124: sipush        190
       127: sipush        235
       130: sipush        255
       133: iload         7
       135: ifeq          143
       138: bipush        120
       140: goto          145
       143: bipush        105
       145: invokestatic  #234                // Method rgba:(IIII)I
       148: invokestatic  #642                // Method hexGrid:(Lcom/mojang/blaze3d/vertex/PoseStack$Pose;Lcom/mojang/blaze3d/vertex/VertexConsumer;Lkr/moonseungjun/villageguardians/VillageSkillMeshLibrary$Basis;DDDDI)V
       151: aload_0
       152: aload_1
       153: aload_2
       154: iload         7
       156: ifeq          165
       159: ldc2_w        #419                // double 2.3d
       162: goto          168
       165: ldc2_w        #612                // double 1.75d
       168: ldc2_w        #328                // double 0.05d
       171: ldc2_w        #364                // double 0.07d
       174: bipush        56
       176: bipush        94
       178: sipush        184
       181: sipush        255
       184: bipush        115
       186: invokestatic  #234                // Method rgba:(IIII)I
       189: dload_3
       190: ldc2_w        #604                // double 0.014d
       193: dmul
       194: invokestatic  #250                // Method ring:(Lcom/mojang/blaze3d/vertex/PoseStack$Pose;Lcom/mojang/blaze3d/vertex/VertexConsumer;Lkr/moonseungjun/villageguardians/VillageSkillMeshLibrary$Basis;DDDIID)V
       197: return

  private static void renderPath(com.mojang.blaze3d.vertex.PoseStack$Pose, com.mojang.blaze3d.vertex.VertexConsumer, kr.moonseungjun.villageguardians.VillageSkillEffectRenderState, double, double, int, boolean);
    Code:
         0: new           #488                // class net/minecraft/world/phys/Vec3
         3: dup
         4: aload_2
         5: getfield      #556                // Field kr/moonseungjun/villageguardians/VillageSkillEffectRenderState.x:D
         8: aload_2
         9: getfield      #560                // Field kr/moonseungjun/villageguardians/VillageSkillEffectRenderState.y:D
        12: aload_2
        13: getfield      #563                // Field kr/moonseungjun/villageguardians/VillageSkillEffectRenderState.z:D
        16: invokespecial #566                // Method net/minecraft/world/phys/Vec3."<init>":(DDD)V
        19: astore        9
        21: aload_2
        22: getfield      #553                // Field kr/moonseungjun/villageguardians/VillageSkillEffectRenderState.extra:Ljava/lang/String;
        25: aload         9
        27: invokestatic  #569                // Method parsePoints:(Ljava/lang/String;Lnet/minecraft/world/phys/Vec3;)Ljava/util/List;
        30: astore        10
        32: aload         10
        34: invokeinterface #645,  1          // InterfaceMethod java/util/List.size:()I
        39: iconst_2
        40: if_icmpge     44
        43: return
        44: iload         7
        46: bipush        16
        48: ishr
        49: sipush        255
        52: iand
        53: iload         7
        55: bipush        8
        57: ishr
        58: sipush        255
        61: iand
        62: iload         7
        64: sipush        255
        67: iand
        68: ldc2_w        #232                // double 205.0d
        71: dconst_1
        72: dload         5
        74: ldc2_w        #314                // double 0.65d
        77: dmul
        78: dsub
        79: dmul
        80: d2i
        81: invokestatic  #234                // Method rgba:(IIII)I
        84: istore        11
        86: iconst_0
        87: istore        12
        89: iload         12
        91: aload         10
        93: invokeinterface #645,  1          // InterfaceMethod java/util/List.size:()I
        98: iconst_1
        99: isub
       100: if_icmpge     194
       103: aload         10
       105: iload         12
       107: invokeinterface #648,  2          // InterfaceMethod java/util/List.get:(I)Ljava/lang/Object;
       112: checkcast     #488                // class net/minecraft/world/phys/Vec3
       115: aload         9
       117: invokevirtual #652                // Method net/minecraft/world/phys/Vec3.subtract:(Lnet/minecraft/world/phys/Vec3;)Lnet/minecraft/world/phys/Vec3;
       120: astore        13
       122: aload         10
       124: iload         12
       126: iconst_1
       127: iadd
       128: invokeinterface #648,  2          // InterfaceMethod java/util/List.get:(I)Ljava/lang/Object;
       133: checkcast     #488                // class net/minecraft/world/phys/Vec3
       136: aload         9
       138: invokevirtual #652                // Method net/minecraft/world/phys/Vec3.subtract:(Lnet/minecraft/world/phys/Vec3;)Lnet/minecraft/world/phys/Vec3;
       141: astore        14
       143: iload         8
       145: ifeq          174
       148: aload_0
       149: aload_1
       150: aload         13
       152: aload         14
       154: dload_3
       155: iload         12
       157: i2d
       158: ldc2_w        #346                // double 1.7d
       161: dmul
       162: dadd
       163: ldc2_w        #268                // double 0.1d
       166: iload         11
       168: invokestatic  #655                // Method braidedBeam:(Lcom/mojang/blaze3d/vertex/PoseStack$Pose;Lcom/mojang/blaze3d/vertex/VertexConsumer;Lnet/minecraft/world/phys/Vec3;Lnet/minecraft/world/phys/Vec3;DDI)V
       171: goto          188
       174: aload_0
       175: aload_1
       176: aload         13
       178: aload         14
       180: ldc2_w        #288                // double 0.12d
       183: iload         11
       185: invokestatic  #659                // Method customArrowBetween:(Lcom/mojang/blaze3d/vertex/PoseStack$Pose;Lcom/mojang/blaze3d/vertex/VertexConsumer;Lnet/minecraft/world/phys/Vec3;Lnet/minecraft/world/phys/Vec3;DI)V
       188: iinc          12, 1
       191: goto          89
       194: return

  private static void renderFallbackRune(com.mojang.blaze3d.vertex.PoseStack$Pose, com.mojang.blaze3d.vertex.VertexConsumer, kr.moonseungjun.villageguardians.VillageSkillMeshLibrary$Basis, double, double);
    Code:
         0: aload_0
         1: aload_1
         2: aload_2
         3: ldc2_w        #284                // double 1.2d
         6: ldc2_w        #316                // double 0.25d
         9: dload_3
        10: ldc2_w        #248                // double 0.04d
        13: dmul
        14: sipush        206
        17: sipush        157
        20: sipush        255
        23: ldc2_w        #481                // double 180.0d
        26: dconst_1
        27: dload         5
        29: dsub
        30: dmul
        31: d2i
        32: invokestatic  #234                // Method rgba:(IIII)I
        35: invokestatic  #330                // Method runeDisc:(Lcom/mojang/blaze3d/vertex/PoseStack$Pose;Lcom/mojang/blaze3d/vertex/VertexConsumer;Lkr/moonseungjun/villageguardians/VillageSkillMeshLibrary$Basis;DDDI)V
        38: return

  private static void slashArc(com.mojang.blaze3d.vertex.PoseStack$Pose, com.mojang.blaze3d.vertex.VertexConsumer, kr.moonseungjun.villageguardians.VillageSkillMeshLibrary$Basis, double, double, double, double, double, int);
    Code:
         0: bipush        20
         2: istore        14
         4: iconst_0
         5: istore        15
         7: iload         15
         9: iload         14
        11: if_icmpge     259
        14: iload         15
        16: i2d
        17: iload         14
        19: i2d
        20: ddiv
        21: dstore        16
        23: iload         15
        25: iconst_1
        26: iadd
        27: i2d
        28: iload         14
        30: i2d
        31: ddiv
        32: dstore        18
        34: dload_3
        35: dload         9
        37: ldc2_w        #471                // double 0.5d
        40: dmul
        41: dsub
        42: dload         9
        44: dload         16
        46: dmul
        47: dadd
        48: dstore        20
        50: dload_3
        51: dload         9
        53: ldc2_w        #471                // double 0.5d
        56: dmul
        57: dsub
        58: dload         9
        60: dload         18
        62: dmul
        63: dadd
        64: dstore        22
        66: ldc2_w        #447                // double 3.141592653589793d
        69: dload         16
        71: dmul
        72: invokestatic  #280                // Method java/lang/Math.sin:(D)D
        75: dstore        24
        77: ldc2_w        #447                // double 3.141592653589793d
        80: dload         18
        82: dmul
        83: invokestatic  #280                // Method java/lang/Math.sin:(D)D
        86: dstore        26
        88: dload         5
        90: dload         11
        92: dload         24
        94: dmul
        95: dadd
        96: dstore        28
        98: dload         5
       100: dload         11
       102: dload         24
       104: dmul
       105: dsub
       106: dstore        30
       108: dload         5
       110: dload         11
       112: dload         26
       114: dmul
       115: dadd
       116: dstore        32
       118: dload         5
       120: dload         11
       122: dload         26
       124: dmul
       125: dsub
       126: dstore        34
       128: aload_2
       129: dload         20
       131: invokestatic  #370                // Method java/lang/Math.cos:(D)D
       134: dload         30
       136: dmul
       137: dload         7
       139: dload         20
       141: invokestatic  #280                // Method java/lang/Math.sin:(D)D
       144: dload         30
       146: dmul
       147: invokevirtual #343                // Method kr/moonseungjun/villageguardians/VillageSkillMeshLibrary$Basis.local:(DDD)Lnet/minecraft/world/phys/Vec3;
       150: astore        36
       152: aload_2
       153: dload         20
       155: invokestatic  #370                // Method java/lang/Math.cos:(D)D
       158: dload         28
       160: dmul
       161: dload         7
       163: dload         11
       165: ldc2_w        #662                // double 0.6d
       168: dmul
       169: dadd
       170: dload         20
       172: invokestatic  #280                // Method java/lang/Math.sin:(D)D
       175: dload         28
       177: dmul
       178: invokevirtual #343                // Method kr/moonseungjun/villageguardians/VillageSkillMeshLibrary$Basis.local:(DDD)Lnet/minecraft/world/phys/Vec3;
       181: astore        37
       183: aload_2
       184: dload         22
       186: invokestatic  #370                // Method java/lang/Math.cos:(D)D
       189: dload         32
       191: dmul
       192: dload         7
       194: dload         11
       196: ldc2_w        #662                // double 0.6d
       199: dmul
       200: dadd
       201: dload         22
       203: invokestatic  #280                // Method java/lang/Math.sin:(D)D
       206: dload         32
       208: dmul
       209: invokevirtual #343                // Method kr/moonseungjun/villageguardians/VillageSkillMeshLibrary$Basis.local:(DDD)Lnet/minecraft/world/phys/Vec3;
       212: astore        38
       214: aload_2
       215: dload         22
       217: invokestatic  #370                // Method java/lang/Math.cos:(D)D
       220: dload         34
       222: dmul
       223: dload         7
       225: dload         22
       227: invokestatic  #280                // Method java/lang/Math.sin:(D)D
       230: dload         34
       232: dmul
       233: invokevirtual #343                // Method kr/moonseungjun/villageguardians/VillageSkillMeshLibrary$Basis.local:(DDD)Lnet/minecraft/world/phys/Vec3;
       236: astore        39
       238: aload_0
       239: aload_1
       240: aload         36
       242: aload         37
       244: aload         38
       246: aload         39
       248: iload         13
       250: invokestatic  #664                // Method quadTwoSided:(Lcom/mojang/blaze3d/vertex/PoseStack$Pose;Lcom/mojang/blaze3d/vertex/VertexConsumer;Lnet/minecraft/world/phys/Vec3;Lnet/minecraft/world/phys/Vec3;Lnet/minecraft/world/phys/Vec3;Lnet/minecraft/world/phys/Vec3;I)V
       253: iinc          15, 1
       256: goto          7
       259: return

  private static void crescent(com.mojang.blaze3d.vertex.PoseStack$Pose, com.mojang.blaze3d.vertex.VertexConsumer, kr.moonseungjun.villageguardians.VillageSkillMeshLibrary$Basis, double, double, double, double, int);
    Code:
         0: bipush        28
         2: istore        12
         4: dload         9
         6: dneg
         7: ldc2_w        #471                // double 0.5d
        10: dmul
        11: dstore        13
        13: iconst_0
        14: istore        15
        16: iload         15
        18: iload         12
        20: if_icmpge     258
        23: iload         15
        25: i2d
        26: iload         12
        28: i2d
        29: ddiv
        30: dstore        16
        32: iload         15
        34: iconst_1
        35: iadd
        36: i2d
        37: iload         12
        39: i2d
        40: ddiv
        41: dstore        18
        43: dload         13
        45: dload         9
        47: dload         16
        49: dmul
        50: dadd
        51: dstore        20
        53: dload         13
        55: dload         9
        57: dload         18
        59: dmul
        60: dadd
        61: dstore        22
        63: ldc2_w        #248                // double 0.04d
        66: ldc2_w        #447                // double 3.141592653589793d
        69: dload         16
        71: dmul
        72: invokestatic  #280                // Method java/lang/Math.sin:(D)D
        75: ldc2_w        #668                // double 0.32d
        78: dmul
        79: dadd
        80: dstore        24
        82: ldc2_w        #248                // double 0.04d
        85: ldc2_w        #447                // double 3.141592653589793d
        88: dload         18
        90: dmul
        91: invokestatic  #280                // Method java/lang/Math.sin:(D)D
        94: ldc2_w        #668                // double 0.32d
        97: dmul
        98: dadd
        99: dstore        26
       101: aload_2
       102: dload         20
       104: invokestatic  #280                // Method java/lang/Math.sin:(D)D
       107: dload_3
       108: dmul
       109: dload         5
       111: dload         20
       113: invokestatic  #370                // Method java/lang/Math.cos:(D)D
       116: dload_3
       117: dmul
       118: ldc2_w        #670                // double 0.52d
       121: dmul
       122: dadd
       123: dload         7
       125: invokevirtual #343                // Method kr/moonseungjun/villageguardians/VillageSkillMeshLibrary$Basis.local:(DDD)Lnet/minecraft/world/phys/Vec3;
       128: astore        28
       130: aload_2
       131: dload         20
       133: invokestatic  #280                // Method java/lang/Math.sin:(D)D
       136: dload_3
       137: dload         24
       139: dadd
       140: dmul
       141: dload         5
       143: dload         20
       145: invokestatic  #370                // Method java/lang/Math.cos:(D)D
       148: dload_3
       149: dload         24
       151: dadd
       152: dmul
       153: ldc2_w        #670                // double 0.52d
       156: dmul
       157: dadd
       158: dload         7
       160: ldc2_w        #248                // double 0.04d
       163: dadd
       164: invokevirtual #343                // Method kr/moonseungjun/villageguardians/VillageSkillMeshLibrary$Basis.local:(DDD)Lnet/minecraft/world/phys/Vec3;
       167: astore        29
       169: aload_2
       170: dload         22
       172: invokestatic  #280                // Method java/lang/Math.sin:(D)D
       175: dload_3
       176: dload         26
       178: dadd
       179: dmul
       180: dload         5
       182: dload         22
       184: invokestatic  #370                // Method java/lang/Math.cos:(D)D
       187: dload_3
       188: dload         26
       190: dadd
       191: dmul
       192: ldc2_w        #670                // double 0.52d
       195: dmul
       196: dadd
       197: dload         7
       199: ldc2_w        #248                // double 0.04d
       202: dadd
       203: invokevirtual #343                // Method kr/moonseungjun/villageguardians/VillageSkillMeshLibrary$Basis.local:(DDD)Lnet/minecraft/world/phys/Vec3;
       206: astore        30
       208: aload_2
       209: dload         22
       211: invokestatic  #280                // Method java/lang/Math.sin:(D)D
       214: dload_3
       215: dmul
       216: dload         5
       218: dload         22
       220: invokestatic  #370                // Method java/lang/Math.cos:(D)D
       223: dload_3
       224: dmul
       225: ldc2_w        #670                // double 0.52d
       228: dmul
       229: dadd
       230: dload         7
       232: invokevirtual #343                // Method kr/moonseungjun/villageguardians/VillageSkillMeshLibrary$Basis.local:(DDD)Lnet/minecraft/world/phys/Vec3;
       235: astore        31
       237: aload_0
       238: aload_1
       239: aload         28
       241: aload         29
       243: aload         30
       245: aload         31
       247: iload         11
       249: invokestatic  #664                // Method quadTwoSided:(Lcom/mojang/blaze3d/vertex/PoseStack$Pose;Lcom/mojang/blaze3d/vertex/VertexConsumer;Lnet/minecraft/world/phys/Vec3;Lnet/minecraft/world/phys/Vec3;Lnet/minecraft/world/phys/Vec3;Lnet/minecraft/world/phys/Vec3;I)V
       252: iinc          15, 1
       255: goto          16
       258: return

  private static void ring(com.mojang.blaze3d.vertex.PoseStack$Pose, com.mojang.blaze3d.vertex.VertexConsumer, kr.moonseungjun.villageguardians.VillageSkillMeshLibrary$Basis, double, double, double, int, int, double);
    Code:
         0: iconst_0
         1: istore        13
         3: iload         13
         5: iload         9
         7: if_icmpge     177
        10: dload         11
        12: iload         13
        14: i2d
        15: ldc2_w        #214                // double 6.283185307179586d
        18: dmul
        19: iload         9
        21: i2d
        22: ddiv
        23: dadd
        24: dstore        14
        26: dload         11
        28: iload         13
        30: iconst_1
        31: iadd
        32: i2d
        33: ldc2_w        #214                // double 6.283185307179586d
        36: dmul
        37: iload         9
        39: i2d
        40: ddiv
        41: dadd
        42: dstore        16
        44: aload_2
        45: dload         14
        47: invokestatic  #370                // Method java/lang/Math.cos:(D)D
        50: dload_3
        51: dload         7
        53: dsub
        54: dmul
        55: dload         5
        57: dload         14
        59: invokestatic  #280                // Method java/lang/Math.sin:(D)D
        62: dload_3
        63: dload         7
        65: dsub
        66: dmul
        67: invokevirtual #343                // Method kr/moonseungjun/villageguardians/VillageSkillMeshLibrary$Basis.local:(DDD)Lnet/minecraft/world/phys/Vec3;
        70: astore        18
        72: aload_2
        73: dload         14
        75: invokestatic  #370                // Method java/lang/Math.cos:(D)D
        78: dload_3
        79: dload         7
        81: dadd
        82: dmul
        83: dload         5
        85: dload         14
        87: invokestatic  #280                // Method java/lang/Math.sin:(D)D
        90: dload_3
        91: dload         7
        93: dadd
        94: dmul
        95: invokevirtual #343                // Method kr/moonseungjun/villageguardians/VillageSkillMeshLibrary$Basis.local:(DDD)Lnet/minecraft/world/phys/Vec3;
        98: astore        19
       100: aload_2
       101: dload         16
       103: invokestatic  #370                // Method java/lang/Math.cos:(D)D
       106: dload_3
       107: dload         7
       109: dadd
       110: dmul
       111: dload         5
       113: dload         16
       115: invokestatic  #280                // Method java/lang/Math.sin:(D)D
       118: dload_3
       119: dload         7
       121: dadd
       122: dmul
       123: invokevirtual #343                // Method kr/moonseungjun/villageguardians/VillageSkillMeshLibrary$Basis.local:(DDD)Lnet/minecraft/world/phys/Vec3;
       126: astore        20
       128: aload_2
       129: dload         16
       131: invokestatic  #370                // Method java/lang/Math.cos:(D)D
       134: dload_3
       135: dload         7
       137: dsub
       138: dmul
       139: dload         5
       141: dload         16
       143: invokestatic  #280                // Method java/lang/Math.sin:(D)D
       146: dload_3
       147: dload         7
       149: dsub
       150: dmul
       151: invokevirtual #343                // Method kr/moonseungjun/villageguardians/VillageSkillMeshLibrary$Basis.local:(DDD)Lnet/minecraft/world/phys/Vec3;
       154: astore        21
       156: aload_0
       157: aload_1
       158: aload         18
       160: aload         19
       162: aload         20
       164: aload         21
       166: iload         10
       168: invokestatic  #664                // Method quadTwoSided:(Lcom/mojang/blaze3d/vertex/PoseStack$Pose;Lcom/mojang/blaze3d/vertex/VertexConsumer;Lnet/minecraft/world/phys/Vec3;Lnet/minecraft/world/phys/Vec3;Lnet/minecraft/world/phys/Vec3;Lnet/minecraft/world/phys/Vec3;I)V
       171: iinc          13, 1
       174: goto          3
       177: return

  private static void ringVertical(com.mojang.blaze3d.vertex.PoseStack$Pose, com.mojang.blaze3d.vertex.VertexConsumer, kr.moonseungjun.villageguardians.VillageSkillMeshLibrary$Basis, double, double, double, int, int, double);
    Code:
         0: iconst_0
         1: istore        13
         3: iload         13
         5: iload         9
         7: if_icmpge     193
        10: dload         11
        12: iload         13
        14: i2d
        15: ldc2_w        #214                // double 6.283185307179586d
        18: dmul
        19: iload         9
        21: i2d
        22: ddiv
        23: dadd
        24: dstore        14
        26: dload         11
        28: iload         13
        30: iconst_1
        31: iadd
        32: i2d
        33: ldc2_w        #214                // double 6.283185307179586d
        36: dmul
        37: iload         9
        39: i2d
        40: ddiv
        41: dadd
        42: dstore        16
        44: aload_2
        45: dload         14
        47: invokestatic  #370                // Method java/lang/Math.cos:(D)D
        50: dload_3
        51: dload         7
        53: dsub
        54: dmul
        55: dload         5
        57: dload         14
        59: invokestatic  #280                // Method java/lang/Math.sin:(D)D
        62: dload_3
        63: dload         7
        65: dsub
        66: dmul
        67: dadd
        68: ldc2_w        #382                // double 0.7d
        71: invokevirtual #343                // Method kr/moonseungjun/villageguardians/VillageSkillMeshLibrary$Basis.local:(DDD)Lnet/minecraft/world/phys/Vec3;
        74: astore        18
        76: aload_2
        77: dload         14
        79: invokestatic  #370                // Method java/lang/Math.cos:(D)D
        82: dload_3
        83: dload         7
        85: dadd
        86: dmul
        87: dload         5
        89: dload         14
        91: invokestatic  #280                // Method java/lang/Math.sin:(D)D
        94: dload_3
        95: dload         7
        97: dadd
        98: dmul
        99: dadd
       100: ldc2_w        #382                // double 0.7d
       103: invokevirtual #343                // Method kr/moonseungjun/villageguardians/VillageSkillMeshLibrary$Basis.local:(DDD)Lnet/minecraft/world/phys/Vec3;
       106: astore        19
       108: aload_2
       109: dload         16
       111: invokestatic  #370                // Method java/lang/Math.cos:(D)D
       114: dload_3
       115: dload         7
       117: dadd
       118: dmul
       119: dload         5
       121: dload         16
       123: invokestatic  #280                // Method java/lang/Math.sin:(D)D
       126: dload_3
       127: dload         7
       129: dadd
       130: dmul
       131: dadd
       132: ldc2_w        #382                // double 0.7d
       135: invokevirtual #343                // Method kr/moonseungjun/villageguardians/VillageSkillMeshLibrary$Basis.local:(DDD)Lnet/minecraft/world/phys/Vec3;
       138: astore        20
       140: aload_2
       141: dload         16
       143: invokestatic  #370                // Method java/lang/Math.cos:(D)D
       146: dload_3
       147: dload         7
       149: dsub
       150: dmul
       151: dload         5
       153: dload         16
       155: invokestatic  #280                // Method java/lang/Math.sin:(D)D
       158: dload_3
       159: dload         7
       161: dsub
       162: dmul
       163: dadd
       164: ldc2_w        #382                // double 0.7d
       167: invokevirtual #343                // Method kr/moonseungjun/villageguardians/VillageSkillMeshLibrary$Basis.local:(DDD)Lnet/minecraft/world/phys/Vec3;
       170: astore        21
       172: aload_0
       173: aload_1
       174: aload         18
       176: aload         19
       178: aload         20
       180: aload         21
       182: iload         10
       184: invokestatic  #664                // Method quadTwoSided:(Lcom/mojang/blaze3d/vertex/PoseStack$Pose;Lcom/mojang/blaze3d/vertex/VertexConsumer;Lnet/minecraft/world/phys/Vec3;Lnet/minecraft/world/phys/Vec3;Lnet/minecraft/world/phys/Vec3;Lnet/minecraft/world/phys/Vec3;I)V
       187: iinc          13, 1
       190: goto          3
       193: return

  private static void runeDisc(com.mojang.blaze3d.vertex.PoseStack$Pose, com.mojang.blaze3d.vertex.VertexConsumer, kr.moonseungjun.villageguardians.VillageSkillMeshLibrary$Basis, double, double, double, int);
    Code:
         0: aload_0
         1: aload_1
         2: aload_2
         3: dload_3
         4: dload         5
         6: ldc2_w        #436                // double 0.035d
         9: dload_3
        10: ldc2_w        #312                // double 0.018d
        13: dmul
        14: invokestatic  #19                 // Method java/lang/Math.max:(DD)D
        17: bipush        72
        19: iload         9
        21: dload         7
        23: invokestatic  #250                // Method ring:(Lcom/mojang/blaze3d/vertex/PoseStack$Pose;Lcom/mojang/blaze3d/vertex/VertexConsumer;Lkr/moonseungjun/villageguardians/VillageSkillMeshLibrary$Basis;DDDIID)V
        26: aload_0
        27: aload_1
        28: aload_2
        29: dload_3
        30: ldc2_w        #672                // double 0.58d
        33: dmul
        34: dload         5
        36: ldc2_w        #602                // double 0.006d
        39: dadd
        40: ldc2_w        #674                // double 0.028d
        43: dload_3
        44: ldc2_w        #604                // double 0.014d
        47: dmul
        48: invokestatic  #19                 // Method java/lang/Math.max:(DD)D
        51: bipush        56
        53: iload         9
        55: dload         7
        57: dneg
        58: ldc2_w        #346                // double 1.7d
        61: dmul
        62: invokestatic  #250                // Method ring:(Lcom/mojang/blaze3d/vertex/PoseStack$Pose;Lcom/mojang/blaze3d/vertex/VertexConsumer;Lkr/moonseungjun/villageguardians/VillageSkillMeshLibrary$Basis;DDDIID)V
        65: iconst_0
        66: istore        10
        68: iload         10
        70: bipush        8
        72: if_icmpge     228
        75: dload         7
        77: iload         10
        79: i2d
        80: ldc2_w        #214                // double 6.283185307179586d
        83: dmul
        84: ldc2_w        #461                // double 8.0d
        87: ddiv
        88: dadd
        89: dstore        11
        91: dload         11
        93: ldc2_w        #676                // double 0.39269908169872414d
        96: dadd
        97: dstore        13
        99: aload_2
       100: dload         11
       102: invokestatic  #370                // Method java/lang/Math.cos:(D)D
       105: dload_3
       106: dmul
       107: ldc2_w        #496                // double 0.62d
       110: dmul
       111: dload         5
       113: ldc2_w        #368                // double 0.01d
       116: dadd
       117: dload         11
       119: invokestatic  #280                // Method java/lang/Math.sin:(D)D
       122: dload_3
       123: dmul
       124: ldc2_w        #496                // double 0.62d
       127: dmul
       128: invokevirtual #343                // Method kr/moonseungjun/villageguardians/VillageSkillMeshLibrary$Basis.local:(DDD)Lnet/minecraft/world/phys/Vec3;
       131: astore        15
       133: aload_2
       134: dload         13
       136: invokestatic  #370                // Method java/lang/Math.cos:(D)D
       139: dload_3
       140: dmul
       141: ldc2_w        #454                // double 0.88d
       144: dmul
       145: dload         5
       147: ldc2_w        #368                // double 0.01d
       150: dadd
       151: dload         13
       153: invokestatic  #280                // Method java/lang/Math.sin:(D)D
       156: dload_3
       157: dmul
       158: ldc2_w        #454                // double 0.88d
       161: dmul
       162: invokevirtual #343                // Method kr/moonseungjun/villageguardians/VillageSkillMeshLibrary$Basis.local:(DDD)Lnet/minecraft/world/phys/Vec3;
       165: astore        16
       167: aload_2
       168: dload         11
       170: ldc2_w        #678                // double 0.7853981633974483d
       173: dadd
       174: invokestatic  #370                // Method java/lang/Math.cos:(D)D
       177: dload_3
       178: dmul
       179: ldc2_w        #496                // double 0.62d
       182: dmul
       183: dload         5
       185: ldc2_w        #368                // double 0.01d
       188: dadd
       189: dload         11
       191: ldc2_w        #678                // double 0.7853981633974483d
       194: dadd
       195: invokestatic  #280                // Method java/lang/Math.sin:(D)D
       198: dload_3
       199: dmul
       200: ldc2_w        #496                // double 0.62d
       203: dmul
       204: invokevirtual #343                // Method kr/moonseungjun/villageguardians/VillageSkillMeshLibrary$Basis.local:(DDD)Lnet/minecraft/world/phys/Vec3;
       207: astore        17
       209: aload_0
       210: aload_1
       211: aload         15
       213: aload         16
       215: aload         17
       217: iload         9
       219: invokestatic  #680                // Method triangleTwoSided:(Lcom/mojang/blaze3d/vertex/PoseStack$Pose;Lcom/mojang/blaze3d/vertex/VertexConsumer;Lnet/minecraft/world/phys/Vec3;Lnet/minecraft/world/phys/Vec3;Lnet/minecraft/world/phys/Vec3;I)V
       222: iinc          10, 1
       225: goto          68
       228: return

  private static void localRune(com.mojang.blaze3d.vertex.PoseStack$Pose, com.mojang.blaze3d.vertex.VertexConsumer, kr.moonseungjun.villageguardians.VillageSkillMeshLibrary$Basis, net.minecraft.world.phys.Vec3, double, int);
    Code:
         0: bipush        40
         2: istore        7
         4: iconst_0
         5: istore        8
         7: iload         8
         9: iload         7
        11: if_icmpge     195
        14: iload         8
        16: i2d
        17: ldc2_w        #214                // double 6.283185307179586d
        20: dmul
        21: iload         7
        23: i2d
        24: ddiv
        25: dstore        9
        27: iload         8
        29: iconst_1
        30: iadd
        31: i2d
        32: ldc2_w        #214                // double 6.283185307179586d
        35: dmul
        36: iload         7
        38: i2d
        39: ddiv
        40: dstore        11
        42: aload_3
        43: dload         9
        45: invokestatic  #370                // Method java/lang/Math.cos:(D)D
        48: dload         4
        50: ldc2_w        #436                // double 0.035d
        53: dsub
        54: dmul
        55: ldc2_w        #294                // double 0.02d
        58: dload         9
        60: invokestatic  #280                // Method java/lang/Math.sin:(D)D
        63: dload         4
        65: ldc2_w        #436                // double 0.035d
        68: dsub
        69: dmul
        70: invokevirtual #534                // Method net/minecraft/world/phys/Vec3.add:(DDD)Lnet/minecraft/world/phys/Vec3;
        73: astore        13
        75: aload_3
        76: dload         9
        78: invokestatic  #370                // Method java/lang/Math.cos:(D)D
        81: dload         4
        83: ldc2_w        #436                // double 0.035d
        86: dadd
        87: dmul
        88: ldc2_w        #294                // double 0.02d
        91: dload         9
        93: invokestatic  #280                // Method java/lang/Math.sin:(D)D
        96: dload         4
        98: ldc2_w        #436                // double 0.035d
       101: dadd
       102: dmul
       103: invokevirtual #534                // Method net/minecraft/world/phys/Vec3.add:(DDD)Lnet/minecraft/world/phys/Vec3;
       106: astore        14
       108: aload_3
       109: dload         11
       111: invokestatic  #370                // Method java/lang/Math.cos:(D)D
       114: dload         4
       116: ldc2_w        #436                // double 0.035d
       119: dadd
       120: dmul
       121: ldc2_w        #294                // double 0.02d
       124: dload         11
       126: invokestatic  #280                // Method java/lang/Math.sin:(D)D
       129: dload         4
       131: ldc2_w        #436                // double 0.035d
       134: dadd
       135: dmul
       136: invokevirtual #534                // Method net/minecraft/world/phys/Vec3.add:(DDD)Lnet/minecraft/world/phys/Vec3;
       139: astore        15
       141: aload_3
       142: dload         11
       144: invokestatic  #370                // Method java/lang/Math.cos:(D)D
       147: dload         4
       149: ldc2_w        #436                // double 0.035d
       152: dsub
       153: dmul
       154: ldc2_w        #294                // double 0.02d
       157: dload         11
       159: invokestatic  #280                // Method java/lang/Math.sin:(D)D
       162: dload         4
       164: ldc2_w        #436                // double 0.035d
       167: dsub
       168: dmul
       169: invokevirtual #534                // Method net/minecraft/world/phys/Vec3.add:(DDD)Lnet/minecraft/world/phys/Vec3;
       172: astore        16
       174: aload_0
       175: aload_1
       176: aload         13
       178: aload         14
       180: aload         15
       182: aload         16
       184: iload         6
       186: invokestatic  #664                // Method quadTwoSided:(Lcom/mojang/blaze3d/vertex/PoseStack$Pose;Lcom/mojang/blaze3d/vertex/VertexConsumer;Lnet/minecraft/world/phys/Vec3;Lnet/minecraft/world/phys/Vec3;Lnet/minecraft/world/phys/Vec3;Lnet/minecraft/world/phys/Vec3;I)V
       189: iinc          8, 1
       192: goto          7
       195: return

  private static void customArrow(com.mojang.blaze3d.vertex.PoseStack$Pose, com.mojang.blaze3d.vertex.VertexConsumer, kr.moonseungjun.villageguardians.VillageSkillMeshLibrary$Basis, net.minecraft.world.phys.Vec3, double, double, int);
    Code:
         0: aload_3
         1: aload_2
         2: getfield      #684                // Field kr/moonseungjun/villageguardians/VillageSkillMeshLibrary$Basis.forward:Lnet/minecraft/world/phys/Vec3;
         5: dload         4
         7: dneg
         8: ldc2_w        #258                // double 0.45d
        11: dmul
        12: invokevirtual #687                // Method net/minecraft/world/phys/Vec3.scale:(D)Lnet/minecraft/world/phys/Vec3;
        15: invokevirtual #691                // Method net/minecraft/world/phys/Vec3.add:(Lnet/minecraft/world/phys/Vec3;)Lnet/minecraft/world/phys/Vec3;
        18: astore        9
        20: aload_3
        21: aload_2
        22: getfield      #684                // Field kr/moonseungjun/villageguardians/VillageSkillMeshLibrary$Basis.forward:Lnet/minecraft/world/phys/Vec3;
        25: dload         4
        27: ldc2_w        #336                // double 0.28d
        30: dmul
        31: invokevirtual #687                // Method net/minecraft/world/phys/Vec3.scale:(D)Lnet/minecraft/world/phys/Vec3;
        34: invokevirtual #691                // Method net/minecraft/world/phys/Vec3.add:(Lnet/minecraft/world/phys/Vec3;)Lnet/minecraft/world/phys/Vec3;
        37: astore        10
        39: aload_3
        40: aload_2
        41: getfield      #684                // Field kr/moonseungjun/villageguardians/VillageSkillMeshLibrary$Basis.forward:Lnet/minecraft/world/phys/Vec3;
        44: dload         4
        46: ldc2_w        #496                // double 0.62d
        49: dmul
        50: invokevirtual #687                // Method net/minecraft/world/phys/Vec3.scale:(D)Lnet/minecraft/world/phys/Vec3;
        53: invokevirtual #691                // Method net/minecraft/world/phys/Vec3.add:(Lnet/minecraft/world/phys/Vec3;)Lnet/minecraft/world/phys/Vec3;
        56: astore        11
        58: aload_0
        59: aload_1
        60: aload         9
        62: aload         10
        64: dload         6
        66: iload         8
        68: invokestatic  #693                // Method prism:(Lcom/mojang/blaze3d/vertex/PoseStack$Pose;Lcom/mojang/blaze3d/vertex/VertexConsumer;Lnet/minecraft/world/phys/Vec3;Lnet/minecraft/world/phys/Vec3;DI)V
        71: aload_2
        72: getfield      #696                // Field kr/moonseungjun/villageguardians/VillageSkillMeshLibrary$Basis.right:Lnet/minecraft/world/phys/Vec3;
        75: dload         6
        77: ldc2_w        #492                // double 2.6d
        80: dmul
        81: invokevirtual #687                // Method net/minecraft/world/phys/Vec3.scale:(D)Lnet/minecraft/world/phys/Vec3;
        84: astore        12
        86: new           #488                // class net/minecraft/world/phys/Vec3
        89: dup
        90: dconst_0
        91: dload         6
        93: ldc2_w        #492                // double 2.6d
        96: dmul
        97: dconst_0
        98: invokespecial #566                // Method net/minecraft/world/phys/Vec3."<init>":(DDD)V
       101: astore        13
       103: aload_0
       104: aload_1
       105: aload         10
       107: aload         12
       109: invokevirtual #691                // Method net/minecraft/world/phys/Vec3.add:(Lnet/minecraft/world/phys/Vec3;)Lnet/minecraft/world/phys/Vec3;
       112: aload         10
       114: aload         13
       116: invokevirtual #691                // Method net/minecraft/world/phys/Vec3.add:(Lnet/minecraft/world/phys/Vec3;)Lnet/minecraft/world/phys/Vec3;
       119: aload         11
       121: iload         8
       123: invokestatic  #680                // Method triangleTwoSided:(Lcom/mojang/blaze3d/vertex/PoseStack$Pose;Lcom/mojang/blaze3d/vertex/VertexConsumer;Lnet/minecraft/world/phys/Vec3;Lnet/minecraft/world/phys/Vec3;Lnet/minecraft/world/phys/Vec3;I)V
       126: aload_0
       127: aload_1
       128: aload         10
       130: aload         13
       132: invokevirtual #691                // Method net/minecraft/world/phys/Vec3.add:(Lnet/minecraft/world/phys/Vec3;)Lnet/minecraft/world/phys/Vec3;
       135: aload         10
       137: aload         12
       139: invokevirtual #652                // Method net/minecraft/world/phys/Vec3.subtract:(Lnet/minecraft/world/phys/Vec3;)Lnet/minecraft/world/phys/Vec3;
       142: aload         11
       144: iload         8
       146: invokestatic  #680                // Method triangleTwoSided:(Lcom/mojang/blaze3d/vertex/PoseStack$Pose;Lcom/mojang/blaze3d/vertex/VertexConsumer;Lnet/minecraft/world/phys/Vec3;Lnet/minecraft/world/phys/Vec3;Lnet/minecraft/world/phys/Vec3;I)V
       149: aload_0
       150: aload_1
       151: aload         10
       153: aload         12
       155: invokevirtual #652                // Method net/minecraft/world/phys/Vec3.subtract:(Lnet/minecraft/world/phys/Vec3;)Lnet/minecraft/world/phys/Vec3;
       158: aload         10
       160: aload         13
       162: invokevirtual #652                // Method net/minecraft/world/phys/Vec3.subtract:(Lnet/minecraft/world/phys/Vec3;)Lnet/minecraft/world/phys/Vec3;
       165: aload         11
       167: iload         8
       169: invokestatic  #680                // Method triangleTwoSided:(Lcom/mojang/blaze3d/vertex/PoseStack$Pose;Lcom/mojang/blaze3d/vertex/VertexConsumer;Lnet/minecraft/world/phys/Vec3;Lnet/minecraft/world/phys/Vec3;Lnet/minecraft/world/phys/Vec3;I)V
       172: aload_0
       173: aload_1
       174: aload         10
       176: aload         13
       178: invokevirtual #652                // Method net/minecraft/world/phys/Vec3.subtract:(Lnet/minecraft/world/phys/Vec3;)Lnet/minecraft/world/phys/Vec3;
       181: aload         10
       183: aload         12
       185: invokevirtual #691                // Method net/minecraft/world/phys/Vec3.add:(Lnet/minecraft/world/phys/Vec3;)Lnet/minecraft/world/phys/Vec3;
       188: aload         11
       190: iload         8
       192: invokestatic  #680                // Method triangleTwoSided:(Lcom/mojang/blaze3d/vertex/PoseStack$Pose;Lcom/mojang/blaze3d/vertex/VertexConsumer;Lnet/minecraft/world/phys/Vec3;Lnet/minecraft/world/phys/Vec3;Lnet/minecraft/world/phys/Vec3;I)V
       195: aload         9
       197: aload_2
       198: getfield      #684                // Field kr/moonseungjun/villageguardians/VillageSkillMeshLibrary$Basis.forward:Lnet/minecraft/world/phys/Vec3;
       201: dload         4
       203: ldc2_w        #228                // double 0.18d
       206: dmul
       207: invokevirtual #687                // Method net/minecraft/world/phys/Vec3.scale:(D)Lnet/minecraft/world/phys/Vec3;
       210: invokevirtual #691                // Method net/minecraft/world/phys/Vec3.add:(Lnet/minecraft/world/phys/Vec3;)Lnet/minecraft/world/phys/Vec3;
       213: astore        14
       215: aload_0
       216: aload_1
       217: aload         9
       219: aload         12
       221: ldc2_w        #284                // double 1.2d
       224: invokevirtual #687                // Method net/minecraft/world/phys/Vec3.scale:(D)Lnet/minecraft/world/phys/Vec3;
       227: invokevirtual #691                // Method net/minecraft/world/phys/Vec3.add:(Lnet/minecraft/world/phys/Vec3;)Lnet/minecraft/world/phys/Vec3;
       230: aload         14
       232: aload         9
       234: aload         12
       236: ldc2_w        #284                // double 1.2d
       239: invokevirtual #687                // Method net/minecraft/world/phys/Vec3.scale:(D)Lnet/minecraft/world/phys/Vec3;
       242: invokevirtual #652                // Method net/minecraft/world/phys/Vec3.subtract:(Lnet/minecraft/world/phys/Vec3;)Lnet/minecraft/world/phys/Vec3;
       245: iload         8
       247: invokestatic  #680                // Method triangleTwoSided:(Lcom/mojang/blaze3d/vertex/PoseStack$Pose;Lcom/mojang/blaze3d/vertex/VertexConsumer;Lnet/minecraft/world/phys/Vec3;Lnet/minecraft/world/phys/Vec3;Lnet/minecraft/world/phys/Vec3;I)V
       250: aload_0
       251: aload_1
       252: aload         9
       254: aload         13
       256: ldc2_w        #284                // double 1.2d
       259: invokevirtual #687                // Method net/minecraft/world/phys/Vec3.scale:(D)Lnet/minecraft/world/phys/Vec3;
       262: invokevirtual #691                // Method net/minecraft/world/phys/Vec3.add:(Lnet/minecraft/world/phys/Vec3;)Lnet/minecraft/world/phys/Vec3;
       265: aload         14
       267: aload         9
       269: aload         13
       271: ldc2_w        #284                // double 1.2d
       274: invokevirtual #687                // Method net/minecraft/world/phys/Vec3.scale:(D)Lnet/minecraft/world/phys/Vec3;
       277: invokevirtual #652                // Method net/minecraft/world/phys/Vec3.subtract:(Lnet/minecraft/world/phys/Vec3;)Lnet/minecraft/world/phys/Vec3;
       280: iload         8
       282: invokestatic  #680                // Method triangleTwoSided:(Lcom/mojang/blaze3d/vertex/PoseStack$Pose;Lcom/mojang/blaze3d/vertex/VertexConsumer;Lnet/minecraft/world/phys/Vec3;Lnet/minecraft/world/phys/Vec3;Lnet/minecraft/world/phys/Vec3;I)V
       285: return

  private static void customArrowBetween(com.mojang.blaze3d.vertex.PoseStack$Pose, com.mojang.blaze3d.vertex.VertexConsumer, net.minecraft.world.phys.Vec3, net.minecraft.world.phys.Vec3, double, int);
    Code:
         0: aload_3
         1: aload_2
         2: invokevirtual #652                // Method net/minecraft/world/phys/Vec3.subtract:(Lnet/minecraft/world/phys/Vec3;)Lnet/minecraft/world/phys/Vec3;
         5: astore        7
         7: aload         7
         9: invokestatic  #33                 // Method kr/moonseungjun/villageguardians/VillageSkillMeshLibrary$Basis.from:(Lnet/minecraft/world/phys/Vec3;)Lkr/moonseungjun/villageguardians/VillageSkillMeshLibrary$Basis;
        12: astore        8
        14: aload         7
        16: invokevirtual #699                // Method net/minecraft/world/phys/Vec3.length:()D
        19: dstore        9
        21: aload_2
        22: aload         7
        24: ldc2_w        #471                // double 0.5d
        27: invokevirtual #687                // Method net/minecraft/world/phys/Vec3.scale:(D)Lnet/minecraft/world/phys/Vec3;
        30: invokevirtual #691                // Method net/minecraft/world/phys/Vec3.add:(Lnet/minecraft/world/phys/Vec3;)Lnet/minecraft/world/phys/Vec3;
        33: astore        11
        35: aload_0
        36: aload_1
        37: aload         8
        39: aload         11
        41: dload         9
        43: dload         4
        45: iload         6
        47: invokestatic  #433                // Method customArrow:(Lcom/mojang/blaze3d/vertex/PoseStack$Pose;Lcom/mojang/blaze3d/vertex/VertexConsumer;Lkr/moonseungjun/villageguardians/VillageSkillMeshLibrary$Basis;Lnet/minecraft/world/phys/Vec3;DDI)V
        50: return

  private static void energyBlade(com.mojang.blaze3d.vertex.PoseStack$Pose, com.mojang.blaze3d.vertex.VertexConsumer, net.minecraft.world.phys.Vec3, net.minecraft.world.phys.Vec3, double, int);
    Code:
         0: aload_3
         1: aload_2
         2: invokevirtual #652                // Method net/minecraft/world/phys/Vec3.subtract:(Lnet/minecraft/world/phys/Vec3;)Lnet/minecraft/world/phys/Vec3;
         5: astore        7
         7: aload         7
         9: invokestatic  #33                 // Method kr/moonseungjun/villageguardians/VillageSkillMeshLibrary$Basis.from:(Lnet/minecraft/world/phys/Vec3;)Lkr/moonseungjun/villageguardians/VillageSkillMeshLibrary$Basis;
        12: astore        8
        14: aload_2
        15: aload         7
        17: ldc2_w        #212                // double 0.72d
        20: invokevirtual #687                // Method net/minecraft/world/phys/Vec3.scale:(D)Lnet/minecraft/world/phys/Vec3;
        23: invokevirtual #691                // Method net/minecraft/world/phys/Vec3.add:(Lnet/minecraft/world/phys/Vec3;)Lnet/minecraft/world/phys/Vec3;
        26: astore        9
        28: aload_0
        29: aload_1
        30: aload_2
        31: aload         9
        33: dload         4
        35: iload         6
        37: invokestatic  #693                // Method prism:(Lcom/mojang/blaze3d/vertex/PoseStack$Pose;Lcom/mojang/blaze3d/vertex/VertexConsumer;Lnet/minecraft/world/phys/Vec3;Lnet/minecraft/world/phys/Vec3;DI)V
        40: aload         8
        42: getfield      #696                // Field kr/moonseungjun/villageguardians/VillageSkillMeshLibrary$Basis.right:Lnet/minecraft/world/phys/Vec3;
        45: dload         4
        47: ldc2_w        #286                // double 2.2d
        50: dmul
        51: invokevirtual #687                // Method net/minecraft/world/phys/Vec3.scale:(D)Lnet/minecraft/world/phys/Vec3;
        54: astore        10
        56: aload_0
        57: aload_1
        58: aload         9
        60: aload         10
        62: invokevirtual #691                // Method net/minecraft/world/phys/Vec3.add:(Lnet/minecraft/world/phys/Vec3;)Lnet/minecraft/world/phys/Vec3;
        65: aload         9
        67: aload         10
        69: invokevirtual #652                // Method net/minecraft/world/phys/Vec3.subtract:(Lnet/minecraft/world/phys/Vec3;)Lnet/minecraft/world/phys/Vec3;
        72: aload_3
        73: iload         6
        75: invokestatic  #680                // Method triangleTwoSided:(Lcom/mojang/blaze3d/vertex/PoseStack$Pose;Lcom/mojang/blaze3d/vertex/VertexConsumer;Lnet/minecraft/world/phys/Vec3;Lnet/minecraft/world/phys/Vec3;Lnet/minecraft/world/phys/Vec3;I)V
        78: new           #488                // class net/minecraft/world/phys/Vec3
        81: dup
        82: dconst_0
        83: dload         4
        85: ldc2_w        #346                // double 1.7d
        88: dmul
        89: dconst_0
        90: invokespecial #566                // Method net/minecraft/world/phys/Vec3."<init>":(DDD)V
        93: astore        11
        95: aload_0
        96: aload_1
        97: aload         9
        99: aload         11
       101: invokevirtual #691                // Method net/minecraft/world/phys/Vec3.add:(Lnet/minecraft/world/phys/Vec3;)Lnet/minecraft/world/phys/Vec3;
       104: aload         9
       106: aload         11
       108: invokevirtual #652                // Method net/minecraft/world/phys/Vec3.subtract:(Lnet/minecraft/world/phys/Vec3;)Lnet/minecraft/world/phys/Vec3;
       111: aload_3
       112: iload         6
       114: invokestatic  #680                // Method triangleTwoSided:(Lcom/mojang/blaze3d/vertex/PoseStack$Pose;Lcom/mojang/blaze3d/vertex/VertexConsumer;Lnet/minecraft/world/phys/Vec3;Lnet/minecraft/world/phys/Vec3;Lnet/minecraft/world/phys/Vec3;I)V
       117: return

  private static void prism(com.mojang.blaze3d.vertex.PoseStack$Pose, com.mojang.blaze3d.vertex.VertexConsumer, net.minecraft.world.phys.Vec3, net.minecraft.world.phys.Vec3, double, int);
    Code:
         0: aload_3
         1: aload_2
         2: invokevirtual #652                // Method net/minecraft/world/phys/Vec3.subtract:(Lnet/minecraft/world/phys/Vec3;)Lnet/minecraft/world/phys/Vec3;
         5: astore        7
         7: aload         7
         9: invokestatic  #33                 // Method kr/moonseungjun/villageguardians/VillageSkillMeshLibrary$Basis.from:(Lnet/minecraft/world/phys/Vec3;)Lkr/moonseungjun/villageguardians/VillageSkillMeshLibrary$Basis;
        12: astore        8
        14: aload         8
        16: getfield      #696                // Field kr/moonseungjun/villageguardians/VillageSkillMeshLibrary$Basis.right:Lnet/minecraft/world/phys/Vec3;
        19: dload         4
        21: invokevirtual #687                // Method net/minecraft/world/phys/Vec3.scale:(D)Lnet/minecraft/world/phys/Vec3;
        24: astore        9
        26: aload         8
        28: getfield      #702                // Field kr/moonseungjun/villageguardians/VillageSkillMeshLibrary$Basis.up:Lnet/minecraft/world/phys/Vec3;
        31: dload         4
        33: invokevirtual #687                // Method net/minecraft/world/phys/Vec3.scale:(D)Lnet/minecraft/world/phys/Vec3;
        36: astore        10
        38: iconst_4
        39: anewarray     #488                // class net/minecraft/world/phys/Vec3
        42: dup
        43: iconst_0
        44: aload_2
        45: aload         9
        47: invokevirtual #691                // Method net/minecraft/world/phys/Vec3.add:(Lnet/minecraft/world/phys/Vec3;)Lnet/minecraft/world/phys/Vec3;
        50: aastore
        51: dup
        52: iconst_1
        53: aload_2
        54: aload         10
        56: invokevirtual #691                // Method net/minecraft/world/phys/Vec3.add:(Lnet/minecraft/world/phys/Vec3;)Lnet/minecraft/world/phys/Vec3;
        59: aastore
        60: dup
        61: iconst_2
        62: aload_2
        63: aload         9
        65: invokevirtual #652                // Method net/minecraft/world/phys/Vec3.subtract:(Lnet/minecraft/world/phys/Vec3;)Lnet/minecraft/world/phys/Vec3;
        68: aastore
        69: dup
        70: iconst_3
        71: aload_2
        72: aload         10
        74: invokevirtual #652                // Method net/minecraft/world/phys/Vec3.subtract:(Lnet/minecraft/world/phys/Vec3;)Lnet/minecraft/world/phys/Vec3;
        77: aastore
        78: astore        11
        80: iconst_4
        81: anewarray     #488                // class net/minecraft/world/phys/Vec3
        84: dup
        85: iconst_0
        86: aload_3
        87: aload         9
        89: invokevirtual #691                // Method net/minecraft/world/phys/Vec3.add:(Lnet/minecraft/world/phys/Vec3;)Lnet/minecraft/world/phys/Vec3;
        92: aastore
        93: dup
        94: iconst_1
        95: aload_3
        96: aload         10
        98: invokevirtual #691                // Method net/minecraft/world/phys/Vec3.add:(Lnet/minecraft/world/phys/Vec3;)Lnet/minecraft/world/phys/Vec3;
       101: aastore
       102: dup
       103: iconst_2
       104: aload_3
       105: aload         9
       107: invokevirtual #652                // Method net/minecraft/world/phys/Vec3.subtract:(Lnet/minecraft/world/phys/Vec3;)Lnet/minecraft/world/phys/Vec3;
       110: aastore
       111: dup
       112: iconst_3
       113: aload_3
       114: aload         10
       116: invokevirtual #652                // Method net/minecraft/world/phys/Vec3.subtract:(Lnet/minecraft/world/phys/Vec3;)Lnet/minecraft/world/phys/Vec3;
       119: aastore
       120: astore        12
       122: iconst_0
       123: istore        13
       125: iload         13
       127: iconst_4
       128: if_icmpge     172
       131: iload         13
       133: iconst_1
       134: iadd
       135: iconst_4
       136: irem
       137: istore        14
       139: aload_0
       140: aload_1
       141: aload         11
       143: iload         13
       145: aaload
       146: aload         11
       148: iload         14
       150: aaload
       151: aload         12
       153: iload         14
       155: aaload
       156: aload         12
       158: iload         13
       160: aaload
       161: iload         6
       163: invokestatic  #664                // Method quadTwoSided:(Lcom/mojang/blaze3d/vertex/PoseStack$Pose;Lcom/mojang/blaze3d/vertex/VertexConsumer;Lnet/minecraft/world/phys/Vec3;Lnet/minecraft/world/phys/Vec3;Lnet/minecraft/world/phys/Vec3;Lnet/minecraft/world/phys/Vec3;I)V
       166: iinc          13, 1
       169: goto          125
       172: aload_0
       173: aload_1
       174: aload         11
       176: iconst_0
       177: aaload
       178: aload         11
       180: iconst_1
       181: aaload
       182: aload         11
       184: iconst_2
       185: aaload
       186: aload         11
       188: iconst_3
       189: aaload
       190: iload         6
       192: invokestatic  #664                // Method quadTwoSided:(Lcom/mojang/blaze3d/vertex/PoseStack$Pose;Lcom/mojang/blaze3d/vertex/VertexConsumer;Lnet/minecraft/world/phys/Vec3;Lnet/minecraft/world/phys/Vec3;Lnet/minecraft/world/phys/Vec3;Lnet/minecraft/world/phys/Vec3;I)V
       195: aload_0
       196: aload_1
       197: aload         12
       199: iconst_3
       200: aaload
       201: aload         12
       203: iconst_2
       204: aaload
       205: aload         12
       207: iconst_1
       208: aaload
       209: aload         12
       211: iconst_0
       212: aaload
       213: iload         6
       215: invokestatic  #664                // Method quadTwoSided:(Lcom/mojang/blaze3d/vertex/PoseStack$Pose;Lcom/mojang/blaze3d/vertex/VertexConsumer;Lnet/minecraft/world/phys/Vec3;Lnet/minecraft/world/phys/Vec3;Lnet/minecraft/world/phys/Vec3;Lnet/minecraft/world/phys/Vec3;I)V
       218: return

  private static void sphere(com.mojang.blaze3d.vertex.PoseStack$Pose, com.mojang.blaze3d.vertex.VertexConsumer, net.minecraft.world.phys.Vec3, double, int, int, int);
    Code:
         0: iconst_0
         1: istore        8
         3: iload         8
         5: iload         5
         7: if_icmpge     283
        10: iload         8
        12: i2d
        13: iload         5
        15: i2d
        16: ddiv
        17: dstore        9
        19: iload         8
        21: iconst_1
        22: iadd
        23: i2d
        24: iload         5
        26: i2d
        27: ddiv
        28: dstore        11
        30: ldc2_w        #705                // double -1.5707963267948966d
        33: ldc2_w        #447                // double 3.141592653589793d
        36: dload         9
        38: dmul
        39: dadd
        40: dstore        13
        42: ldc2_w        #705                // double -1.5707963267948966d
        45: ldc2_w        #447                // double 3.141592653589793d
        48: dload         11
        50: dmul
        51: dadd
        52: dstore        15
        54: iconst_0
        55: istore        17
        57: iload         17
        59: iload         6
        61: if_icmpge     277
        64: iload         17
        66: i2d
        67: iload         6
        69: i2d
        70: ddiv
        71: dstore        18
        73: iload         17
        75: iconst_1
        76: iadd
        77: i2d
        78: iload         6
        80: i2d
        81: ddiv
        82: dstore        20
        84: ldc2_w        #214                // double 6.283185307179586d
        87: dload         18
        89: dmul
        90: dstore        22
        92: ldc2_w        #214                // double 6.283185307179586d
        95: dload         20
        97: dmul
        98: dstore        24
       100: aload_2
       101: dload         13
       103: invokestatic  #370                // Method java/lang/Math.cos:(D)D
       106: dload         22
       108: invokestatic  #370                // Method java/lang/Math.cos:(D)D
       111: dmul
       112: dload_3
       113: dmul
       114: dload         13
       116: invokestatic  #280                // Method java/lang/Math.sin:(D)D
       119: dload_3
       120: dmul
       121: dload         13
       123: invokestatic  #370                // Method java/lang/Math.cos:(D)D
       126: dload         22
       128: invokestatic  #280                // Method java/lang/Math.sin:(D)D
       131: dmul
       132: dload_3
       133: dmul
       134: invokevirtual #534                // Method net/minecraft/world/phys/Vec3.add:(DDD)Lnet/minecraft/world/phys/Vec3;
       137: astore        26
       139: aload_2
       140: dload         13
       142: invokestatic  #370                // Method java/lang/Math.cos:(D)D
       145: dload         24
       147: invokestatic  #370                // Method java/lang/Math.cos:(D)D
       150: dmul
       151: dload_3
       152: dmul
       153: dload         13
       155: invokestatic  #280                // Method java/lang/Math.sin:(D)D
       158: dload_3
       159: dmul
       160: dload         13
       162: invokestatic  #370                // Method java/lang/Math.cos:(D)D
       165: dload         24
       167: invokestatic  #280                // Method java/lang/Math.sin:(D)D
       170: dmul
       171: dload_3
       172: dmul
       173: invokevirtual #534                // Method net/minecraft/world/phys/Vec3.add:(DDD)Lnet/minecraft/world/phys/Vec3;
       176: astore        27
       178: aload_2
       179: dload         15
       181: invokestatic  #370                // Method java/lang/Math.cos:(D)D
       184: dload         24
       186: invokestatic  #370                // Method java/lang/Math.cos:(D)D
       189: dmul
       190: dload_3
       191: dmul
       192: dload         15
       194: invokestatic  #280                // Method java/lang/Math.sin:(D)D
       197: dload_3
       198: dmul
       199: dload         15
       201: invokestatic  #370                // Method java/lang/Math.cos:(D)D
       204: dload         24
       206: invokestatic  #280                // Method java/lang/Math.sin:(D)D
       209: dmul
       210: dload_3
       211: dmul
       212: invokevirtual #534                // Method net/minecraft/world/phys/Vec3.add:(DDD)Lnet/minecraft/world/phys/Vec3;
       215: astore        28
       217: aload_2
       218: dload         15
       220: invokestatic  #370                // Method java/lang/Math.cos:(D)D
       223: dload         22
       225: invokestatic  #370                // Method java/lang/Math.cos:(D)D
       228: dmul
       229: dload_3
       230: dmul
       231: dload         15
       233: invokestatic  #280                // Method java/lang/Math.sin:(D)D
       236: dload_3
       237: dmul
       238: dload         15
       240: invokestatic  #370                // Method java/lang/Math.cos:(D)D
       243: dload         22
       245: invokestatic  #280                // Method java/lang/Math.sin:(D)D
       248: dmul
       249: dload_3
       250: dmul
       251: invokevirtual #534                // Method net/minecraft/world/phys/Vec3.add:(DDD)Lnet/minecraft/world/phys/Vec3;
       254: astore        29
       256: aload_0
       257: aload_1
       258: aload         26
       260: aload         27
       262: aload         28
       264: aload         29
       266: iload         7
       268: invokestatic  #664                // Method quadTwoSided:(Lcom/mojang/blaze3d/vertex/PoseStack$Pose;Lcom/mojang/blaze3d/vertex/VertexConsumer;Lnet/minecraft/world/phys/Vec3;Lnet/minecraft/world/phys/Vec3;Lnet/minecraft/world/phys/Vec3;Lnet/minecraft/world/phys/Vec3;I)V
       271: iinc          17, 1
       274: goto          57
       277: iinc          8, 1
       280: goto          3
       283: return

  private static void curvedShield(com.mojang.blaze3d.vertex.PoseStack$Pose, com.mojang.blaze3d.vertex.VertexConsumer, kr.moonseungjun.villageguardians.VillageSkillMeshLibrary$Basis, net.minecraft.world.phys.Vec3, double, double, double, int);
    Code:
         0: bipush        12
         2: istore        11
         4: bipush        6
         6: istore        12
         8: iconst_0
         9: istore        13
        11: iload         13
        13: iload         12
        15: if_icmpge     230
        18: iload         13
        20: i2d
        21: iload         12
        23: i2d
        24: ddiv
        25: dstore        14
        27: iload         13
        29: iconst_1
        30: iadd
        31: i2d
        32: iload         12
        34: i2d
        35: ddiv
        36: dstore        16
        38: iconst_0
        39: istore        18
        41: iload         18
        43: iload         11
        45: if_icmpge     224
        48: iload         18
        50: i2d
        51: iload         11
        53: i2d
        54: ddiv
        55: dstore        19
        57: iload         18
        59: iconst_1
        60: iadd
        61: i2d
        62: iload         11
        64: i2d
        65: ddiv
        66: dstore        21
        68: aload_2
        69: aload_3
        70: dload         4
        72: dload         6
        74: dload         8
        76: dload         19
        78: dload         14
        80: invokestatic  #707                // Method shieldPoint:(Lkr/moonseungjun/villageguardians/VillageSkillMeshLibrary$Basis;Lnet/minecraft/world/phys/Vec3;DDDDD)Lnet/minecraft/world/phys/Vec3;
        83: astore        23
        85: aload_2
        86: aload_3
        87: dload         4
        89: dload         6
        91: dload         8
        93: dload         21
        95: dload         14
        97: invokestatic  #707                // Method shieldPoint:(Lkr/moonseungjun/villageguardians/VillageSkillMeshLibrary$Basis;Lnet/minecraft/world/phys/Vec3;DDDDD)Lnet/minecraft/world/phys/Vec3;
       100: astore        24
       102: aload_2
       103: aload_3
       104: dload         4
       106: dload         6
       108: dload         8
       110: dload         21
       112: dload         16
       114: invokestatic  #707                // Method shieldPoint:(Lkr/moonseungjun/villageguardians/VillageSkillMeshLibrary$Basis;Lnet/minecraft/world/phys/Vec3;DDDDD)Lnet/minecraft/world/phys/Vec3;
       117: astore        25
       119: aload_2
       120: aload_3
       121: dload         4
       123: dload         6
       125: dload         8
       127: dload         19
       129: dload         16
       131: invokestatic  #707                // Method shieldPoint:(Lkr/moonseungjun/villageguardians/VillageSkillMeshLibrary$Basis;Lnet/minecraft/world/phys/Vec3;DDDDD)Lnet/minecraft/world/phys/Vec3;
       134: astore        26
       136: iload         10
       138: bipush        24
       140: iushr
       141: istore        27
       143: iload         18
       145: ifeq          171
       148: iload         18
       150: iload         11
       152: iconst_1
       153: isub
       154: if_icmpeq     171
       157: iload         13
       159: ifeq          171
       162: iload         13
       164: iload         12
       166: iconst_1
       167: isub
       168: if_icmpne     185
       171: sipush        255
       174: iload         27
       176: bipush        45
       178: iadd
       179: invokestatic  #711                // Method java/lang/Math.min:(II)I
       182: goto          187
       185: iload         27
       187: istore        28
       189: iload         10
       191: ldc_w         #715                // int 16777215
       194: iand
       195: iload         28
       197: bipush        24
       199: ishl
       200: ior
       201: istore        29
       203: aload_0
       204: aload_1
       205: aload         23
       207: aload         24
       209: aload         25
       211: aload         26
       213: iload         29
       215: invokestatic  #664                // Method quadTwoSided:(Lcom/mojang/blaze3d/vertex/PoseStack$Pose;Lcom/mojang/blaze3d/vertex/VertexConsumer;Lnet/minecraft/world/phys/Vec3;Lnet/minecraft/world/phys/Vec3;Lnet/minecraft/world/phys/Vec3;Lnet/minecraft/world/phys/Vec3;I)V
       218: iinc          18, 1
       221: goto          41
       224: iinc          13, 1
       227: goto          11
       230: return

  private static net.minecraft.world.phys.Vec3 shieldPoint(kr.moonseungjun.villageguardians.VillageSkillMeshLibrary$Basis, net.minecraft.world.phys.Vec3, double, double, double, double, double);
    Code:
         0: dload         8
         2: ldc2_w        #471                // double 0.5d
         5: dsub
         6: dload_2
         7: dmul
         8: dstore        12
        10: dload         10
        12: ldc2_w        #471                // double 0.5d
        15: dsub
        16: dload         4
        18: dmul
        19: dstore        14
        21: dload         12
        23: invokestatic  #338                // Method java/lang/Math.abs:(D)D
        26: ldc2_w        #716                // double 0.001d
        29: dload_2
        30: ldc2_w        #471                // double 0.5d
        33: dmul
        34: invokestatic  #19                 // Method java/lang/Math.max:(DD)D
        37: ddiv
        38: ldc2_w        #346                // double 1.7d
        41: invokestatic  #718                // Method java/lang/Math.pow:(DD)D
        44: dstore        16
        46: dload         6
        48: dload         16
        50: dmul
        51: ldc2_w        #205                // double 0.08d
        54: dload         10
        56: ldc2_w        #471                // double 0.5d
        59: dsub
        60: ldc2_w        #447                // double 3.141592653589793d
        63: dmul
        64: invokestatic  #370                // Method java/lang/Math.cos:(D)D
        67: dmul
        68: dadd
        69: dstore        18
        71: aload_1
        72: aload_0
        73: dload         12
        75: dload         14
        77: dload         18
        79: invokevirtual #343                // Method kr/moonseungjun/villageguardians/VillageSkillMeshLibrary$Basis.local:(DDD)Lnet/minecraft/world/phys/Vec3;
        82: invokevirtual #691                // Method net/minecraft/world/phys/Vec3.add:(Lnet/minecraft/world/phys/Vec3;)Lnet/minecraft/world/phys/Vec3;
        85: areturn

  private static void hexGrid(com.mojang.blaze3d.vertex.PoseStack$Pose, com.mojang.blaze3d.vertex.VertexConsumer, kr.moonseungjun.villageguardians.VillageSkillMeshLibrary$Basis, double, double, double, double, int);
    Code:
         0: ldc2_w        #306                // double 0.42d
         3: dstore        12
         5: iconst_2
         6: dload         5
         8: dload         12
        10: ldc2_w        #218                // double 1.45d
        13: dmul
        14: ddiv
        15: d2i
        16: invokestatic  #721                // Method java/lang/Math.max:(II)I
        19: istore        14
        21: iconst_3
        22: dload_3
        23: dload         12
        25: ldc2_w        #346                // double 1.7d
        28: dmul
        29: ddiv
        30: d2i
        31: invokestatic  #721                // Method java/lang/Math.max:(II)I
        34: istore        15
        36: iconst_0
        37: istore        16
        39: iload         16
        41: iload         14
        43: if_icmpge     153
        46: iconst_0
        47: istore        17
        49: iload         17
        51: iload         15
        53: if_icmpge     147
        56: iload         17
        58: i2d
        59: iload         15
        61: iconst_1
        62: isub
        63: i2d
        64: ldc2_w        #471                // double 0.5d
        67: dmul
        68: dsub
        69: dload         12
        71: dmul
        72: ldc2_w        #723                // double 1.72d
        75: dmul
        76: iload         16
        78: iconst_2
        79: irem
        80: i2d
        81: dload         12
        83: dmul
        84: ldc2_w        #725                // double 0.86d
        87: dmul
        88: dadd
        89: dstore        18
        91: ldc2_w        #304                // double 0.35d
        94: iload         16
        96: i2d
        97: dload         12
        99: dmul
       100: ldc2_w        #226                // double 1.48d
       103: dmul
       104: dadd
       105: dstore        20
       107: aload_0
       108: aload_1
       109: aload_2
       110: aload_2
       111: dload         18
       113: dload         20
       115: dload         7
       117: invokevirtual #343                // Method kr/moonseungjun/villageguardians/VillageSkillMeshLibrary$Basis.local:(DDD)Lnet/minecraft/world/phys/Vec3;
       120: dload         12
       122: iload         11
       124: dload         9
       126: ldc2_w        #368                // double 0.01d
       129: dmul
       130: iload         16
       132: i2d
       133: ldc2_w        #364                // double 0.07d
       136: dmul
       137: dadd
       138: invokestatic  #727                // Method hexagonOutline:(Lcom/mojang/blaze3d/vertex/PoseStack$Pose;Lcom/mojang/blaze3d/vertex/VertexConsumer;Lkr/moonseungjun/villageguardians/VillageSkillMeshLibrary$Basis;Lnet/minecraft/world/phys/Vec3;DID)V
       141: iinc          17, 1
       144: goto          49
       147: iinc          16, 1
       150: goto          39
       153: return

  private static void hexagonOutline(com.mojang.blaze3d.vertex.PoseStack$Pose, com.mojang.blaze3d.vertex.VertexConsumer, kr.moonseungjun.villageguardians.VillageSkillMeshLibrary$Basis, net.minecraft.world.phys.Vec3, double, int, double);
    Code:
         0: iconst_0
         1: istore        9
         3: iload         9
         5: bipush        6
         7: if_icmpge     135
        10: dload         7
        12: iload         9
        14: i2d
        15: ldc2_w        #214                // double 6.283185307179586d
        18: dmul
        19: ldc2_w        #300                // double 6.0d
        22: ddiv
        23: dadd
        24: dstore        10
        26: dload         7
        28: iload         9
        30: iconst_1
        31: iadd
        32: i2d
        33: ldc2_w        #214                // double 6.283185307179586d
        36: dmul
        37: ldc2_w        #300                // double 6.0d
        40: ddiv
        41: dadd
        42: dstore        12
        44: aload_3
        45: aload_2
        46: getfield      #696                // Field kr/moonseungjun/villageguardians/VillageSkillMeshLibrary$Basis.right:Lnet/minecraft/world/phys/Vec3;
        49: dload         10
        51: invokestatic  #370                // Method java/lang/Math.cos:(D)D
        54: dload         4
        56: dmul
        57: invokevirtual #687                // Method net/minecraft/world/phys/Vec3.scale:(D)Lnet/minecraft/world/phys/Vec3;
        60: invokevirtual #691                // Method net/minecraft/world/phys/Vec3.add:(Lnet/minecraft/world/phys/Vec3;)Lnet/minecraft/world/phys/Vec3;
        63: dconst_0
        64: dload         10
        66: invokestatic  #280                // Method java/lang/Math.sin:(D)D
        69: dload         4
        71: dmul
        72: dconst_0
        73: invokevirtual #534                // Method net/minecraft/world/phys/Vec3.add:(DDD)Lnet/minecraft/world/phys/Vec3;
        76: astore        14
        78: aload_3
        79: aload_2
        80: getfield      #696                // Field kr/moonseungjun/villageguardians/VillageSkillMeshLibrary$Basis.right:Lnet/minecraft/world/phys/Vec3;
        83: dload         12
        85: invokestatic  #370                // Method java/lang/Math.cos:(D)D
        88: dload         4
        90: dmul
        91: invokevirtual #687                // Method net/minecraft/world/phys/Vec3.scale:(D)Lnet/minecraft/world/phys/Vec3;
        94: invokevirtual #691                // Method net/minecraft/world/phys/Vec3.add:(Lnet/minecraft/world/phys/Vec3;)Lnet/minecraft/world/phys/Vec3;
        97: dconst_0
        98: dload         12
       100: invokestatic  #280                // Method java/lang/Math.sin:(D)D
       103: dload         4
       105: dmul
       106: dconst_0
       107: invokevirtual #534                // Method net/minecraft/world/phys/Vec3.add:(DDD)Lnet/minecraft/world/phys/Vec3;
       110: astore        15
       112: aload_0
       113: aload_1
       114: aload         14
       116: aload         15
       118: dload         4
       120: ldc2_w        #445                // double 0.055d
       123: dmul
       124: iload         6
       126: invokestatic  #693                // Method prism:(Lcom/mojang/blaze3d/vertex/PoseStack$Pose;Lcom/mojang/blaze3d/vertex/VertexConsumer;Lnet/minecraft/world/phys/Vec3;Lnet/minecraft/world/phys/Vec3;DI)V
       129: iinc          9, 1
       132: goto          3
       135: return

  private static void tornadoRibbon(com.mojang.blaze3d.vertex.PoseStack$Pose, com.mojang.blaze3d.vertex.VertexConsumer, kr.moonseungjun.villageguardians.VillageSkillMeshLibrary$Basis, double, double, int, int);
    Code:
         0: iconst_0
         1: istore        9
         3: iload         9
         5: iload         7
         7: if_icmpge     259
        10: iload         9
        12: i2d
        13: iload         7
        15: i2d
        16: ddiv
        17: dstore        10
        19: iload         9
        21: iconst_1
        22: iadd
        23: i2d
        24: iload         7
        26: i2d
        27: ddiv
        28: dstore        12
        30: ldc2_w        #304                // double 0.35d
        33: dload         10
        35: ldc2_w        #264                // double 2.15d
        38: dmul
        39: dadd
        40: dstore        14
        42: ldc2_w        #304                // double 0.35d
        45: dload         12
        47: ldc2_w        #264                // double 2.15d
        50: dmul
        51: dadd
        52: dstore        16
        54: dload_3
        55: dload         10
        57: ldc2_w        #214                // double 6.283185307179586d
        60: dmul
        61: ldc2_w        #731                // double 2.65d
        64: dmul
        65: dadd
        66: dstore        18
        68: dload_3
        69: dload         12
        71: ldc2_w        #214                // double 6.283185307179586d
        74: dmul
        75: ldc2_w        #731                // double 2.65d
        78: dmul
        79: dadd
        80: dstore        20
        82: ldc2_w        #268                // double 0.1d
        85: dload         10
        87: ldc2_w        #207                // double 0.16d
        90: dmul
        91: dadd
        92: dstore        22
        94: ldc2_w        #268                // double 0.1d
        97: dload         12
        99: ldc2_w        #207                // double 0.16d
       102: dmul
       103: dadd
       104: dstore        24
       106: aload_2
       107: dload         18
       109: invokestatic  #370                // Method java/lang/Math.cos:(D)D
       112: dload         14
       114: dload         22
       116: dsub
       117: dmul
       118: dload         10
       120: dload         5
       122: dmul
       123: dload         18
       125: invokestatic  #280                // Method java/lang/Math.sin:(D)D
       128: dload         14
       130: dload         22
       132: dsub
       133: dmul
       134: invokevirtual #343                // Method kr/moonseungjun/villageguardians/VillageSkillMeshLibrary$Basis.local:(DDD)Lnet/minecraft/world/phys/Vec3;
       137: astore        26
       139: aload_2
       140: dload         18
       142: invokestatic  #370                // Method java/lang/Math.cos:(D)D
       145: dload         14
       147: dload         22
       149: dadd
       150: dmul
       151: dload         10
       153: dload         5
       155: dmul
       156: dload         18
       158: invokestatic  #280                // Method java/lang/Math.sin:(D)D
       161: dload         14
       163: dload         22
       165: dadd
       166: dmul
       167: invokevirtual #343                // Method kr/moonseungjun/villageguardians/VillageSkillMeshLibrary$Basis.local:(DDD)Lnet/minecraft/world/phys/Vec3;
       170: astore        27
       172: aload_2
       173: dload         20
       175: invokestatic  #370                // Method java/lang/Math.cos:(D)D
       178: dload         16
       180: dload         24
       182: dadd
       183: dmul
       184: dload         12
       186: dload         5
       188: dmul
       189: dload         20
       191: invokestatic  #280                // Method java/lang/Math.sin:(D)D
       194: dload         16
       196: dload         24
       198: dadd
       199: dmul
       200: invokevirtual #343                // Method kr/moonseungjun/villageguardians/VillageSkillMeshLibrary$Basis.local:(DDD)Lnet/minecraft/world/phys/Vec3;
       203: astore        28
       205: aload_2
       206: dload         20
       208: invokestatic  #370                // Method java/lang/Math.cos:(D)D
       211: dload         16
       213: dload         24
       215: dsub
       216: dmul
       217: dload         12
       219: dload         5
       221: dmul
       222: dload         20
       224: invokestatic  #280                // Method java/lang/Math.sin:(D)D
       227: dload         16
       229: dload         24
       231: dsub
       232: dmul
       233: invokevirtual #343                // Method kr/moonseungjun/villageguardians/VillageSkillMeshLibrary$Basis.local:(DDD)Lnet/minecraft/world/phys/Vec3;
       236: astore        29
       238: aload_0
       239: aload_1
       240: aload         26
       242: aload         27
       244: aload         28
       246: aload         29
       248: iload         8
       250: invokestatic  #664                // Method quadTwoSided:(Lcom/mojang/blaze3d/vertex/PoseStack$Pose;Lcom/mojang/blaze3d/vertex/VertexConsumer;Lnet/minecraft/world/phys/Vec3;Lnet/minecraft/world/phys/Vec3;Lnet/minecraft/world/phys/Vec3;Lnet/minecraft/world/phys/Vec3;I)V
       253: iinc          9, 1
       256: goto          3
       259: return

  private static void helixRibbon(com.mojang.blaze3d.vertex.PoseStack$Pose, com.mojang.blaze3d.vertex.VertexConsumer, kr.moonseungjun.villageguardians.VillageSkillMeshLibrary$Basis, double, double, double, int, int);
    Code:
         0: iconst_0
         1: istore        11
         3: iload         11
         5: iload         9
         7: if_icmpge     229
        10: iload         11
        12: i2d
        13: iload         9
        15: i2d
        16: ddiv
        17: dstore        12
        19: iload         11
        21: iconst_1
        22: iadd
        23: i2d
        24: iload         9
        26: i2d
        27: ddiv
        28: dstore        14
        30: dload_3
        31: dload         12
        33: ldc2_w        #214                // double 6.283185307179586d
        36: dmul
        37: ldc2_w        #429                // double 1.4d
        40: dmul
        41: dadd
        42: dstore        16
        44: dload_3
        45: dload         14
        47: ldc2_w        #214                // double 6.283185307179586d
        50: dmul
        51: ldc2_w        #429                // double 1.4d
        54: dmul
        55: dadd
        56: dstore        18
        58: dload         12
        60: ldc2_w        #471                // double 0.5d
        63: dsub
        64: dload         7
        66: dmul
        67: dstore        20
        69: dload         14
        71: ldc2_w        #471                // double 0.5d
        74: dsub
        75: dload         7
        77: dmul
        78: dstore        22
        80: aload_2
        81: dload         16
        83: invokestatic  #370                // Method java/lang/Math.cos:(D)D
        86: dload         5
        88: ldc2_w        #328                // double 0.05d
        91: dsub
        92: dmul
        93: dload         20
        95: dload         16
        97: invokestatic  #280                // Method java/lang/Math.sin:(D)D
       100: dload         5
       102: ldc2_w        #328                // double 0.05d
       105: dsub
       106: dmul
       107: invokevirtual #343                // Method kr/moonseungjun/villageguardians/VillageSkillMeshLibrary$Basis.local:(DDD)Lnet/minecraft/world/phys/Vec3;
       110: astore        24
       112: aload_2
       113: dload         16
       115: invokestatic  #370                // Method java/lang/Math.cos:(D)D
       118: dload         5
       120: ldc2_w        #328                // double 0.05d
       123: dadd
       124: dmul
       125: dload         20
       127: dload         16
       129: invokestatic  #280                // Method java/lang/Math.sin:(D)D
       132: dload         5
       134: ldc2_w        #328                // double 0.05d
       137: dadd
       138: dmul
       139: invokevirtual #343                // Method kr/moonseungjun/villageguardians/VillageSkillMeshLibrary$Basis.local:(DDD)Lnet/minecraft/world/phys/Vec3;
       142: astore        25
       144: aload_2
       145: dload         18
       147: invokestatic  #370                // Method java/lang/Math.cos:(D)D
       150: dload         5
       152: ldc2_w        #328                // double 0.05d
       155: dadd
       156: dmul
       157: dload         22
       159: dload         18
       161: invokestatic  #280                // Method java/lang/Math.sin:(D)D
       164: dload         5
       166: ldc2_w        #328                // double 0.05d
       169: dadd
       170: dmul
       171: invokevirtual #343                // Method kr/moonseungjun/villageguardians/VillageSkillMeshLibrary$Basis.local:(DDD)Lnet/minecraft/world/phys/Vec3;
       174: astore        26
       176: aload_2
       177: dload         18
       179: invokestatic  #370                // Method java/lang/Math.cos:(D)D
       182: dload         5
       184: ldc2_w        #328                // double 0.05d
       187: dsub
       188: dmul
       189: dload         22
       191: dload         18
       193: invokestatic  #280                // Method java/lang/Math.sin:(D)D
       196: dload         5
       198: ldc2_w        #328                // double 0.05d
       201: dsub
       202: dmul
       203: invokevirtual #343                // Method kr/moonseungjun/villageguardians/VillageSkillMeshLibrary$Basis.local:(DDD)Lnet/minecraft/world/phys/Vec3;
       206: astore        27
       208: aload_0
       209: aload_1
       210: aload         24
       212: aload         25
       214: aload         26
       216: aload         27
       218: iload         10
       220: invokestatic  #664                // Method quadTwoSided:(Lcom/mojang/blaze3d/vertex/PoseStack$Pose;Lcom/mojang/blaze3d/vertex/VertexConsumer;Lnet/minecraft/world/phys/Vec3;Lnet/minecraft/world/phys/Vec3;Lnet/minecraft/world/phys/Vec3;Lnet/minecraft/world/phys/Vec3;I)V
       223: iinc          11, 1
       226: goto          3
       229: return

  private static void jaggedBolt(com.mojang.blaze3d.vertex.PoseStack$Pose, com.mojang.blaze3d.vertex.VertexConsumer, net.minecraft.world.phys.Vec3, net.minecraft.world.phys.Vec3, int, double, int, long);
    Code:
         0: new           #39                 // class java/util/Random
         3: dup
         4: lload         8
         6: invokespecial #44                 // Method java/util/Random."<init>":(J)V
         9: astore        10
        11: aload_3
        12: aload_2
        13: invokevirtual #652                // Method net/minecraft/world/phys/Vec3.subtract:(Lnet/minecraft/world/phys/Vec3;)Lnet/minecraft/world/phys/Vec3;
        16: astore        11
        18: aload         11
        20: invokestatic  #33                 // Method kr/moonseungjun/villageguardians/VillageSkillMeshLibrary$Basis.from:(Lnet/minecraft/world/phys/Vec3;)Lkr/moonseungjun/villageguardians/VillageSkillMeshLibrary$Basis;
        23: astore        12
        25: aload_2
        26: astore        13
        28: iconst_1
        29: istore        14
        31: iload         14
        33: iload         4
        35: if_icmpgt     170
        38: iload         14
        40: i2d
        41: iload         4
        43: i2d
        44: ddiv
        45: dstore        15
        47: aload_2
        48: aload         11
        50: dload         15
        52: invokevirtual #687                // Method net/minecraft/world/phys/Vec3.scale:(D)Lnet/minecraft/world/phys/Vec3;
        55: invokevirtual #691                // Method net/minecraft/world/phys/Vec3.add:(Lnet/minecraft/world/phys/Vec3;)Lnet/minecraft/world/phys/Vec3;
        58: astore        17
        60: iload         14
        62: iload         4
        64: if_icmpge     138
        67: dconst_1
        68: dload         15
        70: ldc2_w        #471                // double 0.5d
        73: dsub
        74: invokestatic  #338                // Method java/lang/Math.abs:(D)D
        77: ldc2_w        #284                // double 1.2d
        80: dmul
        81: dsub
        82: ldc2_w        #306                // double 0.42d
        85: dmul
        86: dstore        18
        88: aload         17
        90: aload         12
        92: getfield      #696                // Field kr/moonseungjun/villageguardians/VillageSkillMeshLibrary$Basis.right:Lnet/minecraft/world/phys/Vec3;
        95: aload         10
        97: invokevirtual #406                // Method java/util/Random.nextDouble:()D
       100: ldc2_w        #471                // double 0.5d
       103: dsub
       104: dload         18
       106: dmul
       107: invokevirtual #687                // Method net/minecraft/world/phys/Vec3.scale:(D)Lnet/minecraft/world/phys/Vec3;
       110: invokevirtual #691                // Method net/minecraft/world/phys/Vec3.add:(Lnet/minecraft/world/phys/Vec3;)Lnet/minecraft/world/phys/Vec3;
       113: aload         12
       115: getfield      #702                // Field kr/moonseungjun/villageguardians/VillageSkillMeshLibrary$Basis.up:Lnet/minecraft/world/phys/Vec3;
       118: aload         10
       120: invokevirtual #406                // Method java/util/Random.nextDouble:()D
       123: ldc2_w        #471                // double 0.5d
       126: dsub
       127: dload         18
       129: dmul
       130: invokevirtual #687                // Method net/minecraft/world/phys/Vec3.scale:(D)Lnet/minecraft/world/phys/Vec3;
       133: invokevirtual #691                // Method net/minecraft/world/phys/Vec3.add:(Lnet/minecraft/world/phys/Vec3;)Lnet/minecraft/world/phys/Vec3;
       136: astore        17
       138: aload_0
       139: aload_1
       140: aload         13
       142: aload         17
       144: dload         5
       146: dconst_1
       147: dload         15
       149: ldc2_w        #258                // double 0.45d
       152: dmul
       153: dsub
       154: dmul
       155: iload         7
       157: invokestatic  #693                // Method prism:(Lcom/mojang/blaze3d/vertex/PoseStack$Pose;Lcom/mojang/blaze3d/vertex/VertexConsumer;Lnet/minecraft/world/phys/Vec3;Lnet/minecraft/world/phys/Vec3;DI)V
       160: aload         17
       162: astore        13
       164: iinc          14, 1
       167: goto          31
       170: return

  private static void crystal(com.mojang.blaze3d.vertex.PoseStack$Pose, com.mojang.blaze3d.vertex.VertexConsumer, net.minecraft.world.phys.Vec3, double, double, int);
    Code:
         0: aload_2
         1: dconst_0
         2: dload_3
         3: dconst_0
         4: invokevirtual #534                // Method net/minecraft/world/phys/Vec3.add:(DDD)Lnet/minecraft/world/phys/Vec3;
         7: astore        8
         9: iconst_5
        10: istore        9
        12: iconst_0
        13: istore        10
        15: iload         10
        17: iload         9
        19: if_icmpge     200
        22: iload         10
        24: i2d
        25: ldc2_w        #214                // double 6.283185307179586d
        28: dmul
        29: iload         9
        31: i2d
        32: ddiv
        33: dstore        11
        35: iload         10
        37: iconst_1
        38: iadd
        39: i2d
        40: ldc2_w        #214                // double 6.283185307179586d
        43: dmul
        44: iload         9
        46: i2d
        47: ddiv
        48: dstore        13
        50: aload_2
        51: dload         11
        53: invokestatic  #370                // Method java/lang/Math.cos:(D)D
        56: dload         5
        58: dmul
        59: dconst_0
        60: dload         11
        62: invokestatic  #280                // Method java/lang/Math.sin:(D)D
        65: dload         5
        67: dmul
        68: invokevirtual #534                // Method net/minecraft/world/phys/Vec3.add:(DDD)Lnet/minecraft/world/phys/Vec3;
        71: astore        15
        73: aload_2
        74: dload         13
        76: invokestatic  #370                // Method java/lang/Math.cos:(D)D
        79: dload         5
        81: dmul
        82: dconst_0
        83: dload         13
        85: invokestatic  #280                // Method java/lang/Math.sin:(D)D
        88: dload         5
        90: dmul
        91: invokevirtual #534                // Method net/minecraft/world/phys/Vec3.add:(DDD)Lnet/minecraft/world/phys/Vec3;
        94: astore        16
        96: aload_2
        97: dload         11
        99: invokestatic  #370                // Method java/lang/Math.cos:(D)D
       102: dload         5
       104: dmul
       105: ldc2_w        #212                // double 0.72d
       108: dmul
       109: dload_3
       110: ldc2_w        #733                // double 0.68d
       113: dmul
       114: dload         11
       116: invokestatic  #280                // Method java/lang/Math.sin:(D)D
       119: dload         5
       121: dmul
       122: ldc2_w        #212                // double 0.72d
       125: dmul
       126: invokevirtual #534                // Method net/minecraft/world/phys/Vec3.add:(DDD)Lnet/minecraft/world/phys/Vec3;
       129: astore        17
       131: aload_2
       132: dload         13
       134: invokestatic  #370                // Method java/lang/Math.cos:(D)D
       137: dload         5
       139: dmul
       140: ldc2_w        #212                // double 0.72d
       143: dmul
       144: dload_3
       145: ldc2_w        #733                // double 0.68d
       148: dmul
       149: dload         13
       151: invokestatic  #280                // Method java/lang/Math.sin:(D)D
       154: dload         5
       156: dmul
       157: ldc2_w        #212                // double 0.72d
       160: dmul
       161: invokevirtual #534                // Method net/minecraft/world/phys/Vec3.add:(DDD)Lnet/minecraft/world/phys/Vec3;
       164: astore        18
       166: aload_0
       167: aload_1
       168: aload         15
       170: aload         16
       172: aload         18
       174: aload         17
       176: iload         7
       178: invokestatic  #664                // Method quadTwoSided:(Lcom/mojang/blaze3d/vertex/PoseStack$Pose;Lcom/mojang/blaze3d/vertex/VertexConsumer;Lnet/minecraft/world/phys/Vec3;Lnet/minecraft/world/phys/Vec3;Lnet/minecraft/world/phys/Vec3;Lnet/minecraft/world/phys/Vec3;I)V
       181: aload_0
       182: aload_1
       183: aload         17
       185: aload         18
       187: aload         8
       189: iload         7
       191: invokestatic  #680                // Method triangleTwoSided:(Lcom/mojang/blaze3d/vertex/PoseStack$Pose;Lcom/mojang/blaze3d/vertex/VertexConsumer;Lnet/minecraft/world/phys/Vec3;Lnet/minecraft/world/phys/Vec3;Lnet/minecraft/world/phys/Vec3;I)V
       194: iinc          10, 1
       197: goto          15
       200: return

  private static void spike(com.mojang.blaze3d.vertex.PoseStack$Pose, com.mojang.blaze3d.vertex.VertexConsumer, net.minecraft.world.phys.Vec3, net.minecraft.world.phys.Vec3, double, int);
    Code:
         0: aload_3
         1: aload_2
         2: invokevirtual #652                // Method net/minecraft/world/phys/Vec3.subtract:(Lnet/minecraft/world/phys/Vec3;)Lnet/minecraft/world/phys/Vec3;
         5: astore        7
         7: aload         7
         9: invokestatic  #33                 // Method kr/moonseungjun/villageguardians/VillageSkillMeshLibrary$Basis.from:(Lnet/minecraft/world/phys/Vec3;)Lkr/moonseungjun/villageguardians/VillageSkillMeshLibrary$Basis;
        12: astore        8
        14: iconst_5
        15: istore        9
        17: iconst_0
        18: istore        10
        20: iload         10
        22: iload         9
        24: if_icmpge     155
        27: iload         10
        29: i2d
        30: ldc2_w        #214                // double 6.283185307179586d
        33: dmul
        34: iload         9
        36: i2d
        37: ddiv
        38: dstore        11
        40: iload         10
        42: iconst_1
        43: iadd
        44: i2d
        45: ldc2_w        #214                // double 6.283185307179586d
        48: dmul
        49: iload         9
        51: i2d
        52: ddiv
        53: dstore        13
        55: aload_2
        56: aload         8
        58: getfield      #696                // Field kr/moonseungjun/villageguardians/VillageSkillMeshLibrary$Basis.right:Lnet/minecraft/world/phys/Vec3;
        61: dload         11
        63: invokestatic  #370                // Method java/lang/Math.cos:(D)D
        66: dload         4
        68: dmul
        69: invokevirtual #687                // Method net/minecraft/world/phys/Vec3.scale:(D)Lnet/minecraft/world/phys/Vec3;
        72: invokevirtual #691                // Method net/minecraft/world/phys/Vec3.add:(Lnet/minecraft/world/phys/Vec3;)Lnet/minecraft/world/phys/Vec3;
        75: aload         8
        77: getfield      #702                // Field kr/moonseungjun/villageguardians/VillageSkillMeshLibrary$Basis.up:Lnet/minecraft/world/phys/Vec3;
        80: dload         11
        82: invokestatic  #280                // Method java/lang/Math.sin:(D)D
        85: dload         4
        87: dmul
        88: invokevirtual #687                // Method net/minecraft/world/phys/Vec3.scale:(D)Lnet/minecraft/world/phys/Vec3;
        91: invokevirtual #691                // Method net/minecraft/world/phys/Vec3.add:(Lnet/minecraft/world/phys/Vec3;)Lnet/minecraft/world/phys/Vec3;
        94: astore        15
        96: aload_2
        97: aload         8
        99: getfield      #696                // Field kr/moonseungjun/villageguardians/VillageSkillMeshLibrary$Basis.right:Lnet/minecraft/world/phys/Vec3;
       102: dload         13
       104: invokestatic  #370                // Method java/lang/Math.cos:(D)D
       107: dload         4
       109: dmul
       110: invokevirtual #687                // Method net/minecraft/world/phys/Vec3.scale:(D)Lnet/minecraft/world/phys/Vec3;
       113: invokevirtual #691                // Method net/minecraft/world/phys/Vec3.add:(Lnet/minecraft/world/phys/Vec3;)Lnet/minecraft/world/phys/Vec3;
       116: aload         8
       118: getfield      #702                // Field kr/moonseungjun/villageguardians/VillageSkillMeshLibrary$Basis.up:Lnet/minecraft/world/phys/Vec3;
       121: dload         13
       123: invokestatic  #280                // Method java/lang/Math.sin:(D)D
       126: dload         4
       128: dmul
       129: invokevirtual #687                // Method net/minecraft/world/phys/Vec3.scale:(D)Lnet/minecraft/world/phys/Vec3;
       132: invokevirtual #691                // Method net/minecraft/world/phys/Vec3.add:(Lnet/minecraft/world/phys/Vec3;)Lnet/minecraft/world/phys/Vec3;
       135: astore        16
       137: aload_0
       138: aload_1
       139: aload         15
       141: aload         16
       143: aload_3
       144: iload         6
       146: invokestatic  #680                // Method triangleTwoSided:(Lcom/mojang/blaze3d/vertex/PoseStack$Pose;Lcom/mojang/blaze3d/vertex/VertexConsumer;Lnet/minecraft/world/phys/Vec3;Lnet/minecraft/world/phys/Vec3;Lnet/minecraft/world/phys/Vec3;I)V
       149: iinc          10, 1
       152: goto          20
       155: return

  private static void groundCrack(com.mojang.blaze3d.vertex.PoseStack$Pose, com.mojang.blaze3d.vertex.VertexConsumer, kr.moonseungjun.villageguardians.VillageSkillMeshLibrary$Basis, double, double, double, double, int);
    Code:
         0: aload_2
         1: dload_3
         2: invokestatic  #370                // Method java/lang/Math.cos:(D)D
         5: dload         5
         7: dmul
         8: ldc2_w        #312                // double 0.018d
        11: dload_3
        12: invokestatic  #280                // Method java/lang/Math.sin:(D)D
        15: dload         5
        17: dmul
        18: invokevirtual #343                // Method kr/moonseungjun/villageguardians/VillageSkillMeshLibrary$Basis.local:(DDD)Lnet/minecraft/world/phys/Vec3;
        21: astore        12
        23: aload_2
        24: dload_3
        25: ldc2_w        #205                // double 0.08d
        28: dadd
        29: invokestatic  #370                // Method java/lang/Math.cos:(D)D
        32: dload         5
        34: dload         7
        36: dadd
        37: ldc2_w        #670                // double 0.52d
        40: dmul
        41: dmul
        42: ldc2_w        #294                // double 0.02d
        45: dload_3
        46: ldc2_w        #205                // double 0.08d
        49: dadd
        50: invokestatic  #280                // Method java/lang/Math.sin:(D)D
        53: dload         5
        55: dload         7
        57: dadd
        58: ldc2_w        #670                // double 0.52d
        61: dmul
        62: dmul
        63: invokevirtual #343                // Method kr/moonseungjun/villageguardians/VillageSkillMeshLibrary$Basis.local:(DDD)Lnet/minecraft/world/phys/Vec3;
        66: astore        13
        68: aload_2
        69: dload_3
        70: ldc2_w        #443                // double 0.045d
        73: dsub
        74: invokestatic  #370                // Method java/lang/Math.cos:(D)D
        77: dload         7
        79: dmul
        80: ldc2_w        #312                // double 0.018d
        83: dload_3
        84: ldc2_w        #443                // double 0.045d
        87: dsub
        88: invokestatic  #280                // Method java/lang/Math.sin:(D)D
        91: dload         7
        93: dmul
        94: invokevirtual #343                // Method kr/moonseungjun/villageguardians/VillageSkillMeshLibrary$Basis.local:(DDD)Lnet/minecraft/world/phys/Vec3;
        97: astore        14
        99: aload_0
       100: aload_1
       101: aload         12
       103: aload         13
       105: dload         9
       107: iload         11
       109: invokestatic  #693                // Method prism:(Lcom/mojang/blaze3d/vertex/PoseStack$Pose;Lcom/mojang/blaze3d/vertex/VertexConsumer;Lnet/minecraft/world/phys/Vec3;Lnet/minecraft/world/phys/Vec3;DI)V
       112: aload_0
       113: aload_1
       114: aload         13
       116: aload         14
       118: dload         9
       120: ldc2_w        #212                // double 0.72d
       123: dmul
       124: iload         11
       126: invokestatic  #693                // Method prism:(Lcom/mojang/blaze3d/vertex/PoseStack$Pose;Lcom/mojang/blaze3d/vertex/VertexConsumer;Lnet/minecraft/world/phys/Vec3;Lnet/minecraft/world/phys/Vec3;DI)V
       129: return

  private static void braidedBeam(com.mojang.blaze3d.vertex.PoseStack$Pose, com.mojang.blaze3d.vertex.VertexConsumer, net.minecraft.world.phys.Vec3, net.minecraft.world.phys.Vec3, double, double, int);
    Code:
         0: aload_3
         1: aload_2
         2: invokevirtual #652                // Method net/minecraft/world/phys/Vec3.subtract:(Lnet/minecraft/world/phys/Vec3;)Lnet/minecraft/world/phys/Vec3;
         5: astore        9
         7: aload         9
         9: invokestatic  #33                 // Method kr/moonseungjun/villageguardians/VillageSkillMeshLibrary$Basis.from:(Lnet/minecraft/world/phys/Vec3;)Lkr/moonseungjun/villageguardians/VillageSkillMeshLibrary$Basis;
        12: astore        10
        14: bipush        20
        16: istore        11
        18: aload_2
        19: astore        12
        21: aload_2
        22: astore        13
        24: iconst_1
        25: istore        14
        27: iload         14
        29: iload         11
        31: if_icmpgt     178
        34: iload         14
        36: i2d
        37: iload         11
        39: i2d
        40: ddiv
        41: dstore        15
        43: dload         4
        45: ldc2_w        #362                // double 0.22d
        48: dmul
        49: dload         15
        51: ldc2_w        #214                // double 6.283185307179586d
        54: dmul
        55: ldc2_w        #334                // double 2.0d
        58: dmul
        59: dadd
        60: dstore        17
        62: aload_2
        63: aload         9
        65: dload         15
        67: invokevirtual #687                // Method net/minecraft/world/phys/Vec3.scale:(D)Lnet/minecraft/world/phys/Vec3;
        70: invokevirtual #691                // Method net/minecraft/world/phys/Vec3.add:(Lnet/minecraft/world/phys/Vec3;)Lnet/minecraft/world/phys/Vec3;
        73: astore        19
        75: aload         10
        77: getfield      #696                // Field kr/moonseungjun/villageguardians/VillageSkillMeshLibrary$Basis.right:Lnet/minecraft/world/phys/Vec3;
        80: dload         17
        82: invokestatic  #370                // Method java/lang/Math.cos:(D)D
        85: dload         6
        87: dmul
        88: invokevirtual #687                // Method net/minecraft/world/phys/Vec3.scale:(D)Lnet/minecraft/world/phys/Vec3;
        91: aload         10
        93: getfield      #702                // Field kr/moonseungjun/villageguardians/VillageSkillMeshLibrary$Basis.up:Lnet/minecraft/world/phys/Vec3;
        96: dload         17
        98: invokestatic  #280                // Method java/lang/Math.sin:(D)D
       101: dload         6
       103: dmul
       104: invokevirtual #687                // Method net/minecraft/world/phys/Vec3.scale:(D)Lnet/minecraft/world/phys/Vec3;
       107: invokevirtual #691                // Method net/minecraft/world/phys/Vec3.add:(Lnet/minecraft/world/phys/Vec3;)Lnet/minecraft/world/phys/Vec3;
       110: astore        20
       112: aload         19
       114: aload         20
       116: invokevirtual #691                // Method net/minecraft/world/phys/Vec3.add:(Lnet/minecraft/world/phys/Vec3;)Lnet/minecraft/world/phys/Vec3;
       119: astore        21
       121: aload         19
       123: aload         20
       125: invokevirtual #652                // Method net/minecraft/world/phys/Vec3.subtract:(Lnet/minecraft/world/phys/Vec3;)Lnet/minecraft/world/phys/Vec3;
       128: astore        22
       130: aload_0
       131: aload_1
       132: aload         12
       134: aload         21
       136: dload         6
       138: ldc2_w        #304                // double 0.35d
       141: dmul
       142: iload         8
       144: invokestatic  #693                // Method prism:(Lcom/mojang/blaze3d/vertex/PoseStack$Pose;Lcom/mojang/blaze3d/vertex/VertexConsumer;Lnet/minecraft/world/phys/Vec3;Lnet/minecraft/world/phys/Vec3;DI)V
       147: aload_0
       148: aload_1
       149: aload         13
       151: aload         22
       153: dload         6
       155: ldc2_w        #304                // double 0.35d
       158: dmul
       159: iload         8
       161: invokestatic  #693                // Method prism:(Lcom/mojang/blaze3d/vertex/PoseStack$Pose;Lcom/mojang/blaze3d/vertex/VertexConsumer;Lnet/minecraft/world/phys/Vec3;Lnet/minecraft/world/phys/Vec3;DI)V
       164: aload         21
       166: astore        12
       168: aload         22
       170: astore        13
       172: iinc          14, 1
       175: goto          27
       178: return

  private static void wing(com.mojang.blaze3d.vertex.PoseStack$Pose, com.mojang.blaze3d.vertex.VertexConsumer, kr.moonseungjun.villageguardians.VillageSkillMeshLibrary$Basis, int, double, double, int);
    Code:
         0: aload_2
         1: iload_3
         2: i2d
         3: ldc2_w        #362                // double 0.22d
         6: dmul
         7: dload         4
         9: ldc2_w        #735                // double -0.05d
        12: invokevirtual #343                // Method kr/moonseungjun/villageguardians/VillageSkillMeshLibrary$Basis.local:(DDD)Lnet/minecraft/world/phys/Vec3;
        15: astore        9
        17: iconst_0
        18: istore        10
        20: iload         10
        22: iconst_5
        23: if_icmpge     168
        26: iload         10
        28: i2d
        29: ldc2_w        #256                // double 4.0d
        32: ddiv
        33: dstore        11
        35: aload_2
        36: iload_3
        37: i2d
        38: ldc2_w        #314                // double 0.65d
        41: dload         11
        43: ldc2_w        #258                // double 0.45d
        46: dmul
        47: dadd
        48: dmul
        49: dload         4
        51: ldc2_w        #304                // double 0.35d
        54: dadd
        55: dload         11
        57: ldc2_w        #228                // double 0.18d
        60: dmul
        61: dsub
        62: ldc2_w        #737                // double -0.15d
        65: dload         11
        67: ldc2_w        #207                // double 0.16d
        70: dmul
        71: dsub
        72: invokevirtual #343                // Method kr/moonseungjun/villageguardians/VillageSkillMeshLibrary$Basis.local:(DDD)Lnet/minecraft/world/phys/Vec3;
        75: astore        13
        77: aload_2
        78: iload_3
        79: i2d
        80: dload         6
        82: dload         11
        84: ldc2_w        #324                // double 0.55d
        87: dmul
        88: dadd
        89: dmul
        90: dload         4
        92: ldc2_w        #316                // double 0.25d
        95: dadd
        96: dload         11
        98: ldc2_w        #306                // double 0.42d
       101: dmul
       102: dsub
       103: ldc2_w        #739                // double -0.35d
       106: dload         11
       108: ldc2_w        #304                // double 0.35d
       111: dmul
       112: dsub
       113: invokevirtual #343                // Method kr/moonseungjun/villageguardians/VillageSkillMeshLibrary$Basis.local:(DDD)Lnet/minecraft/world/phys/Vec3;
       116: astore        14
       118: aload_0
       119: aload_1
       120: aload_2
       121: aload         9
       123: aload         13
       125: ldc2_w        #268                // double 0.1d
       128: dload         11
       130: ldc2_w        #600                // double 0.015d
       133: dmul
       134: dsub
       135: iload         8
       137: invokestatic  #272                // Method taperedRibbon:(Lcom/mojang/blaze3d/vertex/PoseStack$Pose;Lcom/mojang/blaze3d/vertex/VertexConsumer;Lkr/moonseungjun/villageguardians/VillageSkillMeshLibrary$Basis;Lnet/minecraft/world/phys/Vec3;Lnet/minecraft/world/phys/Vec3;DI)V
       140: aload_0
       141: aload_1
       142: aload_2
       143: aload         13
       145: aload         14
       147: ldc2_w        #288                // double 0.12d
       150: dload         11
       152: ldc2_w        #312                // double 0.018d
       155: dmul
       156: dsub
       157: iload         8
       159: invokestatic  #272                // Method taperedRibbon:(Lcom/mojang/blaze3d/vertex/PoseStack$Pose;Lcom/mojang/blaze3d/vertex/VertexConsumer;Lkr/moonseungjun/villageguardians/VillageSkillMeshLibrary$Basis;Lnet/minecraft/world/phys/Vec3;Lnet/minecraft/world/phys/Vec3;DI)V
       162: iinc          10, 1
       165: goto          20
       168: return

  private static void verticalPillar(com.mojang.blaze3d.vertex.PoseStack$Pose, com.mojang.blaze3d.vertex.VertexConsumer, kr.moonseungjun.villageguardians.VillageSkillMeshLibrary$Basis, double, double, int);
    Code:
         0: aload_0
         1: aload_1
         2: aload_2
         3: getstatic     #487                // Field net/minecraft/world/phys/Vec3.ZERO:Lnet/minecraft/world/phys/Vec3;
         6: dload_3
         7: dload         5
         9: iload         7
        11: invokestatic  #624                // Method verticalPillarAt:(Lcom/mojang/blaze3d/vertex/PoseStack$Pose;Lcom/mojang/blaze3d/vertex/VertexConsumer;Lkr/moonseungjun/villageguardians/VillageSkillMeshLibrary$Basis;Lnet/minecraft/world/phys/Vec3;DDI)V
        14: return

  private static void verticalPillarAt(com.mojang.blaze3d.vertex.PoseStack$Pose, com.mojang.blaze3d.vertex.VertexConsumer, kr.moonseungjun.villageguardians.VillageSkillMeshLibrary$Basis, net.minecraft.world.phys.Vec3, double, double, int);
    Code:
         0: bipush        12
         2: istore        9
         4: iconst_0
         5: istore        10
         7: iload         10
         9: iload         9
        11: if_icmpge     173
        14: iload         10
        16: i2d
        17: ldc2_w        #214                // double 6.283185307179586d
        20: dmul
        21: iload         9
        23: i2d
        24: ddiv
        25: dstore        11
        27: iload         10
        29: iconst_1
        30: iadd
        31: i2d
        32: ldc2_w        #214                // double 6.283185307179586d
        35: dmul
        36: iload         9
        38: i2d
        39: ddiv
        40: dstore        13
        42: aload_3
        43: dload         11
        45: invokestatic  #370                // Method java/lang/Math.cos:(D)D
        48: dload         4
        50: dmul
        51: dconst_0
        52: dload         11
        54: invokestatic  #280                // Method java/lang/Math.sin:(D)D
        57: dload         4
        59: dmul
        60: invokevirtual #534                // Method net/minecraft/world/phys/Vec3.add:(DDD)Lnet/minecraft/world/phys/Vec3;
        63: astore        15
        65: aload_3
        66: dload         13
        68: invokestatic  #370                // Method java/lang/Math.cos:(D)D
        71: dload         4
        73: dmul
        74: dconst_0
        75: dload         13
        77: invokestatic  #280                // Method java/lang/Math.sin:(D)D
        80: dload         4
        82: dmul
        83: invokevirtual #534                // Method net/minecraft/world/phys/Vec3.add:(DDD)Lnet/minecraft/world/phys/Vec3;
        86: astore        16
        88: aload_3
        89: dload         13
        91: invokestatic  #370                // Method java/lang/Math.cos:(D)D
        94: dload         4
        96: dmul
        97: ldc2_w        #324                // double 0.55d
       100: dmul
       101: dload         6
       103: dload         13
       105: invokestatic  #280                // Method java/lang/Math.sin:(D)D
       108: dload         4
       110: dmul
       111: ldc2_w        #324                // double 0.55d
       114: dmul
       115: invokevirtual #534                // Method net/minecraft/world/phys/Vec3.add:(DDD)Lnet/minecraft/world/phys/Vec3;
       118: astore        17
       120: aload_3
       121: dload         11
       123: invokestatic  #370                // Method java/lang/Math.cos:(D)D
       126: dload         4
       128: dmul
       129: ldc2_w        #324                // double 0.55d
       132: dmul
       133: dload         6
       135: dload         11
       137: invokestatic  #280                // Method java/lang/Math.sin:(D)D
       140: dload         4
       142: dmul
       143: ldc2_w        #324                // double 0.55d
       146: dmul
       147: invokevirtual #534                // Method net/minecraft/world/phys/Vec3.add:(DDD)Lnet/minecraft/world/phys/Vec3;
       150: astore        18
       152: aload_0
       153: aload_1
       154: aload         15
       156: aload         16
       158: aload         17
       160: aload         18
       162: iload         8
       164: invokestatic  #664                // Method quadTwoSided:(Lcom/mojang/blaze3d/vertex/PoseStack$Pose;Lcom/mojang/blaze3d/vertex/VertexConsumer;Lnet/minecraft/world/phys/Vec3;Lnet/minecraft/world/phys/Vec3;Lnet/minecraft/world/phys/Vec3;Lnet/minecraft/world/phys/Vec3;I)V
       167: iinc          10, 1
       170: goto          7
       173: return

  private static void chevron(com.mojang.blaze3d.vertex.PoseStack$Pose, com.mojang.blaze3d.vertex.VertexConsumer, kr.moonseungjun.villageguardians.VillageSkillMeshLibrary$Basis, double, double, double, double, int);
    Code:
         0: aload_2
         1: dload_3
         2: invokestatic  #370                // Method java/lang/Math.cos:(D)D
         5: dload         5
         7: dmul
         8: dload         7
        10: dload_3
        11: invokestatic  #280                // Method java/lang/Math.sin:(D)D
        14: dload         5
        16: dmul
        17: invokevirtual #343                // Method kr/moonseungjun/villageguardians/VillageSkillMeshLibrary$Basis.local:(DDD)Lnet/minecraft/world/phys/Vec3;
        20: astore        12
        22: aload_2
        23: dload_3
        24: invokestatic  #280                // Method java/lang/Math.sin:(D)D
        27: dneg
        28: dconst_0
        29: dload_3
        30: invokestatic  #370                // Method java/lang/Math.cos:(D)D
        33: invokevirtual #343                // Method kr/moonseungjun/villageguardians/VillageSkillMeshLibrary$Basis.local:(DDD)Lnet/minecraft/world/phys/Vec3;
        36: invokevirtual #741                // Method net/minecraft/world/phys/Vec3.normalize:()Lnet/minecraft/world/phys/Vec3;
        39: astore        13
        41: aload_2
        42: dload_3
        43: invokestatic  #370                // Method java/lang/Math.cos:(D)D
        46: dconst_0
        47: dload_3
        48: invokestatic  #280                // Method java/lang/Math.sin:(D)D
        51: invokevirtual #343                // Method kr/moonseungjun/villageguardians/VillageSkillMeshLibrary$Basis.local:(DDD)Lnet/minecraft/world/phys/Vec3;
        54: invokevirtual #741                // Method net/minecraft/world/phys/Vec3.normalize:()Lnet/minecraft/world/phys/Vec3;
        57: astore        14
        59: aload         12
        61: aload         13
        63: dload         9
        65: invokevirtual #687                // Method net/minecraft/world/phys/Vec3.scale:(D)Lnet/minecraft/world/phys/Vec3;
        68: invokevirtual #652                // Method net/minecraft/world/phys/Vec3.subtract:(Lnet/minecraft/world/phys/Vec3;)Lnet/minecraft/world/phys/Vec3;
        71: aload         14
        73: dload         9
        75: ldc2_w        #304                // double 0.35d
        78: dmul
        79: invokevirtual #687                // Method net/minecraft/world/phys/Vec3.scale:(D)Lnet/minecraft/world/phys/Vec3;
        82: invokevirtual #652                // Method net/minecraft/world/phys/Vec3.subtract:(Lnet/minecraft/world/phys/Vec3;)Lnet/minecraft/world/phys/Vec3;
        85: astore        15
        87: aload         12
        89: aload         14
        91: dload         9
        93: ldc2_w        #324                // double 0.55d
        96: dmul
        97: invokevirtual #687                // Method net/minecraft/world/phys/Vec3.scale:(D)Lnet/minecraft/world/phys/Vec3;
       100: invokevirtual #691                // Method net/minecraft/world/phys/Vec3.add:(Lnet/minecraft/world/phys/Vec3;)Lnet/minecraft/world/phys/Vec3;
       103: astore        16
       105: aload         12
       107: aload         13
       109: dload         9
       111: invokevirtual #687                // Method net/minecraft/world/phys/Vec3.scale:(D)Lnet/minecraft/world/phys/Vec3;
       114: invokevirtual #691                // Method net/minecraft/world/phys/Vec3.add:(Lnet/minecraft/world/phys/Vec3;)Lnet/minecraft/world/phys/Vec3;
       117: aload         14
       119: dload         9
       121: ldc2_w        #304                // double 0.35d
       124: dmul
       125: invokevirtual #687                // Method net/minecraft/world/phys/Vec3.scale:(D)Lnet/minecraft/world/phys/Vec3;
       128: invokevirtual #652                // Method net/minecraft/world/phys/Vec3.subtract:(Lnet/minecraft/world/phys/Vec3;)Lnet/minecraft/world/phys/Vec3;
       131: astore        17
       133: aload_0
       134: aload_1
       135: aload         15
       137: aload         16
       139: dload         9
       141: ldc2_w        #298                // double 0.09d
       144: dmul
       145: iload         11
       147: invokestatic  #693                // Method prism:(Lcom/mojang/blaze3d/vertex/PoseStack$Pose;Lcom/mojang/blaze3d/vertex/VertexConsumer;Lnet/minecraft/world/phys/Vec3;Lnet/minecraft/world/phys/Vec3;DI)V
       150: aload_0
       151: aload_1
       152: aload         16
       154: aload         17
       156: dload         9
       158: ldc2_w        #298                // double 0.09d
       161: dmul
       162: iload         11
       164: invokestatic  #693                // Method prism:(Lcom/mojang/blaze3d/vertex/PoseStack$Pose;Lcom/mojang/blaze3d/vertex/VertexConsumer;Lnet/minecraft/world/phys/Vec3;Lnet/minecraft/world/phys/Vec3;DI)V
       167: return

  private static void reticleBracket(com.mojang.blaze3d.vertex.PoseStack$Pose, com.mojang.blaze3d.vertex.VertexConsumer, kr.moonseungjun.villageguardians.VillageSkillMeshLibrary$Basis, double, double, double, int);
    Code:
         0: aload_2
         1: getfield      #696                // Field kr/moonseungjun/villageguardians/VillageSkillMeshLibrary$Basis.right:Lnet/minecraft/world/phys/Vec3;
         4: dload_3
         5: invokestatic  #370                // Method java/lang/Math.cos:(D)D
         8: invokevirtual #687                // Method net/minecraft/world/phys/Vec3.scale:(D)Lnet/minecraft/world/phys/Vec3;
        11: aload_2
        12: getfield      #702                // Field kr/moonseungjun/villageguardians/VillageSkillMeshLibrary$Basis.up:Lnet/minecraft/world/phys/Vec3;
        15: dload_3
        16: invokestatic  #280                // Method java/lang/Math.sin:(D)D
        19: invokevirtual #687                // Method net/minecraft/world/phys/Vec3.scale:(D)Lnet/minecraft/world/phys/Vec3;
        22: invokevirtual #691                // Method net/minecraft/world/phys/Vec3.add:(Lnet/minecraft/world/phys/Vec3;)Lnet/minecraft/world/phys/Vec3;
        25: astore        10
        27: aload_2
        28: getfield      #696                // Field kr/moonseungjun/villageguardians/VillageSkillMeshLibrary$Basis.right:Lnet/minecraft/world/phys/Vec3;
        31: dload_3
        32: invokestatic  #280                // Method java/lang/Math.sin:(D)D
        35: dneg
        36: invokevirtual #687                // Method net/minecraft/world/phys/Vec3.scale:(D)Lnet/minecraft/world/phys/Vec3;
        39: aload_2
        40: getfield      #702                // Field kr/moonseungjun/villageguardians/VillageSkillMeshLibrary$Basis.up:Lnet/minecraft/world/phys/Vec3;
        43: dload_3
        44: invokestatic  #370                // Method java/lang/Math.cos:(D)D
        47: invokevirtual #687                // Method net/minecraft/world/phys/Vec3.scale:(D)Lnet/minecraft/world/phys/Vec3;
        50: invokevirtual #691                // Method net/minecraft/world/phys/Vec3.add:(Lnet/minecraft/world/phys/Vec3;)Lnet/minecraft/world/phys/Vec3;
        53: astore        11
        55: aload_2
        56: dconst_0
        57: dload         7
        59: ldc2_w        #382                // double 0.7d
        62: invokevirtual #343                // Method kr/moonseungjun/villageguardians/VillageSkillMeshLibrary$Basis.local:(DDD)Lnet/minecraft/world/phys/Vec3;
        65: aload         10
        67: dload         5
        69: invokevirtual #687                // Method net/minecraft/world/phys/Vec3.scale:(D)Lnet/minecraft/world/phys/Vec3;
        72: invokevirtual #691                // Method net/minecraft/world/phys/Vec3.add:(Lnet/minecraft/world/phys/Vec3;)Lnet/minecraft/world/phys/Vec3;
        75: astore        12
        77: aload_0
        78: aload_1
        79: aload         12
        81: aload         11
        83: ldc2_w        #745                // double 0.26d
        86: invokevirtual #687                // Method net/minecraft/world/phys/Vec3.scale:(D)Lnet/minecraft/world/phys/Vec3;
        89: invokevirtual #652                // Method net/minecraft/world/phys/Vec3.subtract:(Lnet/minecraft/world/phys/Vec3;)Lnet/minecraft/world/phys/Vec3;
        92: aload         12
        94: aload         11
        96: ldc2_w        #745                // double 0.26d
        99: invokevirtual #687                // Method net/minecraft/world/phys/Vec3.scale:(D)Lnet/minecraft/world/phys/Vec3;
       102: invokevirtual #691                // Method net/minecraft/world/phys/Vec3.add:(Lnet/minecraft/world/phys/Vec3;)Lnet/minecraft/world/phys/Vec3;
       105: ldc2_w        #443                // double 0.045d
       108: iload         9
       110: invokestatic  #693                // Method prism:(Lcom/mojang/blaze3d/vertex/PoseStack$Pose;Lcom/mojang/blaze3d/vertex/VertexConsumer;Lnet/minecraft/world/phys/Vec3;Lnet/minecraft/world/phys/Vec3;DI)V
       113: aload_0
       114: aload_1
       115: aload         12
       117: aload         10
       119: ldc2_w        #336                // double 0.28d
       122: invokevirtual #687                // Method net/minecraft/world/phys/Vec3.scale:(D)Lnet/minecraft/world/phys/Vec3;
       125: invokevirtual #652                // Method net/minecraft/world/phys/Vec3.subtract:(Lnet/minecraft/world/phys/Vec3;)Lnet/minecraft/world/phys/Vec3;
       128: aload         12
       130: aload         10
       132: ldc2_w        #328                // double 0.05d
       135: invokevirtual #687                // Method net/minecraft/world/phys/Vec3.scale:(D)Lnet/minecraft/world/phys/Vec3;
       138: invokevirtual #691                // Method net/minecraft/world/phys/Vec3.add:(Lnet/minecraft/world/phys/Vec3;)Lnet/minecraft/world/phys/Vec3;
       141: ldc2_w        #443                // double 0.045d
       144: iload         9
       146: invokestatic  #693                // Method prism:(Lcom/mojang/blaze3d/vertex/PoseStack$Pose;Lcom/mojang/blaze3d/vertex/VertexConsumer;Lnet/minecraft/world/phys/Vec3;Lnet/minecraft/world/phys/Vec3;DI)V
       149: return

  private static void shieldGlyph(com.mojang.blaze3d.vertex.PoseStack$Pose, com.mojang.blaze3d.vertex.VertexConsumer, kr.moonseungjun.villageguardians.VillageSkillMeshLibrary$Basis, double, double, double, int);
    Code:
         0: aload_2
         1: dload_3
         2: invokestatic  #370                // Method java/lang/Math.cos:(D)D
         5: dload         5
         7: dmul
         8: dload         7
        10: dload_3
        11: invokestatic  #280                // Method java/lang/Math.sin:(D)D
        14: dload         5
        16: dmul
        17: invokevirtual #343                // Method kr/moonseungjun/villageguardians/VillageSkillMeshLibrary$Basis.local:(DDD)Lnet/minecraft/world/phys/Vec3;
        20: astore        10
        22: aload         10
        24: invokevirtual #747                // Method net/minecraft/world/phys/Vec3.lengthSqr:()D
        27: ldc2_w        #750                // double 1.0E-5d
        30: dcmpg
        31: ifge          41
        34: aload_2
        35: getfield      #684                // Field kr/moonseungjun/villageguardians/VillageSkillMeshLibrary$Basis.forward:Lnet/minecraft/world/phys/Vec3;
        38: goto          43
        41: aload         10
        43: invokestatic  #33                 // Method kr/moonseungjun/villageguardians/VillageSkillMeshLibrary$Basis.from:(Lnet/minecraft/world/phys/Vec3;)Lkr/moonseungjun/villageguardians/VillageSkillMeshLibrary$Basis;
        46: astore        11
        48: ldc2_w        #336                // double 0.28d
        51: dstore        12
        53: ldc2_w        #306                // double 0.42d
        56: dstore        14
        58: aload         10
        60: aload         11
        62: getfield      #696                // Field kr/moonseungjun/villageguardians/VillageSkillMeshLibrary$Basis.right:Lnet/minecraft/world/phys/Vec3;
        65: dload         12
        67: dneg
        68: invokevirtual #687                // Method net/minecraft/world/phys/Vec3.scale:(D)Lnet/minecraft/world/phys/Vec3;
        71: invokevirtual #691                // Method net/minecraft/world/phys/Vec3.add:(Lnet/minecraft/world/phys/Vec3;)Lnet/minecraft/world/phys/Vec3;
        74: dconst_0
        75: dload         14
        77: dconst_0
        78: invokevirtual #534                // Method net/minecraft/world/phys/Vec3.add:(DDD)Lnet/minecraft/world/phys/Vec3;
        81: astore        16
        83: aload         10
        85: aload         11
        87: getfield      #696                // Field kr/moonseungjun/villageguardians/VillageSkillMeshLibrary$Basis.right:Lnet/minecraft/world/phys/Vec3;
        90: dload         12
        92: invokevirtual #687                // Method net/minecraft/world/phys/Vec3.scale:(D)Lnet/minecraft/world/phys/Vec3;
        95: invokevirtual #691                // Method net/minecraft/world/phys/Vec3.add:(Lnet/minecraft/world/phys/Vec3;)Lnet/minecraft/world/phys/Vec3;
        98: dconst_0
        99: dload         14
       101: dconst_0
       102: invokevirtual #534                // Method net/minecraft/world/phys/Vec3.add:(DDD)Lnet/minecraft/world/phys/Vec3;
       105: astore        17
       107: aload         10
       109: dconst_0
       110: dload         14
       112: dneg
       113: dconst_0
       114: invokevirtual #534                // Method net/minecraft/world/phys/Vec3.add:(DDD)Lnet/minecraft/world/phys/Vec3;
       117: aload         11
       119: getfield      #684                // Field kr/moonseungjun/villageguardians/VillageSkillMeshLibrary$Basis.forward:Lnet/minecraft/world/phys/Vec3;
       122: ldc2_w        #205                // double 0.08d
       125: invokevirtual #687                // Method net/minecraft/world/phys/Vec3.scale:(D)Lnet/minecraft/world/phys/Vec3;
       128: invokevirtual #691                // Method net/minecraft/world/phys/Vec3.add:(Lnet/minecraft/world/phys/Vec3;)Lnet/minecraft/world/phys/Vec3;
       131: astore        18
       133: aload_0
       134: aload_1
       135: aload         16
       137: aload         17
       139: aload         18
       141: iload         9
       143: invokestatic  #680                // Method triangleTwoSided:(Lcom/mojang/blaze3d/vertex/PoseStack$Pose;Lcom/mojang/blaze3d/vertex/VertexConsumer;Lnet/minecraft/world/phys/Vec3;Lnet/minecraft/world/phys/Vec3;Lnet/minecraft/world/phys/Vec3;I)V
       146: return

  private static void verticalBlade(com.mojang.blaze3d.vertex.PoseStack$Pose, com.mojang.blaze3d.vertex.VertexConsumer, kr.moonseungjun.villageguardians.VillageSkillMeshLibrary$Basis, net.minecraft.world.phys.Vec3, double, double, int);
    Code:
         0: aload_3
         1: dconst_0
         2: dload         4
         4: dconst_0
         5: invokevirtual #534                // Method net/minecraft/world/phys/Vec3.add:(DDD)Lnet/minecraft/world/phys/Vec3;
         8: astore        9
        10: aload_0
        11: aload_1
        12: aload_3
        13: aload         9
        15: dload         6
        17: iload         8
        19: invokestatic  #352                // Method energyBlade:(Lcom/mojang/blaze3d/vertex/PoseStack$Pose;Lcom/mojang/blaze3d/vertex/VertexConsumer;Lnet/minecraft/world/phys/Vec3;Lnet/minecraft/world/phys/Vec3;DI)V
        22: return

  private static void taperedRibbon(com.mojang.blaze3d.vertex.PoseStack$Pose, com.mojang.blaze3d.vertex.VertexConsumer, kr.moonseungjun.villageguardians.VillageSkillMeshLibrary$Basis, net.minecraft.world.phys.Vec3, net.minecraft.world.phys.Vec3, double, int);
    Code:
         0: aload         4
         2: aload_3
         3: invokevirtual #652                // Method net/minecraft/world/phys/Vec3.subtract:(Lnet/minecraft/world/phys/Vec3;)Lnet/minecraft/world/phys/Vec3;
         6: astore        8
         8: aload         8
        10: invokestatic  #33                 // Method kr/moonseungjun/villageguardians/VillageSkillMeshLibrary$Basis.from:(Lnet/minecraft/world/phys/Vec3;)Lkr/moonseungjun/villageguardians/VillageSkillMeshLibrary$Basis;
        13: astore        9
        15: aload         9
        17: getfield      #696                // Field kr/moonseungjun/villageguardians/VillageSkillMeshLibrary$Basis.right:Lnet/minecraft/world/phys/Vec3;
        20: dload         5
        22: invokevirtual #687                // Method net/minecraft/world/phys/Vec3.scale:(D)Lnet/minecraft/world/phys/Vec3;
        25: astore        10
        27: aload         9
        29: getfield      #696                // Field kr/moonseungjun/villageguardians/VillageSkillMeshLibrary$Basis.right:Lnet/minecraft/world/phys/Vec3;
        32: dload         5
        34: ldc2_w        #288                // double 0.12d
        37: dmul
        38: invokevirtual #687                // Method net/minecraft/world/phys/Vec3.scale:(D)Lnet/minecraft/world/phys/Vec3;
        41: astore        11
        43: aload_0
        44: aload_1
        45: aload_3
        46: aload         10
        48: invokevirtual #652                // Method net/minecraft/world/phys/Vec3.subtract:(Lnet/minecraft/world/phys/Vec3;)Lnet/minecraft/world/phys/Vec3;
        51: aload_3
        52: aload         10
        54: invokevirtual #691                // Method net/minecraft/world/phys/Vec3.add:(Lnet/minecraft/world/phys/Vec3;)Lnet/minecraft/world/phys/Vec3;
        57: aload         4
        59: aload         11
        61: invokevirtual #691                // Method net/minecraft/world/phys/Vec3.add:(Lnet/minecraft/world/phys/Vec3;)Lnet/minecraft/world/phys/Vec3;
        64: aload         4
        66: aload         11
        68: invokevirtual #652                // Method net/minecraft/world/phys/Vec3.subtract:(Lnet/minecraft/world/phys/Vec3;)Lnet/minecraft/world/phys/Vec3;
        71: iload         7
        73: invokestatic  #664                // Method quadTwoSided:(Lcom/mojang/blaze3d/vertex/PoseStack$Pose;Lcom/mojang/blaze3d/vertex/VertexConsumer;Lnet/minecraft/world/phys/Vec3;Lnet/minecraft/world/phys/Vec3;Lnet/minecraft/world/phys/Vec3;Lnet/minecraft/world/phys/Vec3;I)V
        76: return

  private static net.minecraft.world.phys.Vec3 polar(double, double, double);
    Code:
         0: new           #488                // class net/minecraft/world/phys/Vec3
         3: dup
         4: dload_0
         5: invokestatic  #370                // Method java/lang/Math.cos:(D)D
         8: dload_2
         9: dmul
        10: dload         4
        12: dload_0
        13: invokestatic  #280                // Method java/lang/Math.sin:(D)D
        16: dload_2
        17: dmul
        18: invokespecial #566                // Method net/minecraft/world/phys/Vec3."<init>":(DDD)V
        21: areturn

  private static java.util.List<net.minecraft.world.phys.Vec3> parsePoints(java.lang.String, net.minecraft.world.phys.Vec3);
    Code:
         0: new           #752                // class java/util/ArrayList
         3: dup
         4: invokespecial #754                // Method java/util/ArrayList."<init>":()V
         7: astore_2
         8: aload_0
         9: ifnull        113
        12: aload_0
        13: invokevirtual #755                // Method java/lang/String.isBlank:()Z
        16: ifne          113
        19: aload_0
        20: ldc_w         #758                // String ;
        23: invokevirtual #760                // Method java/lang/String.split:(Ljava/lang/String;)[Ljava/lang/String;
        26: astore_3
        27: aload_3
        28: arraylength
        29: istore        4
        31: iconst_0
        32: istore        5
        34: iload         5
        36: iload         4
        38: if_icmpge     113
        41: aload_3
        42: iload         5
        44: aaload
        45: astore        6
        47: aload         6
        49: ldc_w         #764                // String ,
        52: invokevirtual #760                // Method java/lang/String.split:(Ljava/lang/String;)[Ljava/lang/String;
        55: astore        7
        57: aload         7
        59: arraylength
        60: iconst_3
        61: if_icmpeq     67
        64: goto          107
        67: aload_2
        68: new           #488                // class net/minecraft/world/phys/Vec3
        71: dup
        72: aload         7
        74: iconst_0
        75: aaload
        76: invokestatic  #766                // Method java/lang/Double.parseDouble:(Ljava/lang/String;)D
        79: aload         7
        81: iconst_1
        82: aaload
        83: invokestatic  #766                // Method java/lang/Double.parseDouble:(Ljava/lang/String;)D
        86: aload         7
        88: iconst_2
        89: aaload
        90: invokestatic  #766                // Method java/lang/Double.parseDouble:(Ljava/lang/String;)D
        93: invokespecial #566                // Method net/minecraft/world/phys/Vec3."<init>":(DDD)V
        96: invokeinterface #772,  2          // InterfaceMethod java/util/List.add:(Ljava/lang/Object;)Z
       101: pop
       102: goto          107
       105: astore        8
       107: iinc          5, 1
       110: goto          34
       113: aload_2
       114: invokeinterface #776,  1          // InterfaceMethod java/util/List.isEmpty:()Z
       119: ifeq          130
       122: aload_2
       123: aload_1
       124: invokeinterface #772,  2          // InterfaceMethod java/util/List.add:(Ljava/lang/Object;)Z
       129: pop
       130: aload_2
       131: areturn
      Exception table:
         from    to  target type
            67   102   105   Class java/lang/NumberFormatException

  private static long stateSeed(java.util.Random, int, int);
    Code:
         0: aload_0
         1: invokevirtual #395                // Method java/util/Random.nextLong:()J
         4: iload_1
         5: i2l
         6: bipush        32
         8: lshl
         9: lxor
        10: iload_2
        11: i2l
        12: ldc2_w        #779                // long -7046029254386353131l
        15: lmul
        16: lxor
        17: lreturn

  private static double envelope(double, double, double);
    Code:
         0: dload_2
         1: dconst_0
         2: dcmpg
         3: ifgt          10
         6: dconst_1
         7: goto          18
        10: dload_0
        11: dload_2
        12: ddiv
        13: dconst_0
        14: dconst_1
        15: invokestatic  #23                 // Method clamp:(DDD)D
        18: dstore        6
        20: dload         4
        22: dconst_0
        23: dcmpg
        24: ifgt          31
        27: dconst_1
        28: goto          42
        31: dconst_1
        32: dload_0
        33: dsub
        34: dload         4
        36: ddiv
        37: dconst_0
        38: dconst_1
        39: invokestatic  #23                 // Method clamp:(DDD)D
        42: dstore        8
        44: dload         6
        46: dload         8
        48: invokestatic  #781                // Method java/lang/Math.min:(DD)D
        51: dreturn

  private static double fract(double);
    Code:
         0: dload_0
         1: dload_0
         2: invokestatic  #783                // Method java/lang/Math.floor:(D)D
         5: dsub
         6: dreturn

  private static double clamp(double, double, double);
    Code:
         0: dload_2
         1: dload         4
         3: dload_0
         4: invokestatic  #781                // Method java/lang/Math.min:(DD)D
         7: invokestatic  #19                 // Method java/lang/Math.max:(DD)D
        10: dreturn

  private static int rgba(int, int, int, int);
    Code:
         0: iload_3
         1: invokestatic  #786                // Method clampInt:(I)I
         4: bipush        24
         6: ishl
         7: iload_0
         8: invokestatic  #786                // Method clampInt:(I)I
        11: bipush        16
        13: ishl
        14: ior
        15: iload_1
        16: invokestatic  #786                // Method clampInt:(I)I
        19: bipush        8
        21: ishl
        22: ior
        23: iload_2
        24: invokestatic  #786                // Method clampInt:(I)I
        27: ior
        28: ireturn

  private static int clampInt(int);
    Code:
         0: iconst_0
         1: sipush        255
         4: iload_0
         5: invokestatic  #711                // Method java/lang/Math.min:(II)I
         8: invokestatic  #721                // Method java/lang/Math.max:(II)I
        11: ireturn

  private static void quadTwoSided(com.mojang.blaze3d.vertex.PoseStack$Pose, com.mojang.blaze3d.vertex.VertexConsumer, net.minecraft.world.phys.Vec3, net.minecraft.world.phys.Vec3, net.minecraft.world.phys.Vec3, net.minecraft.world.phys.Vec3, int);
    Code:
         0: aload_0
         1: aload_1
         2: aload_2
         3: aload_3
         4: aload         4
         6: aload         5
         8: iload         6
        10: invokestatic  #790                // Method quad:(Lcom/mojang/blaze3d/vertex/PoseStack$Pose;Lcom/mojang/blaze3d/vertex/VertexConsumer;Lnet/minecraft/world/phys/Vec3;Lnet/minecraft/world/phys/Vec3;Lnet/minecraft/world/phys/Vec3;Lnet/minecraft/world/phys/Vec3;I)V
        13: aload_0
        14: aload_1
        15: aload         5
        17: aload         4
        19: aload_3
        20: aload_2
        21: iload         6
        23: invokestatic  #790                // Method quad:(Lcom/mojang/blaze3d/vertex/PoseStack$Pose;Lcom/mojang/blaze3d/vertex/VertexConsumer;Lnet/minecraft/world/phys/Vec3;Lnet/minecraft/world/phys/Vec3;Lnet/minecraft/world/phys/Vec3;Lnet/minecraft/world/phys/Vec3;I)V
        26: return

  private static void triangleTwoSided(com.mojang.blaze3d.vertex.PoseStack$Pose, com.mojang.blaze3d.vertex.VertexConsumer, net.minecraft.world.phys.Vec3, net.minecraft.world.phys.Vec3, net.minecraft.world.phys.Vec3, int);
    Code:
         0: aload_0
         1: aload_1
         2: aload_2
         3: aload_3
         4: aload         4
         6: iload         5
         8: invokestatic  #793                // Method triangle:(Lcom/mojang/blaze3d/vertex/PoseStack$Pose;Lcom/mojang/blaze3d/vertex/VertexConsumer;Lnet/minecraft/world/phys/Vec3;Lnet/minecraft/world/phys/Vec3;Lnet/minecraft/world/phys/Vec3;I)V
        11: aload_0
        12: aload_1
        13: aload         4
        15: aload_3
        16: aload_2
        17: iload         5
        19: invokestatic  #793                // Method triangle:(Lcom/mojang/blaze3d/vertex/PoseStack$Pose;Lcom/mojang/blaze3d/vertex/VertexConsumer;Lnet/minecraft/world/phys/Vec3;Lnet/minecraft/world/phys/Vec3;Lnet/minecraft/world/phys/Vec3;I)V
        22: return

  private static void quad(com.mojang.blaze3d.vertex.PoseStack$Pose, com.mojang.blaze3d.vertex.VertexConsumer, net.minecraft.world.phys.Vec3, net.minecraft.world.phys.Vec3, net.minecraft.world.phys.Vec3, net.minecraft.world.phys.Vec3, int);
    Code:
         0: aload_3
         1: aload_2
         2: invokevirtual #652                // Method net/minecraft/world/phys/Vec3.subtract:(Lnet/minecraft/world/phys/Vec3;)Lnet/minecraft/world/phys/Vec3;
         5: aload         4
         7: aload_2
         8: invokevirtual #652                // Method net/minecraft/world/phys/Vec3.subtract:(Lnet/minecraft/world/phys/Vec3;)Lnet/minecraft/world/phys/Vec3;
        11: invokevirtual #796                // Method net/minecraft/world/phys/Vec3.cross:(Lnet/minecraft/world/phys/Vec3;)Lnet/minecraft/world/phys/Vec3;
        14: astore        7
        16: aload         7
        18: invokevirtual #747                // Method net/minecraft/world/phys/Vec3.lengthSqr:()D
        21: ldc2_w        #799                // double 1.0E-8d
        24: dcmpg
        25: ifge          43
        28: new           #488                // class net/minecraft/world/phys/Vec3
        31: dup
        32: dconst_0
        33: dconst_1
        34: dconst_0
        35: invokespecial #566                // Method net/minecraft/world/phys/Vec3."<init>":(DDD)V
        38: astore        7
        40: goto          50
        43: aload         7
        45: invokevirtual #741                // Method net/minecraft/world/phys/Vec3.normalize:()Lnet/minecraft/world/phys/Vec3;
        48: astore        7
        50: aload_0
        51: aload_1
        52: aload_2
        53: iload         6
        55: fconst_0
        56: fconst_0
        57: aload         7
        59: invokestatic  #801                // Method vertex:(Lcom/mojang/blaze3d/vertex/PoseStack$Pose;Lcom/mojang/blaze3d/vertex/VertexConsumer;Lnet/minecraft/world/phys/Vec3;IFFLnet/minecraft/world/phys/Vec3;)V
        62: aload_0
        63: aload_1
        64: aload_3
        65: iload         6
        67: fconst_1
        68: fconst_0
        69: aload         7
        71: invokestatic  #801                // Method vertex:(Lcom/mojang/blaze3d/vertex/PoseStack$Pose;Lcom/mojang/blaze3d/vertex/VertexConsumer;Lnet/minecraft/world/phys/Vec3;IFFLnet/minecraft/world/phys/Vec3;)V
        74: aload_0
        75: aload_1
        76: aload         4
        78: iload         6
        80: fconst_1
        81: fconst_1
        82: aload         7
        84: invokestatic  #801                // Method vertex:(Lcom/mojang/blaze3d/vertex/PoseStack$Pose;Lcom/mojang/blaze3d/vertex/VertexConsumer;Lnet/minecraft/world/phys/Vec3;IFFLnet/minecraft/world/phys/Vec3;)V
        87: aload_0
        88: aload_1
        89: aload         5
        91: iload         6
        93: fconst_0
        94: fconst_1
        95: aload         7
        97: invokestatic  #801                // Method vertex:(Lcom/mojang/blaze3d/vertex/PoseStack$Pose;Lcom/mojang/blaze3d/vertex/VertexConsumer;Lnet/minecraft/world/phys/Vec3;IFFLnet/minecraft/world/phys/Vec3;)V
       100: return

  private static void triangle(com.mojang.blaze3d.vertex.PoseStack$Pose, com.mojang.blaze3d.vertex.VertexConsumer, net.minecraft.world.phys.Vec3, net.minecraft.world.phys.Vec3, net.minecraft.world.phys.Vec3, int);
    Code:
         0: aload_3
         1: aload_2
         2: invokevirtual #652                // Method net/minecraft/world/phys/Vec3.subtract:(Lnet/minecraft/world/phys/Vec3;)Lnet/minecraft/world/phys/Vec3;
         5: aload         4
         7: aload_2
         8: invokevirtual #652                // Method net/minecraft/world/phys/Vec3.subtract:(Lnet/minecraft/world/phys/Vec3;)Lnet/minecraft/world/phys/Vec3;
        11: invokevirtual #796                // Method net/minecraft/world/phys/Vec3.cross:(Lnet/minecraft/world/phys/Vec3;)Lnet/minecraft/world/phys/Vec3;
        14: astore        6
        16: aload         6
        18: invokevirtual #747                // Method net/minecraft/world/phys/Vec3.lengthSqr:()D
        21: ldc2_w        #799                // double 1.0E-8d
        24: dcmpg
        25: ifge          43
        28: new           #488                // class net/minecraft/world/phys/Vec3
        31: dup
        32: dconst_0
        33: dconst_1
        34: dconst_0
        35: invokespecial #566                // Method net/minecraft/world/phys/Vec3."<init>":(DDD)V
        38: astore        6
        40: goto          50
        43: aload         6
        45: invokevirtual #741                // Method net/minecraft/world/phys/Vec3.normalize:()Lnet/minecraft/world/phys/Vec3;
        48: astore        6
        50: aload_0
        51: aload_1
        52: aload_2
        53: iload         5
        55: ldc_w         #805                // float 0.5f
        58: fconst_0
        59: aload         6
        61: invokestatic  #801                // Method vertex:(Lcom/mojang/blaze3d/vertex/PoseStack$Pose;Lcom/mojang/blaze3d/vertex/VertexConsumer;Lnet/minecraft/world/phys/Vec3;IFFLnet/minecraft/world/phys/Vec3;)V
        64: aload_0
        65: aload_1
        66: aload_3
        67: iload         5
        69: fconst_0
        70: fconst_1
        71: aload         6
        73: invokestatic  #801                // Method vertex:(Lcom/mojang/blaze3d/vertex/PoseStack$Pose;Lcom/mojang/blaze3d/vertex/VertexConsumer;Lnet/minecraft/world/phys/Vec3;IFFLnet/minecraft/world/phys/Vec3;)V
        76: aload_0
        77: aload_1
        78: aload         4
        80: iload         5
        82: fconst_1
        83: fconst_1
        84: aload         6
        86: invokestatic  #801                // Method vertex:(Lcom/mojang/blaze3d/vertex/PoseStack$Pose;Lcom/mojang/blaze3d/vertex/VertexConsumer;Lnet/minecraft/world/phys/Vec3;IFFLnet/minecraft/world/phys/Vec3;)V
        89: aload_0
        90: aload_1
        91: aload         4
        93: iload         5
        95: fconst_1
        96: fconst_1
        97: aload         6
        99: invokestatic  #801                // Method vertex:(Lcom/mojang/blaze3d/vertex/PoseStack$Pose;Lcom/mojang/blaze3d/vertex/VertexConsumer;Lnet/minecraft/world/phys/Vec3;IFFLnet/minecraft/world/phys/Vec3;)V
       102: return

  private static void vertex(com.mojang.blaze3d.vertex.PoseStack$Pose, com.mojang.blaze3d.vertex.VertexConsumer, net.minecraft.world.phys.Vec3, int, float, float, net.minecraft.world.phys.Vec3);
    Code:
         0: aload_1
         1: aload_0
         2: aload_2
         3: getfield      #806                // Field net/minecraft/world/phys/Vec3.x:D
         6: d2f
         7: aload_2
         8: getfield      #807                // Field net/minecraft/world/phys/Vec3.y:D
        11: d2f
        12: aload_2
        13: getfield      #808                // Field net/minecraft/world/phys/Vec3.z:D
        16: d2f
        17: invokeinterface #809,  5          // InterfaceMethod com/mojang/blaze3d/vertex/VertexConsumer.addVertex:(Lcom/mojang/blaze3d/vertex/PoseStack$Pose;FFF)Lcom/mojang/blaze3d/vertex/VertexConsumer;
        22: iload_3
        23: bipush        16
        25: ishr
        26: sipush        255
        29: iand
        30: iload_3
        31: bipush        8
        33: ishr
        34: sipush        255
        37: iand
        38: iload_3
        39: sipush        255
        42: iand
        43: iload_3
        44: bipush        24
        46: iushr
        47: sipush        255
        50: iand
        51: invokeinterface #815,  5          // InterfaceMethod com/mojang/blaze3d/vertex/VertexConsumer.setColor:(IIII)Lcom/mojang/blaze3d/vertex/VertexConsumer;
        56: fload         4
        58: fload         5
        60: invokeinterface #819,  3          // InterfaceMethod com/mojang/blaze3d/vertex/VertexConsumer.setUv:(FF)Lcom/mojang/blaze3d/vertex/VertexConsumer;
        65: getstatic     #823                // Field net/minecraft/client/renderer/texture/OverlayTexture.NO_OVERLAY:I
        68: invokeinterface #828,  2          // InterfaceMethod com/mojang/blaze3d/vertex/VertexConsumer.setOverlay:(I)Lcom/mojang/blaze3d/vertex/VertexConsumer;
        73: ldc_w         #832                // int 15728880
        76: invokeinterface #833,  2          // InterfaceMethod com/mojang/blaze3d/vertex/VertexConsumer.setLight:(I)Lcom/mojang/blaze3d/vertex/VertexConsumer;
        81: aload_0
        82: aload         6
        84: getfield      #806                // Field net/minecraft/world/phys/Vec3.x:D
        87: d2f
        88: aload         6
        90: getfield      #807                // Field net/minecraft/world/phys/Vec3.y:D
        93: d2f
        94: aload         6
        96: getfield      #808                // Field net/minecraft/world/phys/Vec3.z:D
        99: d2f
       100: invokeinterface #836,  5          // InterfaceMethod com/mojang/blaze3d/vertex/VertexConsumer.setNormal:(Lcom/mojang/blaze3d/vertex/PoseStack$Pose;FFF)Lcom/mojang/blaze3d/vertex/VertexConsumer;
       105: pop
       106: return
}
Compiled from "VillageSkillEffectClient.java"
public final class kr.moonseungjun.villageguardians.VillageSkillEffectClient {
  private static final java.util.Map<java.lang.Integer, kr.moonseungjun.villageguardians.VillageSkillEffectClient$Motion> MOTIONS;

  private static boolean renderListenerRegistered;

  private kr.moonseungjun.villageguardians.VillageSkillEffectClient();
    Code:
         0: aload_0
         1: invokespecial #1                  // Method java/lang/Object."<init>":()V
         4: return

  public static void registerRenderers(net.neoforged.neoforge.client.event.EntityRenderersEvent$RegisterRenderers);
    Code:
         0: aload_0
         1: getstatic     #7                  // Field kr/moonseungjun/villageguardians/VillageSkillEffectEntities.SKILL_EFFECT:Lnet/neoforged/neoforge/registries/DeferredHolder;
         4: invokevirtual #13                 // Method net/neoforged/neoforge/registries/DeferredHolder.get:()Ljava/lang/Object;
         7: checkcast     #19                 // class net/minecraft/world/entity/EntityType
        10: invokedynamic #21,  0             // InvokeDynamic #0:create:()Lnet/minecraft/client/renderer/entity/EntityRendererProvider;
        15: invokevirtual #25                 // Method net/neoforged/neoforge/client/event/EntityRenderersEvent$RegisterRenderers.registerEntityRenderer:(Lnet/minecraft/world/entity/EntityType;Lnet/minecraft/client/renderer/entity/EntityRendererProvider;)V
        18: getstatic     #31                 // Field renderListenerRegistered:Z
        21: ifne          41
        24: iconst_1
        25: putstatic     #31                 // Field renderListenerRegistered:Z
        28: getstatic     #37                 // Field net/neoforged/neoforge/common/NeoForge.EVENT_BUS:Lnet/neoforged/bus/api/IEventBus;
        31: invokedynamic #43,  0             // InvokeDynamic #1:accept:()Ljava/util/function/Consumer;
        36: invokeinterface #47,  2           // InterfaceMethod net/neoforged/bus/api/IEventBus.addListener:(Ljava/util/function/Consumer;)V
        41: return

  public static void acceptMotion(kr.moonseungjun.villageguardians.VillageNetwork$SkillMotionPayload);
    Code:
         0: aload_0
         1: ifnull        18
         4: aload_0
         5: invokevirtual #53                 // Method kr/moonseungjun/villageguardians/VillageNetwork$SkillMotionPayload.entityId:()I
         8: iflt          18
        11: aload_0
        12: invokevirtual #59                 // Method kr/moonseungjun/villageguardians/VillageNetwork$SkillMotionPayload.durationTicks:()I
        15: ifgt          19
        18: return
        19: invokestatic  #62                 // Method java/lang/System.nanoTime:()J
        22: lstore_1
        23: getstatic     #68                 // Field MOTIONS:Ljava/util/Map;
        26: aload_0
        27: invokevirtual #53                 // Method kr/moonseungjun/villageguardians/VillageNetwork$SkillMotionPayload.entityId:()I
        30: invokestatic  #72                 // Method java/lang/Integer.valueOf:(I)Ljava/lang/Integer;
        33: new           #78                 // class kr/moonseungjun/villageguardians/VillageSkillEffectClient$Motion
        36: dup
        37: aload_0
        38: invokevirtual #80                 // Method kr/moonseungjun/villageguardians/VillageNetwork$SkillMotionPayload.motion:()Ljava/lang/String;
        41: lload_1
        42: lload_1
        43: aload_0
        44: invokevirtual #59                 // Method kr/moonseungjun/villageguardians/VillageNetwork$SkillMotionPayload.durationTicks:()I
        47: i2l
        48: ldc2_w        #84                 // long 50000000l
        51: lmul
        52: ladd
        53: invokespecial #86                 // Method kr/moonseungjun/villageguardians/VillageSkillEffectClient$Motion."<init>":(Ljava/lang/String;JJ)V
        56: invokeinterface #89,  3           // InterfaceMethod java/util/Map.put:(Ljava/lang/Object;Ljava/lang/Object;)Ljava/lang/Object;
        61: pop
        62: return

  private static void onRenderPlayer(net.neoforged.neoforge.client.event.RenderPlayerEvent$Pre<?>);
    Code:
         0: invokestatic  #62                 // Method java/lang/System.nanoTime:()J
         3: lstore_1
         4: getstatic     #68                 // Field MOTIONS:Ljava/util/Map;
         7: invokeinterface #95,  1           // InterfaceMethod java/util/Map.entrySet:()Ljava/util/Set;
        12: invokeinterface #99,  1           // InterfaceMethod java/util/Set.iterator:()Ljava/util/Iterator;
        17: astore_3
        18: aload_3
        19: invokeinterface #105,  1          // InterfaceMethod java/util/Iterator.hasNext:()Z
        24: ifeq          61
        27: aload_3
        28: invokeinterface #111,  1          // InterfaceMethod java/util/Iterator.next:()Ljava/lang/Object;
        33: checkcast     #114                // class java/util/Map$Entry
        36: invokeinterface #116,  1          // InterfaceMethod java/util/Map$Entry.getValue:()Ljava/lang/Object;
        41: checkcast     #78                 // class kr/moonseungjun/villageguardians/VillageSkillEffectClient$Motion
        44: getfield      #119                // Field kr/moonseungjun/villageguardians/VillageSkillEffectClient$Motion.expiresAt:J
        47: lload_1
        48: lcmp
        49: ifge          18
        52: aload_3
        53: invokeinterface #123,  1          // InterfaceMethod java/util/Iterator.remove:()V
        58: goto          18
        61: aload_0
        62: invokevirtual #126                // Method net/neoforged/neoforge/client/event/RenderPlayerEvent$Pre.getRenderState:()Lnet/minecraft/client/renderer/entity/state/LivingEntityRenderState;
        65: checkcast     #132                // class net/minecraft/client/renderer/entity/state/AvatarRenderState
        68: getfield      #134                // Field net/minecraft/client/renderer/entity/state/AvatarRenderState.id:I
        71: istore        4
        73: getstatic     #68                 // Field MOTIONS:Ljava/util/Map;
        76: iload         4
        78: invokestatic  #72                 // Method java/lang/Integer.valueOf:(I)Ljava/lang/Integer;
        81: invokeinterface #138,  2          // InterfaceMethod java/util/Map.get:(Ljava/lang/Object;)Ljava/lang/Object;
        86: checkcast     #78                 // class kr/moonseungjun/villageguardians/VillageSkillEffectClient$Motion
        89: astore        5
        91: aload         5
        93: ifnull        109
        96: ldc           #141                // String vanguard_spin
        98: aload         5
       100: getfield      #143                // Field kr/moonseungjun/villageguardians/VillageSkillEffectClient$Motion.name:Ljava/lang/String;
       103: invokevirtual #147                // Method java/lang/String.equals:(Ljava/lang/Object;)Z
       106: ifne          110
       109: return
       110: lload_1
       111: aload         5
       113: getfield      #153                // Field kr/moonseungjun/villageguardians/VillageSkillEffectClient$Motion.startedAt:J
       116: lsub
       117: l2f
       118: ldc           #156                // float 1.0E9f
       120: fdiv
       121: fstore        6
       123: fload         6
       125: ldc2_w        #157                // double 900.0d
       128: invokestatic  #159                // Method java/lang/Math.toRadians:(D)D
       131: d2f
       132: fmul
       133: fstore        7
       135: aload_0
       136: invokevirtual #165                // Method net/neoforged/neoforge/client/event/RenderPlayerEvent$Pre.getPoseStack:()Lcom/mojang/blaze3d/vertex/PoseStack;
       139: astore        8
       141: aload         8
       143: new           #169                // class org/joml/Quaternionf
       146: dup
       147: invokespecial #171                // Method org/joml/Quaternionf."<init>":()V
       150: fload         7
       152: invokevirtual #172                // Method org/joml/Quaternionf.rotateY:(F)Lorg/joml/Quaternionf;
       155: invokevirtual #176                // Method com/mojang/blaze3d/vertex/PoseStack.mulPose:(Lorg/joml/Quaternionfc;)V
       158: aload_0
       159: invokevirtual #126                // Method net/neoforged/neoforge/client/event/RenderPlayerEvent$Pre.getRenderState:()Lnet/minecraft/client/renderer/entity/state/LivingEntityRenderState;
       162: checkcast     #132                // class net/minecraft/client/renderer/entity/state/AvatarRenderState
       165: dup
       166: getfield      #182                // Field net/minecraft/client/renderer/entity/state/AvatarRenderState.bodyRot:F
       169: fload         7
       171: f2d
       172: invokestatic  #186                // Method java/lang/Math.toDegrees:(D)D
       175: d2f
       176: fadd
       177: putfield      #182                // Field net/minecraft/client/renderer/entity/state/AvatarRenderState.bodyRot:F
       180: aload_0
       181: invokevirtual #126                // Method net/neoforged/neoforge/client/event/RenderPlayerEvent$Pre.getRenderState:()Lnet/minecraft/client/renderer/entity/state/LivingEntityRenderState;
       184: checkcast     #132                // class net/minecraft/client/renderer/entity/state/AvatarRenderState
       187: fconst_0
       188: putfield      #189                // Field net/minecraft/client/renderer/entity/state/AvatarRenderState.yRot:F
       191: aload_0
       192: invokevirtual #126                // Method net/neoforged/neoforge/client/event/RenderPlayerEvent$Pre.getRenderState:()Lnet/minecraft/client/renderer/entity/state/LivingEntityRenderState;
       195: checkcast     #132                // class net/minecraft/client/renderer/entity/state/AvatarRenderState
       198: fconst_0
       199: putfield      #192                // Field net/minecraft/client/renderer/entity/state/AvatarRenderState.walkAnimationSpeed:F
       202: return

  public static void clear();
    Code:
         0: getstatic     #68                 // Field MOTIONS:Ljava/util/Map;
         3: invokeinterface #195,  1          // InterfaceMethod java/util/Map.clear:()V
         8: return

  static {};
    Code:
         0: new           #198                // class java/util/HashMap
         3: dup
         4: invokespecial #200                // Method java/util/HashMap."<init>":()V
         7: putstatic     #68                 // Field MOTIONS:Ljava/util/Map;
        10: return
}
