Compiled from "VillageRoleAbilitySystem.java"
public final class kr.moonseungjun.villageguardians.VillageRoleAbilitySystem {
  private static final java.util.Map<java.util.UUID, java.lang.Long> SPIN_UNTIL;

  private static final java.util.Map<java.util.UUID, java.lang.Long> RAPID_UNTIL;

  private static final java.util.Map<java.util.UUID, java.lang.Integer> RAPID_DRAW_TICKS;

  private static final java.util.Map<java.util.UUID, java.lang.Long> RICOCHET_UNTIL;

  private static final java.util.Map<java.util.UUID, java.lang.Long> RICOCHET_ARROWS;

  private static final java.util.Map<java.util.UUID, kr.moonseungjun.villageguardians.VillageRoleAbilitySystem$TrackingArrowState> TRACKING_ARROWS;

  private static final java.util.Map<java.util.UUID, kr.moonseungjun.villageguardians.VillageRoleAbilitySystem$EmpoweredArrowState> ARROW_RAIN_READY;

  private static final java.util.Map<java.util.UUID, kr.moonseungjun.villageguardians.VillageRoleAbilitySystem$EmpoweredArrowState> MEGA_ARROW_READY;

  private static final java.util.Map<java.util.UUID, java.lang.Long> FORTRESS_UNTIL;

  private static final java.util.Map<java.util.UUID, java.lang.Long> AEGIS_UNTIL;

  private static final java.util.Map<java.util.UUID, java.lang.Long> CHARGE_UNTIL;

  private static final java.util.Map<java.util.UUID, java.lang.Long> LAST_AEGIS_DASH;

  private static final java.util.Map<java.util.UUID, kr.moonseungjun.villageguardians.VillageRoleAbilitySystem$SlamState> SLAMS;

  private static final java.util.List<kr.moonseungjun.villageguardians.VillageRoleAbilitySystem$ScheduledAction> SCHEDULED;

  private static final java.util.List<kr.moonseungjun.villageguardians.VillageRoleAbilitySystem$AreaState> AREAS;

  private static final java.util.Map<java.util.UUID, kr.moonseungjun.villageguardians.VillageRoleAbilitySystem$MovingSkill> MOVING;

  private static boolean spawningGeneratedArrow;

  private static boolean replayingEcho;

  private kr.moonseungjun.villageguardians.VillageRoleAbilitySystem();
    Code:
         0: aload_0
         1: invokespecial #1                  // Method java/lang/Object."<init>":()V
         4: return

  public static void reset();
    Code:
         0: getstatic     #7                  // Field SPIN_UNTIL:Ljava/util/Map;
         3: invokeinterface #13,  1           // InterfaceMethod java/util/Map.clear:()V
         8: getstatic     #18                 // Field RAPID_UNTIL:Ljava/util/Map;
        11: invokeinterface #13,  1           // InterfaceMethod java/util/Map.clear:()V
        16: getstatic     #21                 // Field RAPID_DRAW_TICKS:Ljava/util/Map;
        19: invokeinterface #13,  1           // InterfaceMethod java/util/Map.clear:()V
        24: getstatic     #24                 // Field RICOCHET_UNTIL:Ljava/util/Map;
        27: invokeinterface #13,  1           // InterfaceMethod java/util/Map.clear:()V
        32: getstatic     #27                 // Field RICOCHET_ARROWS:Ljava/util/Map;
        35: invokeinterface #13,  1           // InterfaceMethod java/util/Map.clear:()V
        40: getstatic     #30                 // Field TRACKING_ARROWS:Ljava/util/Map;
        43: invokeinterface #13,  1           // InterfaceMethod java/util/Map.clear:()V
        48: getstatic     #33                 // Field ARROW_RAIN_READY:Ljava/util/Map;
        51: invokeinterface #13,  1           // InterfaceMethod java/util/Map.clear:()V
        56: getstatic     #36                 // Field MEGA_ARROW_READY:Ljava/util/Map;
        59: invokeinterface #13,  1           // InterfaceMethod java/util/Map.clear:()V
        64: getstatic     #39                 // Field FORTRESS_UNTIL:Ljava/util/Map;
        67: invokeinterface #13,  1           // InterfaceMethod java/util/Map.clear:()V
        72: getstatic     #42                 // Field AEGIS_UNTIL:Ljava/util/Map;
        75: invokeinterface #13,  1           // InterfaceMethod java/util/Map.clear:()V
        80: getstatic     #45                 // Field CHARGE_UNTIL:Ljava/util/Map;
        83: invokeinterface #13,  1           // InterfaceMethod java/util/Map.clear:()V
        88: getstatic     #48                 // Field LAST_AEGIS_DASH:Ljava/util/Map;
        91: invokeinterface #13,  1           // InterfaceMethod java/util/Map.clear:()V
        96: getstatic     #51                 // Field SLAMS:Ljava/util/Map;
        99: invokeinterface #13,  1           // InterfaceMethod java/util/Map.clear:()V
       104: getstatic     #54                 // Field SCHEDULED:Ljava/util/List;
       107: invokeinterface #58,  1           // InterfaceMethod java/util/List.clear:()V
       112: getstatic     #61                 // Field AREAS:Ljava/util/List;
       115: invokeinterface #58,  1           // InterfaceMethod java/util/List.clear:()V
       120: getstatic     #64                 // Field MOVING:Ljava/util/Map;
       123: invokeinterface #13,  1           // InterfaceMethod java/util/Map.clear:()V
       128: invokestatic  #67                 // Method kr/moonseungjun/villageguardians/VillageSkillEffectSystem.reset:()V
       131: iconst_0
       132: putstatic     #72                 // Field spawningGeneratedArrow:Z
       135: iconst_0
       136: putstatic     #76                 // Field replayingEcho:Z
       139: return

  public static void cast(net.minecraft.server.level.ServerLevel, net.minecraft.server.level.ServerPlayer, kr.moonseungjun.villageguardians.VillageRoleSkillSystem$ActiveSkill, float, float, int);
    Code:
         0: aload_0
         1: invokevirtual #79                 // Method net/minecraft/server/level/ServerLevel.getGameTime:()J
         4: lstore        6
         6: aload_1
         7: invokevirtual #85                 // Method net/minecraft/server/level/ServerPlayer.getUUID:()Ljava/util/UUID;
        10: invokestatic  #91                 // Method kr/moonseungjun/villageguardians/VillageCouncilState.levelOf:(Ljava/util/UUID;)I
        13: istore        8
        15: bipush        40
        17: bipush        120
        19: iload         8
        21: iconst_3
        22: imul
        23: iadd
        24: i2f
        25: fload         4
        27: fmul
        28: invokestatic  #97                 // Method java/lang/Math.round:(F)I
        31: invokestatic  #103                // Method java/lang/Math.max:(II)I
        34: istore        9
        36: aload_1
        37: invokestatic  #107                // Method horizontalLook:(Lnet/minecraft/server/level/ServerPlayer;)Lnet/minecraft/world/phys/Vec3;
        40: astore        10
        42: aload_1
        43: invokestatic  #111                // Method lookDirection:(Lnet/minecraft/server/level/ServerPlayer;)Lnet/minecraft/world/phys/Vec3;
        46: astore        11
        48: aload_2
        49: getstatic     #114                // Field kr/moonseungjun/villageguardians/VillageRoleSkillSystem$ActiveSkill.ARCANIST_FIRE_ORB:Lkr/moonseungjun/villageguardians/VillageRoleSkillSystem$ActiveSkill;
        52: if_acmpne     60
        55: aload         11
        57: goto          62
        60: aload         10
        62: astore        12
        64: aload_0
        65: aload_1
        66: aload_2
        67: iload         9
        69: aload         12
        71: invokestatic  #120                // Method kr/moonseungjun/villageguardians/VillageSkillEffectSystem.startCast:(Lnet/minecraft/server/level/ServerLevel;Lnet/minecraft/server/level/ServerPlayer;Lkr/moonseungjun/villageguardians/VillageRoleSkillSystem$ActiveSkill;ILnet/minecraft/world/phys/Vec3;)V
        74: getstatic     #124                // Field kr/moonseungjun/villageguardians/VillageRoleAbilitySystem$1.$SwitchMap$kr$moonseungjun$villageguardians$VillageRoleSkillSystem$ActiveSkill:[I
        77: aload_2
        78: invokevirtual #130                // Method kr/moonseungjun/villageguardians/VillageRoleSkillSystem$ActiveSkill.ordinal:()I
        81: iaload
        82: tableswitch   { // 1 to 20
                       1: 176
                       2: 260
                       3: 460
                       4: 585
                       5: 659
                       6: 736
                       7: 808
                       8: 892
                       9: 969
                      10: 1007
                      11: 1110
                      12: 1219
                      13: 1322
                      14: 1345
                      15: 1367
                      16: 1460
                      17: 1490
                      18: 1568
                      19: 1593
                      20: 1705
                 default: 1781
            }
       176: bipush        48
       178: iload         9
       180: iconst_2
       181: idiv
       182: invokestatic  #103                // Method java/lang/Math.max:(II)I
       185: istore        13
       187: getstatic     #7                  // Field SPIN_UNTIL:Ljava/util/Map;
       190: aload_1
       191: invokevirtual #85                 // Method net/minecraft/server/level/ServerPlayer.getUUID:()Ljava/util/UUID;
       194: lload         6
       196: iload         13
       198: i2l
       199: ladd
       200: invokestatic  #134                // Method java/lang/Long.valueOf:(J)Ljava/lang/Long;
       203: invokeinterface #140,  3          // InterfaceMethod java/util/Map.put:(Ljava/lang/Object;Ljava/lang/Object;)Ljava/lang/Object;
       208: pop
       209: aload_0
       210: aload_1
       211: ldc           #144                // String vanguard_spin
       213: iload         13
       215: bipush        8
       217: iadd
       218: invokestatic  #146                // Method kr/moonseungjun/villageguardians/VillageNetwork.sendSkillMotion:(Lnet/minecraft/server/level/ServerLevel;Lnet/minecraft/server/level/ServerPlayer;Ljava/lang/String;I)V
       221: aload_1
       222: new           #152                // class net/minecraft/world/effect/MobEffectInstance
       225: dup
       226: getstatic     #154                // Field net/minecraft/world/effect/MobEffects.RESISTANCE:Lnet/minecraft/core/Holder;
       229: iload         13
       231: iconst_0
       232: iconst_0
       233: iconst_0
       234: iconst_1
       235: invokespecial #160                // Method net/minecraft/world/effect/MobEffectInstance."<init>":(Lnet/minecraft/core/Holder;IIZZZ)V
       238: invokevirtual #163                // Method net/minecraft/server/level/ServerPlayer.addEffect:(Lnet/minecraft/world/effect/MobEffectInstance;)Z
       241: pop
       242: aload_0
       243: aload_1
       244: invokevirtual #167                // Method net/minecraft/server/level/ServerPlayer.position:()Lnet/minecraft/world/phys/Vec3;
       247: getstatic     #171                // Field net/minecraft/sounds/SoundEvents.PLAYER_ATTACK_SWEEP:Lnet/minecraft/sounds/SoundEvent;
       250: ldc           #177                // float 1.2f
       252: ldc           #178                // float 0.72f
       254: invokestatic  #179                // Method play:(Lnet/minecraft/server/level/ServerLevel;Lnet/minecraft/world/phys/Vec3;Lnet/minecraft/sounds/SoundEvent;FF)V
       257: goto          1781
       260: aload_1
       261: getstatic     #183                // Field net/minecraft/world/InteractionHand.MAIN_HAND:Lnet/minecraft/world/InteractionHand;
       264: iconst_1
       265: invokevirtual #189                // Method net/minecraft/server/level/ServerPlayer.swing:(Lnet/minecraft/world/InteractionHand;Z)V
       268: aload_1
       269: new           #152                // class net/minecraft/world/effect/MobEffectInstance
       272: dup
       273: getstatic     #193                // Field net/minecraft/world/effect/MobEffects.STRENGTH:Lnet/minecraft/core/Holder;
       276: iload         9
       278: iconst_1
       279: iconst_1
       280: iload         5
       282: iconst_3
       283: idiv
       284: invokestatic  #196                // Method java/lang/Math.min:(II)I
       287: iadd
       288: iconst_0
       289: iconst_0
       290: iconst_1
       291: invokespecial #160                // Method net/minecraft/world/effect/MobEffectInstance."<init>":(Lnet/minecraft/core/Holder;IIZZZ)V
       294: invokevirtual #163                // Method net/minecraft/server/level/ServerPlayer.addEffect:(Lnet/minecraft/world/effect/MobEffectInstance;)Z
       297: pop
       298: aload_1
       299: new           #152                // class net/minecraft/world/effect/MobEffectInstance
       302: dup
       303: getstatic     #199                // Field net/minecraft/world/effect/MobEffects.SPEED:Lnet/minecraft/core/Holder;
       306: iload         9
       308: iconst_1
       309: iconst_1
       310: iload         5
       312: iconst_4
       313: idiv
       314: invokestatic  #196                // Method java/lang/Math.min:(II)I
       317: iadd
       318: iconst_0
       319: iconst_0
       320: iconst_1
       321: invokespecial #160                // Method net/minecraft/world/effect/MobEffectInstance."<init>":(Lnet/minecraft/core/Holder;IIZZZ)V
       324: invokevirtual #163                // Method net/minecraft/server/level/ServerPlayer.addEffect:(Lnet/minecraft/world/effect/MobEffectInstance;)Z
       327: pop
       328: aload_1
       329: new           #152                // class net/minecraft/world/effect/MobEffectInstance
       332: dup
       333: getstatic     #154                // Field net/minecraft/world/effect/MobEffects.RESISTANCE:Lnet/minecraft/core/Holder;
       336: iload         9
       338: iconst_0
       339: iconst_0
       340: iconst_0
       341: iconst_1
       342: invokespecial #160                // Method net/minecraft/world/effect/MobEffectInstance."<init>":(Lnet/minecraft/core/Holder;IIZZZ)V
       345: invokevirtual #163                // Method net/minecraft/server/level/ServerPlayer.addEffect:(Lnet/minecraft/world/effect/MobEffectInstance;)Z
       348: pop
       349: aload_1
       350: ldc2_w        #202                // double 11.0d
       353: invokestatic  #204                // Method allies:(Lnet/minecraft/server/level/ServerPlayer;D)Ljava/util/List;
       356: invokeinterface #208,  1          // InterfaceMethod java/util/List.iterator:()Ljava/util/Iterator;
       361: astore        13
       363: aload         13
       365: invokeinterface #212,  1          // InterfaceMethod java/util/Iterator.hasNext:()Z
       370: ifeq          442
       373: aload         13
       375: invokeinterface #218,  1          // InterfaceMethod java/util/Iterator.next:()Ljava/lang/Object;
       380: checkcast     #86                 // class net/minecraft/server/level/ServerPlayer
       383: astore        14
       385: aload         14
       387: new           #152                // class net/minecraft/world/effect/MobEffectInstance
       390: dup
       391: getstatic     #193                // Field net/minecraft/world/effect/MobEffects.STRENGTH:Lnet/minecraft/core/Holder;
       394: iload         9
       396: iload         5
       398: iconst_3
       399: if_icmplt     406
       402: iconst_1
       403: goto          407
       406: iconst_0
       407: iconst_0
       408: iconst_0
       409: iconst_1
       410: invokespecial #160                // Method net/minecraft/world/effect/MobEffectInstance."<init>":(Lnet/minecraft/core/Holder;IIZZZ)V
       413: invokevirtual #163                // Method net/minecraft/server/level/ServerPlayer.addEffect:(Lnet/minecraft/world/effect/MobEffectInstance;)Z
       416: pop
       417: aload         14
       419: new           #152                // class net/minecraft/world/effect/MobEffectInstance
       422: dup
       423: getstatic     #199                // Field net/minecraft/world/effect/MobEffects.SPEED:Lnet/minecraft/core/Holder;
       426: iload         9
       428: iconst_0
       429: iconst_0
       430: iconst_0
       431: iconst_1
       432: invokespecial #160                // Method net/minecraft/world/effect/MobEffectInstance."<init>":(Lnet/minecraft/core/Holder;IIZZZ)V
       435: invokevirtual #163                // Method net/minecraft/server/level/ServerPlayer.addEffect:(Lnet/minecraft/world/effect/MobEffectInstance;)Z
       438: pop
       439: goto          363
       442: aload_0
       443: aload_1
       444: invokevirtual #167                // Method net/minecraft/server/level/ServerPlayer.position:()Lnet/minecraft/world/phys/Vec3;
       447: getstatic     #222                // Field net/minecraft/sounds/SoundEvents.RAVAGER_ROAR:Lnet/minecraft/sounds/SoundEvent;
       450: ldc           #225                // float 0.85f
       452: ldc           #226                // float 1.18f
       454: invokestatic  #179                // Method play:(Lnet/minecraft/server/level/ServerLevel;Lnet/minecraft/world/phys/Vec3;Lnet/minecraft/sounds/SoundEvent;FF)V
       457: goto          1781
       460: getstatic     #45                 // Field CHARGE_UNTIL:Ljava/util/Map;
       463: aload_1
       464: invokevirtual #85                 // Method net/minecraft/server/level/ServerPlayer.getUUID:()Ljava/util/UUID;
       467: lload         6
       469: ldc2_w        #227                // long 22l
       472: ladd
       473: invokestatic  #134                // Method java/lang/Long.valueOf:(J)Ljava/lang/Long;
       476: invokeinterface #140,  3          // InterfaceMethod java/util/Map.put:(Ljava/lang/Object;Ljava/lang/Object;)Ljava/lang/Object;
       481: pop
       482: aload_1
       483: new           #152                // class net/minecraft/world/effect/MobEffectInstance
       486: dup
       487: getstatic     #154                // Field net/minecraft/world/effect/MobEffects.RESISTANCE:Lnet/minecraft/core/Holder;
       490: bipush        26
       492: iconst_2
       493: iconst_0
       494: iconst_0
       495: iconst_1
       496: invokespecial #160                // Method net/minecraft/world/effect/MobEffectInstance."<init>":(Lnet/minecraft/core/Holder;IIZZZ)V
       499: invokevirtual #163                // Method net/minecraft/server/level/ServerPlayer.addEffect:(Lnet/minecraft/world/effect/MobEffectInstance;)Z
       502: pop
       503: iconst_0
       504: istore        13
       506: iload         13
       508: bipush        6
       510: if_icmpge     568
       513: getstatic     #54                 // Field SCHEDULED:Ljava/util/List;
       516: new           #229                // class kr/moonseungjun/villageguardians/VillageRoleAbilitySystem$ScheduledAction
       519: dup
       520: lload         6
       522: ldc2_w        #231                // long 4l
       525: ladd
       526: iload         13
       528: i2l
       529: ldc2_w        #231                // long 4l
       532: lmul
       533: ladd
       534: aload_1
       535: invokevirtual #85                 // Method net/minecraft/server/level/ServerPlayer.getUUID:()Ljava/util/UUID;
       538: aload_2
       539: getstatic     #233                // Field kr/moonseungjun/villageguardians/VillageRoleAbilitySystem$ActionKind.BLADE_WAVE:Lkr/moonseungjun/villageguardians/VillageRoleAbilitySystem$ActionKind;
       542: fload_3
       543: fload         4
       545: iload         5
       547: aload_1
       548: invokevirtual #167                // Method net/minecraft/server/level/ServerPlayer.position:()Lnet/minecraft/world/phys/Vec3;
       551: aload         10
       553: invokespecial #239                // Method kr/moonseungjun/villageguardians/VillageRoleAbilitySystem$ScheduledAction."<init>":(JLjava/util/UUID;Lkr/moonseungjun/villageguardians/VillageRoleSkillSystem$ActiveSkill;Lkr/moonseungjun/villageguardians/VillageRoleAbilitySystem$ActionKind;FFILnet/minecraft/world/phys/Vec3;Lnet/minecraft/world/phys/Vec3;)V
       556: invokeinterface #242,  2          // InterfaceMethod java/util/List.add:(Ljava/lang/Object;)Z
       561: pop
       562: iinc          13, 1
       565: goto          506
       568: aload_0
       569: aload_1
       570: invokevirtual #167                // Method net/minecraft/server/level/ServerPlayer.position:()Lnet/minecraft/world/phys/Vec3;
       573: getstatic     #246                // Field net/minecraft/sounds/SoundEvents.PLAYER_ATTACK_STRONG:Lnet/minecraft/sounds/SoundEvent;
       576: fconst_1
       577: ldc           #178                // float 0.72f
       579: invokestatic  #179                // Method play:(Lnet/minecraft/server/level/ServerLevel;Lnet/minecraft/world/phys/Vec3;Lnet/minecraft/sounds/SoundEvent;FF)V
       582: goto          1781
       585: getstatic     #51                 // Field SLAMS:Ljava/util/Map;
       588: aload_1
       589: invokevirtual #85                 // Method net/minecraft/server/level/ServerPlayer.getUUID:()Ljava/util/UUID;
       592: new           #249                // class kr/moonseungjun/villageguardians/VillageRoleAbilitySystem$SlamState
       595: dup
       596: lload         6
       598: fload_3
       599: iload         5
       601: aload_1
       602: invokevirtual #167                // Method net/minecraft/server/level/ServerPlayer.position:()Lnet/minecraft/world/phys/Vec3;
       605: invokespecial #251                // Method kr/moonseungjun/villageguardians/VillageRoleAbilitySystem$SlamState."<init>":(JFILnet/minecraft/world/phys/Vec3;)V
       608: invokeinterface #140,  3          // InterfaceMethod java/util/Map.put:(Ljava/lang/Object;Ljava/lang/Object;)Ljava/lang/Object;
       613: pop
       614: aload_1
       615: aload         10
       617: ldc2_w        #254                // double 0.52d
       620: invokevirtual #256                // Method net/minecraft/world/phys/Vec3.scale:(D)Lnet/minecraft/world/phys/Vec3;
       623: dconst_0
       624: ldc2_w        #262                // double 1.05d
       627: dconst_0
       628: invokevirtual #264                // Method net/minecraft/world/phys/Vec3.add:(DDD)Lnet/minecraft/world/phys/Vec3;
       631: invokevirtual #267                // Method net/minecraft/server/level/ServerPlayer.setDeltaMovement:(Lnet/minecraft/world/phys/Vec3;)V
       634: aload_1
       635: iconst_1
       636: putfield      #271                // Field net/minecraft/server/level/ServerPlayer.hurtMarked:Z
       639: aload_0
       640: aload_1
       641: invokevirtual #167                // Method net/minecraft/server/level/ServerPlayer.position:()Lnet/minecraft/world/phys/Vec3;
       644: getstatic     #274                // Field net/minecraft/sounds/SoundEvents.ENDER_DRAGON_FLAP:Lnet/minecraft/sounds/SoundEvent;
       647: ldc_w         #277                // float 0.8f
       650: ldc_w         #278                // float 1.35f
       653: invokestatic  #179                // Method play:(Lnet/minecraft/server/level/ServerLevel;Lnet/minecraft/world/phys/Vec3;Lnet/minecraft/sounds/SoundEvent;FF)V
       656: goto          1781
       659: aload_1
       660: invokevirtual #85                 // Method net/minecraft/server/level/ServerPlayer.getUUID:()Ljava/util/UUID;
       663: invokestatic  #279                // Method clearRangerReadies:(Ljava/util/UUID;)V
       666: lload         6
       668: ldc2_w        #283                // long 240l
       671: iload         9
       673: i2l
       674: ldc2_w        #285                // long 2l
       677: lmul
       678: invokestatic  #287                // Method java/lang/Math.max:(JJ)J
       681: ladd
       682: lstore        13
       684: getstatic     #18                 // Field RAPID_UNTIL:Ljava/util/Map;
       687: aload_1
       688: invokevirtual #85                 // Method net/minecraft/server/level/ServerPlayer.getUUID:()Ljava/util/UUID;
       691: lload         13
       693: invokestatic  #134                // Method java/lang/Long.valueOf:(J)Ljava/lang/Long;
       696: invokeinterface #140,  3          // InterfaceMethod java/util/Map.put:(Ljava/lang/Object;Ljava/lang/Object;)Ljava/lang/Object;
       701: pop
       702: aload_1
       703: getstatic     #183                // Field net/minecraft/world/InteractionHand.MAIN_HAND:Lnet/minecraft/world/InteractionHand;
       706: iconst_1
       707: invokevirtual #189                // Method net/minecraft/server/level/ServerPlayer.swing:(Lnet/minecraft/world/InteractionHand;Z)V
       710: aload_0
       711: aload_1
       712: invokevirtual #167                // Method net/minecraft/server/level/ServerPlayer.position:()Lnet/minecraft/world/phys/Vec3;
       715: getstatic     #290                // Field net/minecraft/sounds/SoundEvents.CROSSBOW_LOADING_END:Lnet/minecraft/core/Holder;
       718: invokeinterface #293,  1          // InterfaceMethod net/minecraft/core/Holder.value:()Ljava/lang/Object;
       723: checkcast     #298                // class net/minecraft/sounds/SoundEvent
       726: fconst_1
       727: ldc_w         #278                // float 1.35f
       730: invokestatic  #179                // Method play:(Lnet/minecraft/server/level/ServerLevel;Lnet/minecraft/world/phys/Vec3;Lnet/minecraft/sounds/SoundEvent;FF)V
       733: goto          1781
       736: aload_1
       737: invokevirtual #85                 // Method net/minecraft/server/level/ServerPlayer.getUUID:()Ljava/util/UUID;
       740: invokestatic  #279                // Method clearRangerReadies:(Ljava/util/UUID;)V
       743: getstatic     #24                 // Field RICOCHET_UNTIL:Ljava/util/Map;
       746: aload_1
       747: invokevirtual #85                 // Method net/minecraft/server/level/ServerPlayer.getUUID:()Ljava/util/UUID;
       750: lload         6
       752: ldc2_w        #283                // long 240l
       755: iload         9
       757: i2l
       758: ldc2_w        #285                // long 2l
       761: lmul
       762: invokestatic  #287                // Method java/lang/Math.max:(JJ)J
       765: ladd
       766: invokestatic  #134                // Method java/lang/Long.valueOf:(J)Ljava/lang/Long;
       769: invokeinterface #140,  3          // InterfaceMethod java/util/Map.put:(Ljava/lang/Object;Ljava/lang/Object;)Ljava/lang/Object;
       774: pop
       775: aload_1
       776: getstatic     #183                // Field net/minecraft/world/InteractionHand.MAIN_HAND:Lnet/minecraft/world/InteractionHand;
       779: iconst_1
       780: invokevirtual #189                // Method net/minecraft/server/level/ServerPlayer.swing:(Lnet/minecraft/world/InteractionHand;Z)V
       783: aload_0
       784: aload_1
       785: invokevirtual #167                // Method net/minecraft/server/level/ServerPlayer.position:()Lnet/minecraft/world/phys/Vec3;
       788: getstatic     #300                // Field net/minecraft/sounds/SoundEvents.CROSSBOW_QUICK_CHARGE_3:Lnet/minecraft/core/Holder;
       791: invokeinterface #293,  1          // InterfaceMethod net/minecraft/core/Holder.value:()Ljava/lang/Object;
       796: checkcast     #298                // class net/minecraft/sounds/SoundEvent
       799: fconst_1
       800: ldc           #177                // float 1.2f
       802: invokestatic  #179                // Method play:(Lnet/minecraft/server/level/ServerLevel;Lnet/minecraft/world/phys/Vec3;Lnet/minecraft/sounds/SoundEvent;FF)V
       805: goto          1781
       808: aload_1
       809: invokevirtual #85                 // Method net/minecraft/server/level/ServerPlayer.getUUID:()Ljava/util/UUID;
       812: invokestatic  #279                // Method clearRangerReadies:(Ljava/util/UUID;)V
       815: lload         6
       817: ldc2_w        #303                // long 260l
       820: iload         9
       822: i2l
       823: ldc2_w        #285                // long 2l
       826: lmul
       827: invokestatic  #287                // Method java/lang/Math.max:(JJ)J
       830: ladd
       831: lstore        13
       833: getstatic     #33                 // Field ARROW_RAIN_READY:Ljava/util/Map;
       836: aload_1
       837: invokevirtual #85                 // Method net/minecraft/server/level/ServerPlayer.getUUID:()Ljava/util/UUID;
       840: new           #305                // class kr/moonseungjun/villageguardians/VillageRoleAbilitySystem$EmpoweredArrowState
       843: dup
       844: lload         13
       846: fload_3
       847: iload         5
       849: invokespecial #307                // Method kr/moonseungjun/villageguardians/VillageRoleAbilitySystem$EmpoweredArrowState."<init>":(JFI)V
       852: invokeinterface #140,  3          // InterfaceMethod java/util/Map.put:(Ljava/lang/Object;Ljava/lang/Object;)Ljava/lang/Object;
       857: pop
       858: aload_1
       859: getstatic     #183                // Field net/minecraft/world/InteractionHand.MAIN_HAND:Lnet/minecraft/world/InteractionHand;
       862: iconst_1
       863: invokevirtual #189                // Method net/minecraft/server/level/ServerPlayer.swing:(Lnet/minecraft/world/InteractionHand;Z)V
       866: aload_0
       867: aload_1
       868: invokevirtual #167                // Method net/minecraft/server/level/ServerPlayer.position:()Lnet/minecraft/world/phys/Vec3;
       871: getstatic     #290                // Field net/minecraft/sounds/SoundEvents.CROSSBOW_LOADING_END:Lnet/minecraft/core/Holder;
       874: invokeinterface #293,  1          // InterfaceMethod net/minecraft/core/Holder.value:()Ljava/lang/Object;
       879: checkcast     #298                // class net/minecraft/sounds/SoundEvent
       882: fconst_1
       883: ldc_w         #310                // float 0.92f
       886: invokestatic  #179                // Method play:(Lnet/minecraft/server/level/ServerLevel;Lnet/minecraft/world/phys/Vec3;Lnet/minecraft/sounds/SoundEvent;FF)V
       889: goto          1781
       892: aload_1
       893: invokevirtual #85                 // Method net/minecraft/server/level/ServerPlayer.getUUID:()Ljava/util/UUID;
       896: invokestatic  #279                // Method clearRangerReadies:(Ljava/util/UUID;)V
       899: lload         6
       901: ldc2_w        #311                // long 280l
       904: iload         9
       906: i2l
       907: ldc2_w        #285                // long 2l
       910: lmul
       911: invokestatic  #287                // Method java/lang/Math.max:(JJ)J
       914: ladd
       915: lstore        13
       917: getstatic     #36                 // Field MEGA_ARROW_READY:Ljava/util/Map;
       920: aload_1
       921: invokevirtual #85                 // Method net/minecraft/server/level/ServerPlayer.getUUID:()Ljava/util/UUID;
       924: new           #305                // class kr/moonseungjun/villageguardians/VillageRoleAbilitySystem$EmpoweredArrowState
       927: dup
       928: lload         13
       930: fload_3
       931: iload         5
       933: invokespecial #307                // Method kr/moonseungjun/villageguardians/VillageRoleAbilitySystem$EmpoweredArrowState."<init>":(JFI)V
       936: invokeinterface #140,  3          // InterfaceMethod java/util/Map.put:(Ljava/lang/Object;Ljava/lang/Object;)Ljava/lang/Object;
       941: pop
       942: aload_1
       943: getstatic     #183                // Field net/minecraft/world/InteractionHand.MAIN_HAND:Lnet/minecraft/world/InteractionHand;
       946: iconst_1
       947: invokevirtual #189                // Method net/minecraft/server/level/ServerPlayer.swing:(Lnet/minecraft/world/InteractionHand;Z)V
       950: aload_0
       951: aload_1
       952: invokevirtual #167                // Method net/minecraft/server/level/ServerPlayer.position:()Lnet/minecraft/world/phys/Vec3;
       955: getstatic     #313                // Field net/minecraft/sounds/SoundEvents.BEACON_POWER_SELECT:Lnet/minecraft/sounds/SoundEvent;
       958: ldc           #177                // float 1.2f
       960: ldc_w         #316                // float 0.62f
       963: invokestatic  #179                // Method play:(Lnet/minecraft/server/level/ServerLevel;Lnet/minecraft/world/phys/Vec3;Lnet/minecraft/sounds/SoundEvent;FF)V
       966: goto          1781
       969: aload_0
       970: aload_1
       971: ldc2_w        #317                // double 1.35d
       974: bipush        112
       976: ldc_w         #319                // float 12.0f
       979: iload         8
       981: i2f
       982: ldc_w         #320                // float 0.65f
       985: fmul
       986: fadd
       987: fload_3
       988: fmul
       989: ldc2_w        #321                // double 4.8d
       992: iload         5
       994: invokestatic  #323                // Method areaRadius:(DI)D
       997: iload         5
       999: aload         11
      1001: invokestatic  #327                // Method launchFireOrb:(Lnet/minecraft/server/level/ServerLevel;Lnet/minecraft/server/level/ServerPlayer;DIFDILnet/minecraft/world/phys/Vec3;)V
      1004: goto          1781
      1007: ldc2_w        #331                // double 7.5d
      1010: iload         5
      1012: invokestatic  #323                // Method areaRadius:(DI)D
      1015: dstore        13
      1017: aload_0
      1018: aload_1
      1019: ldc2_w        #333                // double 28.0d
      1022: iload         5
      1024: invokestatic  #335                // Method maximumRange:(DI)D
      1027: invokestatic  #338                // Method aimedGround:(Lnet/minecraft/server/level/ServerLevel;Lnet/minecraft/server/level/ServerPlayer;D)Lnet/minecraft/world/phys/Vec3;
      1030: astore        15
      1032: sipush        140
      1035: iload         9
      1037: invokestatic  #103                // Method java/lang/Math.max:(II)I
      1040: istore        16
      1042: getstatic     #61                 // Field AREAS:Ljava/util/List;
      1045: new           #342                // class kr/moonseungjun/villageguardians/VillageRoleAbilitySystem$AreaState
      1048: dup
      1049: aload_1
      1050: invokevirtual #85                 // Method net/minecraft/server/level/ServerPlayer.getUUID:()Ljava/util/UUID;
      1053: getstatic     #344                // Field kr/moonseungjun/villageguardians/VillageRoleAbilitySystem$AreaKind.FROST:Lkr/moonseungjun/villageguardians/VillageRoleAbilitySystem$AreaKind;
      1056: aload         15
      1058: lload         6
      1060: iload         16
      1062: i2l
      1063: ladd
      1064: dload         13
      1066: fload_3
      1067: iload         5
      1069: iconst_0
      1070: invokespecial #350                // Method kr/moonseungjun/villageguardians/VillageRoleAbilitySystem$AreaState."<init>":(Ljava/util/UUID;Lkr/moonseungjun/villageguardians/VillageRoleAbilitySystem$AreaKind;Lnet/minecraft/world/phys/Vec3;JDFII)V
      1073: invokeinterface #242,  2          // InterfaceMethod java/util/List.add:(Ljava/lang/Object;)Z
      1078: pop
      1079: aload_0
      1080: aload_1
      1081: aload         15
      1083: iload         16
      1085: dload         13
      1087: iload         5
      1089: invokestatic  #353                // Method kr/moonseungjun/villageguardians/VillageSkillEffectSystem.frostField:(Lnet/minecraft/server/level/ServerLevel;Lnet/minecraft/server/level/ServerPlayer;Lnet/minecraft/world/phys/Vec3;IDI)V
      1092: aload_0
      1093: aload         15
      1095: getstatic     #357                // Field net/minecraft/sounds/SoundEvents.GLASS_PLACE:Lnet/minecraft/sounds/SoundEvent;
      1098: ldc_w         #360                // float 1.1f
      1101: ldc_w         #316                // float 0.62f
      1104: invokestatic  #179                // Method play:(Lnet/minecraft/server/level/ServerLevel;Lnet/minecraft/world/phys/Vec3;Lnet/minecraft/sounds/SoundEvent;FF)V
      1107: goto          1781
      1110: ldc2_w        #361                // double 8.5d
      1113: iload         5
      1115: invokestatic  #323                // Method areaRadius:(DI)D
      1118: dstore        13
      1120: aload_0
      1121: aload_1
      1122: ldc2_w        #363                // double 30.0d
      1125: iload         5
      1127: invokestatic  #335                // Method maximumRange:(DI)D
      1130: invokestatic  #338                // Method aimedGround:(Lnet/minecraft/server/level/ServerLevel;Lnet/minecraft/server/level/ServerPlayer;D)Lnet/minecraft/world/phys/Vec3;
      1133: astore        15
      1135: bipush        120
      1137: iload         9
      1139: invokestatic  #103                // Method java/lang/Math.max:(II)I
      1142: istore        16
      1144: getstatic     #61                 // Field AREAS:Ljava/util/List;
      1147: new           #342                // class kr/moonseungjun/villageguardians/VillageRoleAbilitySystem$AreaState
      1150: dup
      1151: aload_1
      1152: invokevirtual #85                 // Method net/minecraft/server/level/ServerPlayer.getUUID:()Ljava/util/UUID;
      1155: getstatic     #365                // Field kr/moonseungjun/villageguardians/VillageRoleAbilitySystem$AreaKind.TORNADO:Lkr/moonseungjun/villageguardians/VillageRoleAbilitySystem$AreaKind;
      1158: aload         15
      1160: lload         6
      1162: iload         16
      1164: i2l
      1165: ladd
      1166: dload         13
      1168: fload_3
      1169: iload         5
      1171: iconst_0
      1172: invokespecial #350                // Method kr/moonseungjun/villageguardians/VillageRoleAbilitySystem$AreaState."<init>":(Ljava/util/UUID;Lkr/moonseungjun/villageguardians/VillageRoleAbilitySystem$AreaKind;Lnet/minecraft/world/phys/Vec3;JDFII)V
      1175: invokeinterface #242,  2          // InterfaceMethod java/util/List.add:(Ljava/lang/Object;)Z
      1180: pop
      1181: aload_0
      1182: aload_1
      1183: aload         15
      1185: aload         10
      1187: iload         16
      1189: dload         13
      1191: iload         5
      1193: invokestatic  #368                // Method kr/moonseungjun/villageguardians/VillageSkillEffectSystem.tornadoField:(Lnet/minecraft/server/level/ServerLevel;Lnet/minecraft/server/level/ServerPlayer;Lnet/minecraft/world/phys/Vec3;Lnet/minecraft/world/phys/Vec3;IDI)V
      1196: aload_0
      1197: aload         15
      1199: getstatic     #372                // Field net/minecraft/sounds/SoundEvents.BREEZE_WIND_CHARGE_BURST:Lnet/minecraft/core/Holder$Reference;
      1202: invokevirtual #376                // Method net/minecraft/core/Holder$Reference.value:()Ljava/lang/Object;
      1205: checkcast     #298                // class net/minecraft/sounds/SoundEvent
      1208: ldc_w         #360                // float 1.1f
      1211: ldc           #178                // float 0.72f
      1213: invokestatic  #179                // Method play:(Lnet/minecraft/server/level/ServerLevel;Lnet/minecraft/world/phys/Vec3;Lnet/minecraft/sounds/SoundEvent;FF)V
      1216: goto          1781
      1219: ldc2_w        #379                // double 18.0d
      1222: iload         5
      1224: invokestatic  #323                // Method areaRadius:(DI)D
      1227: dstore        13
      1229: aload_0
      1230: aload_1
      1231: ldc2_w        #381                // double 36.0d
      1234: iload         5
      1236: invokestatic  #335                // Method maximumRange:(DI)D
      1239: invokestatic  #338                // Method aimedGround:(Lnet/minecraft/server/level/ServerLevel;Lnet/minecraft/server/level/ServerPlayer;D)Lnet/minecraft/world/phys/Vec3;
      1242: astore        15
      1244: bipush        100
      1246: iload         9
      1248: iconst_2
      1249: idiv
      1250: invokestatic  #103                // Method java/lang/Math.max:(II)I
      1253: istore        16
      1255: getstatic     #61                 // Field AREAS:Ljava/util/List;
      1258: new           #342                // class kr/moonseungjun/villageguardians/VillageRoleAbilitySystem$AreaState
      1261: dup
      1262: aload_1
      1263: invokevirtual #85                 // Method net/minecraft/server/level/ServerPlayer.getUUID:()Ljava/util/UUID;
      1266: getstatic     #383                // Field kr/moonseungjun/villageguardians/VillageRoleAbilitySystem$AreaKind.LIGHTNING:Lkr/moonseungjun/villageguardians/VillageRoleAbilitySystem$AreaKind;
      1269: aload         15
      1271: lload         6
      1273: iload         16
      1275: i2l
      1276: ladd
      1277: dload         13
      1279: fload_3
      1280: iload         5
      1282: iconst_0
      1283: invokespecial #350                // Method kr/moonseungjun/villageguardians/VillageRoleAbilitySystem$AreaState."<init>":(Ljava/util/UUID;Lkr/moonseungjun/villageguardians/VillageRoleAbilitySystem$AreaKind;Lnet/minecraft/world/phys/Vec3;JDFII)V
      1286: invokeinterface #242,  2          // InterfaceMethod java/util/List.add:(Ljava/lang/Object;)Z
      1291: pop
      1292: aload_0
      1293: aload_1
      1294: aload         15
      1296: iload         16
      1298: dload         13
      1300: iload         5
      1302: invokestatic  #386                // Method kr/moonseungjun/villageguardians/VillageSkillEffectSystem.lightningField:(Lnet/minecraft/server/level/ServerLevel;Lnet/minecraft/server/level/ServerPlayer;Lnet/minecraft/world/phys/Vec3;IDI)V
      1305: aload_0
      1306: aload         15
      1308: getstatic     #389                // Field net/minecraft/sounds/SoundEvents.LIGHTNING_BOLT_THUNDER:Lnet/minecraft/sounds/SoundEvent;
      1311: ldc           #225                // float 0.85f
      1313: ldc_w         #392                // float 1.15f
      1316: invokestatic  #179                // Method play:(Lnet/minecraft/server/level/ServerLevel;Lnet/minecraft/world/phys/Vec3;Lnet/minecraft/sounds/SoundEvent;FF)V
      1319: goto          1781
      1322: aload_1
      1323: ldc_w         #393                // float 10.0f
      1326: iload         8
      1328: i2f
      1329: ldc_w         #394                // float 0.7f
      1332: fmul
      1333: fadd
      1334: fload_3
      1335: fmul
      1336: iload         5
      1338: iconst_0
      1339: invokestatic  #395                // Method healLowestAlly:(Lnet/minecraft/server/level/ServerPlayer;FIZ)V
      1342: goto          1781
      1345: aload_1
      1346: ldc_w         #399                // float 3.0f
      1349: iload         8
      1351: i2f
      1352: ldc_w         #400                // float 0.22f
      1355: fmul
      1356: fadd
      1357: fload_3
      1358: fmul
      1359: iload         5
      1361: invokestatic  #401                // Method cleanseAllies:(Lnet/minecraft/server/level/ServerPlayer;FI)V
      1364: goto          1781
      1367: ldc2_w        #331                // double 7.5d
      1370: iload         5
      1372: invokestatic  #323                // Method areaRadius:(DI)D
      1375: dstore        13
      1377: sipush        160
      1380: iload         9
      1382: iconst_2
      1383: imul
      1384: invokestatic  #103                // Method java/lang/Math.max:(II)I
      1387: istore        15
      1389: getstatic     #61                 // Field AREAS:Ljava/util/List;
      1392: new           #342                // class kr/moonseungjun/villageguardians/VillageRoleAbilitySystem$AreaState
      1395: dup
      1396: aload_1
      1397: invokevirtual #85                 // Method net/minecraft/server/level/ServerPlayer.getUUID:()Ljava/util/UUID;
      1400: getstatic     #405                // Field kr/moonseungjun/villageguardians/VillageRoleAbilitySystem$AreaKind.HEALING:Lkr/moonseungjun/villageguardians/VillageRoleAbilitySystem$AreaKind;
      1403: aload_1
      1404: invokevirtual #167                // Method net/minecraft/server/level/ServerPlayer.position:()Lnet/minecraft/world/phys/Vec3;
      1407: lload         6
      1409: iload         15
      1411: i2l
      1412: ladd
      1413: dload         13
      1415: fload_3
      1416: iload         5
      1418: iconst_0
      1419: invokespecial #350                // Method kr/moonseungjun/villageguardians/VillageRoleAbilitySystem$AreaState."<init>":(Ljava/util/UUID;Lkr/moonseungjun/villageguardians/VillageRoleAbilitySystem$AreaKind;Lnet/minecraft/world/phys/Vec3;JDFII)V
      1422: invokeinterface #242,  2          // InterfaceMethod java/util/List.add:(Ljava/lang/Object;)Z
      1427: pop
      1428: aload_0
      1429: aload_1
      1430: aload_1
      1431: invokevirtual #167                // Method net/minecraft/server/level/ServerPlayer.position:()Lnet/minecraft/world/phys/Vec3;
      1434: iload         15
      1436: dload         13
      1438: iload         5
      1440: invokestatic  #408                // Method kr/moonseungjun/villageguardians/VillageSkillEffectSystem.healingField:(Lnet/minecraft/server/level/ServerLevel;Lnet/minecraft/server/level/ServerPlayer;Lnet/minecraft/world/phys/Vec3;IDI)V
      1443: aload_0
      1444: aload_1
      1445: invokevirtual #167                // Method net/minecraft/server/level/ServerPlayer.position:()Lnet/minecraft/world/phys/Vec3;
      1448: getstatic     #411                // Field net/minecraft/sounds/SoundEvents.BEACON_ACTIVATE:Lnet/minecraft/sounds/SoundEvent;
      1451: fconst_1
      1452: ldc           #177                // float 1.2f
      1454: invokestatic  #179                // Method play:(Lnet/minecraft/server/level/ServerLevel;Lnet/minecraft/world/phys/Vec3;Lnet/minecraft/sounds/SoundEvent;FF)V
      1457: goto          1781
      1460: aload_1
      1461: ldc_w         #414                // float 15.0f
      1464: iload         8
      1466: i2f
      1467: ldc_w         #415                // float 0.9f
      1470: fmul
      1471: fadd
      1472: fload_3
      1473: fmul
      1474: iconst_2
      1475: iload         5
      1477: invokestatic  #103                // Method java/lang/Math.max:(II)I
      1480: iload         9
      1482: iconst_2
      1483: imul
      1484: invokestatic  #416                // Method miracle:(Lnet/minecraft/server/level/ServerPlayer;FII)V
      1487: goto          1781
      1490: getstatic     #42                 // Field AEGIS_UNTIL:Ljava/util/Map;
      1493: aload_1
      1494: invokevirtual #85                 // Method net/minecraft/server/level/ServerPlayer.getUUID:()Ljava/util/UUID;
      1497: invokeinterface #420,  2          // InterfaceMethod java/util/Map.remove:(Ljava/lang/Object;)Ljava/lang/Object;
      1502: pop
      1503: getstatic     #54                 // Field SCHEDULED:Ljava/util/List;
      1506: new           #229                // class kr/moonseungjun/villageguardians/VillageRoleAbilitySystem$ScheduledAction
      1509: dup
      1510: lload         6
      1512: aload_1
      1513: invokevirtual #85                 // Method net/minecraft/server/level/ServerPlayer.getUUID:()Ljava/util/UUID;
      1516: aload_2
      1517: getstatic     #424                // Field kr/moonseungjun/villageguardians/VillageRoleAbilitySystem$ActionKind.SHIELD_CHARGE:Lkr/moonseungjun/villageguardians/VillageRoleAbilitySystem$ActionKind;
      1520: fload_3
      1521: fload         4
      1523: iload         5
      1525: aload_1
      1526: invokevirtual #167                // Method net/minecraft/server/level/ServerPlayer.position:()Lnet/minecraft/world/phys/Vec3;
      1529: aload         10
      1531: invokespecial #239                // Method kr/moonseungjun/villageguardians/VillageRoleAbilitySystem$ScheduledAction."<init>":(JLjava/util/UUID;Lkr/moonseungjun/villageguardians/VillageRoleSkillSystem$ActiveSkill;Lkr/moonseungjun/villageguardians/VillageRoleAbilitySystem$ActionKind;FFILnet/minecraft/world/phys/Vec3;Lnet/minecraft/world/phys/Vec3;)V
      1534: invokeinterface #242,  2          // InterfaceMethod java/util/List.add:(Ljava/lang/Object;)Z
      1539: pop
      1540: aload_1
      1541: aload         10
      1543: ldc2_w        #262                // double 1.05d
      1546: invokevirtual #256                // Method net/minecraft/world/phys/Vec3.scale:(D)Lnet/minecraft/world/phys/Vec3;
      1549: dconst_0
      1550: ldc2_w        #427                // double 0.08d
      1553: dconst_0
      1554: invokevirtual #264                // Method net/minecraft/world/phys/Vec3.add:(DDD)Lnet/minecraft/world/phys/Vec3;
      1557: invokevirtual #267                // Method net/minecraft/server/level/ServerPlayer.setDeltaMovement:(Lnet/minecraft/world/phys/Vec3;)V
      1560: aload_1
      1561: iconst_1
      1562: putfield      #271                // Field net/minecraft/server/level/ServerPlayer.hurtMarked:Z
      1565: goto          1781
      1568: aload_0
      1569: aload_1
      1570: ldc_w         #429                // float 4.0f
      1573: iload         8
      1575: i2f
      1576: ldc_w         #430                // float 0.25f
      1579: fmul
      1580: fadd
      1581: fload_3
      1582: fmul
      1583: iload         9
      1585: iload         5
      1587: invokestatic  #431                // Method tauntShout:(Lnet/minecraft/server/level/ServerLevel;Lnet/minecraft/server/level/ServerPlayer;FII)V
      1590: goto          1781
      1593: getstatic     #39                 // Field FORTRESS_UNTIL:Ljava/util/Map;
      1596: aload_1
      1597: invokevirtual #85                 // Method net/minecraft/server/level/ServerPlayer.getUUID:()Ljava/util/UUID;
      1600: lload         6
      1602: bipush        120
      1604: iload         9
      1606: invokestatic  #103                // Method java/lang/Math.max:(II)I
      1609: i2l
      1610: ladd
      1611: invokestatic  #134                // Method java/lang/Long.valueOf:(J)Ljava/lang/Long;
      1614: invokeinterface #140,  3          // InterfaceMethod java/util/Map.put:(Ljava/lang/Object;Ljava/lang/Object;)Ljava/lang/Object;
      1619: pop
      1620: aload_1
      1621: new           #152                // class net/minecraft/world/effect/MobEffectInstance
      1624: dup
      1625: getstatic     #435                // Field net/minecraft/world/effect/MobEffects.ABSORPTION:Lnet/minecraft/core/Holder;
      1628: bipush        120
      1630: iload         9
      1632: invokestatic  #103                // Method java/lang/Math.max:(II)I
      1635: iconst_5
      1636: iconst_3
      1637: iload         5
      1639: invokestatic  #196                // Method java/lang/Math.min:(II)I
      1642: iadd
      1643: iconst_0
      1644: iconst_0
      1645: iconst_1
      1646: invokespecial #160                // Method net/minecraft/world/effect/MobEffectInstance."<init>":(Lnet/minecraft/core/Holder;IIZZZ)V
      1649: invokevirtual #163                // Method net/minecraft/server/level/ServerPlayer.addEffect:(Lnet/minecraft/world/effect/MobEffectInstance;)Z
      1652: pop
      1653: aload_1
      1654: new           #152                // class net/minecraft/world/effect/MobEffectInstance
      1657: dup
      1658: getstatic     #154                // Field net/minecraft/world/effect/MobEffects.RESISTANCE:Lnet/minecraft/core/Holder;
      1661: bipush        120
      1663: iload         9
      1665: invokestatic  #103                // Method java/lang/Math.max:(II)I
      1668: iconst_3
      1669: iconst_0
      1670: iconst_0
      1671: iconst_1
      1672: invokespecial #160                // Method net/minecraft/world/effect/MobEffectInstance."<init>":(Lnet/minecraft/core/Holder;IIZZZ)V
      1675: invokevirtual #163                // Method net/minecraft/server/level/ServerPlayer.addEffect:(Lnet/minecraft/world/effect/MobEffectInstance;)Z
      1678: pop
      1679: aload_0
      1680: aload_1
      1681: invokevirtual #167                // Method net/minecraft/server/level/ServerPlayer.position:()Lnet/minecraft/world/phys/Vec3;
      1684: getstatic     #438                // Field net/minecraft/sounds/SoundEvents.SHIELD_BLOCK:Lnet/minecraft/core/Holder$Reference;
      1687: invokevirtual #376                // Method net/minecraft/core/Holder$Reference.value:()Ljava/lang/Object;
      1690: checkcast     #298                // class net/minecraft/sounds/SoundEvent
      1693: ldc_w         #441                // float 1.4f
      1696: ldc_w         #442                // float 0.55f
      1699: invokestatic  #179                // Method play:(Lnet/minecraft/server/level/ServerLevel;Lnet/minecraft/world/phys/Vec3;Lnet/minecraft/sounds/SoundEvent;FF)V
      1702: goto          1781
      1705: getstatic     #42                 // Field AEGIS_UNTIL:Ljava/util/Map;
      1708: aload_1
      1709: invokevirtual #85                 // Method net/minecraft/server/level/ServerPlayer.getUUID:()Ljava/util/UUID;
      1712: lload         6
      1714: ldc2_w        #443                // long 180l
      1717: iload         9
      1719: i2l
      1720: ldc2_w        #285                // long 2l
      1723: lmul
      1724: invokestatic  #287                // Method java/lang/Math.max:(JJ)J
      1727: ladd
      1728: invokestatic  #134                // Method java/lang/Long.valueOf:(J)Ljava/lang/Long;
      1731: invokeinterface #140,  3          // InterfaceMethod java/util/Map.put:(Ljava/lang/Object;Ljava/lang/Object;)Ljava/lang/Object;
      1736: pop
      1737: aload_1
      1738: new           #152                // class net/minecraft/world/effect/MobEffectInstance
      1741: dup
      1742: getstatic     #154                // Field net/minecraft/world/effect/MobEffects.RESISTANCE:Lnet/minecraft/core/Holder;
      1745: sipush        180
      1748: iload         9
      1750: iconst_2
      1751: imul
      1752: invokestatic  #103                // Method java/lang/Math.max:(II)I
      1755: iconst_1
      1756: iconst_0
      1757: iconst_0
      1758: iconst_1
      1759: invokespecial #160                // Method net/minecraft/world/effect/MobEffectInstance."<init>":(Lnet/minecraft/core/Holder;IIZZZ)V
      1762: invokevirtual #163                // Method net/minecraft/server/level/ServerPlayer.addEffect:(Lnet/minecraft/world/effect/MobEffectInstance;)Z
      1765: pop
      1766: aload_0
      1767: aload_1
      1768: invokevirtual #167                // Method net/minecraft/server/level/ServerPlayer.position:()Lnet/minecraft/world/phys/Vec3;
      1771: getstatic     #411                // Field net/minecraft/sounds/SoundEvents.BEACON_ACTIVATE:Lnet/minecraft/sounds/SoundEvent;
      1774: fconst_1
      1775: ldc_w         #394                // float 0.7f
      1778: invokestatic  #179                // Method play:(Lnet/minecraft/server/level/ServerLevel;Lnet/minecraft/world/phys/Vec3;Lnet/minecraft/sounds/SoundEvent;FF)V
      1781: aload_2
      1782: invokevirtual #445                // Method kr/moonseungjun/villageguardians/VillageRoleSkillSystem$ActiveSkill.role:()Lkr/moonseungjun/villageguardians/VillageRole;
      1785: getstatic     #449                // Field kr/moonseungjun/villageguardians/VillageRole.ARCANIST:Lkr/moonseungjun/villageguardians/VillageRole;
      1788: if_acmpne     1906
      1791: getstatic     #76                 // Field replayingEcho:Z
      1794: ifne          1906
      1797: iconst_0
      1798: istore        13
      1800: aload_1
      1801: invokevirtual #455                // Method net/minecraft/server/level/ServerPlayer.getRandom:()Lnet/minecraft/util/RandomSource;
      1804: invokeinterface #459,  1          // InterfaceMethod net/minecraft/util/RandomSource.nextFloat:()F
      1809: ldc_w         #465                // float 0.3f
      1812: fcmpg
      1813: ifge          1819
      1816: iinc          13, 1
      1819: aload_1
      1820: invokevirtual #455                // Method net/minecraft/server/level/ServerPlayer.getRandom:()Lnet/minecraft/util/RandomSource;
      1823: invokeinterface #459,  1          // InterfaceMethod net/minecraft/util/RandomSource.nextFloat:()F
      1828: ldc_w         #466                // float 0.12f
      1831: fcmpg
      1832: ifge          1838
      1835: iinc          13, 1
      1838: iconst_0
      1839: istore        14
      1841: iload         14
      1843: iload         13
      1845: if_icmpge     1906
      1848: getstatic     #54                 // Field SCHEDULED:Ljava/util/List;
      1851: new           #229                // class kr/moonseungjun/villageguardians/VillageRoleAbilitySystem$ScheduledAction
      1854: dup
      1855: lload         6
      1857: ldc2_w        #467                // long 8l
      1860: ladd
      1861: iload         14
      1863: i2l
      1864: ldc2_w        #467                // long 8l
      1867: lmul
      1868: ladd
      1869: aload_1
      1870: invokevirtual #85                 // Method net/minecraft/server/level/ServerPlayer.getUUID:()Ljava/util/UUID;
      1873: aload_2
      1874: getstatic     #469                // Field kr/moonseungjun/villageguardians/VillageRoleAbilitySystem$ActionKind.ARCANE_ECHO:Lkr/moonseungjun/villageguardians/VillageRoleAbilitySystem$ActionKind;
      1877: fload_3
      1878: ldc           #178                // float 0.72f
      1880: fmul
      1881: fload         4
      1883: iload         5
      1885: aload_1
      1886: invokevirtual #167                // Method net/minecraft/server/level/ServerPlayer.position:()Lnet/minecraft/world/phys/Vec3;
      1889: aload         12
      1891: invokespecial #239                // Method kr/moonseungjun/villageguardians/VillageRoleAbilitySystem$ScheduledAction."<init>":(JLjava/util/UUID;Lkr/moonseungjun/villageguardians/VillageRoleSkillSystem$ActiveSkill;Lkr/moonseungjun/villageguardians/VillageRoleAbilitySystem$ActionKind;FFILnet/minecraft/world/phys/Vec3;Lnet/minecraft/world/phys/Vec3;)V
      1894: invokeinterface #242,  2          // InterfaceMethod java/util/List.add:(Ljava/lang/Object;)Z
      1899: pop
      1900: iinc          14, 1
      1903: goto          1841
      1906: return

  public static void tick(net.minecraft.server.MinecraftServer);
    Code:
         0: aload_0
         1: invokevirtual #472                // Method net/minecraft/server/MinecraftServer.overworld:()Lnet/minecraft/server/level/ServerLevel;
         4: invokevirtual #79                 // Method net/minecraft/server/level/ServerLevel.getGameTime:()J
         7: lstore_1
         8: aload_0
         9: lload_1
        10: invokestatic  #478                // Method tickPlayers:(Lnet/minecraft/server/MinecraftServer;J)V
        13: aload_0
        14: lload_1
        15: invokestatic  #482                // Method tickTrackingArrows:(Lnet/minecraft/server/MinecraftServer;J)V
        18: aload_0
        19: lload_1
        20: invokestatic  #485                // Method tickScheduled:(Lnet/minecraft/server/MinecraftServer;J)V
        23: aload_0
        24: lload_1
        25: invokestatic  #488                // Method tickAreas:(Lnet/minecraft/server/MinecraftServer;J)V
        28: aload_0
        29: lload_1
        30: invokestatic  #491                // Method tickMoving:(Lnet/minecraft/server/MinecraftServer;J)V
        33: aload_0
        34: lload_1
        35: invokestatic  #494                // Method cleanupExpired:(Lnet/minecraft/server/MinecraftServer;J)V
        38: aload_0
        39: invokestatic  #497                // Method kr/moonseungjun/villageguardians/VillageSkillEffectSystem.tick:(Lnet/minecraft/server/MinecraftServer;)V
        42: return

  private static void tickPlayers(net.minecraft.server.MinecraftServer, long);
    Code:
         0: aload_0
         1: invokevirtual #501                // Method net/minecraft/server/MinecraftServer.getPlayerList:()Lnet/minecraft/server/players/PlayerList;
         4: invokevirtual #505                // Method net/minecraft/server/players/PlayerList.getPlayers:()Ljava/util/List;
         7: invokeinterface #208,  1          // InterfaceMethod java/util/List.iterator:()Ljava/util/Iterator;
        12: astore_3
        13: aload_3
        14: invokeinterface #212,  1          // InterfaceMethod java/util/Iterator.hasNext:()Z
        19: ifeq          665
        22: aload_3
        23: invokeinterface #218,  1          // InterfaceMethod java/util/Iterator.next:()Ljava/lang/Object;
        28: checkcast     #86                 // class net/minecraft/server/level/ServerPlayer
        31: astore        4
        33: aload         4
        35: invokevirtual #511                // Method net/minecraft/server/level/ServerPlayer.level:()Lnet/minecraft/server/level/ServerLevel;
        38: astore        6
        40: aload         6
        42: instanceof    #80                 // class net/minecraft/server/level/ServerLevel
        45: ifeq          13
        48: aload         6
        50: astore        5
        52: aload         4
        54: invokestatic  #514                // Method kr/moonseungjun/villageguardians/VillageRespawnSystem.isDowned:(Lnet/minecraft/server/level/ServerPlayer;)Z
        57: ifeq          63
        60: goto          13
        63: aload         4
        65: invokevirtual #85                 // Method net/minecraft/server/level/ServerPlayer.getUUID:()Ljava/util/UUID;
        68: astore        6
        70: aload         4
        72: aload         6
        74: lload_1
        75: invokestatic  #520                // Method tickRapidBow:(Lnet/minecraft/server/level/ServerPlayer;Ljava/util/UUID;J)V
        78: getstatic     #7                  // Field SPIN_UNTIL:Ljava/util/Map;
        81: aload         6
        83: lconst_0
        84: invokestatic  #134                // Method java/lang/Long.valueOf:(J)Ljava/lang/Long;
        87: invokeinterface #524,  3          // InterfaceMethod java/util/Map.getOrDefault:(Ljava/lang/Object;Ljava/lang/Object;)Ljava/lang/Object;
        92: checkcast     #135                // class java/lang/Long
        95: invokevirtual #527                // Method java/lang/Long.longValue:()J
        98: lstore        7
       100: lload         7
       102: lload_1
       103: lcmp
       104: iflt          235
       107: aload         4
       109: lload_1
       110: l2d
       111: ldc2_w        #530                // double 38.0d
       114: dmul
       115: ldc2_w        #532                // double 360.0d
       118: drem
       119: d2f
       120: invokevirtual #534                // Method net/minecraft/server/level/ServerPlayer.setYBodyRot:(F)V
       123: lload_1
       124: ldc2_w        #538                // long 6l
       127: lrem
       128: lconst_0
       129: lcmp
       130: ifne          157
       133: aload         5
       135: aload         4
       137: ldc           #144                // String vanguard_spin
       139: ldc2_w        #467                // long 8l
       142: lload         7
       144: lload_1
       145: lsub
       146: ldc2_w        #467                // long 8l
       149: ladd
       150: invokestatic  #287                // Method java/lang/Math.max:(JJ)J
       153: l2i
       154: invokestatic  #146                // Method kr/moonseungjun/villageguardians/VillageNetwork.sendSkillMotion:(Lnet/minecraft/server/level/ServerLevel;Lnet/minecraft/server/level/ServerPlayer;Ljava/lang/String;I)V
       157: lload_1
       158: ldc2_w        #540                // long 3l
       161: lrem
       162: lconst_0
       163: lcmp
       164: ifne          235
       167: aload         5
       169: aload         4
       171: aload         4
       173: invokevirtual #167                // Method net/minecraft/server/level/ServerPlayer.position:()Lnet/minecraft/world/phys/Vec3;
       176: ldc2_w        #542                // double 4.7d
       179: bipush        10
       181: ldc_w         #544                // float 2.4f
       184: aload         6
       186: invokestatic  #91                 // Method kr/moonseungjun/villageguardians/VillageCouncilState.levelOf:(Ljava/util/UUID;)I
       189: i2f
       190: ldc_w         #545                // float 0.16f
       193: fmul
       194: fadd
       195: iconst_0
       196: ldc2_w        #546                // double 0.32d
       199: ldc2_w        #548                // double 0.05d
       202: invokestatic  #550                // Method damageRadius:(Lnet/minecraft/server/level/ServerLevel;Lnet/minecraft/server/level/ServerPlayer;Lnet/minecraft/world/phys/Vec3;DIFZDD)V
       205: aload         5
       207: aload         4
       209: invokevirtual #167                // Method net/minecraft/server/level/ServerPlayer.position:()Lnet/minecraft/world/phys/Vec3;
       212: getstatic     #171                // Field net/minecraft/sounds/SoundEvents.PLAYER_ATTACK_SWEEP:Lnet/minecraft/sounds/SoundEvent;
       215: ldc_w         #394                // float 0.7f
       218: ldc_w         #277                // float 0.8f
       221: lload_1
       222: ldc2_w        #231                // long 4l
       225: lrem
       226: l2f
       227: ldc_w         #554                // float 0.05f
       230: fmul
       231: fadd
       232: invokestatic  #179                // Method play:(Lnet/minecraft/server/level/ServerLevel;Lnet/minecraft/world/phys/Vec3;Lnet/minecraft/sounds/SoundEvent;FF)V
       235: getstatic     #24                 // Field RICOCHET_UNTIL:Ljava/util/Map;
       238: aload         6
       240: lconst_0
       241: invokestatic  #134                // Method java/lang/Long.valueOf:(J)Ljava/lang/Long;
       244: invokeinterface #524,  3          // InterfaceMethod java/util/Map.getOrDefault:(Ljava/lang/Object;Ljava/lang/Object;)Ljava/lang/Object;
       249: checkcast     #135                // class java/lang/Long
       252: invokevirtual #527                // Method java/lang/Long.longValue:()J
       255: lload_1
       256: lcmp
       257: iflt          306
       260: lload_1
       261: ldc2_w        #231                // long 4l
       264: lrem
       265: lconst_0
       266: lcmp
       267: ifne          306
       270: aload         4
       272: invokestatic  #111                // Method lookDirection:(Lnet/minecraft/server/level/ServerPlayer;)Lnet/minecraft/world/phys/Vec3;
       275: astore        9
       277: aload         4
       279: invokevirtual #555                // Method net/minecraft/server/level/ServerPlayer.getEyePosition:()Lnet/minecraft/world/phys/Vec3;
       282: aload         9
       284: ldc2_w        #558                // double 1.45d
       287: invokevirtual #256                // Method net/minecraft/world/phys/Vec3.scale:(D)Lnet/minecraft/world/phys/Vec3;
       290: invokevirtual #560                // Method net/minecraft/world/phys/Vec3.add:(Lnet/minecraft/world/phys/Vec3;)Lnet/minecraft/world/phys/Vec3;
       293: astore        10
       295: aload         5
       297: aload         4
       299: aload         10
       301: aload         9
       303: invokestatic  #563                // Method kr/moonseungjun/villageguardians/VillageSkillEffectSystem.trackingReticle:(Lnet/minecraft/server/level/ServerLevel;Lnet/minecraft/server/level/ServerPlayer;Lnet/minecraft/world/phys/Vec3;Lnet/minecraft/world/phys/Vec3;)V
       306: getstatic     #51                 // Field SLAMS:Ljava/util/Map;
       309: aload         6
       311: invokeinterface #567,  2          // InterfaceMethod java/util/Map.get:(Ljava/lang/Object;)Ljava/lang/Object;
       316: checkcast     #249                // class kr/moonseungjun/villageguardians/VillageRoleAbilitySystem$SlamState
       319: astore        9
       321: aload         9
       323: ifnull        390
       326: lload_1
       327: aload         9
       329: invokevirtual #570                // Method kr/moonseungjun/villageguardians/VillageRoleAbilitySystem$SlamState.startedAt:()J
       332: ldc2_w        #573                // long 5l
       335: ladd
       336: lcmp
       337: ifle          390
       340: aload         4
       342: invokevirtual #575                // Method net/minecraft/server/level/ServerPlayer.onGround:()Z
       345: ifne          362
       348: lload_1
       349: aload         9
       351: invokevirtual #570                // Method kr/moonseungjun/villageguardians/VillageRoleAbilitySystem$SlamState.startedAt:()J
       354: ldc2_w        #578                // long 34l
       357: ladd
       358: lcmp
       359: ifle          390
       362: aload         5
       364: aload         4
       366: aload         9
       368: invokevirtual #580                // Method kr/moonseungjun/villageguardians/VillageRoleAbilitySystem$SlamState.power:()F
       371: aload         9
       373: invokevirtual #583                // Method kr/moonseungjun/villageguardians/VillageRoleAbilitySystem$SlamState.specialRank:()I
       376: invokestatic  #586                // Method groundSlam:(Lnet/minecraft/server/level/ServerLevel;Lnet/minecraft/server/level/ServerPlayer;FI)V
       379: getstatic     #51                 // Field SLAMS:Ljava/util/Map;
       382: aload         6
       384: invokeinterface #420,  2          // InterfaceMethod java/util/Map.remove:(Ljava/lang/Object;)Ljava/lang/Object;
       389: pop
       390: getstatic     #39                 // Field FORTRESS_UNTIL:Ljava/util/Map;
       393: aload         6
       395: lconst_0
       396: invokestatic  #134                // Method java/lang/Long.valueOf:(J)Ljava/lang/Long;
       399: invokeinterface #524,  3          // InterfaceMethod java/util/Map.getOrDefault:(Ljava/lang/Object;Ljava/lang/Object;)Ljava/lang/Object;
       404: checkcast     #135                // class java/lang/Long
       407: invokevirtual #527                // Method java/lang/Long.longValue:()J
       410: lload_1
       411: lcmp
       412: iflt          461
       415: aload         4
       417: getstatic     #590                // Field net/minecraft/world/phys/Vec3.ZERO:Lnet/minecraft/world/phys/Vec3;
       420: invokevirtual #267                // Method net/minecraft/server/level/ServerPlayer.setDeltaMovement:(Lnet/minecraft/world/phys/Vec3;)V
       423: aload         4
       425: iconst_1
       426: putfield      #271                // Field net/minecraft/server/level/ServerPlayer.hurtMarked:Z
       429: lload_1
       430: ldc2_w        #573                // long 5l
       433: lrem
       434: lconst_0
       435: lcmp
       436: ifne          629
       439: aload         5
       441: aload         4
       443: ldc2_w        #594                // double 3.6d
       446: bipush        16
       448: ldc2_w        #596                // double 0.38d
       451: ldc2_w        #598                // double 0.04d
       454: fconst_0
       455: invokestatic  #600                // Method pushFront:(Lnet/minecraft/server/level/ServerLevel;Lnet/minecraft/server/level/ServerPlayer;DIDDF)V
       458: goto          629
       461: getstatic     #42                 // Field AEGIS_UNTIL:Ljava/util/Map;
       464: aload         6
       466: lconst_0
       467: invokestatic  #134                // Method java/lang/Long.valueOf:(J)Ljava/lang/Long;
       470: invokeinterface #524,  3          // InterfaceMethod java/util/Map.getOrDefault:(Ljava/lang/Object;Ljava/lang/Object;)Ljava/lang/Object;
       475: checkcast     #135                // class java/lang/Long
       478: invokevirtual #527                // Method java/lang/Long.longValue:()J
       481: lload_1
       482: lcmp
       483: iflt          629
       486: lload_1
       487: ldc2_w        #540                // long 3l
       490: lrem
       491: lconst_0
       492: lcmp
       493: ifne          516
       496: aload         5
       498: aload         4
       500: ldc2_w        #604                // double 7.0d
       503: bipush        30
       505: ldc2_w        #606                // double 0.7d
       508: ldc2_w        #427                // double 0.08d
       511: ldc           #177                // float 1.2f
       513: invokestatic  #600                // Method pushFront:(Lnet/minecraft/server/level/ServerLevel;Lnet/minecraft/server/level/ServerPlayer;DIDDF)V
       516: aload         4
       518: invokevirtual #608                // Method net/minecraft/server/level/ServerPlayer.isSprinting:()Z
       521: ifeq          629
       524: lload_1
       525: getstatic     #48                 // Field LAST_AEGIS_DASH:Ljava/util/Map;
       528: aload         6
       530: ldc2_w        #611                // long -100l
       533: invokestatic  #134                // Method java/lang/Long.valueOf:(J)Ljava/lang/Long;
       536: invokeinterface #524,  3          // InterfaceMethod java/util/Map.getOrDefault:(Ljava/lang/Object;Ljava/lang/Object;)Ljava/lang/Object;
       541: checkcast     #135                // class java/lang/Long
       544: invokevirtual #527                // Method java/lang/Long.longValue:()J
       547: lsub
       548: ldc2_w        #613                // long 14l
       551: lcmp
       552: iflt          629
       555: getstatic     #48                 // Field LAST_AEGIS_DASH:Ljava/util/Map;
       558: aload         6
       560: lload_1
       561: invokestatic  #134                // Method java/lang/Long.valueOf:(J)Ljava/lang/Long;
       564: invokeinterface #140,  3          // InterfaceMethod java/util/Map.put:(Ljava/lang/Object;Ljava/lang/Object;)Ljava/lang/Object;
       569: pop
       570: aload         4
       572: invokestatic  #107                // Method horizontalLook:(Lnet/minecraft/server/level/ServerPlayer;)Lnet/minecraft/world/phys/Vec3;
       575: astore        10
       577: aload         4
       579: aload         10
       581: ldc2_w        #615                // double 0.78d
       584: invokevirtual #256                // Method net/minecraft/world/phys/Vec3.scale:(D)Lnet/minecraft/world/phys/Vec3;
       587: dconst_0
       588: ldc2_w        #548                // double 0.05d
       591: dconst_0
       592: invokevirtual #264                // Method net/minecraft/world/phys/Vec3.add:(DDD)Lnet/minecraft/world/phys/Vec3;
       595: invokevirtual #267                // Method net/minecraft/server/level/ServerPlayer.setDeltaMovement:(Lnet/minecraft/world/phys/Vec3;)V
       598: aload         4
       600: iconst_1
       601: putfield      #271                // Field net/minecraft/server/level/ServerPlayer.hurtMarked:Z
       604: aload         5
       606: aload         4
       608: invokevirtual #167                // Method net/minecraft/server/level/ServerPlayer.position:()Lnet/minecraft/world/phys/Vec3;
       611: getstatic     #438                // Field net/minecraft/sounds/SoundEvents.SHIELD_BLOCK:Lnet/minecraft/core/Holder$Reference;
       614: invokevirtual #376                // Method net/minecraft/core/Holder$Reference.value:()Ljava/lang/Object;
       617: checkcast     #298                // class net/minecraft/sounds/SoundEvent
       620: ldc_w         #277                // float 0.8f
       623: ldc_w         #392                // float 1.15f
       626: invokestatic  #179                // Method play:(Lnet/minecraft/server/level/ServerLevel;Lnet/minecraft/world/phys/Vec3;Lnet/minecraft/sounds/SoundEvent;FF)V
       629: aload         6
       631: invokestatic  #617                // Method kr/moonseungjun/villageguardians/VillageCouncilState.roleOf:(Ljava/util/UUID;)Ljava/util/Optional;
       634: aconst_null
       635: invokevirtual #621                // Method java/util/Optional.orElse:(Ljava/lang/Object;)Ljava/lang/Object;
       638: getstatic     #626                // Field kr/moonseungjun/villageguardians/VillageRole.WARDEN:Lkr/moonseungjun/villageguardians/VillageRole;
       641: if_acmpne     662
       644: lload_1
       645: ldc2_w        #629                // long 40l
       648: lrem
       649: lconst_0
       650: lcmp
       651: ifne          662
       654: aload         4
       656: ldc_w         #277                // float 0.8f
       659: invokevirtual #631                // Method net/minecraft/server/level/ServerPlayer.heal:(F)V
       662: goto          13
       665: return

  private static void tickRapidBow(net.minecraft.server.level.ServerPlayer, java.util.UUID, long);
    Code:
         0: getstatic     #18                 // Field RAPID_UNTIL:Ljava/util/Map;
         3: aload_1
         4: lconst_0
         5: invokestatic  #134                // Method java/lang/Long.valueOf:(J)Ljava/lang/Long;
         8: invokeinterface #524,  3          // InterfaceMethod java/util/Map.getOrDefault:(Ljava/lang/Object;Ljava/lang/Object;)Ljava/lang/Object;
        13: checkcast     #135                // class java/lang/Long
        16: invokevirtual #527                // Method java/lang/Long.longValue:()J
        19: lload_2
        20: lcmp
        21: iflt          44
        24: aload_0
        25: invokevirtual #634                // Method net/minecraft/server/level/ServerPlayer.isUsingItem:()Z
        28: ifeq          44
        31: aload_0
        32: invokevirtual #637                // Method net/minecraft/server/level/ServerPlayer.getUseItem:()Lnet/minecraft/world/item/ItemStack;
        35: invokevirtual #641                // Method net/minecraft/world/item/ItemStack.getItem:()Lnet/minecraft/world/item/Item;
        38: instanceof    #647                // class net/minecraft/world/item/BowItem
        41: ifne          55
        44: getstatic     #21                 // Field RAPID_DRAW_TICKS:Ljava/util/Map;
        47: aload_1
        48: invokeinterface #420,  2          // InterfaceMethod java/util/Map.remove:(Ljava/lang/Object;)Ljava/lang/Object;
        53: pop
        54: return
        55: getstatic     #21                 // Field RAPID_DRAW_TICKS:Ljava/util/Map;
        58: aload_1
        59: iconst_1
        60: invokestatic  #649                // Method java/lang/Integer.valueOf:(I)Ljava/lang/Integer;
        63: invokedynamic #654,  0            // InvokeDynamic #0:apply:()Ljava/util/function/BiFunction;
        68: invokeinterface #658,  4          // InterfaceMethod java/util/Map.merge:(Ljava/lang/Object;Ljava/lang/Object;Ljava/util/function/BiFunction;)Ljava/lang/Object;
        73: checkcast     #650                // class java/lang/Integer
        76: invokevirtual #662                // Method java/lang/Integer.intValue:()I
        79: istore        4
        81: aload_0
        82: getstatic     #665                // Field kr/moonseungjun/villageguardians/VillageRole.RANGER:Lkr/moonseungjun/villageguardians/VillageRole;
        85: invokestatic  #668                // Method kr/moonseungjun/villageguardians/VillageRoleSkillSystem.specialRank:(Lnet/minecraft/server/level/ServerPlayer;Lkr/moonseungjun/villageguardians/VillageRole;)I
        88: istore        5
        90: iconst_5
        91: bipush        9
        93: iconst_4
        94: iload         5
        96: invokestatic  #196                // Method java/lang/Math.min:(II)I
        99: isub
       100: invokestatic  #103                // Method java/lang/Math.max:(II)I
       103: istore        6
       105: iload         4
       107: iload         6
       109: if_icmpge     113
       112: return
       113: aload_0
       114: invokevirtual #673                // Method net/minecraft/server/level/ServerPlayer.releaseUsingItem:()V
       117: getstatic     #21                 // Field RAPID_DRAW_TICKS:Ljava/util/Map;
       120: aload_1
       121: invokeinterface #420,  2          // InterfaceMethod java/util/Map.remove:(Ljava/lang/Object;)Ljava/lang/Object;
       126: pop
       127: return

  private static void tickTrackingArrows(net.minecraft.server.MinecraftServer, long);
    Code:
         0: aload_0
         1: invokevirtual #472                // Method net/minecraft/server/MinecraftServer.overworld:()Lnet/minecraft/server/level/ServerLevel;
         4: astore_3
         5: getstatic     #30                 // Field TRACKING_ARROWS:Ljava/util/Map;
         8: invokeinterface #676,  1          // InterfaceMethod java/util/Map.entrySet:()Ljava/util/Set;
        13: invokeinterface #680,  1          // InterfaceMethod java/util/Set.iterator:()Ljava/util/Iterator;
        18: astore        4
        20: aload         4
        22: invokeinterface #212,  1          // InterfaceMethod java/util/Iterator.hasNext:()Z
        27: ifeq          309
        30: aload         4
        32: invokeinterface #218,  1          // InterfaceMethod java/util/Iterator.next:()Ljava/lang/Object;
        37: checkcast     #683                // class java/util/Map$Entry
        40: astore        5
        42: aload         5
        44: invokeinterface #685,  1          // InterfaceMethod java/util/Map$Entry.getValue:()Ljava/lang/Object;
        49: checkcast     #688                // class kr/moonseungjun/villageguardians/VillageRoleAbilitySystem$TrackingArrowState
        52: astore        6
        54: aload_3
        55: aload         5
        57: invokeinterface #690,  1          // InterfaceMethod java/util/Map$Entry.getKey:()Ljava/lang/Object;
        62: checkcast     #693                // class java/util/UUID
        65: invokevirtual #695                // Method net/minecraft/server/level/ServerLevel.getEntity:(Ljava/util/UUID;)Lnet/minecraft/world/entity/Entity;
        68: astore        7
        70: aload_3
        71: aload         6
        73: invokevirtual #699                // Method kr/moonseungjun/villageguardians/VillageRoleAbilitySystem$TrackingArrowState.target:()Ljava/util/UUID;
        76: invokevirtual #695                // Method net/minecraft/server/level/ServerLevel.getEntity:(Ljava/util/UUID;)Lnet/minecraft/world/entity/Entity;
        79: astore        8
        81: lload_1
        82: aload         6
        84: invokevirtual #702                // Method kr/moonseungjun/villageguardians/VillageRoleAbilitySystem$TrackingArrowState.until:()J
        87: lcmp
        88: ifgt          137
        91: aload         7
        93: instanceof    #705                // class net/minecraft/world/entity/projectile/arrow/AbstractArrow
        96: ifeq          137
        99: aload         7
       101: checkcast     #705                // class net/minecraft/world/entity/projectile/arrow/AbstractArrow
       104: astore        9
       106: aload         8
       108: instanceof    #707                // class net/minecraft/world/entity/Mob
       111: ifeq          137
       114: aload         8
       116: checkcast     #707                // class net/minecraft/world/entity/Mob
       119: astore        10
       121: aload         9
       123: invokevirtual #709                // Method net/minecraft/world/entity/projectile/arrow/AbstractArrow.isAlive:()Z
       126: ifeq          137
       129: aload         10
       131: invokevirtual #712                // Method net/minecraft/world/entity/Mob.isAlive:()Z
       134: ifne          147
       137: aload         4
       139: invokeinterface #713,  1          // InterfaceMethod java/util/Iterator.remove:()V
       144: goto          20
       147: aload         10
       149: invokevirtual #715                // Method net/minecraft/world/entity/Mob.position:()Lnet/minecraft/world/phys/Vec3;
       152: dconst_0
       153: aload         10
       155: invokevirtual #716                // Method net/minecraft/world/entity/Mob.getBbHeight:()F
       158: f2d
       159: ldc2_w        #719                // double 0.58d
       162: dmul
       163: dconst_0
       164: invokevirtual #264                // Method net/minecraft/world/phys/Vec3.add:(DDD)Lnet/minecraft/world/phys/Vec3;
       167: astore        11
       169: aload         11
       171: aload         9
       173: invokevirtual #721                // Method net/minecraft/world/entity/projectile/arrow/AbstractArrow.position:()Lnet/minecraft/world/phys/Vec3;
       176: invokevirtual #722                // Method net/minecraft/world/phys/Vec3.subtract:(Lnet/minecraft/world/phys/Vec3;)Lnet/minecraft/world/phys/Vec3;
       179: astore        12
       181: aload         12
       183: invokevirtual #725                // Method net/minecraft/world/phys/Vec3.lengthSqr:()D
       186: ldc2_w        #548                // double 0.05d
       189: dcmpg
       190: ifge          196
       193: goto          20
       196: ldc2_w        #729                // double 2.4d
       199: aload         9
       201: invokevirtual #731                // Method net/minecraft/world/entity/projectile/arrow/AbstractArrow.getDeltaMovement:()Lnet/minecraft/world/phys/Vec3;
       204: invokevirtual #734                // Method net/minecraft/world/phys/Vec3.length:()D
       207: invokestatic  #737                // Method java/lang/Math.max:(DD)D
       210: dstore        13
       212: ldc2_w        #604                // double 7.0d
       215: aload         12
       217: invokevirtual #725                // Method net/minecraft/world/phys/Vec3.lengthSqr:()D
       220: invokestatic  #740                // Method java/lang/Math.sqrt:(D)D
       223: dload         13
       225: ddiv
       226: invokestatic  #744                // Method java/lang/Math.min:(DD)D
       229: dstore        15
       231: aload         11
       233: aload         10
       235: invokevirtual #746                // Method net/minecraft/world/entity/Mob.getDeltaMovement:()Lnet/minecraft/world/phys/Vec3;
       238: dload         15
       240: ldc2_w        #747                // double 0.62d
       243: dmul
       244: invokevirtual #256                // Method net/minecraft/world/phys/Vec3.scale:(D)Lnet/minecraft/world/phys/Vec3;
       247: invokevirtual #560                // Method net/minecraft/world/phys/Vec3.add:(Lnet/minecraft/world/phys/Vec3;)Lnet/minecraft/world/phys/Vec3;
       250: astore        17
       252: aload         17
       254: aload         9
       256: invokevirtual #721                // Method net/minecraft/world/entity/projectile/arrow/AbstractArrow.position:()Lnet/minecraft/world/phys/Vec3;
       259: invokevirtual #722                // Method net/minecraft/world/phys/Vec3.subtract:(Lnet/minecraft/world/phys/Vec3;)Lnet/minecraft/world/phys/Vec3;
       262: astore        18
       264: aload         18
       266: invokevirtual #725                // Method net/minecraft/world/phys/Vec3.lengthSqr:()D
       269: ldc2_w        #749                // double 1.0E-5d
       272: dcmpg
       273: ifge          279
       276: goto          20
       279: aload         9
       281: iconst_1
       282: invokevirtual #751                // Method net/minecraft/world/entity/projectile/arrow/AbstractArrow.setNoGravity:(Z)V
       285: aload         9
       287: aload         18
       289: invokevirtual #755                // Method net/minecraft/world/phys/Vec3.normalize:()Lnet/minecraft/world/phys/Vec3;
       292: dload         13
       294: invokevirtual #256                // Method net/minecraft/world/phys/Vec3.scale:(D)Lnet/minecraft/world/phys/Vec3;
       297: invokevirtual #758                // Method net/minecraft/world/entity/projectile/arrow/AbstractArrow.setDeltaMovement:(Lnet/minecraft/world/phys/Vec3;)V
       300: aload         9
       302: iconst_1
       303: putfield      #759                // Field net/minecraft/world/entity/projectile/arrow/AbstractArrow.hurtMarked:Z
       306: goto          20
       309: return

  private static void tickScheduled(net.minecraft.server.MinecraftServer, long);
    Code:
         0: getstatic     #54                 // Field SCHEDULED:Ljava/util/List;
         3: invokeinterface #208,  1          // InterfaceMethod java/util/List.iterator:()Ljava/util/Iterator;
         8: astore_3
         9: aload_3
        10: invokeinterface #212,  1          // InterfaceMethod java/util/Iterator.hasNext:()Z
        15: ifeq          263
        18: aload_3
        19: invokeinterface #218,  1          // InterfaceMethod java/util/Iterator.next:()Ljava/lang/Object;
        24: checkcast     #229                // class kr/moonseungjun/villageguardians/VillageRoleAbilitySystem$ScheduledAction
        27: astore        4
        29: aload         4
        31: invokevirtual #760                // Method kr/moonseungjun/villageguardians/VillageRoleAbilitySystem$ScheduledAction.executeAt:()J
        34: lload_1
        35: lcmp
        36: ifle          42
        39: goto          9
        42: aload_3
        43: invokeinterface #713,  1          // InterfaceMethod java/util/Iterator.remove:()V
        48: aload_0
        49: invokevirtual #501                // Method net/minecraft/server/MinecraftServer.getPlayerList:()Lnet/minecraft/server/players/PlayerList;
        52: aload         4
        54: invokevirtual #763                // Method kr/moonseungjun/villageguardians/VillageRoleAbilitySystem$ScheduledAction.owner:()Ljava/util/UUID;
        57: invokevirtual #766                // Method net/minecraft/server/players/PlayerList.getPlayer:(Ljava/util/UUID;)Lnet/minecraft/server/level/ServerPlayer;
        60: astore        5
        62: aload         5
        64: ifnull        9
        67: aload         5
        69: invokevirtual #511                // Method net/minecraft/server/level/ServerPlayer.level:()Lnet/minecraft/server/level/ServerLevel;
        72: astore        7
        74: aload         7
        76: instanceof    #80                 // class net/minecraft/server/level/ServerLevel
        79: ifeq          9
        82: aload         7
        84: astore        6
        86: aload         4
        88: invokevirtual #770                // Method kr/moonseungjun/villageguardians/VillageRoleAbilitySystem$ScheduledAction.kind:()Lkr/moonseungjun/villageguardians/VillageRoleAbilitySystem$ActionKind;
        91: invokevirtual #774                // Method kr/moonseungjun/villageguardians/VillageRoleAbilitySystem$ActionKind.ordinal:()I
        94: tableswitch   { // 0 to 4
                       0: 128
                       1: 148
                       2: 173
                       3: 193
                       4: 213
                 default: 260
            }
       128: aload         6
       130: aload         5
       132: aload         4
       134: invokevirtual #775                // Method kr/moonseungjun/villageguardians/VillageRoleAbilitySystem$ScheduledAction.power:()F
       137: aload         4
       139: invokevirtual #776                // Method kr/moonseungjun/villageguardians/VillageRoleAbilitySystem$ScheduledAction.specialRank:()I
       142: invokestatic  #777                // Method bladeWave:(Lnet/minecraft/server/level/ServerLevel;Lnet/minecraft/server/level/ServerPlayer;FI)V
       145: goto          260
       148: aload         6
       150: aload         5
       152: aload         4
       154: invokevirtual #780                // Method kr/moonseungjun/villageguardians/VillageRoleAbilitySystem$ScheduledAction.origin:()Lnet/minecraft/world/phys/Vec3;
       157: aload         4
       159: invokevirtual #775                // Method kr/moonseungjun/villageguardians/VillageRoleAbilitySystem$ScheduledAction.power:()F
       162: aload         4
       164: invokevirtual #776                // Method kr/moonseungjun/villageguardians/VillageRoleAbilitySystem$ScheduledAction.specialRank:()I
       167: invokestatic  #783                // Method arrowRain:(Lnet/minecraft/server/level/ServerLevel;Lnet/minecraft/server/level/ServerPlayer;Lnet/minecraft/world/phys/Vec3;FI)V
       170: goto          260
       173: aload         6
       175: aload         5
       177: aload         4
       179: invokevirtual #775                // Method kr/moonseungjun/villageguardians/VillageRoleAbilitySystem$ScheduledAction.power:()F
       182: aload         4
       184: invokevirtual #776                // Method kr/moonseungjun/villageguardians/VillageRoleAbilitySystem$ScheduledAction.specialRank:()I
       187: invokestatic  #787                // Method launchEnergyArrow:(Lnet/minecraft/server/level/ServerLevel;Lnet/minecraft/server/level/ServerPlayer;FI)V
       190: goto          260
       193: aload         6
       195: aload         5
       197: aload         4
       199: invokevirtual #775                // Method kr/moonseungjun/villageguardians/VillageRoleAbilitySystem$ScheduledAction.power:()F
       202: aload         4
       204: invokevirtual #776                // Method kr/moonseungjun/villageguardians/VillageRoleAbilitySystem$ScheduledAction.specialRank:()I
       207: invokestatic  #790                // Method shieldCharge:(Lnet/minecraft/server/level/ServerLevel;Lnet/minecraft/server/level/ServerPlayer;FI)V
       210: goto          260
       213: iconst_1
       214: putstatic     #76                 // Field replayingEcho:Z
       217: aload         6
       219: aload         5
       221: aload         4
       223: invokevirtual #793                // Method kr/moonseungjun/villageguardians/VillageRoleAbilitySystem$ScheduledAction.skill:()Lkr/moonseungjun/villageguardians/VillageRoleSkillSystem$ActiveSkill;
       226: aload         4
       228: invokevirtual #775                // Method kr/moonseungjun/villageguardians/VillageRoleAbilitySystem$ScheduledAction.power:()F
       231: aload         4
       233: invokevirtual #797                // Method kr/moonseungjun/villageguardians/VillageRoleAbilitySystem$ScheduledAction.durationMultiplier:()F
       236: aload         4
       238: invokevirtual #776                // Method kr/moonseungjun/villageguardians/VillageRoleAbilitySystem$ScheduledAction.specialRank:()I
       241: invokestatic  #800                // Method cast:(Lnet/minecraft/server/level/ServerLevel;Lnet/minecraft/server/level/ServerPlayer;Lkr/moonseungjun/villageguardians/VillageRoleSkillSystem$ActiveSkill;FFI)V
       244: iconst_0
       245: putstatic     #76                 // Field replayingEcho:Z
       248: goto          260
       251: astore        8
       253: iconst_0
       254: putstatic     #76                 // Field replayingEcho:Z
       257: aload         8
       259: athrow
       260: goto          9
       263: return
      Exception table:
         from    to  target type
           217   244   251   any
           251   253   251   any

  private static void tickAreas(net.minecraft.server.MinecraftServer, long);
    Code:
         0: getstatic     #61                 // Field AREAS:Ljava/util/List;
         3: invokeinterface #208,  1          // InterfaceMethod java/util/List.iterator:()Ljava/util/Iterator;
         8: astore_3
         9: aload_3
        10: invokeinterface #212,  1          // InterfaceMethod java/util/Iterator.hasNext:()Z
        15: ifeq          958
        18: aload_3
        19: invokeinterface #218,  1          // InterfaceMethod java/util/Iterator.next:()Ljava/lang/Object;
        24: checkcast     #342                // class kr/moonseungjun/villageguardians/VillageRoleAbilitySystem$AreaState
        27: astore        4
        29: aload_0
        30: invokevirtual #501                // Method net/minecraft/server/MinecraftServer.getPlayerList:()Lnet/minecraft/server/players/PlayerList;
        33: aload         4
        35: invokevirtual #804                // Method kr/moonseungjun/villageguardians/VillageRoleAbilitySystem$AreaState.owner:()Ljava/util/UUID;
        38: invokevirtual #766                // Method net/minecraft/server/players/PlayerList.getPlayer:(Ljava/util/UUID;)Lnet/minecraft/server/level/ServerPlayer;
        41: astore        5
        43: aload         5
        45: ifnull        77
        48: aload         5
        50: invokevirtual #511                // Method net/minecraft/server/level/ServerPlayer.level:()Lnet/minecraft/server/level/ServerLevel;
        53: astore        7
        55: aload         7
        57: instanceof    #80                 // class net/minecraft/server/level/ServerLevel
        60: ifeq          77
        63: aload         7
        65: astore        6
        67: lload_1
        68: aload         4
        70: invokevirtual #805                // Method kr/moonseungjun/villageguardians/VillageRoleAbilitySystem$AreaState.until:()J
        73: lcmp
        74: ifle          86
        77: aload_3
        78: invokeinterface #713,  1          // InterfaceMethod java/util/Iterator.remove:()V
        83: goto          9
        86: aload         4
        88: invokevirtual #806                // Method kr/moonseungjun/villageguardians/VillageRoleAbilitySystem$AreaState.kind:()Lkr/moonseungjun/villageguardians/VillageRoleAbilitySystem$AreaKind;
        91: getstatic     #383                // Field kr/moonseungjun/villageguardians/VillageRoleAbilitySystem$AreaKind.LIGHTNING:Lkr/moonseungjun/villageguardians/VillageRoleAbilitySystem$AreaKind;
        94: if_acmpne     418
        97: lload_1
        98: aload         4
       100: invokevirtual #809                // Method kr/moonseungjun/villageguardians/VillageRoleAbilitySystem$AreaState.phase:()I
       103: i2l
       104: ladd
       105: ldc2_w        #812                // long 10l
       108: invokestatic  #814                // Method java/lang/Math.floorMod:(JJ)J
       111: l2i
       112: istore        7
       114: iload         7
       116: ifeq          135
       119: iload         7
       121: iconst_3
       122: if_icmpeq     135
       125: iload         7
       127: bipush        6
       129: if_icmpeq     135
       132: goto          9
       135: ldc_w         #817                // float 7.0f
       138: aload         5
       140: invokevirtual #85                 // Method net/minecraft/server/level/ServerPlayer.getUUID:()Ljava/util/UUID;
       143: invokestatic  #91                 // Method kr/moonseungjun/villageguardians/VillageCouncilState.levelOf:(Ljava/util/UUID;)I
       146: i2f
       147: ldc_w         #818                // float 0.42f
       150: fmul
       151: fadd
       152: aload         4
       154: invokevirtual #819                // Method kr/moonseungjun/villageguardians/VillageRoleAbilitySystem$AreaState.power:()F
       157: fmul
       158: fstore        8
       160: ldc2_w        #321                // double 4.8d
       163: aload         4
       165: invokevirtual #820                // Method kr/moonseungjun/villageguardians/VillageRoleAbilitySystem$AreaState.specialRank:()I
       168: invokestatic  #323                // Method areaRadius:(DI)D
       171: dstore        9
       173: aload         6
       175: aload         5
       177: aload         4
       179: invokevirtual #821                // Method kr/moonseungjun/villageguardians/VillageRoleAbilitySystem$AreaState.center:()Lnet/minecraft/world/phys/Vec3;
       182: aload         4
       184: invokevirtual #824                // Method kr/moonseungjun/villageguardians/VillageRoleAbilitySystem$AreaState.radius:()D
       187: bipush        80
       189: invokestatic  #827                // Method targetsNear:(Lnet/minecraft/server/level/ServerLevel;Lnet/minecraft/server/level/ServerPlayer;Lnet/minecraft/world/phys/Vec3;DI)Ljava/util/List;
       192: astore        11
       194: iconst_0
       195: istore        12
       197: iload         12
       199: iconst_2
       200: if_icmpge     415
       203: aload         11
       205: invokeinterface #831,  1          // InterfaceMethod java/util/List.isEmpty:()Z
       210: ifne          309
       213: aload         5
       215: invokevirtual #455                // Method net/minecraft/server/level/ServerPlayer.getRandom:()Lnet/minecraft/util/RandomSource;
       218: invokeinterface #459,  1          // InterfaceMethod net/minecraft/util/RandomSource.nextFloat:()F
       223: ldc_w         #415                // float 0.9f
       226: fcmpg
       227: ifge          309
       230: aload         11
       232: aload         5
       234: invokevirtual #455                // Method net/minecraft/server/level/ServerPlayer.getRandom:()Lnet/minecraft/util/RandomSource;
       237: aload         11
       239: invokeinterface #834,  1          // InterfaceMethod java/util/List.size:()I
       244: invokeinterface #837,  2          // InterfaceMethod net/minecraft/util/RandomSource.nextInt:(I)I
       249: invokeinterface #841,  2          // InterfaceMethod java/util/List.get:(I)Ljava/lang/Object;
       254: checkcast     #707                // class net/minecraft/world/entity/Mob
       257: astore        14
       259: aload         14
       261: invokevirtual #715                // Method net/minecraft/world/entity/Mob.position:()Lnet/minecraft/world/phys/Vec3;
       264: aload         5
       266: invokevirtual #455                // Method net/minecraft/server/level/ServerPlayer.getRandom:()Lnet/minecraft/util/RandomSource;
       269: invokeinterface #844,  1          // InterfaceMethod net/minecraft/util/RandomSource.nextDouble:()D
       274: ldc2_w        #847                // double 0.5d
       277: dsub
       278: ldc2_w        #849                // double 1.4d
       281: dmul
       282: dconst_0
       283: aload         5
       285: invokevirtual #455                // Method net/minecraft/server/level/ServerPlayer.getRandom:()Lnet/minecraft/util/RandomSource;
       288: invokeinterface #844,  1          // InterfaceMethod net/minecraft/util/RandomSource.nextDouble:()D
       293: ldc2_w        #847                // double 0.5d
       296: dsub
       297: ldc2_w        #849                // double 1.4d
       300: dmul
       301: invokevirtual #264                // Method net/minecraft/world/phys/Vec3.add:(DDD)Lnet/minecraft/world/phys/Vec3;
       304: astore        13
       306: goto          326
       309: aload         6
       311: aload         4
       313: invokevirtual #821                // Method kr/moonseungjun/villageguardians/VillageRoleAbilitySystem$AreaState.center:()Lnet/minecraft/world/phys/Vec3;
       316: aload         4
       318: invokevirtual #824                // Method kr/moonseungjun/villageguardians/VillageRoleAbilitySystem$AreaState.radius:()D
       321: invokestatic  #851                // Method randomPointInCircle:(Lnet/minecraft/server/level/ServerLevel;Lnet/minecraft/world/phys/Vec3;D)Lnet/minecraft/world/phys/Vec3;
       324: astore        13
       326: aload         6
       328: aload         13
       330: invokestatic  #855                // Method spawnVisualLightning:(Lnet/minecraft/server/level/ServerLevel;Lnet/minecraft/world/phys/Vec3;)V
       333: aload         6
       335: aload         5
       337: aload         13
       339: dload         9
       341: bipush        28
       343: invokestatic  #827                // Method targetsNear:(Lnet/minecraft/server/level/ServerLevel;Lnet/minecraft/server/level/ServerPlayer;Lnet/minecraft/world/phys/Vec3;DI)Ljava/util/List;
       346: invokeinterface #208,  1          // InterfaceMethod java/util/List.iterator:()Ljava/util/Iterator;
       351: astore        14
       353: aload         14
       355: invokeinterface #212,  1          // InterfaceMethod java/util/Iterator.hasNext:()Z
       360: ifeq          409
       363: aload         14
       365: invokeinterface #218,  1          // InterfaceMethod java/util/Iterator.next:()Ljava/lang/Object;
       370: checkcast     #707                // class net/minecraft/world/entity/Mob
       373: astore        15
       375: aload         6
       377: aload         15
       379: fload         8
       381: invokestatic  #859                // Method hurt:(Lnet/minecraft/server/level/ServerLevel;Lnet/minecraft/world/entity/Mob;F)V
       384: aload         15
       386: new           #152                // class net/minecraft/world/effect/MobEffectInstance
       389: dup
       390: getstatic     #863                // Field net/minecraft/world/effect/MobEffects.SLOWNESS:Lnet/minecraft/core/Holder;
       393: bipush        30
       395: iconst_1
       396: iconst_0
       397: iconst_0
       398: iconst_1
       399: invokespecial #160                // Method net/minecraft/world/effect/MobEffectInstance."<init>":(Lnet/minecraft/core/Holder;IIZZZ)V
       402: invokevirtual #866                // Method net/minecraft/world/entity/Mob.addEffect:(Lnet/minecraft/world/effect/MobEffectInstance;)Z
       405: pop
       406: goto          353
       409: iinc          12, 1
       412: goto          197
       415: goto          9
       418: lload_1
       419: ldc2_w        #573                // long 5l
       422: lrem
       423: aload         4
       425: invokevirtual #809                // Method kr/moonseungjun/villageguardians/VillageRoleAbilitySystem$AreaState.phase:()I
       428: i2l
       429: ldc2_w        #573                // long 5l
       432: lrem
       433: lcmp
       434: ifeq          440
       437: goto          9
       440: aload         4
       442: invokevirtual #806                // Method kr/moonseungjun/villageguardians/VillageRoleAbilitySystem$AreaState.kind:()Lkr/moonseungjun/villageguardians/VillageRoleAbilitySystem$AreaKind;
       445: invokevirtual #867                // Method kr/moonseungjun/villageguardians/VillageRoleAbilitySystem$AreaKind.ordinal:()I
       448: tableswitch   { // 0 to 3
                       0: 480
                       1: 611
                       2: 955
                       3: 829
                 default: 955
            }
       480: aload         6
       482: aload         5
       484: aload         4
       486: invokevirtual #821                // Method kr/moonseungjun/villageguardians/VillageRoleAbilitySystem$AreaState.center:()Lnet/minecraft/world/phys/Vec3;
       489: aload         4
       491: invokevirtual #824                // Method kr/moonseungjun/villageguardians/VillageRoleAbilitySystem$AreaState.radius:()D
       494: bipush        48
       496: invokestatic  #827                // Method targetsNear:(Lnet/minecraft/server/level/ServerLevel;Lnet/minecraft/server/level/ServerPlayer;Lnet/minecraft/world/phys/Vec3;DI)Ljava/util/List;
       499: invokeinterface #208,  1          // InterfaceMethod java/util/List.iterator:()Ljava/util/Iterator;
       504: astore        7
       506: aload         7
       508: invokeinterface #212,  1          // InterfaceMethod java/util/Iterator.hasNext:()Z
       513: ifeq          579
       516: aload         7
       518: invokeinterface #218,  1          // InterfaceMethod java/util/Iterator.next:()Ljava/lang/Object;
       523: checkcast     #707                // class net/minecraft/world/entity/Mob
       526: astore        8
       528: aload         8
       530: new           #152                // class net/minecraft/world/effect/MobEffectInstance
       533: dup
       534: getstatic     #863                // Field net/minecraft/world/effect/MobEffects.SLOWNESS:Lnet/minecraft/core/Holder;
       537: bipush        35
       539: iconst_3
       540: iconst_0
       541: iconst_0
       542: iconst_1
       543: invokespecial #160                // Method net/minecraft/world/effect/MobEffectInstance."<init>":(Lnet/minecraft/core/Holder;IIZZZ)V
       546: invokevirtual #866                // Method net/minecraft/world/entity/Mob.addEffect:(Lnet/minecraft/world/effect/MobEffectInstance;)Z
       549: pop
       550: lload_1
       551: ldc2_w        #868                // long 20l
       554: lrem
       555: lconst_0
       556: lcmp
       557: ifne          576
       560: aload         6
       562: aload         8
       564: ldc_w         #870                // float 2.2f
       567: aload         4
       569: invokevirtual #819                // Method kr/moonseungjun/villageguardians/VillageRoleAbilitySystem$AreaState.power:()F
       572: fmul
       573: invokestatic  #859                // Method hurt:(Lnet/minecraft/server/level/ServerLevel;Lnet/minecraft/world/entity/Mob;F)V
       576: goto          506
       579: lload_1
       580: ldc2_w        #868                // long 20l
       583: lrem
       584: lconst_0
       585: lcmp
       586: ifne          955
       589: aload         6
       591: aload         4
       593: invokevirtual #821                // Method kr/moonseungjun/villageguardians/VillageRoleAbilitySystem$AreaState.center:()Lnet/minecraft/world/phys/Vec3;
       596: getstatic     #871                // Field net/minecraft/sounds/SoundEvents.GLASS_HIT:Lnet/minecraft/sounds/SoundEvent;
       599: ldc_w         #442                // float 0.55f
       602: ldc_w         #316                // float 0.62f
       605: invokestatic  #179                // Method play:(Lnet/minecraft/server/level/ServerLevel;Lnet/minecraft/world/phys/Vec3;Lnet/minecraft/sounds/SoundEvent;FF)V
       608: goto          955
       611: aload         4
       613: invokevirtual #821                // Method kr/moonseungjun/villageguardians/VillageRoleAbilitySystem$AreaState.center:()Lnet/minecraft/world/phys/Vec3;
       616: aload         5
       618: invokestatic  #107                // Method horizontalLook:(Lnet/minecraft/server/level/ServerPlayer;)Lnet/minecraft/world/phys/Vec3;
       621: ldc2_w        #874                // double 0.24d
       624: invokevirtual #256                // Method net/minecraft/world/phys/Vec3.scale:(D)Lnet/minecraft/world/phys/Vec3;
       627: invokevirtual #560                // Method net/minecraft/world/phys/Vec3.add:(Lnet/minecraft/world/phys/Vec3;)Lnet/minecraft/world/phys/Vec3;
       630: astore        7
       632: aload         4
       634: aload         7
       636: invokevirtual #876                // Method kr/moonseungjun/villageguardians/VillageRoleAbilitySystem$AreaState.moveTo:(Lnet/minecraft/world/phys/Vec3;)V
       639: aload         6
       641: aload         5
       643: aload         7
       645: aload         4
       647: invokevirtual #824                // Method kr/moonseungjun/villageguardians/VillageRoleAbilitySystem$AreaState.radius:()D
       650: bipush        48
       652: invokestatic  #827                // Method targetsNear:(Lnet/minecraft/server/level/ServerLevel;Lnet/minecraft/server/level/ServerPlayer;Lnet/minecraft/world/phys/Vec3;DI)Ljava/util/List;
       655: invokeinterface #208,  1          // InterfaceMethod java/util/List.iterator:()Ljava/util/Iterator;
       660: astore        8
       662: aload         8
       664: invokeinterface #212,  1          // InterfaceMethod java/util/Iterator.hasNext:()Z
       669: ifeq          794
       672: aload         8
       674: invokeinterface #218,  1          // InterfaceMethod java/util/Iterator.next:()Ljava/lang/Object;
       679: checkcast     #707                // class net/minecraft/world/entity/Mob
       682: astore        9
       684: aload         7
       686: aload         9
       688: invokevirtual #715                // Method net/minecraft/world/entity/Mob.position:()Lnet/minecraft/world/phys/Vec3;
       691: invokevirtual #722                // Method net/minecraft/world/phys/Vec3.subtract:(Lnet/minecraft/world/phys/Vec3;)Lnet/minecraft/world/phys/Vec3;
       694: astore        10
       696: new           #257                // class net/minecraft/world/phys/Vec3
       699: dup
       700: aload         10
       702: getfield      #879                // Field net/minecraft/world/phys/Vec3.x:D
       705: dconst_0
       706: aload         10
       708: getfield      #883                // Field net/minecraft/world/phys/Vec3.z:D
       711: invokespecial #886                // Method net/minecraft/world/phys/Vec3."<init>":(DDD)V
       714: astore        11
       716: aload         11
       718: invokevirtual #725                // Method net/minecraft/world/phys/Vec3.lengthSqr:()D
       721: ldc2_w        #889                // double 0.01d
       724: dcmpl
       725: ifle          741
       728: aload         11
       730: invokevirtual #755                // Method net/minecraft/world/phys/Vec3.normalize:()Lnet/minecraft/world/phys/Vec3;
       733: ldc2_w        #874                // double 0.24d
       736: invokevirtual #256                // Method net/minecraft/world/phys/Vec3.scale:(D)Lnet/minecraft/world/phys/Vec3;
       739: astore        11
       741: aload         9
       743: aload         11
       745: getfield      #879                // Field net/minecraft/world/phys/Vec3.x:D
       748: ldc2_w        #891                // double 0.2d
       751: aload         11
       753: getfield      #883                // Field net/minecraft/world/phys/Vec3.z:D
       756: invokevirtual #893                // Method net/minecraft/world/entity/Mob.push:(DDD)V
       759: aload         9
       761: iconst_1
       762: putfield      #896                // Field net/minecraft/world/entity/Mob.hurtMarked:Z
       765: lload_1
       766: ldc2_w        #897                // long 15l
       769: lrem
       770: lconst_0
       771: lcmp
       772: ifne          791
       775: aload         6
       777: aload         9
       779: ldc_w         #899                // float 1.8f
       782: aload         4
       784: invokevirtual #819                // Method kr/moonseungjun/villageguardians/VillageRoleAbilitySystem$AreaState.power:()F
       787: fmul
       788: invokestatic  #859                // Method hurt:(Lnet/minecraft/server/level/ServerLevel;Lnet/minecraft/world/entity/Mob;F)V
       791: goto          662
       794: lload_1
       795: ldc2_w        #897                // long 15l
       798: lrem
       799: lconst_0
       800: lcmp
       801: ifne          826
       804: aload         6
       806: aload         7
       808: getstatic     #372                // Field net/minecraft/sounds/SoundEvents.BREEZE_WIND_CHARGE_BURST:Lnet/minecraft/core/Holder$Reference;
       811: invokevirtual #376                // Method net/minecraft/core/Holder$Reference.value:()Ljava/lang/Object;
       814: checkcast     #298                // class net/minecraft/sounds/SoundEvent
       817: ldc_w         #277                // float 0.8f
       820: ldc_w         #900                // float 0.78f
       823: invokestatic  #179                // Method play:(Lnet/minecraft/server/level/ServerLevel;Lnet/minecraft/world/phys/Vec3;Lnet/minecraft/sounds/SoundEvent;FF)V
       826: goto          955
       829: lload_1
       830: ldc2_w        #868                // long 20l
       833: lrem
       834: lconst_0
       835: lcmp
       836: ifne          955
       839: aload         5
       841: aload         4
       843: invokevirtual #821                // Method kr/moonseungjun/villageguardians/VillageRoleAbilitySystem$AreaState.center:()Lnet/minecraft/world/phys/Vec3;
       846: aload         4
       848: invokevirtual #824                // Method kr/moonseungjun/villageguardians/VillageRoleAbilitySystem$AreaState.radius:()D
       851: invokestatic  #901                // Method alliesAt:(Lnet/minecraft/server/level/ServerPlayer;Lnet/minecraft/world/phys/Vec3;D)Ljava/util/List;
       854: invokeinterface #208,  1          // InterfaceMethod java/util/List.iterator:()Ljava/util/Iterator;
       859: astore        7
       861: aload         7
       863: invokeinterface #212,  1          // InterfaceMethod java/util/Iterator.hasNext:()Z
       868: ifeq          933
       871: aload         7
       873: invokeinterface #218,  1          // InterfaceMethod java/util/Iterator.next:()Ljava/lang/Object;
       878: checkcast     #86                 // class net/minecraft/server/level/ServerPlayer
       881: astore        8
       883: aload         8
       885: ldc_w         #905                // float 2.6f
       888: aload         4
       890: invokevirtual #820                // Method kr/moonseungjun/villageguardians/VillageRoleAbilitySystem$AreaState.specialRank:()I
       893: i2f
       894: ldc_w         #906                // float 0.35f
       897: fmul
       898: fadd
       899: aload         4
       901: invokevirtual #819                // Method kr/moonseungjun/villageguardians/VillageRoleAbilitySystem$AreaState.power:()F
       904: fmul
       905: invokestatic  #907                // Method healScaled:(Lnet/minecraft/server/level/ServerPlayer;F)V
       908: aload         8
       910: new           #152                // class net/minecraft/world/effect/MobEffectInstance
       913: dup
       914: getstatic     #911                // Field net/minecraft/world/effect/MobEffects.REGENERATION:Lnet/minecraft/core/Holder;
       917: bipush        35
       919: iconst_0
       920: iconst_0
       921: iconst_0
       922: iconst_1
       923: invokespecial #160                // Method net/minecraft/world/effect/MobEffectInstance."<init>":(Lnet/minecraft/core/Holder;IIZZZ)V
       926: invokevirtual #163                // Method net/minecraft/server/level/ServerPlayer.addEffect:(Lnet/minecraft/world/effect/MobEffectInstance;)Z
       929: pop
       930: goto          861
       933: aload         6
       935: aload         4
       937: invokevirtual #821                // Method kr/moonseungjun/villageguardians/VillageRoleAbilitySystem$AreaState.center:()Lnet/minecraft/world/phys/Vec3;
       940: getstatic     #914                // Field net/minecraft/sounds/SoundEvents.AMETHYST_BLOCK_CHIME:Lnet/minecraft/sounds/SoundEvent;
       943: ldc_w         #442                // float 0.55f
       946: ldc_w         #392                // float 1.15f
       949: invokestatic  #179                // Method play:(Lnet/minecraft/server/level/ServerLevel;Lnet/minecraft/world/phys/Vec3;Lnet/minecraft/sounds/SoundEvent;FF)V
       952: goto          955
       955: goto          9
       958: return

  private static void tickMoving(net.minecraft.server.MinecraftServer, long);
    Code:
         0: getstatic     #64                 // Field MOVING:Ljava/util/Map;
         3: invokeinterface #676,  1          // InterfaceMethod java/util/Map.entrySet:()Ljava/util/Set;
         8: invokeinterface #680,  1          // InterfaceMethod java/util/Set.iterator:()Ljava/util/Iterator;
        13: astore_3
        14: aload_3
        15: invokeinterface #212,  1          // InterfaceMethod java/util/Iterator.hasNext:()Z
        20: ifeq          722
        23: aload_3
        24: invokeinterface #218,  1          // InterfaceMethod java/util/Iterator.next:()Ljava/lang/Object;
        29: checkcast     #683                // class java/util/Map$Entry
        32: astore        4
        34: aload         4
        36: invokeinterface #685,  1          // InterfaceMethod java/util/Map$Entry.getValue:()Ljava/lang/Object;
        41: checkcast     #917                // class kr/moonseungjun/villageguardians/VillageRoleAbilitySystem$MovingSkill
        44: astore        5
        46: aload_0
        47: invokevirtual #501                // Method net/minecraft/server/MinecraftServer.getPlayerList:()Lnet/minecraft/server/players/PlayerList;
        50: aload         5
        52: invokevirtual #919                // Method kr/moonseungjun/villageguardians/VillageRoleAbilitySystem$MovingSkill.owner:()Ljava/util/UUID;
        55: invokevirtual #766                // Method net/minecraft/server/players/PlayerList.getPlayer:(Ljava/util/UUID;)Lnet/minecraft/server/level/ServerPlayer;
        58: astore        6
        60: aload         6
        62: ifnull        87
        65: aload         6
        67: invokevirtual #511                // Method net/minecraft/server/level/ServerPlayer.level:()Lnet/minecraft/server/level/ServerLevel;
        70: astore        8
        72: aload         8
        74: instanceof    #80                 // class net/minecraft/server/level/ServerLevel
        77: ifeq          87
        80: aload         8
        82: astore        7
        84: goto          96
        87: aload_3
        88: invokeinterface #713,  1          // InterfaceMethod java/util/Iterator.remove:()V
        93: goto          14
        96: aload         7
        98: aload         4
       100: invokeinterface #690,  1          // InterfaceMethod java/util/Map$Entry.getKey:()Ljava/lang/Object;
       105: checkcast     #693                // class java/util/UUID
       108: invokevirtual #695                // Method net/minecraft/server/level/ServerLevel.getEntity:(Ljava/util/UUID;)Lnet/minecraft/world/entity/Entity;
       111: astore        8
       113: aload         5
       115: invokevirtual #920                // Method kr/moonseungjun/villageguardians/VillageRoleAbilitySystem$MovingSkill.lastPosition:()Lnet/minecraft/world/phys/Vec3;
       118: astore        9
       120: aload         8
       122: ifnonnull     130
       125: aload         9
       127: goto          135
       130: aload         8
       132: invokevirtual #923                // Method net/minecraft/world/entity/Entity.position:()Lnet/minecraft/world/phys/Vec3;
       135: astore        10
       137: iconst_0
       138: istore        11
       140: aload         8
       142: ifnull        206
       145: aload         9
       147: aload         10
       149: invokevirtual #926                // Method net/minecraft/world/phys/Vec3.distanceToSqr:(Lnet/minecraft/world/phys/Vec3;)D
       152: ldc2_w        #930                // double 1.0E-6d
       155: dcmpl
       156: ifle          206
       159: aload         7
       161: new           #932                // class net/minecraft/world/level/ClipContext
       164: dup
       165: aload         9
       167: aload         10
       169: getstatic     #934                // Field net/minecraft/world/level/ClipContext$Block.COLLIDER:Lnet/minecraft/world/level/ClipContext$Block;
       172: getstatic     #940                // Field net/minecraft/world/level/ClipContext$Fluid.NONE:Lnet/minecraft/world/level/ClipContext$Fluid;
       175: aload         6
       177: invokespecial #946                // Method net/minecraft/world/level/ClipContext."<init>":(Lnet/minecraft/world/phys/Vec3;Lnet/minecraft/world/phys/Vec3;Lnet/minecraft/world/level/ClipContext$Block;Lnet/minecraft/world/level/ClipContext$Fluid;Lnet/minecraft/world/entity/Entity;)V
       180: invokevirtual #949                // Method net/minecraft/server/level/ServerLevel.clip:(Lnet/minecraft/world/level/ClipContext;)Lnet/minecraft/world/phys/BlockHitResult;
       183: astore        12
       185: aload         12
       187: invokevirtual #953                // Method net/minecraft/world/phys/BlockHitResult.getType:()Lnet/minecraft/world/phys/HitResult$Type;
       190: getstatic     #959                // Field net/minecraft/world/phys/HitResult$Type.BLOCK:Lnet/minecraft/world/phys/HitResult$Type;
       193: if_acmpne     206
       196: iconst_1
       197: istore        11
       199: aload         12
       201: invokevirtual #965                // Method net/minecraft/world/phys/BlockHitResult.getLocation:()Lnet/minecraft/world/phys/Vec3;
       204: astore        10
       206: aload         5
       208: aload         10
       210: invokevirtual #968                // Method kr/moonseungjun/villageguardians/VillageRoleAbilitySystem$MovingSkill.lastPosition:(Lnet/minecraft/world/phys/Vec3;)V
       213: aload         5
       215: aload         5
       217: invokevirtual #970                // Method kr/moonseungjun/villageguardians/VillageRoleAbilitySystem$MovingSkill.age:()I
       220: iconst_1
       221: iadd
       222: invokevirtual #973                // Method kr/moonseungjun/villageguardians/VillageRoleAbilitySystem$MovingSkill.age:(I)V
       225: aload         5
       227: invokevirtual #976                // Method kr/moonseungjun/villageguardians/VillageRoleAbilitySystem$MovingSkill.kind:()Lkr/moonseungjun/villageguardians/VillageRoleAbilitySystem$MovingKind;
       230: getstatic     #979                // Field kr/moonseungjun/villageguardians/VillageRoleAbilitySystem$MovingKind.FIRE_ORB:Lkr/moonseungjun/villageguardians/VillageRoleAbilitySystem$MovingKind;
       233: if_acmpne     247
       236: aload         5
       238: invokevirtual #985                // Method kr/moonseungjun/villageguardians/VillageRoleAbilitySystem$MovingSkill.specialRank:()I
       241: invokestatic  #986                // Method fireOrbContactRadius:(I)D
       244: goto          252
       247: aload         5
       249: invokevirtual #990                // Method kr/moonseungjun/villageguardians/VillageRoleAbilitySystem$MovingSkill.radius:()D
       252: dstore        12
       254: aload         7
       256: aload         6
       258: aload         10
       260: dload         12
       262: bipush        40
       264: invokestatic  #827                // Method targetsNear:(Lnet/minecraft/server/level/ServerLevel;Lnet/minecraft/server/level/ServerPlayer;Lnet/minecraft/world/phys/Vec3;DI)Ljava/util/List;
       267: astore        14
       269: aload         8
       271: ifnull        300
       274: aload         8
       276: invokevirtual #991                // Method net/minecraft/world/entity/Entity.isAlive:()Z
       279: ifeq          300
       282: iload         11
       284: ifne          300
       287: aload         5
       289: invokevirtual #970                // Method kr/moonseungjun/villageguardians/VillageRoleAbilitySystem$MovingSkill.age:()I
       292: aload         5
       294: invokevirtual #992                // Method kr/moonseungjun/villageguardians/VillageRoleAbilitySystem$MovingSkill.maxAge:()I
       297: if_icmplt     304
       300: iconst_1
       301: goto          305
       304: iconst_0
       305: istore        15
       307: aload         5
       309: invokevirtual #976                // Method kr/moonseungjun/villageguardians/VillageRoleAbilitySystem$MovingSkill.kind:()Lkr/moonseungjun/villageguardians/VillageRoleAbilitySystem$MovingKind;
       312: invokevirtual #995                // Method kr/moonseungjun/villageguardians/VillageRoleAbilitySystem$MovingKind.ordinal:()I
       315: tableswitch   { // 0 to 2
                       0: 340
                       1: 481
                       2: 566
                 default: 673
            }
       340: aload         14
       342: invokeinterface #831,  1          // InterfaceMethod java/util/List.isEmpty:()Z
       347: ifeq          358
       350: iload         15
       352: ifne          358
       355: goto          14
       358: aload         7
       360: aload         6
       362: aload         10
       364: aload         5
       366: invokevirtual #990                // Method kr/moonseungjun/villageguardians/VillageRoleAbilitySystem$MovingSkill.radius:()D
       369: bipush        40
       371: invokestatic  #827                // Method targetsNear:(Lnet/minecraft/server/level/ServerLevel;Lnet/minecraft/server/level/ServerPlayer;Lnet/minecraft/world/phys/Vec3;DI)Ljava/util/List;
       374: invokeinterface #208,  1          // InterfaceMethod java/util/List.iterator:()Ljava/util/Iterator;
       379: astore        16
       381: aload         16
       383: invokeinterface #212,  1          // InterfaceMethod java/util/Iterator.hasNext:()Z
       388: ifeq          442
       391: aload         16
       393: invokeinterface #218,  1          // InterfaceMethod java/util/Iterator.next:()Ljava/lang/Object;
       398: checkcast     #707                // class net/minecraft/world/entity/Mob
       401: astore        17
       403: aload         7
       405: aload         17
       407: aload         5
       409: invokevirtual #996                // Method kr/moonseungjun/villageguardians/VillageRoleAbilitySystem$MovingSkill.damage:()F
       412: invokestatic  #859                // Method hurt:(Lnet/minecraft/server/level/ServerLevel;Lnet/minecraft/world/entity/Mob;F)V
       415: aload         17
       417: aload         17
       419: invokevirtual #999                // Method net/minecraft/world/entity/Mob.getRemainingFireTicks:()I
       422: bipush        120
       424: aload         5
       426: invokevirtual #985                // Method kr/moonseungjun/villageguardians/VillageRoleAbilitySystem$MovingSkill.specialRank:()I
       429: bipush        35
       431: imul
       432: iadd
       433: invokestatic  #103                // Method java/lang/Math.max:(II)I
       436: invokevirtual #1002               // Method net/minecraft/world/entity/Mob.setRemainingFireTicks:(I)V
       439: goto          381
       442: aload         7
       444: aload         6
       446: aload         10
       448: aload         5
       450: invokevirtual #990                // Method kr/moonseungjun/villageguardians/VillageRoleAbilitySystem$MovingSkill.radius:()D
       453: invokestatic  #1005               // Method kr/moonseungjun/villageguardians/VillageSkillEffectSystem.fireImpact:(Lnet/minecraft/server/level/ServerLevel;Lnet/minecraft/server/level/ServerPlayer;Lnet/minecraft/world/phys/Vec3;D)V
       456: aload         7
       458: aload         10
       460: getstatic     #1009               // Field net/minecraft/sounds/SoundEvents.GENERIC_EXPLODE:Lnet/minecraft/core/Holder$Reference;
       463: invokevirtual #376                // Method net/minecraft/core/Holder$Reference.value:()Ljava/lang/Object;
       466: checkcast     #298                // class net/minecraft/sounds/SoundEvent
       469: ldc_w         #1012               // float 1.05f
       472: ldc_w         #1013               // float 1.08f
       475: invokestatic  #179                // Method play:(Lnet/minecraft/server/level/ServerLevel;Lnet/minecraft/world/phys/Vec3;Lnet/minecraft/sounds/SoundEvent;FF)V
       478: goto          673
       481: aload         14
       483: invokeinterface #208,  1          // InterfaceMethod java/util/List.iterator:()Ljava/util/Iterator;
       488: astore        16
       490: aload         16
       492: invokeinterface #212,  1          // InterfaceMethod java/util/Iterator.hasNext:()Z
       497: ifeq          558
       500: aload         16
       502: invokeinterface #218,  1          // InterfaceMethod java/util/Iterator.next:()Ljava/lang/Object;
       507: checkcast     #707                // class net/minecraft/world/entity/Mob
       510: astore        17
       512: aload         5
       514: invokevirtual #1014               // Method kr/moonseungjun/villageguardians/VillageRoleAbilitySystem$MovingSkill.hit:()Ljava/util/Set;
       517: aload         17
       519: invokevirtual #1017               // Method net/minecraft/world/entity/Mob.getUUID:()Ljava/util/UUID;
       522: invokeinterface #1018,  2         // InterfaceMethod java/util/Set.add:(Ljava/lang/Object;)Z
       527: ifeq          555
       530: aload         7
       532: aload         17
       534: aload         5
       536: invokevirtual #996                // Method kr/moonseungjun/villageguardians/VillageRoleAbilitySystem$MovingSkill.damage:()F
       539: invokestatic  #859                // Method hurt:(Lnet/minecraft/server/level/ServerLevel;Lnet/minecraft/world/entity/Mob;F)V
       542: aload         10
       544: aload         17
       546: ldc2_w        #847                // double 0.5d
       549: ldc2_w        #548                // double 0.05d
       552: invokestatic  #1019               // Method knockFrom:(Lnet/minecraft/world/phys/Vec3;Lnet/minecraft/world/entity/Mob;DD)V
       555: goto          490
       558: iload         15
       560: ifne          673
       563: goto          14
       566: aload         14
       568: invokeinterface #208,  1          // InterfaceMethod java/util/List.iterator:()Ljava/util/Iterator;
       573: astore        16
       575: aload         16
       577: invokeinterface #212,  1          // InterfaceMethod java/util/Iterator.hasNext:()Z
       582: ifeq          643
       585: aload         16
       587: invokeinterface #218,  1          // InterfaceMethod java/util/Iterator.next:()Ljava/lang/Object;
       592: checkcast     #707                // class net/minecraft/world/entity/Mob
       595: astore        17
       597: aload         5
       599: invokevirtual #1014               // Method kr/moonseungjun/villageguardians/VillageRoleAbilitySystem$MovingSkill.hit:()Ljava/util/Set;
       602: aload         17
       604: invokevirtual #1017               // Method net/minecraft/world/entity/Mob.getUUID:()Ljava/util/UUID;
       607: invokeinterface #1018,  2         // InterfaceMethod java/util/Set.add:(Ljava/lang/Object;)Z
       612: ifeq          640
       615: aload         7
       617: aload         17
       619: aload         5
       621: invokevirtual #996                // Method kr/moonseungjun/villageguardians/VillageRoleAbilitySystem$MovingSkill.damage:()F
       624: invokestatic  #859                // Method hurt:(Lnet/minecraft/server/level/ServerLevel;Lnet/minecraft/world/entity/Mob;F)V
       627: aload         10
       629: aload         17
       631: ldc2_w        #317                // double 1.35d
       634: ldc2_w        #1023               // double 0.18d
       637: invokestatic  #1019               // Method knockFrom:(Lnet/minecraft/world/phys/Vec3;Lnet/minecraft/world/entity/Mob;DD)V
       640: goto          575
       643: iload         15
       645: ifne          651
       648: goto          14
       651: aload         7
       653: aload         10
       655: getstatic     #1009               // Field net/minecraft/sounds/SoundEvents.GENERIC_EXPLODE:Lnet/minecraft/core/Holder$Reference;
       658: invokevirtual #376                // Method net/minecraft/core/Holder$Reference.value:()Ljava/lang/Object;
       661: checkcast     #298                // class net/minecraft/sounds/SoundEvent
       664: ldc_w         #1025               // float 1.3f
       667: ldc_w         #316                // float 0.62f
       670: invokestatic  #179                // Method play:(Lnet/minecraft/server/level/ServerLevel;Lnet/minecraft/world/phys/Vec3;Lnet/minecraft/sounds/SoundEvent;FF)V
       673: aload         8
       675: ifnull        683
       678: aload         8
       680: invokevirtual #1026               // Method net/minecraft/world/entity/Entity.discard:()V
       683: aload         5
       685: invokevirtual #1029               // Method kr/moonseungjun/villageguardians/VillageRoleAbilitySystem$MovingSkill.effectId:()Ljava/util/UUID;
       688: ifnull        713
       691: aload         7
       693: aload         5
       695: invokevirtual #1029               // Method kr/moonseungjun/villageguardians/VillageRoleAbilitySystem$MovingSkill.effectId:()Ljava/util/UUID;
       698: invokevirtual #695                // Method net/minecraft/server/level/ServerLevel.getEntity:(Ljava/util/UUID;)Lnet/minecraft/world/entity/Entity;
       701: astore        16
       703: aload         16
       705: ifnull        713
       708: aload         16
       710: invokevirtual #1026               // Method net/minecraft/world/entity/Entity.discard:()V
       713: aload_3
       714: invokeinterface #713,  1          // InterfaceMethod java/util/Iterator.remove:()V
       719: goto          14
       722: return

  private static void cleanupExpired(net.minecraft.server.MinecraftServer, long);
    Code:
         0: getstatic     #7                  // Field SPIN_UNTIL:Ljava/util/Map;
         3: invokeinterface #676,  1          // InterfaceMethod java/util/Map.entrySet:()Ljava/util/Set;
         8: lload_1
         9: invokedynamic #1032,  0           // InvokeDynamic #1:test:(J)Ljava/util/function/Predicate;
        14: invokeinterface #1036,  2         // InterfaceMethod java/util/Set.removeIf:(Ljava/util/function/Predicate;)Z
        19: pop
        20: getstatic     #18                 // Field RAPID_UNTIL:Ljava/util/Map;
        23: invokeinterface #676,  1          // InterfaceMethod java/util/Map.entrySet:()Ljava/util/Set;
        28: lload_1
        29: invokedynamic #1040,  0           // InvokeDynamic #2:test:(J)Ljava/util/function/Predicate;
        34: invokeinterface #1036,  2         // InterfaceMethod java/util/Set.removeIf:(Ljava/util/function/Predicate;)Z
        39: pop
        40: getstatic     #21                 // Field RAPID_DRAW_TICKS:Ljava/util/Map;
        43: invokeinterface #1041,  1         // InterfaceMethod java/util/Map.keySet:()Ljava/util/Set;
        48: lload_1
        49: invokedynamic #1044,  0           // InvokeDynamic #3:test:(J)Ljava/util/function/Predicate;
        54: invokeinterface #1036,  2         // InterfaceMethod java/util/Set.removeIf:(Ljava/util/function/Predicate;)Z
        59: pop
        60: getstatic     #24                 // Field RICOCHET_UNTIL:Ljava/util/Map;
        63: invokeinterface #676,  1          // InterfaceMethod java/util/Map.entrySet:()Ljava/util/Set;
        68: lload_1
        69: invokedynamic #1045,  0           // InvokeDynamic #4:test:(J)Ljava/util/function/Predicate;
        74: invokeinterface #1036,  2         // InterfaceMethod java/util/Set.removeIf:(Ljava/util/function/Predicate;)Z
        79: pop
        80: getstatic     #27                 // Field RICOCHET_ARROWS:Ljava/util/Map;
        83: invokeinterface #676,  1          // InterfaceMethod java/util/Map.entrySet:()Ljava/util/Set;
        88: lload_1
        89: invokedynamic #1046,  0           // InvokeDynamic #5:test:(J)Ljava/util/function/Predicate;
        94: invokeinterface #1036,  2         // InterfaceMethod java/util/Set.removeIf:(Ljava/util/function/Predicate;)Z
        99: pop
       100: getstatic     #30                 // Field TRACKING_ARROWS:Ljava/util/Map;
       103: invokeinterface #676,  1          // InterfaceMethod java/util/Map.entrySet:()Ljava/util/Set;
       108: lload_1
       109: invokedynamic #1047,  0           // InvokeDynamic #6:test:(J)Ljava/util/function/Predicate;
       114: invokeinterface #1036,  2         // InterfaceMethod java/util/Set.removeIf:(Ljava/util/function/Predicate;)Z
       119: pop
       120: getstatic     #33                 // Field ARROW_RAIN_READY:Ljava/util/Map;
       123: invokeinterface #676,  1          // InterfaceMethod java/util/Map.entrySet:()Ljava/util/Set;
       128: lload_1
       129: invokedynamic #1048,  0           // InvokeDynamic #7:test:(J)Ljava/util/function/Predicate;
       134: invokeinterface #1036,  2         // InterfaceMethod java/util/Set.removeIf:(Ljava/util/function/Predicate;)Z
       139: pop
       140: getstatic     #36                 // Field MEGA_ARROW_READY:Ljava/util/Map;
       143: invokeinterface #676,  1          // InterfaceMethod java/util/Map.entrySet:()Ljava/util/Set;
       148: lload_1
       149: invokedynamic #1049,  0           // InvokeDynamic #8:test:(J)Ljava/util/function/Predicate;
       154: invokeinterface #1036,  2         // InterfaceMethod java/util/Set.removeIf:(Ljava/util/function/Predicate;)Z
       159: pop
       160: getstatic     #39                 // Field FORTRESS_UNTIL:Ljava/util/Map;
       163: invokeinterface #676,  1          // InterfaceMethod java/util/Map.entrySet:()Ljava/util/Set;
       168: lload_1
       169: invokedynamic #1050,  0           // InvokeDynamic #9:test:(J)Ljava/util/function/Predicate;
       174: invokeinterface #1036,  2         // InterfaceMethod java/util/Set.removeIf:(Ljava/util/function/Predicate;)Z
       179: pop
       180: getstatic     #42                 // Field AEGIS_UNTIL:Ljava/util/Map;
       183: invokeinterface #676,  1          // InterfaceMethod java/util/Map.entrySet:()Ljava/util/Set;
       188: lload_1
       189: invokedynamic #1051,  0           // InvokeDynamic #10:test:(J)Ljava/util/function/Predicate;
       194: invokeinterface #1036,  2         // InterfaceMethod java/util/Set.removeIf:(Ljava/util/function/Predicate;)Z
       199: pop
       200: getstatic     #45                 // Field CHARGE_UNTIL:Ljava/util/Map;
       203: invokeinterface #676,  1          // InterfaceMethod java/util/Map.entrySet:()Ljava/util/Set;
       208: lload_1
       209: invokedynamic #1052,  0           // InvokeDynamic #11:test:(J)Ljava/util/function/Predicate;
       214: invokeinterface #1036,  2         // InterfaceMethod java/util/Set.removeIf:(Ljava/util/function/Predicate;)Z
       219: pop
       220: return

  public static void handleArrowLoose(net.neoforged.neoforge.event.entity.player.ArrowLooseEvent);
    Code:
         0: aload_0
         1: invokevirtual #1053               // Method net/neoforged/neoforge/event/entity/player/ArrowLooseEvent.getEntity:()Lnet/minecraft/world/entity/player/Player;
         4: astore_2
         5: aload_2
         6: instanceof    #86                 // class net/minecraft/server/level/ServerPlayer
         9: ifeq          24
        12: aload_2
        13: checkcast     #86                 // class net/minecraft/server/level/ServerPlayer
        16: astore_1
        17: aload_1
        18: invokestatic  #1058               // Method isRangerContext:(Lnet/minecraft/server/level/ServerPlayer;)Z
        21: ifne          25
        24: return
        25: aload_1
        26: invokevirtual #511                // Method net/minecraft/server/level/ServerPlayer.level:()Lnet/minecraft/server/level/ServerLevel;
        29: invokevirtual #79                 // Method net/minecraft/server/level/ServerLevel.getGameTime:()J
        32: lstore_2
        33: getstatic     #18                 // Field RAPID_UNTIL:Ljava/util/Map;
        36: aload_1
        37: invokevirtual #85                 // Method net/minecraft/server/level/ServerPlayer.getUUID:()Ljava/util/UUID;
        40: lconst_0
        41: invokestatic  #134                // Method java/lang/Long.valueOf:(J)Ljava/lang/Long;
        44: invokeinterface #524,  3          // InterfaceMethod java/util/Map.getOrDefault:(Ljava/lang/Object;Ljava/lang/Object;)Ljava/lang/Object;
        49: checkcast     #135                // class java/lang/Long
        52: invokevirtual #527                // Method java/lang/Long.longValue:()J
        55: lload_2
        56: lcmp
        57: iflt          67
        60: aload_0
        61: bipush        20
        63: invokevirtual #1061               // Method net/neoforged/neoforge/event/entity/player/ArrowLooseEvent.setCharge:(I)V
        66: return
        67: aload_0
        68: bipush        20
        70: aload_0
        71: invokevirtual #1064               // Method net/neoforged/neoforge/event/entity/player/ArrowLooseEvent.getCharge:()I
        74: iconst_5
        75: iadd
        76: invokestatic  #196                // Method java/lang/Math.min:(II)I
        79: invokevirtual #1061               // Method net/neoforged/neoforge/event/entity/player/ArrowLooseEvent.setCharge:(I)V
        82: return

  public static void handleEntityJoin(net.neoforged.neoforge.event.entity.EntityJoinLevelEvent);
    Code:
         0: aload_0
         1: invokevirtual #1067               // Method net/neoforged/neoforge/event/entity/EntityJoinLevelEvent.getLevel:()Lnet/minecraft/world/level/Level;
         4: invokevirtual #1073               // Method net/minecraft/world/level/Level.isClientSide:()Z
         7: ifne          77
        10: aload_0
        11: invokevirtual #1067               // Method net/neoforged/neoforge/event/entity/EntityJoinLevelEvent.getLevel:()Lnet/minecraft/world/level/Level;
        14: astore        4
        16: aload         4
        18: instanceof    #80                 // class net/minecraft/server/level/ServerLevel
        21: ifeq          77
        24: aload         4
        26: checkcast     #80                 // class net/minecraft/server/level/ServerLevel
        29: astore_1
        30: aload_0
        31: invokevirtual #1078               // Method net/neoforged/neoforge/event/entity/EntityJoinLevelEvent.getEntity:()Lnet/minecraft/world/entity/Entity;
        34: astore        4
        36: aload         4
        38: instanceof    #705                // class net/minecraft/world/entity/projectile/arrow/AbstractArrow
        41: ifeq          77
        44: aload         4
        46: checkcast     #705                // class net/minecraft/world/entity/projectile/arrow/AbstractArrow
        49: astore_2
        50: aload_2
        51: invokevirtual #1081               // Method net/minecraft/world/entity/projectile/arrow/AbstractArrow.getOwner:()Lnet/minecraft/world/entity/Entity;
        54: astore        4
        56: aload         4
        58: instanceof    #86                 // class net/minecraft/server/level/ServerPlayer
        61: ifeq          77
        64: aload         4
        66: checkcast     #86                 // class net/minecraft/server/level/ServerPlayer
        69: astore_3
        70: aload_3
        71: invokestatic  #1058               // Method isRangerContext:(Lnet/minecraft/server/level/ServerPlayer;)Z
        74: ifne          78
        77: return
        78: getstatic     #72                 // Field spawningGeneratedArrow:Z
        81: ifeq          85
        84: return
        85: aload_1
        86: invokevirtual #79                 // Method net/minecraft/server/level/ServerLevel.getGameTime:()J
        89: lstore        4
        91: aload_3
        92: invokevirtual #85                 // Method net/minecraft/server/level/ServerPlayer.getUUID:()Ljava/util/UUID;
        95: astore        6
        97: getstatic     #36                 // Field MEGA_ARROW_READY:Ljava/util/Map;
       100: aload         6
       102: invokeinterface #420,  2          // InterfaceMethod java/util/Map.remove:(Ljava/lang/Object;)Ljava/lang/Object;
       107: checkcast     #305                // class kr/moonseungjun/villageguardians/VillageRoleAbilitySystem$EmpoweredArrowState
       110: astore        7
       112: aload         7
       114: ifnull        149
       117: aload         7
       119: invokevirtual #1084               // Method kr/moonseungjun/villageguardians/VillageRoleAbilitySystem$EmpoweredArrowState.until:()J
       122: lload         4
       124: lcmp
       125: iflt          149
       128: aload_0
       129: iconst_1
       130: invokevirtual #1085               // Method net/neoforged/neoforge/event/entity/EntityJoinLevelEvent.setCanceled:(Z)V
       133: aload_1
       134: aload_3
       135: aload         7
       137: invokevirtual #1088               // Method kr/moonseungjun/villageguardians/VillageRoleAbilitySystem$EmpoweredArrowState.power:()F
       140: aload         7
       142: invokevirtual #1089               // Method kr/moonseungjun/villageguardians/VillageRoleAbilitySystem$EmpoweredArrowState.specialRank:()I
       145: invokestatic  #787                // Method launchEnergyArrow:(Lnet/minecraft/server/level/ServerLevel;Lnet/minecraft/server/level/ServerPlayer;FI)V
       148: return
       149: getstatic     #33                 // Field ARROW_RAIN_READY:Ljava/util/Map;
       152: aload         6
       154: invokeinterface #420,  2          // InterfaceMethod java/util/Map.remove:(Ljava/lang/Object;)Ljava/lang/Object;
       159: checkcast     #305                // class kr/moonseungjun/villageguardians/VillageRoleAbilitySystem$EmpoweredArrowState
       162: astore        8
       164: aload         8
       166: ifnull        195
       169: aload         8
       171: invokevirtual #1084               // Method kr/moonseungjun/villageguardians/VillageRoleAbilitySystem$EmpoweredArrowState.until:()J
       174: lload         4
       176: lcmp
       177: iflt          195
       180: aload_1
       181: aload_3
       182: aload         8
       184: invokevirtual #1088               // Method kr/moonseungjun/villageguardians/VillageRoleAbilitySystem$EmpoweredArrowState.power:()F
       187: aload         8
       189: invokevirtual #1089               // Method kr/moonseungjun/villageguardians/VillageRoleAbilitySystem$EmpoweredArrowState.specialRank:()I
       192: invokestatic  #1090               // Method activateArrowRain:(Lnet/minecraft/server/level/ServerLevel;Lnet/minecraft/server/level/ServerPlayer;FI)V
       195: getstatic     #24                 // Field RICOCHET_UNTIL:Ljava/util/Map;
       198: aload         6
       200: invokeinterface #420,  2          // InterfaceMethod java/util/Map.remove:(Ljava/lang/Object;)Ljava/lang/Object;
       205: checkcast     #135                // class java/lang/Long
       208: astore        9
       210: aload         9
       212: ifnull        230
       215: aload         9
       217: invokevirtual #527                // Method java/lang/Long.longValue:()J
       220: lload         4
       222: lcmp
       223: iflt          230
       226: iconst_1
       227: goto          231
       230: iconst_0
       231: istore        10
       233: iload         10
       235: ifeq          323
       238: getstatic     #27                 // Field RICOCHET_ARROWS:Ljava/util/Map;
       241: aload_2
       242: invokevirtual #1093               // Method net/minecraft/world/entity/projectile/arrow/AbstractArrow.getUUID:()Ljava/util/UUID;
       245: lload         4
       247: ldc2_w        #283                // long 240l
       250: ladd
       251: invokestatic  #134                // Method java/lang/Long.valueOf:(J)Ljava/lang/Long;
       254: invokeinterface #140,  3          // InterfaceMethod java/util/Map.put:(Ljava/lang/Object;Ljava/lang/Object;)Ljava/lang/Object;
       259: pop
       260: aload_1
       261: aload_3
       262: aload_2
       263: invokestatic  #1094               // Method lockArrowOnTarget:(Lnet/minecraft/server/level/ServerLevel;Lnet/minecraft/server/level/ServerPlayer;Lnet/minecraft/world/entity/projectile/arrow/AbstractArrow;)Lnet/minecraft/world/entity/Mob;
       266: astore        11
       268: aload         11
       270: ifnull        304
       273: getstatic     #30                 // Field TRACKING_ARROWS:Ljava/util/Map;
       276: aload_2
       277: invokevirtual #1093               // Method net/minecraft/world/entity/projectile/arrow/AbstractArrow.getUUID:()Ljava/util/UUID;
       280: new           #688                // class kr/moonseungjun/villageguardians/VillageRoleAbilitySystem$TrackingArrowState
       283: dup
       284: aload         11
       286: invokevirtual #1017               // Method net/minecraft/world/entity/Mob.getUUID:()Ljava/util/UUID;
       289: lload         4
       291: ldc2_w        #283                // long 240l
       294: ladd
       295: invokespecial #1098               // Method kr/moonseungjun/villageguardians/VillageRoleAbilitySystem$TrackingArrowState."<init>":(Ljava/util/UUID;J)V
       298: invokeinterface #140,  3          // InterfaceMethod java/util/Map.put:(Ljava/lang/Object;Ljava/lang/Object;)Ljava/lang/Object;
       303: pop
       304: aload_1
       305: aload_3
       306: invokevirtual #167                // Method net/minecraft/server/level/ServerPlayer.position:()Lnet/minecraft/world/phys/Vec3;
       309: getstatic     #1101               // Field net/minecraft/sounds/SoundEvents.CROSSBOW_SHOOT:Lnet/minecraft/sounds/SoundEvent;
       312: ldc           #225                // float 0.85f
       314: ldc_w         #1025               // float 1.3f
       317: invokestatic  #179                // Method play:(Lnet/minecraft/server/level/ServerLevel;Lnet/minecraft/world/phys/Vec3;Lnet/minecraft/sounds/SoundEvent;FF)V
       320: goto          332
       323: aload_1
       324: aload_3
       325: aload_2
       326: ldc2_w        #874                // double 0.24d
       329: invokestatic  #1104               // Method aimAssist:(Lnet/minecraft/server/level/ServerLevel;Lnet/minecraft/server/level/ServerPlayer;Lnet/minecraft/world/entity/projectile/arrow/AbstractArrow;D)V
       332: getstatic     #18                 // Field RAPID_UNTIL:Ljava/util/Map;
       335: aload         6
       337: invokeinterface #420,  2          // InterfaceMethod java/util/Map.remove:(Ljava/lang/Object;)Ljava/lang/Object;
       342: checkcast     #135                // class java/lang/Long
       345: astore        11
       347: aload         11
       349: ifnull        363
       352: aload         11
       354: invokevirtual #527                // Method java/lang/Long.longValue:()J
       357: lload         4
       359: lcmp
       360: ifge          364
       363: return
       364: iconst_1
       365: putstatic     #72                 // Field spawningGeneratedArrow:Z
       368: aload_1
       369: aload_3
       370: aload_2
       371: ldc2_w        #1108               // double -8.0d
       374: invokestatic  #1110               // Method spawnSideArrow:(Lnet/minecraft/server/level/ServerLevel;Lnet/minecraft/server/level/ServerPlayer;Lnet/minecraft/world/entity/projectile/arrow/AbstractArrow;D)V
       377: aload_1
       378: aload_3
       379: aload_2
       380: ldc2_w        #1113               // double 8.0d
       383: invokestatic  #1110               // Method spawnSideArrow:(Lnet/minecraft/server/level/ServerLevel;Lnet/minecraft/server/level/ServerPlayer;Lnet/minecraft/world/entity/projectile/arrow/AbstractArrow;D)V
       386: iconst_0
       387: putstatic     #72                 // Field spawningGeneratedArrow:Z
       390: goto          402
       393: astore        12
       395: iconst_0
       396: putstatic     #72                 // Field spawningGeneratedArrow:Z
       399: aload         12
       401: athrow
       402: return
      Exception table:
         from    to  target type
           368   386   393   any
           393   395   393   any

  public static void handleIncomingDamage(net.neoforged.neoforge.event.entity.living.LivingIncomingDamageEvent);
    Code:
         0: aload_0
         1: invokevirtual #1115               // Method net/neoforged/neoforge/event/entity/living/LivingIncomingDamageEvent.getSource:()Lnet/minecraft/world/damagesource/DamageSource;
         4: invokevirtual #1121               // Method net/minecraft/world/damagesource/DamageSource.getEntity:()Lnet/minecraft/world/entity/Entity;
         7: astore_2
         8: aload_2
         9: instanceof    #86                 // class net/minecraft/server/level/ServerPlayer
        12: ifeq          347
        15: aload_2
        16: checkcast     #86                 // class net/minecraft/server/level/ServerPlayer
        19: astore_1
        20: aload_1
        21: invokestatic  #1124               // Method activeRole:(Lnet/minecraft/server/level/ServerPlayer;)Lkr/moonseungjun/villageguardians/VillageRole;
        24: astore_2
        25: aload_2
        26: getstatic     #1128               // Field kr/moonseungjun/villageguardians/VillageRole.VANGUARD:Lkr/moonseungjun/villageguardians/VillageRole;
        29: if_acmpne     63
        32: aload_0
        33: invokevirtual #1115               // Method net/neoforged/neoforge/event/entity/living/LivingIncomingDamageEvent.getSource:()Lnet/minecraft/world/damagesource/DamageSource;
        36: invokevirtual #1131               // Method net/minecraft/world/damagesource/DamageSource.getDirectEntity:()Lnet/minecraft/world/entity/Entity;
        39: instanceof    #705                // class net/minecraft/world/entity/projectile/arrow/AbstractArrow
        42: ifne          63
        45: aload_1
        46: ldc_w         #1134               // float 2.5f
        49: aload_0
        50: invokevirtual #1135               // Method net/neoforged/neoforge/event/entity/living/LivingIncomingDamageEvent.getAmount:()F
        53: ldc_w         #1138               // float 0.055f
        56: fmul
        57: invokestatic  #1139               // Method java/lang/Math.min:(FF)F
        60: invokevirtual #631                // Method net/minecraft/server/level/ServerPlayer.heal:(F)V
        63: aload_2
        64: getstatic     #665                // Field kr/moonseungjun/villageguardians/VillageRole.RANGER:Lkr/moonseungjun/villageguardians/VillageRole;
        67: if_acmpne     347
        70: aload_0
        71: invokevirtual #1115               // Method net/neoforged/neoforge/event/entity/living/LivingIncomingDamageEvent.getSource:()Lnet/minecraft/world/damagesource/DamageSource;
        74: invokevirtual #1131               // Method net/minecraft/world/damagesource/DamageSource.getDirectEntity:()Lnet/minecraft/world/entity/Entity;
        77: astore        6
        79: aload         6
        81: instanceof    #705                // class net/minecraft/world/entity/projectile/arrow/AbstractArrow
        84: ifeq          347
        87: aload         6
        89: checkcast     #705                // class net/minecraft/world/entity/projectile/arrow/AbstractArrow
        92: astore_3
        93: aload_0
        94: invokevirtual #1142               // Method net/neoforged/neoforge/event/entity/living/LivingIncomingDamageEvent.getEntity:()Lnet/minecraft/world/entity/LivingEntity;
        97: astore        6
        99: aload         6
       101: instanceof    #707                // class net/minecraft/world/entity/Mob
       104: ifeq          347
       107: aload         6
       109: checkcast     #707                // class net/minecraft/world/entity/Mob
       112: astore        4
       114: getstatic     #27                 // Field RICOCHET_ARROWS:Ljava/util/Map;
       117: aload_3
       118: invokevirtual #1093               // Method net/minecraft/world/entity/projectile/arrow/AbstractArrow.getUUID:()Ljava/util/UUID;
       121: invokeinterface #420,  2          // InterfaceMethod java/util/Map.remove:(Ljava/lang/Object;)Ljava/lang/Object;
       126: ifnull        347
       129: aload_1
       130: invokevirtual #511                // Method net/minecraft/server/level/ServerPlayer.level:()Lnet/minecraft/server/level/ServerLevel;
       133: astore        6
       135: aload         6
       137: instanceof    #80                 // class net/minecraft/server/level/ServerLevel
       140: ifeq          347
       143: aload         6
       145: astore        5
       147: getstatic     #30                 // Field TRACKING_ARROWS:Ljava/util/Map;
       150: aload_3
       151: invokevirtual #1093               // Method net/minecraft/world/entity/projectile/arrow/AbstractArrow.getUUID:()Ljava/util/UUID;
       154: invokeinterface #420,  2          // InterfaceMethod java/util/Map.remove:(Ljava/lang/Object;)Ljava/lang/Object;
       159: pop
       160: aload         5
       162: aload_1
       163: aload         4
       165: invokevirtual #715                // Method net/minecraft/world/entity/Mob.position:()Lnet/minecraft/world/phys/Vec3;
       168: ldc2_w        #1145               // double 12.0d
       171: aload_1
       172: getstatic     #665                // Field kr/moonseungjun/villageguardians/VillageRole.RANGER:Lkr/moonseungjun/villageguardians/VillageRole;
       175: invokestatic  #668                // Method kr/moonseungjun/villageguardians/VillageRoleSkillSystem.specialRank:(Lnet/minecraft/server/level/ServerPlayer;Lkr/moonseungjun/villageguardians/VillageRole;)I
       178: invokestatic  #323                // Method areaRadius:(DI)D
       181: bipush        12
       183: invokestatic  #827                // Method targetsNear:(Lnet/minecraft/server/level/ServerLevel;Lnet/minecraft/server/level/ServerPlayer;Lnet/minecraft/world/phys/Vec3;DI)Ljava/util/List;
       186: astore        6
       188: aload         6
       190: aload         4
       192: invokeinterface #1147,  2         // InterfaceMethod java/util/List.remove:(Ljava/lang/Object;)Z
       197: pop
       198: aload         6
       200: aload         4
       202: dup
       203: invokestatic  #1149               // Method java/util/Objects.requireNonNull:(Ljava/lang/Object;)Ljava/lang/Object;
       206: pop
       207: invokedynamic #1154,  0           // InvokeDynamic #12:applyAsDouble:(Lnet/minecraft/world/entity/Mob;)Ljava/util/function/ToDoubleFunction;
       212: invokestatic  #1158               // InterfaceMethod java/util/Comparator.comparingDouble:(Ljava/util/function/ToDoubleFunction;)Ljava/util/Comparator;
       215: invokeinterface #1164,  2         // InterfaceMethod java/util/List.sort:(Ljava/util/Comparator;)V
       220: fconst_2
       221: aload_0
       222: invokevirtual #1135               // Method net/neoforged/neoforge/event/entity/living/LivingIncomingDamageEvent.getAmount:()F
       225: ldc           #178                // float 0.72f
       227: fmul
       228: invokestatic  #1168               // Method java/lang/Math.max:(FF)F
       231: fstore        7
       233: new           #1170               // class java/util/ArrayList
       236: dup
       237: invokespecial #1172               // Method java/util/ArrayList."<init>":()V
       240: astore        8
       242: iconst_0
       243: istore        9
       245: iload         9
       247: bipush        6
       249: aload         6
       251: invokeinterface #834,  1          // InterfaceMethod java/util/List.size:()I
       256: invokestatic  #196                // Method java/lang/Math.min:(II)I
       259: if_icmpge     337
       262: aload         6
       264: iload         9
       266: invokeinterface #841,  2          // InterfaceMethod java/util/List.get:(I)Ljava/lang/Object;
       271: checkcast     #707                // class net/minecraft/world/entity/Mob
       274: astore        10
       276: aload         8
       278: aload         10
       280: invokeinterface #242,  2          // InterfaceMethod java/util/List.add:(Ljava/lang/Object;)Z
       285: pop
       286: aload         5
       288: aload         10
       290: fload         7
       292: fconst_1
       293: iload         9
       295: i2f
       296: ldc_w         #1173               // float 0.09f
       299: fmul
       300: fsub
       301: fmul
       302: invokestatic  #859                // Method hurt:(Lnet/minecraft/server/level/ServerLevel;Lnet/minecraft/world/entity/Mob;F)V
       305: aload         5
       307: aload         10
       309: invokevirtual #715                // Method net/minecraft/world/entity/Mob.position:()Lnet/minecraft/world/phys/Vec3;
       312: getstatic     #1174               // Field net/minecraft/sounds/SoundEvents.ARROW_HIT:Lnet/minecraft/sounds/SoundEvent;
       315: ldc_w         #442                // float 0.55f
       318: ldc           #177                // float 1.2f
       320: iload         9
       322: i2f
       323: ldc_w         #1177               // float 0.06f
       326: fmul
       327: fadd
       328: invokestatic  #179                // Method play:(Lnet/minecraft/server/level/ServerLevel;Lnet/minecraft/world/phys/Vec3;Lnet/minecraft/sounds/SoundEvent;FF)V
       331: iinc          9, 1
       334: goto          245
       337: aload         5
       339: aload_1
       340: aload         4
       342: aload         8
       344: invokestatic  #1178               // Method kr/moonseungjun/villageguardians/VillageSkillEffectSystem.ricochet:(Lnet/minecraft/server/level/ServerLevel;Lnet/minecraft/server/level/ServerPlayer;Lnet/minecraft/world/entity/Mob;Ljava/util/List;)V
       347: aload_0
       348: invokevirtual #1142               // Method net/neoforged/neoforge/event/entity/living/LivingIncomingDamageEvent.getEntity:()Lnet/minecraft/world/entity/LivingEntity;
       351: astore_2
       352: aload_2
       353: instanceof    #86                 // class net/minecraft/server/level/ServerPlayer
       356: ifeq          393
       359: aload_2
       360: checkcast     #86                 // class net/minecraft/server/level/ServerPlayer
       363: astore_1
       364: aload_1
       365: invokevirtual #85                 // Method net/minecraft/server/level/ServerPlayer.getUUID:()Ljava/util/UUID;
       368: invokestatic  #617                // Method kr/moonseungjun/villageguardians/VillageCouncilState.roleOf:(Ljava/util/UUID;)Ljava/util/Optional;
       371: aconst_null
       372: invokevirtual #621                // Method java/util/Optional.orElse:(Ljava/lang/Object;)Ljava/lang/Object;
       375: getstatic     #626                // Field kr/moonseungjun/villageguardians/VillageRole.WARDEN:Lkr/moonseungjun/villageguardians/VillageRole;
       378: if_acmpne     393
       381: aload_0
       382: aload_0
       383: invokevirtual #1135               // Method net/neoforged/neoforge/event/entity/living/LivingIncomingDamageEvent.getAmount:()F
       386: ldc_w         #1182               // float 0.82f
       389: fmul
       390: invokevirtual #1183               // Method net/neoforged/neoforge/event/entity/living/LivingIncomingDamageEvent.setAmount:(F)V
       393: return

  public static void handleDeath(net.neoforged.neoforge.event.entity.living.LivingDeathEvent);
    Code:
         0: aload_0
         1: invokevirtual #1186               // Method net/neoforged/neoforge/event/entity/living/LivingDeathEvent.getSource:()Lnet/minecraft/world/damagesource/DamageSource;
         4: invokevirtual #1121               // Method net/minecraft/world/damagesource/DamageSource.getEntity:()Lnet/minecraft/world/entity/Entity;
         7: astore_2
         8: aload_2
         9: instanceof    #86                 // class net/minecraft/server/level/ServerPlayer
        12: ifeq          50
        15: aload_2
        16: checkcast     #86                 // class net/minecraft/server/level/ServerPlayer
        19: astore_1
        20: aload_1
        21: invokestatic  #1058               // Method isRangerContext:(Lnet/minecraft/server/level/ServerPlayer;)Z
        24: ifeq          50
        27: aload_0
        28: invokevirtual #1186               // Method net/neoforged/neoforge/event/entity/living/LivingDeathEvent.getSource:()Lnet/minecraft/world/damagesource/DamageSource;
        31: invokevirtual #1131               // Method net/minecraft/world/damagesource/DamageSource.getDirectEntity:()Lnet/minecraft/world/entity/Entity;
        34: instanceof    #705                // class net/minecraft/world/entity/projectile/arrow/AbstractArrow
        37: ifeq          50
        40: aload_0
        41: invokevirtual #1189               // Method net/neoforged/neoforge/event/entity/living/LivingDeathEvent.getEntity:()Lnet/minecraft/world/entity/LivingEntity;
        44: invokestatic  #1190               // Method kr/moonseungjun/villageguardians/VillageSkillTestSystem.isTestDummy:(Lnet/minecraft/world/entity/Entity;)Z
        47: ifeq          51
        50: return
        51: aload_1
        52: invokevirtual #1196               // Method net/minecraft/server/level/ServerPlayer.getInventory:()Lnet/minecraft/world/entity/player/Inventory;
        55: new           #642                // class net/minecraft/world/item/ItemStack
        58: dup
        59: getstatic     #1200               // Field net/minecraft/world/item/Items.ARROW:Lnet/minecraft/world/item/Item;
        62: invokespecial #1206               // Method net/minecraft/world/item/ItemStack."<init>":(Lnet/minecraft/world/level/ItemLike;)V
        65: invokevirtual #1209               // Method net/minecraft/world/entity/player/Inventory.add:(Lnet/minecraft/world/item/ItemStack;)Z
        68: pop
        69: return

  public static void handleKnockback(net.neoforged.neoforge.event.entity.living.LivingKnockBackEvent);
    Code:
         0: aload_0
         1: invokevirtual #1214               // Method net/neoforged/neoforge/event/entity/living/LivingKnockBackEvent.getEntity:()Lnet/minecraft/world/entity/LivingEntity;
         4: astore_2
         5: aload_2
         6: instanceof    #86                 // class net/minecraft/server/level/ServerPlayer
         9: ifeq          39
        12: aload_2
        13: checkcast     #86                 // class net/minecraft/server/level/ServerPlayer
        16: astore_1
        17: aload_1
        18: invokevirtual #85                 // Method net/minecraft/server/level/ServerPlayer.getUUID:()Ljava/util/UUID;
        21: invokestatic  #617                // Method kr/moonseungjun/villageguardians/VillageCouncilState.roleOf:(Ljava/util/UUID;)Ljava/util/Optional;
        24: aconst_null
        25: invokevirtual #621                // Method java/util/Optional.orElse:(Ljava/lang/Object;)Ljava/lang/Object;
        28: getstatic     #626                // Field kr/moonseungjun/villageguardians/VillageRole.WARDEN:Lkr/moonseungjun/villageguardians/VillageRole;
        31: if_acmpne     39
        34: aload_0
        35: iconst_1
        36: invokevirtual #1217               // Method net/neoforged/neoforge/event/entity/living/LivingKnockBackEvent.setCanceled:(Z)V
        39: return

  public static java.lang.String activeSkillHud(net.minecraft.server.level.ServerPlayer);
    Code:
         0: aload_0
         1: ifnonnull     8
         4: ldc_w         #1218               // String
         7: areturn
         8: aload_0
         9: invokevirtual #511                // Method net/minecraft/server/level/ServerPlayer.level:()Lnet/minecraft/server/level/ServerLevel;
        12: invokevirtual #79                 // Method net/minecraft/server/level/ServerLevel.getGameTime:()J
        15: lstore_1
        16: new           #1170               // class java/util/ArrayList
        19: dup
        20: invokespecial #1172               // Method java/util/ArrayList."<init>":()V
        23: astore_3
        24: aload_3
        25: ldc_w         #1220               // String §b신속 삼연사
        28: getstatic     #18                 // Field RAPID_UNTIL:Ljava/util/Map;
        31: aload_0
        32: invokevirtual #85                 // Method net/minecraft/server/level/ServerPlayer.getUUID:()Ljava/util/UUID;
        35: lconst_0
        36: invokestatic  #134                // Method java/lang/Long.valueOf:(J)Ljava/lang/Long;
        39: invokeinterface #524,  3          // InterfaceMethod java/util/Map.getOrDefault:(Ljava/lang/Object;Ljava/lang/Object;)Ljava/lang/Object;
        44: checkcast     #135                // class java/lang/Long
        47: invokevirtual #527                // Method java/lang/Long.longValue:()J
        50: lload_1
        51: invokestatic  #1222               // Method appendReady:(Ljava/util/List;Ljava/lang/String;JJ)V
        54: aload_3
        55: ldc_w         #1226               // String §e추적 도탄
        58: getstatic     #24                 // Field RICOCHET_UNTIL:Ljava/util/Map;
        61: aload_0
        62: invokevirtual #85                 // Method net/minecraft/server/level/ServerPlayer.getUUID:()Ljava/util/UUID;
        65: lconst_0
        66: invokestatic  #134                // Method java/lang/Long.valueOf:(J)Ljava/lang/Long;
        69: invokeinterface #524,  3          // InterfaceMethod java/util/Map.getOrDefault:(Ljava/lang/Object;Ljava/lang/Object;)Ljava/lang/Object;
        74: checkcast     #135                // class java/lang/Long
        77: invokevirtual #527                // Method java/lang/Long.longValue:()J
        80: lload_1
        81: invokestatic  #1222               // Method appendReady:(Ljava/util/List;Ljava/lang/String;JJ)V
        84: getstatic     #33                 // Field ARROW_RAIN_READY:Ljava/util/Map;
        87: aload_0
        88: invokevirtual #85                 // Method net/minecraft/server/level/ServerPlayer.getUUID:()Ljava/util/UUID;
        91: invokeinterface #567,  2          // InterfaceMethod java/util/Map.get:(Ljava/lang/Object;)Ljava/lang/Object;
        96: checkcast     #305                // class kr/moonseungjun/villageguardians/VillageRoleAbilitySystem$EmpoweredArrowState
        99: astore        4
       101: aload         4
       103: ifnull        119
       106: aload_3
       107: ldc_w         #1228               // String §9천공 화살비
       110: aload         4
       112: invokevirtual #1084               // Method kr/moonseungjun/villageguardians/VillageRoleAbilitySystem$EmpoweredArrowState.until:()J
       115: lload_1
       116: invokestatic  #1222               // Method appendReady:(Ljava/util/List;Ljava/lang/String;JJ)V
       119: getstatic     #36                 // Field MEGA_ARROW_READY:Ljava/util/Map;
       122: aload_0
       123: invokevirtual #85                 // Method net/minecraft/server/level/ServerPlayer.getUUID:()Ljava/util/UUID;
       126: invokeinterface #567,  2          // InterfaceMethod java/util/Map.get:(Ljava/lang/Object;)Ljava/lang/Object;
       131: checkcast     #305                // class kr/moonseungjun/villageguardians/VillageRoleAbilitySystem$EmpoweredArrowState
       134: astore        5
       136: aload         5
       138: ifnull        154
       141: aload_3
       142: ldc_w         #1230               // String §a성멸 대궁
       145: aload         5
       147: invokevirtual #1084               // Method kr/moonseungjun/villageguardians/VillageRoleAbilitySystem$EmpoweredArrowState.until:()J
       150: lload_1
       151: invokestatic  #1222               // Method appendReady:(Ljava/util/List;Ljava/lang/String;JJ)V
       154: aload_3
       155: ldc_w         #1232               // String §9거대 방패 태세
       158: getstatic     #39                 // Field FORTRESS_UNTIL:Ljava/util/Map;
       161: aload_0
       162: invokevirtual #85                 // Method net/minecraft/server/level/ServerPlayer.getUUID:()Ljava/util/UUID;
       165: lconst_0
       166: invokestatic  #134                // Method java/lang/Long.valueOf:(J)Ljava/lang/Long;
       169: invokeinterface #524,  3          // InterfaceMethod java/util/Map.getOrDefault:(Ljava/lang/Object;Ljava/lang/Object;)Ljava/lang/Object;
       174: checkcast     #135                // class java/lang/Long
       177: invokevirtual #527                // Method java/lang/Long.longValue:()J
       180: lload_1
       181: invokestatic  #1234               // Method appendTimed:(Ljava/util/List;Ljava/lang/String;JJ)V
       184: aload_3
       185: ldc_w         #1237               // String §3대수호 진군
       188: getstatic     #42                 // Field AEGIS_UNTIL:Ljava/util/Map;
       191: aload_0
       192: invokevirtual #85                 // Method net/minecraft/server/level/ServerPlayer.getUUID:()Ljava/util/UUID;
       195: lconst_0
       196: invokestatic  #134                // Method java/lang/Long.valueOf:(J)Ljava/lang/Long;
       199: invokeinterface #524,  3          // InterfaceMethod java/util/Map.getOrDefault:(Ljava/lang/Object;Ljava/lang/Object;)Ljava/lang/Object;
       204: checkcast     #135                // class java/lang/Long
       207: invokevirtual #527                // Method java/lang/Long.longValue:()J
       210: lload_1
       211: invokestatic  #1234               // Method appendTimed:(Ljava/util/List;Ljava/lang/String;JJ)V
       214: ldc_w         #1239               // String  §8·
       217: aload_3
       218: invokestatic  #1241               // Method java/lang/String.join:(Ljava/lang/CharSequence;Ljava/lang/Iterable;)Ljava/lang/String;
       221: areturn

  private static void appendReady(java.util.List<java.lang.String>, java.lang.String, long, long);
    Code:
         0: lload_2
         1: lload         4
         3: lcmp
         4: ifge          8
         7: return
         8: aload_0
         9: aload_1
        10: getstatic     #1247               // Field java/util/Locale.ROOT:Ljava/util/Locale;
        13: ldc_w         #1253               // String %.1f초
        16: iconst_1
        17: anewarray     #2                  // class java/lang/Object
        20: dup
        21: iconst_0
        22: lload_2
        23: lload         4
        25: lsub
        26: l2d
        27: ldc2_w        #1255               // double 20.0d
        30: ddiv
        31: invokestatic  #1257               // Method java/lang/Double.valueOf:(D)Ljava/lang/Double;
        34: aastore
        35: invokestatic  #1262               // Method java/lang/String.format:(Ljava/util/Locale;Ljava/lang/String;[Ljava/lang/Object;)Ljava/lang/String;
        38: invokedynamic #1266,  0           // InvokeDynamic #13:makeConcatWithConstants:(Ljava/lang/String;Ljava/lang/String;)Ljava/lang/String;
        43: invokeinterface #242,  2          // InterfaceMethod java/util/List.add:(Ljava/lang/Object;)Z
        48: pop
        49: return

  private static void appendTimed(java.util.List<java.lang.String>, java.lang.String, long, long);
    Code:
         0: lload_2
         1: lload         4
         3: lcmp
         4: ifge          8
         7: return
         8: aload_0
         9: aload_1
        10: getstatic     #1247               // Field java/util/Locale.ROOT:Ljava/util/Locale;
        13: ldc_w         #1253               // String %.1f초
        16: iconst_1
        17: anewarray     #2                  // class java/lang/Object
        20: dup
        21: iconst_0
        22: lload_2
        23: lload         4
        25: lsub
        26: l2d
        27: ldc2_w        #1255               // double 20.0d
        30: ddiv
        31: invokestatic  #1257               // Method java/lang/Double.valueOf:(D)Ljava/lang/Double;
        34: aastore
        35: invokestatic  #1262               // Method java/lang/String.format:(Ljava/util/Locale;Ljava/lang/String;[Ljava/lang/Object;)Ljava/lang/String;
        38: invokedynamic #1270,  0           // InvokeDynamic #14:makeConcatWithConstants:(Ljava/lang/String;Ljava/lang/String;)Ljava/lang/String;
        43: invokeinterface #242,  2          // InterfaceMethod java/util/List.add:(Ljava/lang/Object;)Z
        48: pop
        49: return

  public static boolean isRapidFire(net.minecraft.server.level.ServerPlayer);
    Code:
         0: aload_0
         1: ifnull        41
         4: getstatic     #18                 // Field RAPID_UNTIL:Ljava/util/Map;
         7: aload_0
         8: invokevirtual #85                 // Method net/minecraft/server/level/ServerPlayer.getUUID:()Ljava/util/UUID;
        11: lconst_0
        12: invokestatic  #134                // Method java/lang/Long.valueOf:(J)Ljava/lang/Long;
        15: invokeinterface #524,  3          // InterfaceMethod java/util/Map.getOrDefault:(Ljava/lang/Object;Ljava/lang/Object;)Ljava/lang/Object;
        20: checkcast     #135                // class java/lang/Long
        23: invokevirtual #527                // Method java/lang/Long.longValue:()J
        26: aload_0
        27: invokevirtual #511                // Method net/minecraft/server/level/ServerPlayer.level:()Lnet/minecraft/server/level/ServerLevel;
        30: invokevirtual #79                 // Method net/minecraft/server/level/ServerLevel.getGameTime:()J
        33: lcmp
        34: iflt          41
        37: iconst_1
        38: goto          42
        41: iconst_0
        42: ireturn

  public static boolean isFortress(net.minecraft.server.level.ServerPlayer);
    Code:
         0: aload_0
         1: ifnull        41
         4: getstatic     #39                 // Field FORTRESS_UNTIL:Ljava/util/Map;
         7: aload_0
         8: invokevirtual #85                 // Method net/minecraft/server/level/ServerPlayer.getUUID:()Ljava/util/UUID;
        11: lconst_0
        12: invokestatic  #134                // Method java/lang/Long.valueOf:(J)Ljava/lang/Long;
        15: invokeinterface #524,  3          // InterfaceMethod java/util/Map.getOrDefault:(Ljava/lang/Object;Ljava/lang/Object;)Ljava/lang/Object;
        20: checkcast     #135                // class java/lang/Long
        23: invokevirtual #527                // Method java/lang/Long.longValue:()J
        26: aload_0
        27: invokevirtual #511                // Method net/minecraft/server/level/ServerPlayer.level:()Lnet/minecraft/server/level/ServerLevel;
        30: invokevirtual #79                 // Method net/minecraft/server/level/ServerLevel.getGameTime:()J
        33: lcmp
        34: iflt          41
        37: iconst_1
        38: goto          42
        41: iconst_0
        42: ireturn

  private static void bladeWave(net.minecraft.server.level.ServerLevel, net.minecraft.server.level.ServerPlayer, float, int);
    Code:
         0: aload_1
         1: getstatic     #183                // Field net/minecraft/world/InteractionHand.MAIN_HAND:Lnet/minecraft/world/InteractionHand;
         4: iconst_1
         5: invokevirtual #189                // Method net/minecraft/server/level/ServerPlayer.swing:(Lnet/minecraft/world/InteractionHand;Z)V
         8: aload_1
         9: invokestatic  #107                // Method horizontalLook:(Lnet/minecraft/server/level/ServerPlayer;)Lnet/minecraft/world/phys/Vec3;
        12: astore        4
        14: aload_0
        15: aload_1
        16: aload         4
        18: invokestatic  #1271               // Method kr/moonseungjun/villageguardians/VillageSkillEffectSystem.bladeWave:(Lnet/minecraft/server/level/ServerLevel;Lnet/minecraft/server/level/ServerPlayer;Lnet/minecraft/world/phys/Vec3;)V
        21: aload_1
        22: invokevirtual #167                // Method net/minecraft/server/level/ServerPlayer.position:()Lnet/minecraft/world/phys/Vec3;
        25: dconst_0
        26: ldc2_w        #1274               // double 0.82d
        29: dconst_0
        30: invokevirtual #264                // Method net/minecraft/world/phys/Vec3.add:(DDD)Lnet/minecraft/world/phys/Vec3;
        33: aload         4
        35: dconst_1
        36: invokevirtual #256                // Method net/minecraft/world/phys/Vec3.scale:(D)Lnet/minecraft/world/phys/Vec3;
        39: invokevirtual #560                // Method net/minecraft/world/phys/Vec3.add:(Lnet/minecraft/world/phys/Vec3;)Lnet/minecraft/world/phys/Vec3;
        42: astore        5
        44: aload_0
        45: aload_1
        46: getstatic     #1276               // Field kr/moonseungjun/villageguardians/VillageRoleAbilitySystem$MovingKind.BLADE:Lkr/moonseungjun/villageguardians/VillageRoleAbilitySystem$MovingKind;
        49: getstatic     #1279               // Field net/minecraft/world/item/ItemStack.EMPTY:Lnet/minecraft/world/item/ItemStack;
        52: ldc2_w        #1283               // double 1.75d
        55: bipush        24
        57: ldc_w         #1285               // float 5.4f
        60: aload_1
        61: invokevirtual #85                 // Method net/minecraft/server/level/ServerPlayer.getUUID:()Ljava/util/UUID;
        64: invokestatic  #91                 // Method kr/moonseungjun/villageguardians/VillageCouncilState.levelOf:(Ljava/util/UUID;)I
        67: i2f
        68: ldc_w         #465                // float 0.3f
        71: fmul
        72: fadd
        73: fload_2
        74: fmul
        75: ldc2_w        #558                // double 1.45d
        78: iload_3
        79: aload         5
        81: aload         4
        83: invokestatic  #1286               // Method launchMovingAt:(Lnet/minecraft/server/level/ServerLevel;Lnet/minecraft/server/level/ServerPlayer;Lkr/moonseungjun/villageguardians/VillageRoleAbilitySystem$MovingKind;Lnet/minecraft/world/item/ItemStack;DIFDILnet/minecraft/world/phys/Vec3;Lnet/minecraft/world/phys/Vec3;)V
        86: aload_0
        87: aload_1
        88: invokevirtual #167                // Method net/minecraft/server/level/ServerPlayer.position:()Lnet/minecraft/world/phys/Vec3;
        91: getstatic     #171                // Field net/minecraft/sounds/SoundEvents.PLAYER_ATTACK_SWEEP:Lnet/minecraft/sounds/SoundEvent;
        94: fconst_1
        95: ldc_w         #900                // float 0.78f
        98: aload_1
        99: invokevirtual #455                // Method net/minecraft/server/level/ServerPlayer.getRandom:()Lnet/minecraft/util/RandomSource;
       102: invokeinterface #459,  1          // InterfaceMethod net/minecraft/util/RandomSource.nextFloat:()F
       107: ldc_w         #1290               // float 0.18f
       110: fmul
       111: fadd
       112: invokestatic  #179                // Method play:(Lnet/minecraft/server/level/ServerLevel;Lnet/minecraft/world/phys/Vec3;Lnet/minecraft/sounds/SoundEvent;FF)V
       115: return

  private static void groundSlam(net.minecraft.server.level.ServerLevel, net.minecraft.server.level.ServerPlayer, float, int);
    Code:
         0: aload_1
         1: getstatic     #183                // Field net/minecraft/world/InteractionHand.MAIN_HAND:Lnet/minecraft/world/InteractionHand;
         4: iconst_1
         5: invokevirtual #189                // Method net/minecraft/server/level/ServerPlayer.swing:(Lnet/minecraft/world/InteractionHand;Z)V
         8: ldc2_w        #361                // double 8.5d
        11: iload_3
        12: invokestatic  #323                // Method areaRadius:(DI)D
        15: dstore        4
        17: aload_0
        18: aload_1
        19: aload_1
        20: invokevirtual #167                // Method net/minecraft/server/level/ServerPlayer.position:()Lnet/minecraft/world/phys/Vec3;
        23: dload         4
        25: bipush        40
        27: ldc_w         #1291               // float 14.0f
        30: aload_1
        31: invokevirtual #85                 // Method net/minecraft/server/level/ServerPlayer.getUUID:()Ljava/util/UUID;
        34: invokestatic  #91                 // Method kr/moonseungjun/villageguardians/VillageCouncilState.levelOf:(Ljava/util/UUID;)I
        37: i2f
        38: ldc           #178                // float 0.72f
        40: fmul
        41: fadd
        42: fload_2
        43: fmul
        44: iconst_0
        45: ldc2_w        #262                // double 1.05d
        48: ldc2_w        #596                // double 0.38d
        51: invokestatic  #550                // Method damageRadius:(Lnet/minecraft/server/level/ServerLevel;Lnet/minecraft/server/level/ServerPlayer;Lnet/minecraft/world/phys/Vec3;DIFZDD)V
        54: aload_0
        55: aload_1
        56: dload         4
        58: iload_3
        59: invokestatic  #1292               // Method kr/moonseungjun/villageguardians/VillageSkillEffectSystem.slamImpact:(Lnet/minecraft/server/level/ServerLevel;Lnet/minecraft/server/level/ServerPlayer;DI)V
        62: aload_0
        63: aload_1
        64: invokevirtual #167                // Method net/minecraft/server/level/ServerPlayer.position:()Lnet/minecraft/world/phys/Vec3;
        67: getstatic     #1009               // Field net/minecraft/sounds/SoundEvents.GENERIC_EXPLODE:Lnet/minecraft/core/Holder$Reference;
        70: invokevirtual #376                // Method net/minecraft/core/Holder$Reference.value:()Ljava/lang/Object;
        73: checkcast     #298                // class net/minecraft/sounds/SoundEvent
        76: ldc_w         #1296               // float 1.5f
        79: ldc_w         #442                // float 0.55f
        82: invokestatic  #179                // Method play:(Lnet/minecraft/server/level/ServerLevel;Lnet/minecraft/world/phys/Vec3;Lnet/minecraft/sounds/SoundEvent;FF)V
        85: aload_0
        86: aload_1
        87: invokevirtual #167                // Method net/minecraft/server/level/ServerPlayer.position:()Lnet/minecraft/world/phys/Vec3;
        90: getstatic     #1297               // Field net/minecraft/sounds/SoundEvents.ANVIL_LAND:Lnet/minecraft/sounds/SoundEvent;
        93: ldc_w         #360                // float 1.1f
        96: ldc_w         #316                // float 0.62f
        99: invokestatic  #179                // Method play:(Lnet/minecraft/server/level/ServerLevel;Lnet/minecraft/world/phys/Vec3;Lnet/minecraft/sounds/SoundEvent;FF)V
       102: return

  private static void arrowRain(net.minecraft.server.level.ServerLevel, net.minecraft.server.level.ServerPlayer, net.minecraft.world.phys.Vec3, float, int);
    Code:
         0: ldc2_w        #361                // double 8.5d
         3: iload         4
         5: invokestatic  #323                // Method areaRadius:(DI)D
         8: dstore        5
        10: aload_0
        11: aload_1
        12: aload_2
        13: dload         5
        15: iload         4
        17: invokestatic  #1300               // Method kr/moonseungjun/villageguardians/VillageSkillEffectSystem.arrowRainImpact:(Lnet/minecraft/server/level/ServerLevel;Lnet/minecraft/server/level/ServerPlayer;Lnet/minecraft/world/phys/Vec3;DI)V
        20: ldc_w         #1304               // float 3.3f
        23: aload_1
        24: invokevirtual #85                 // Method net/minecraft/server/level/ServerPlayer.getUUID:()Ljava/util/UUID;
        27: invokestatic  #91                 // Method kr/moonseungjun/villageguardians/VillageCouncilState.levelOf:(Ljava/util/UUID;)I
        30: i2f
        31: ldc_w         #1290               // float 0.18f
        34: fmul
        35: fadd
        36: fload_3
        37: fmul
        38: fstore        7
        40: aload_0
        41: aload_1
        42: aload_2
        43: dload         5
        45: bipush        48
        47: invokestatic  #827                // Method targetsNear:(Lnet/minecraft/server/level/ServerLevel;Lnet/minecraft/server/level/ServerPlayer;Lnet/minecraft/world/phys/Vec3;DI)Ljava/util/List;
        50: invokeinterface #208,  1          // InterfaceMethod java/util/List.iterator:()Ljava/util/Iterator;
        55: astore        8
        57: aload         8
        59: invokeinterface #212,  1          // InterfaceMethod java/util/Iterator.hasNext:()Z
        64: ifeq          111
        67: aload         8
        69: invokeinterface #218,  1          // InterfaceMethod java/util/Iterator.next:()Ljava/lang/Object;
        74: checkcast     #707                // class net/minecraft/world/entity/Mob
        77: astore        9
        79: aload_0
        80: aload         9
        82: fload         7
        84: invokestatic  #859                // Method hurt:(Lnet/minecraft/server/level/ServerLevel;Lnet/minecraft/world/entity/Mob;F)V
        87: iload         4
        89: iconst_3
        90: if_icmplt     108
        93: aload         9
        95: aload         9
        97: invokevirtual #999                // Method net/minecraft/world/entity/Mob.getRemainingFireTicks:()I
       100: bipush        40
       102: invokestatic  #103                // Method java/lang/Math.max:(II)I
       105: invokevirtual #1002               // Method net/minecraft/world/entity/Mob.setRemainingFireTicks:(I)V
       108: goto          57
       111: aload_0
       112: aload_2
       113: getstatic     #1305               // Field net/minecraft/sounds/SoundEvents.ARROW_SHOOT:Lnet/minecraft/sounds/SoundEvent;
       116: ldc_w         #277                // float 0.8f
       119: ldc_w         #1308               // float 1.45f
       122: invokestatic  #179                // Method play:(Lnet/minecraft/server/level/ServerLevel;Lnet/minecraft/world/phys/Vec3;Lnet/minecraft/sounds/SoundEvent;FF)V
       125: return

  private static void launchEnergyArrow(net.minecraft.server.level.ServerLevel, net.minecraft.server.level.ServerPlayer, float, int);
    Code:
         0: aload_1
         1: invokevirtual #1309               // Method net/minecraft/server/level/ServerPlayer.stopUsingItem:()V
         4: aload_1
         5: getstatic     #183                // Field net/minecraft/world/InteractionHand.MAIN_HAND:Lnet/minecraft/world/InteractionHand;
         8: iconst_1
         9: invokevirtual #189                // Method net/minecraft/server/level/ServerPlayer.swing:(Lnet/minecraft/world/InteractionHand;Z)V
        12: aload_1
        13: invokestatic  #111                // Method lookDirection:(Lnet/minecraft/server/level/ServerPlayer;)Lnet/minecraft/world/phys/Vec3;
        16: astore        4
        18: aload_1
        19: invokevirtual #555                // Method net/minecraft/server/level/ServerPlayer.getEyePosition:()Lnet/minecraft/world/phys/Vec3;
        22: aload         4
        24: ldc2_w        #1312               // double 2.8d
        27: invokevirtual #256                // Method net/minecraft/world/phys/Vec3.scale:(D)Lnet/minecraft/world/phys/Vec3;
        30: invokevirtual #560                // Method net/minecraft/world/phys/Vec3.add:(Lnet/minecraft/world/phys/Vec3;)Lnet/minecraft/world/phys/Vec3;
        33: astore        5
        35: aload_0
        36: aload_1
        37: aload         5
        39: aload         4
        41: invokestatic  #1314               // Method kr/moonseungjun/villageguardians/VillageSkillEffectSystem.energyArrow:(Lnet/minecraft/server/level/ServerLevel;Lnet/minecraft/server/level/ServerPlayer;Lnet/minecraft/world/phys/Vec3;Lnet/minecraft/world/phys/Vec3;)V
        44: ldc_w         #1317               // float 31.0f
        47: aload_1
        48: invokevirtual #85                 // Method net/minecraft/server/level/ServerPlayer.getUUID:()Ljava/util/UUID;
        51: invokestatic  #91                 // Method kr/moonseungjun/villageguardians/VillageCouncilState.levelOf:(Ljava/util/UUID;)I
        54: i2f
        55: ldc_w         #278                // float 1.35f
        58: fmul
        59: fadd
        60: fload_2
        61: fmul
        62: fstore        6
        64: aload_0
        65: aload_1
        66: getstatic     #1318               // Field kr/moonseungjun/villageguardians/VillageRoleAbilitySystem$MovingKind.ENERGY_ARROW:Lkr/moonseungjun/villageguardians/VillageRoleAbilitySystem$MovingKind;
        69: new           #642                // class net/minecraft/world/item/ItemStack
        72: dup
        73: getstatic     #1321               // Field net/minecraft/world/item/Items.SPECTRAL_ARROW:Lnet/minecraft/world/item/Item;
        76: invokespecial #1206               // Method net/minecraft/world/item/ItemStack."<init>":(Lnet/minecraft/world/level/ItemLike;)V
        79: ldc2_w        #1324               // double 2.65d
        82: bipush        55
        84: fload         6
        86: ldc2_w        #1326               // double 5.0d
        89: iload_3
        90: aload         5
        92: aload         4
        94: invokestatic  #1286               // Method launchMovingAt:(Lnet/minecraft/server/level/ServerLevel;Lnet/minecraft/server/level/ServerPlayer;Lkr/moonseungjun/villageguardians/VillageRoleAbilitySystem$MovingKind;Lnet/minecraft/world/item/ItemStack;DIFDILnet/minecraft/world/phys/Vec3;Lnet/minecraft/world/phys/Vec3;)V
        97: aload_0
        98: aload_1
        99: invokevirtual #167                // Method net/minecraft/server/level/ServerPlayer.position:()Lnet/minecraft/world/phys/Vec3;
       102: getstatic     #1328               // Field net/minecraft/sounds/SoundEvents.ENDER_DRAGON_SHOOT:Lnet/minecraft/sounds/SoundEvent;
       105: ldc_w         #1308               // float 1.45f
       108: ldc_w         #900                // float 0.78f
       111: invokestatic  #179                // Method play:(Lnet/minecraft/server/level/ServerLevel;Lnet/minecraft/world/phys/Vec3;Lnet/minecraft/sounds/SoundEvent;FF)V
       114: return

  private static void shieldCharge(net.minecraft.server.level.ServerLevel, net.minecraft.server.level.ServerPlayer, float, int);
    Code:
         0: aload_1
         1: getstatic     #1331               // Field net/minecraft/world/InteractionHand.OFF_HAND:Lnet/minecraft/world/InteractionHand;
         4: iconst_1
         5: invokevirtual #189                // Method net/minecraft/server/level/ServerPlayer.swing:(Lnet/minecraft/world/InteractionHand;Z)V
         8: aload_0
         9: aload_1
        10: aload_1
        11: invokestatic  #107                // Method horizontalLook:(Lnet/minecraft/server/level/ServerPlayer;)Lnet/minecraft/world/phys/Vec3;
        14: invokestatic  #1334               // Method kr/moonseungjun/villageguardians/VillageSkillEffectSystem.shieldCharge:(Lnet/minecraft/server/level/ServerLevel;Lnet/minecraft/server/level/ServerPlayer;Lnet/minecraft/world/phys/Vec3;)V
        17: iconst_0
        18: istore        4
        20: iload         4
        22: iconst_5
        23: if_icmpge     140
        26: aload_1
        27: invokevirtual #167                // Method net/minecraft/server/level/ServerPlayer.position:()Lnet/minecraft/world/phys/Vec3;
        30: aload_1
        31: invokestatic  #107                // Method horizontalLook:(Lnet/minecraft/server/level/ServerPlayer;)Lnet/minecraft/world/phys/Vec3;
        34: dconst_1
        35: iload         4
        37: i2d
        38: ldc2_w        #1336               // double 1.2d
        41: dmul
        42: dadd
        43: invokevirtual #256                // Method net/minecraft/world/phys/Vec3.scale:(D)Lnet/minecraft/world/phys/Vec3;
        46: invokevirtual #560                // Method net/minecraft/world/phys/Vec3.add:(Lnet/minecraft/world/phys/Vec3;)Lnet/minecraft/world/phys/Vec3;
        49: astore        5
        51: aload_0
        52: aload_1
        53: aload         5
        55: ldc2_w        #1338               // double 2.3d
        58: bipush        12
        60: invokestatic  #827                // Method targetsNear:(Lnet/minecraft/server/level/ServerLevel;Lnet/minecraft/server/level/ServerPlayer;Lnet/minecraft/world/phys/Vec3;DI)Ljava/util/List;
        63: invokeinterface #208,  1          // InterfaceMethod java/util/List.iterator:()Ljava/util/Iterator;
        68: astore        6
        70: aload         6
        72: invokeinterface #212,  1          // InterfaceMethod java/util/Iterator.hasNext:()Z
        77: ifeq          134
        80: aload         6
        82: invokeinterface #218,  1          // InterfaceMethod java/util/Iterator.next:()Ljava/lang/Object;
        87: checkcast     #707                // class net/minecraft/world/entity/Mob
        90: astore        7
        92: aload_0
        93: aload         7
        95: ldc_w         #1340               // float 5.5f
        98: aload_1
        99: invokevirtual #85                 // Method net/minecraft/server/level/ServerPlayer.getUUID:()Ljava/util/UUID;
       102: invokestatic  #91                 // Method kr/moonseungjun/villageguardians/VillageCouncilState.levelOf:(Ljava/util/UUID;)I
       105: i2f
       106: ldc_w         #465                // float 0.3f
       109: fmul
       110: fadd
       111: fload_2
       112: fmul
       113: invokestatic  #859                // Method hurt:(Lnet/minecraft/server/level/ServerLevel;Lnet/minecraft/world/entity/Mob;F)V
       116: aload_1
       117: invokevirtual #167                // Method net/minecraft/server/level/ServerPlayer.position:()Lnet/minecraft/world/phys/Vec3;
       120: aload         7
       122: ldc2_w        #1341               // double 1.15d
       125: ldc2_w        #1343               // double 0.12d
       128: invokestatic  #1019               // Method knockFrom:(Lnet/minecraft/world/phys/Vec3;Lnet/minecraft/world/entity/Mob;DD)V
       131: goto          70
       134: iinc          4, 1
       137: goto          20
       140: aload_0
       141: aload_1
       142: invokevirtual #167                // Method net/minecraft/server/level/ServerPlayer.position:()Lnet/minecraft/world/phys/Vec3;
       145: getstatic     #438                // Field net/minecraft/sounds/SoundEvents.SHIELD_BLOCK:Lnet/minecraft/core/Holder$Reference;
       148: invokevirtual #376                // Method net/minecraft/core/Holder$Reference.value:()Ljava/lang/Object;
       151: checkcast     #298                // class net/minecraft/sounds/SoundEvent
       154: ldc_w         #392                // float 1.15f
       157: ldc_w         #1182               // float 0.82f
       160: invokestatic  #179                // Method play:(Lnet/minecraft/server/level/ServerLevel;Lnet/minecraft/world/phys/Vec3;Lnet/minecraft/sounds/SoundEvent;FF)V
       163: return

  private static void tauntShout(net.minecraft.server.level.ServerLevel, net.minecraft.server.level.ServerPlayer, float, int, int);
    Code:
         0: aload_1
         1: getstatic     #1331               // Field net/minecraft/world/InteractionHand.OFF_HAND:Lnet/minecraft/world/InteractionHand;
         4: iconst_1
         5: invokevirtual #189                // Method net/minecraft/server/level/ServerPlayer.swing:(Lnet/minecraft/world/InteractionHand;Z)V
         8: aload_0
         9: aload_1
        10: aload_1
        11: invokevirtual #167                // Method net/minecraft/server/level/ServerPlayer.position:()Lnet/minecraft/world/phys/Vec3;
        14: ldc2_w        #1255               // double 20.0d
        17: bipush        60
        19: invokestatic  #827                // Method targetsNear:(Lnet/minecraft/server/level/ServerLevel;Lnet/minecraft/server/level/ServerPlayer;Lnet/minecraft/world/phys/Vec3;DI)Ljava/util/List;
        22: invokeinterface #208,  1          // InterfaceMethod java/util/List.iterator:()Ljava/util/Iterator;
        27: astore        5
        29: aload         5
        31: invokeinterface #212,  1          // InterfaceMethod java/util/Iterator.hasNext:()Z
        36: ifeq          93
        39: aload         5
        41: invokeinterface #218,  1          // InterfaceMethod java/util/Iterator.next:()Ljava/lang/Object;
        46: checkcast     #707                // class net/minecraft/world/entity/Mob
        49: astore        6
        51: aload_0
        52: aload         6
        54: fload_2
        55: invokestatic  #859                // Method hurt:(Lnet/minecraft/server/level/ServerLevel;Lnet/minecraft/world/entity/Mob;F)V
        58: aload         6
        60: aload_1
        61: invokevirtual #1345               // Method net/minecraft/world/entity/Mob.setTarget:(Lnet/minecraft/world/entity/LivingEntity;)V
        64: aload         6
        66: new           #152                // class net/minecraft/world/effect/MobEffectInstance
        69: dup
        70: getstatic     #1349               // Field net/minecraft/world/effect/MobEffects.WEAKNESS:Lnet/minecraft/core/Holder;
        73: bipush        100
        75: iload_3
        76: invokestatic  #196                // Method java/lang/Math.min:(II)I
        79: iconst_1
        80: iconst_0
        81: iconst_0
        82: iconst_1
        83: invokespecial #160                // Method net/minecraft/world/effect/MobEffectInstance."<init>":(Lnet/minecraft/core/Holder;IIZZZ)V
        86: invokevirtual #866                // Method net/minecraft/world/entity/Mob.addEffect:(Lnet/minecraft/world/effect/MobEffectInstance;)Z
        89: pop
        90: goto          29
        93: aload_1
        94: new           #152                // class net/minecraft/world/effect/MobEffectInstance
        97: dup
        98: getstatic     #154                // Field net/minecraft/world/effect/MobEffects.RESISTANCE:Lnet/minecraft/core/Holder;
       101: bipush        100
       103: iload_3
       104: invokestatic  #196                // Method java/lang/Math.min:(II)I
       107: iconst_1
       108: iconst_0
       109: iconst_0
       110: iconst_1
       111: invokespecial #160                // Method net/minecraft/world/effect/MobEffectInstance."<init>":(Lnet/minecraft/core/Holder;IIZZZ)V
       114: invokevirtual #163                // Method net/minecraft/server/level/ServerPlayer.addEffect:(Lnet/minecraft/world/effect/MobEffectInstance;)Z
       117: pop
       118: aload_0
       119: aload_1
       120: invokevirtual #167                // Method net/minecraft/server/level/ServerPlayer.position:()Lnet/minecraft/world/phys/Vec3;
       123: getstatic     #222                // Field net/minecraft/sounds/SoundEvents.RAVAGER_ROAR:Lnet/minecraft/sounds/SoundEvent;
       126: ldc_w         #360                // float 1.1f
       129: ldc_w         #1352               // float 0.68f
       132: invokestatic  #179                // Method play:(Lnet/minecraft/server/level/ServerLevel;Lnet/minecraft/world/phys/Vec3;Lnet/minecraft/sounds/SoundEvent;FF)V
       135: return

  private static void healLowestAlly(net.minecraft.server.level.ServerPlayer, float, int, boolean);
    Code:
         0: aload_0
         1: ldc2_w        #1353               // double 24.0d
         4: invokestatic  #204                // Method allies:(Lnet/minecraft/server/level/ServerPlayer;D)Ljava/util/List;
         7: invokeinterface #1355,  1         // InterfaceMethod java/util/List.stream:()Ljava/util/stream/Stream;
        12: invokedynamic #1359,  0           // InvokeDynamic #15:applyAsDouble:()Ljava/util/function/ToDoubleFunction;
        17: invokestatic  #1158               // InterfaceMethod java/util/Comparator.comparingDouble:(Ljava/util/function/ToDoubleFunction;)Ljava/util/Comparator;
        20: invokeinterface #1362,  2         // InterfaceMethod java/util/stream/Stream.min:(Ljava/util/Comparator;)Ljava/util/Optional;
        25: aload_0
        26: invokevirtual #621                // Method java/util/Optional.orElse:(Ljava/lang/Object;)Ljava/lang/Object;
        29: checkcast     #86                 // class net/minecraft/server/level/ServerPlayer
        32: astore        4
        34: aload         4
        36: fload_1
        37: invokestatic  #907                // Method healScaled:(Lnet/minecraft/server/level/ServerPlayer;F)V
        40: iload_3
        41: ifne          49
        44: iload_2
        45: iconst_2
        46: if_icmplt     77
        49: aload         4
        51: new           #152                // class net/minecraft/world/effect/MobEffectInstance
        54: dup
        55: getstatic     #435                // Field net/minecraft/world/effect/MobEffects.ABSORPTION:Lnet/minecraft/core/Holder;
        58: bipush        120
        60: iconst_1
        61: iconst_3
        62: iload_2
        63: invokestatic  #196                // Method java/lang/Math.min:(II)I
        66: iadd
        67: iconst_0
        68: iconst_0
        69: iconst_1
        70: invokespecial #160                // Method net/minecraft/world/effect/MobEffectInstance."<init>":(Lnet/minecraft/core/Holder;IIZZZ)V
        73: invokevirtual #163                // Method net/minecraft/server/level/ServerPlayer.addEffect:(Lnet/minecraft/world/effect/MobEffectInstance;)Z
        76: pop
        77: aload         4
        79: invokevirtual #511                // Method net/minecraft/server/level/ServerPlayer.level:()Lnet/minecraft/server/level/ServerLevel;
        82: astore        6
        84: aload         6
        86: instanceof    #80                 // class net/minecraft/server/level/ServerLevel
        89: ifeq          121
        92: aload         6
        94: astore        5
        96: aload         5
        98: aload_0
        99: aload         4
       101: invokestatic  #1367               // Method kr/moonseungjun/villageguardians/VillageSkillEffectSystem.healLink:(Lnet/minecraft/server/level/ServerLevel;Lnet/minecraft/server/level/ServerPlayer;Lnet/minecraft/server/level/ServerPlayer;)V
       104: aload         5
       106: aload         4
       108: invokevirtual #167                // Method net/minecraft/server/level/ServerPlayer.position:()Lnet/minecraft/world/phys/Vec3;
       111: getstatic     #914                // Field net/minecraft/sounds/SoundEvents.AMETHYST_BLOCK_CHIME:Lnet/minecraft/sounds/SoundEvent;
       114: fconst_1
       115: ldc_w         #1371               // float 1.28f
       118: invokestatic  #179                // Method play:(Lnet/minecraft/server/level/ServerLevel;Lnet/minecraft/world/phys/Vec3;Lnet/minecraft/sounds/SoundEvent;FF)V
       121: return

  private static void cleanseAllies(net.minecraft.server.level.ServerPlayer, float, int);
    Code:
         0: aload_0
         1: ldc2_w        #1372               // double -1.0d
         4: invokestatic  #204                // Method allies:(Lnet/minecraft/server/level/ServerPlayer;D)Ljava/util/List;
         7: astore_3
         8: aload_3
         9: invokeinterface #208,  1          // InterfaceMethod java/util/List.iterator:()Ljava/util/Iterator;
        14: astore        4
        16: aload         4
        18: invokeinterface #212,  1          // InterfaceMethod java/util/Iterator.hasNext:()Z
        23: ifeq          101
        26: aload         4
        28: invokeinterface #218,  1          // InterfaceMethod java/util/Iterator.next:()Ljava/lang/Object;
        33: checkcast     #86                 // class net/minecraft/server/level/ServerPlayer
        36: astore        5
        38: aload         5
        40: getstatic     #1374               // Field net/minecraft/world/effect/MobEffects.POISON:Lnet/minecraft/core/Holder;
        43: invokevirtual #1377               // Method net/minecraft/server/level/ServerPlayer.removeEffect:(Lnet/minecraft/core/Holder;)Z
        46: pop
        47: aload         5
        49: getstatic     #1381               // Field net/minecraft/world/effect/MobEffects.WITHER:Lnet/minecraft/core/Holder;
        52: invokevirtual #1377               // Method net/minecraft/server/level/ServerPlayer.removeEffect:(Lnet/minecraft/core/Holder;)Z
        55: pop
        56: aload         5
        58: getstatic     #1349               // Field net/minecraft/world/effect/MobEffects.WEAKNESS:Lnet/minecraft/core/Holder;
        61: invokevirtual #1377               // Method net/minecraft/server/level/ServerPlayer.removeEffect:(Lnet/minecraft/core/Holder;)Z
        64: pop
        65: aload         5
        67: getstatic     #863                // Field net/minecraft/world/effect/MobEffects.SLOWNESS:Lnet/minecraft/core/Holder;
        70: invokevirtual #1377               // Method net/minecraft/server/level/ServerPlayer.removeEffect:(Lnet/minecraft/core/Holder;)Z
        73: pop
        74: aload         5
        76: getstatic     #1384               // Field net/minecraft/world/effect/MobEffects.BLINDNESS:Lnet/minecraft/core/Holder;
        79: invokevirtual #1377               // Method net/minecraft/server/level/ServerPlayer.removeEffect:(Lnet/minecraft/core/Holder;)Z
        82: pop
        83: aload         5
        85: getstatic     #1387               // Field net/minecraft/world/effect/MobEffects.HUNGER:Lnet/minecraft/core/Holder;
        88: invokevirtual #1377               // Method net/minecraft/server/level/ServerPlayer.removeEffect:(Lnet/minecraft/core/Holder;)Z
        91: pop
        92: aload         5
        94: fload_1
        95: invokestatic  #907                // Method healScaled:(Lnet/minecraft/server/level/ServerPlayer;F)V
        98: goto          16
       101: aload_0
       102: invokevirtual #511                // Method net/minecraft/server/level/ServerPlayer.level:()Lnet/minecraft/server/level/ServerLevel;
       105: astore        5
       107: aload         5
       109: instanceof    #80                 // class net/minecraft/server/level/ServerLevel
       112: ifeq          142
       115: aload         5
       117: astore        4
       119: aload         4
       121: aload_0
       122: aload_3
       123: invokestatic  #1390               // Method kr/moonseungjun/villageguardians/VillageSkillEffectSystem.cleanse:(Lnet/minecraft/server/level/ServerLevel;Lnet/minecraft/server/level/ServerPlayer;Ljava/util/List;)V
       126: aload         4
       128: aload_0
       129: invokevirtual #167                // Method net/minecraft/server/level/ServerPlayer.position:()Lnet/minecraft/world/phys/Vec3;
       132: getstatic     #411                // Field net/minecraft/sounds/SoundEvents.BEACON_ACTIVATE:Lnet/minecraft/sounds/SoundEvent;
       135: fconst_1
       136: ldc_w         #278                // float 1.35f
       139: invokestatic  #179                // Method play:(Lnet/minecraft/server/level/ServerLevel;Lnet/minecraft/world/phys/Vec3;Lnet/minecraft/sounds/SoundEvent;FF)V
       142: return

  private static void miracle(net.minecraft.server.level.ServerPlayer, float, int, int);
    Code:
         0: aload_0
         1: invokevirtual #511                // Method net/minecraft/server/level/ServerPlayer.level:()Lnet/minecraft/server/level/ServerLevel;
         4: invokevirtual #1394               // Method net/minecraft/server/level/ServerLevel.getServer:()Lnet/minecraft/server/MinecraftServer;
         7: astore        4
         9: aload         4
        11: ifnonnull     15
        14: return
        15: aload         4
        17: invokevirtual #501                // Method net/minecraft/server/MinecraftServer.getPlayerList:()Lnet/minecraft/server/players/PlayerList;
        20: invokevirtual #505                // Method net/minecraft/server/players/PlayerList.getPlayers:()Ljava/util/List;
        23: invokeinterface #1355,  1         // InterfaceMethod java/util/List.stream:()Ljava/util/stream/Stream;
        28: aload_0
        29: invokedynamic #1398,  0           // InvokeDynamic #16:test:(Lnet/minecraft/server/level/ServerPlayer;)Ljava/util/function/Predicate;
        34: invokeinterface #1401,  2         // InterfaceMethod java/util/stream/Stream.filter:(Ljava/util/function/Predicate;)Ljava/util/stream/Stream;
        39: invokeinterface #1405,  1         // InterfaceMethod java/util/stream/Stream.toList:()Ljava/util/List;
        44: astore        5
        46: aload         5
        48: invokeinterface #208,  1          // InterfaceMethod java/util/List.iterator:()Ljava/util/Iterator;
        53: astore        6
        55: aload         6
        57: invokeinterface #212,  1          // InterfaceMethod java/util/Iterator.hasNext:()Z
        62: ifeq          160
        65: aload         6
        67: invokeinterface #218,  1          // InterfaceMethod java/util/Iterator.next:()Ljava/lang/Object;
        72: checkcast     #86                 // class net/minecraft/server/level/ServerPlayer
        75: astore        7
        77: aload         7
        79: invokestatic  #514                // Method kr/moonseungjun/villageguardians/VillageRespawnSystem.isDowned:(Lnet/minecraft/server/level/ServerPlayer;)Z
        82: ifeq          94
        85: aload         7
        87: ldc_w         #1408               // String 기적의 대성역
        90: invokestatic  #1410               // Method kr/moonseungjun/villageguardians/VillageRespawnSystem.reviveNow:(Lnet/minecraft/server/level/ServerPlayer;Ljava/lang/String;)Z
        93: pop
        94: aload         7
        96: fload_1
        97: invokestatic  #907                // Method healScaled:(Lnet/minecraft/server/level/ServerPlayer;F)V
       100: aload         7
       102: iconst_2
       103: iconst_3
       104: iload_2
       105: invokestatic  #196                // Method java/lang/Math.min:(II)I
       108: iadd
       109: invokestatic  #1414               // Method lowHealthAmplifier:(Lnet/minecraft/server/level/ServerPlayer;I)I
       112: istore        8
       114: aload         7
       116: new           #152                // class net/minecraft/world/effect/MobEffectInstance
       119: dup
       120: getstatic     #435                // Field net/minecraft/world/effect/MobEffects.ABSORPTION:Lnet/minecraft/core/Holder;
       123: iload_3
       124: iload         8
       126: iconst_0
       127: iconst_0
       128: iconst_1
       129: invokespecial #160                // Method net/minecraft/world/effect/MobEffectInstance."<init>":(Lnet/minecraft/core/Holder;IIZZZ)V
       132: invokevirtual #163                // Method net/minecraft/server/level/ServerPlayer.addEffect:(Lnet/minecraft/world/effect/MobEffectInstance;)Z
       135: pop
       136: aload         7
       138: new           #152                // class net/minecraft/world/effect/MobEffectInstance
       141: dup
       142: getstatic     #911                // Field net/minecraft/world/effect/MobEffects.REGENERATION:Lnet/minecraft/core/Holder;
       145: iload_3
       146: iconst_1
       147: iconst_0
       148: iconst_0
       149: iconst_1
       150: invokespecial #160                // Method net/minecraft/world/effect/MobEffectInstance."<init>":(Lnet/minecraft/core/Holder;IIZZZ)V
       153: invokevirtual #163                // Method net/minecraft/server/level/ServerPlayer.addEffect:(Lnet/minecraft/world/effect/MobEffectInstance;)Z
       156: pop
       157: goto          55
       160: aload_0
       161: invokevirtual #511                // Method net/minecraft/server/level/ServerPlayer.level:()Lnet/minecraft/server/level/ServerLevel;
       164: astore        7
       166: aload         7
       168: instanceof    #80                 // class net/minecraft/server/level/ServerLevel
       171: ifeq          218
       174: aload         7
       176: astore        6
       178: aload         6
       180: aload_0
       181: aload         5
       183: invokestatic  #1418               // Method kr/moonseungjun/villageguardians/VillageSkillEffectSystem.miracle:(Lnet/minecraft/server/level/ServerLevel;Lnet/minecraft/server/level/ServerPlayer;Ljava/util/List;)V
       186: aload         6
       188: aload_0
       189: invokevirtual #167                // Method net/minecraft/server/level/ServerPlayer.position:()Lnet/minecraft/world/phys/Vec3;
       192: getstatic     #411                // Field net/minecraft/sounds/SoundEvents.BEACON_ACTIVATE:Lnet/minecraft/sounds/SoundEvent;
       195: ldc_w         #441                // float 1.4f
       198: ldc_w         #1182               // float 0.82f
       201: invokestatic  #179                // Method play:(Lnet/minecraft/server/level/ServerLevel;Lnet/minecraft/world/phys/Vec3;Lnet/minecraft/sounds/SoundEvent;FF)V
       204: aload         6
       206: aload_0
       207: invokevirtual #167                // Method net/minecraft/server/level/ServerPlayer.position:()Lnet/minecraft/world/phys/Vec3;
       210: getstatic     #1420               // Field net/minecraft/sounds/SoundEvents.TOTEM_USE:Lnet/minecraft/sounds/SoundEvent;
       213: fconst_1
       214: fconst_1
       215: invokestatic  #179                // Method play:(Lnet/minecraft/server/level/ServerLevel;Lnet/minecraft/world/phys/Vec3;Lnet/minecraft/sounds/SoundEvent;FF)V
       218: return

  private static void healScaled(net.minecraft.server.level.ServerPlayer, float);
    Code:
         0: fconst_1
         1: aload_0
         2: invokevirtual #1423               // Method net/minecraft/server/level/ServerPlayer.getHealth:()F
         5: fconst_1
         6: aload_0
         7: invokevirtual #1426               // Method net/minecraft/server/level/ServerPlayer.getMaxHealth:()F
        10: invokestatic  #1168               // Method java/lang/Math.max:(FF)F
        13: fdiv
        14: fsub
        15: fstore_2
        16: aload_0
        17: invokevirtual #85                 // Method net/minecraft/server/level/ServerPlayer.getUUID:()Ljava/util/UUID;
        20: invokestatic  #617                // Method kr/moonseungjun/villageguardians/VillageCouncilState.roleOf:(Ljava/util/UUID;)Ljava/util/Optional;
        23: aconst_null
        24: invokevirtual #621                // Method java/util/Optional.orElse:(Ljava/lang/Object;)Ljava/lang/Object;
        27: getstatic     #1429               // Field kr/moonseungjun/villageguardians/VillageRole.LUMINAR:Lkr/moonseungjun/villageguardians/VillageRole;
        30: if_acmpne     37
        33: fconst_1
        34: goto          38
        37: fconst_1
        38: fstore_3
        39: fload_2
        40: ldc_w         #1432               // float 0.75f
        43: fcmpl
        44: iflt          56
        47: fload_3
        48: ldc_w         #1433               // float 1.75f
        51: fmul
        52: fstore_3
        53: goto          86
        56: fload_2
        57: ldc_w         #1434               // float 0.5f
        60: fcmpl
        61: iflt          73
        64: fload_3
        65: ldc_w         #1308               // float 1.45f
        68: fmul
        69: fstore_3
        70: goto          86
        73: fload_2
        74: ldc_w         #430                // float 0.25f
        77: fcmpl
        78: iflt          86
        81: fload_3
        82: ldc           #177                // float 1.2f
        84: fmul
        85: fstore_3
        86: aload_0
        87: fload_1
        88: fload_3
        89: fmul
        90: invokevirtual #631                // Method net/minecraft/server/level/ServerPlayer.heal:(F)V
        93: return

  private static int lowHealthAmplifier(net.minecraft.server.level.ServerPlayer, int);
    Code:
         0: aload_0
         1: invokevirtual #1423               // Method net/minecraft/server/level/ServerPlayer.getHealth:()F
         4: fconst_1
         5: aload_0
         6: invokevirtual #1426               // Method net/minecraft/server/level/ServerPlayer.getMaxHealth:()F
         9: invokestatic  #1168               // Method java/lang/Math.max:(FF)F
        12: fdiv
        13: fstore_2
        14: fload_2
        15: ldc_w         #430                // float 0.25f
        18: fcmpg
        19: ifgt          26
        22: iload_1
        23: iconst_2
        24: iadd
        25: ireturn
        26: fload_2
        27: ldc_w         #1434               // float 0.5f
        30: fcmpg
        31: ifgt          38
        34: iload_1
        35: iconst_1
        36: iadd
        37: ireturn
        38: iload_1
        39: ireturn

  private static void launchFireOrb(net.minecraft.server.level.ServerLevel, net.minecraft.server.level.ServerPlayer, double, int, float, double, int, net.minecraft.world.phys.Vec3);
    Code:
         0: aload         9
         2: invokevirtual #755                // Method net/minecraft/world/phys/Vec3.normalize:()Lnet/minecraft/world/phys/Vec3;
         5: astore        10
         7: aload_1
         8: invokevirtual #555                // Method net/minecraft/server/level/ServerPlayer.getEyePosition:()Lnet/minecraft/world/phys/Vec3;
        11: aload         10
        13: ldc2_w        #1435               // double 0.8d
        16: invokevirtual #256                // Method net/minecraft/world/phys/Vec3.scale:(D)Lnet/minecraft/world/phys/Vec3;
        19: invokevirtual #560                // Method net/minecraft/world/phys/Vec3.add:(Lnet/minecraft/world/phys/Vec3;)Lnet/minecraft/world/phys/Vec3;
        22: astore        11
        24: getstatic     #1437               // Field net/minecraft/world/entity/EntityTypes.SNOWBALL:Lnet/minecraft/world/entity/EntityType;
        27: aload_0
        28: getstatic     #1443               // Field net/minecraft/world/entity/EntitySpawnReason.EVENT:Lnet/minecraft/world/entity/EntitySpawnReason;
        31: invokevirtual #1449               // Method net/minecraft/world/entity/EntityType.create:(Lnet/minecraft/world/level/Level;Lnet/minecraft/world/entity/EntitySpawnReason;)Lnet/minecraft/world/entity/Entity;
        34: checkcast     #1455               // class net/minecraft/world/entity/projectile/throwableitemprojectile/Snowball
        37: astore        12
        39: aload         12
        41: ifnonnull     45
        44: return
        45: aload         12
        47: aload_1
        48: invokevirtual #1457               // Method net/minecraft/world/entity/projectile/throwableitemprojectile/Snowball.setOwner:(Lnet/minecraft/world/entity/Entity;)V
        51: aload         12
        53: getstatic     #1279               // Field net/minecraft/world/item/ItemStack.EMPTY:Lnet/minecraft/world/item/ItemStack;
        56: invokevirtual #1461               // Method net/minecraft/world/entity/projectile/throwableitemprojectile/Snowball.setItem:(Lnet/minecraft/world/item/ItemStack;)V
        59: aload         12
        61: iconst_1
        62: invokevirtual #1465               // Method net/minecraft/world/entity/projectile/throwableitemprojectile/Snowball.setInvisible:(Z)V
        65: aload         12
        67: aload         11
        69: getfield      #879                // Field net/minecraft/world/phys/Vec3.x:D
        72: aload         11
        74: getfield      #1468               // Field net/minecraft/world/phys/Vec3.y:D
        77: aload         11
        79: getfield      #883                // Field net/minecraft/world/phys/Vec3.z:D
        82: invokevirtual #1471               // Method net/minecraft/world/entity/projectile/throwableitemprojectile/Snowball.setPos:(DDD)V
        85: aload         12
        87: iconst_1
        88: invokevirtual #1474               // Method net/minecraft/world/entity/projectile/throwableitemprojectile/Snowball.setNoGravity:(Z)V
        91: aload         12
        93: aload         10
        95: dload_2
        96: invokevirtual #256                // Method net/minecraft/world/phys/Vec3.scale:(D)Lnet/minecraft/world/phys/Vec3;
        99: invokevirtual #1475               // Method net/minecraft/world/entity/projectile/throwableitemprojectile/Snowball.setDeltaMovement:(Lnet/minecraft/world/phys/Vec3;)V
       102: aload_0
       103: aload         12
       105: invokevirtual #1476               // Method net/minecraft/server/level/ServerLevel.addFreshEntity:(Lnet/minecraft/world/entity/Entity;)Z
       108: ifne          112
       111: return
       112: aload_0
       113: aload_1
       114: aload         11
       116: aload         10
       118: iload         4
       120: dload_2
       121: d2f
       122: iload         8
       124: invokestatic  #1479               // Method kr/moonseungjun/villageguardians/VillageSkillEffectSystem.fireOrb:(Lnet/minecraft/server/level/ServerLevel;Lnet/minecraft/server/level/ServerPlayer;Lnet/minecraft/world/phys/Vec3;Lnet/minecraft/world/phys/Vec3;IFI)Lkr/moonseungjun/villageguardians/VillageSkillEffectEntity;
       127: astore        13
       129: getstatic     #64                 // Field MOVING:Ljava/util/Map;
       132: aload         12
       134: invokevirtual #1483               // Method net/minecraft/world/entity/projectile/throwableitemprojectile/Snowball.getUUID:()Ljava/util/UUID;
       137: new           #917                // class kr/moonseungjun/villageguardians/VillageRoleAbilitySystem$MovingSkill
       140: dup
       141: aload_1
       142: invokevirtual #85                 // Method net/minecraft/server/level/ServerPlayer.getUUID:()Ljava/util/UUID;
       145: getstatic     #979                // Field kr/moonseungjun/villageguardians/VillageRoleAbilitySystem$MovingKind.FIRE_ORB:Lkr/moonseungjun/villageguardians/VillageRoleAbilitySystem$MovingKind;
       148: iload         4
       150: fload         5
       152: dload         6
       154: iload         8
       156: aload         11
       158: aload         13
       160: ifnonnull     167
       163: aconst_null
       164: goto          172
       167: aload         13
       169: invokevirtual #1484               // Method kr/moonseungjun/villageguardians/VillageSkillEffectEntity.getUUID:()Ljava/util/UUID;
       172: invokespecial #1487               // Method kr/moonseungjun/villageguardians/VillageRoleAbilitySystem$MovingSkill."<init>":(Ljava/util/UUID;Lkr/moonseungjun/villageguardians/VillageRoleAbilitySystem$MovingKind;IFDILnet/minecraft/world/phys/Vec3;Ljava/util/UUID;)V
       175: invokeinterface #140,  3          // InterfaceMethod java/util/Map.put:(Ljava/lang/Object;Ljava/lang/Object;)Ljava/lang/Object;
       180: pop
       181: return

  private static void launchMoving(net.minecraft.server.level.ServerLevel, net.minecraft.server.level.ServerPlayer, kr.moonseungjun.villageguardians.VillageRoleAbilitySystem$MovingKind, net.minecraft.world.item.ItemStack, double, int, float, double, int, net.minecraft.world.phys.Vec3);
    Code:
         0: aload_0
         1: aload_1
         2: aload_2
         3: aload_3
         4: dload         4
         6: iload         6
         8: fload         7
        10: dload         8
        12: iload         10
        14: aload_1
        15: invokevirtual #555                // Method net/minecraft/server/level/ServerPlayer.getEyePosition:()Lnet/minecraft/world/phys/Vec3;
        18: aload         11
        20: ldc2_w        #1435               // double 0.8d
        23: invokevirtual #256                // Method net/minecraft/world/phys/Vec3.scale:(D)Lnet/minecraft/world/phys/Vec3;
        26: invokevirtual #560                // Method net/minecraft/world/phys/Vec3.add:(Lnet/minecraft/world/phys/Vec3;)Lnet/minecraft/world/phys/Vec3;
        29: aload         11
        31: invokestatic  #1286               // Method launchMovingAt:(Lnet/minecraft/server/level/ServerLevel;Lnet/minecraft/server/level/ServerPlayer;Lkr/moonseungjun/villageguardians/VillageRoleAbilitySystem$MovingKind;Lnet/minecraft/world/item/ItemStack;DIFDILnet/minecraft/world/phys/Vec3;Lnet/minecraft/world/phys/Vec3;)V
        34: return

  private static void launchMovingAt(net.minecraft.server.level.ServerLevel, net.minecraft.server.level.ServerPlayer, kr.moonseungjun.villageguardians.VillageRoleAbilitySystem$MovingKind, net.minecraft.world.item.ItemStack, double, int, float, double, int, net.minecraft.world.phys.Vec3, net.minecraft.world.phys.Vec3);
    Code:
         0: getstatic     #1437               // Field net/minecraft/world/entity/EntityTypes.SNOWBALL:Lnet/minecraft/world/entity/EntityType;
         3: aload_0
         4: getstatic     #1443               // Field net/minecraft/world/entity/EntitySpawnReason.EVENT:Lnet/minecraft/world/entity/EntitySpawnReason;
         7: invokevirtual #1449               // Method net/minecraft/world/entity/EntityType.create:(Lnet/minecraft/world/level/Level;Lnet/minecraft/world/entity/EntitySpawnReason;)Lnet/minecraft/world/entity/Entity;
        10: checkcast     #1455               // class net/minecraft/world/entity/projectile/throwableitemprojectile/Snowball
        13: astore        13
        15: aload         13
        17: ifnonnull     21
        20: return
        21: aload         13
        23: aload_1
        24: invokevirtual #1457               // Method net/minecraft/world/entity/projectile/throwableitemprojectile/Snowball.setOwner:(Lnet/minecraft/world/entity/Entity;)V
        27: aload         13
        29: getstatic     #1279               // Field net/minecraft/world/item/ItemStack.EMPTY:Lnet/minecraft/world/item/ItemStack;
        32: invokevirtual #1461               // Method net/minecraft/world/entity/projectile/throwableitemprojectile/Snowball.setItem:(Lnet/minecraft/world/item/ItemStack;)V
        35: aload         13
        37: iconst_1
        38: invokevirtual #1465               // Method net/minecraft/world/entity/projectile/throwableitemprojectile/Snowball.setInvisible:(Z)V
        41: aload         13
        43: aload         11
        45: getfield      #879                // Field net/minecraft/world/phys/Vec3.x:D
        48: aload         11
        50: getfield      #1468               // Field net/minecraft/world/phys/Vec3.y:D
        53: aload         11
        55: getfield      #883                // Field net/minecraft/world/phys/Vec3.z:D
        58: invokevirtual #1471               // Method net/minecraft/world/entity/projectile/throwableitemprojectile/Snowball.setPos:(DDD)V
        61: aload         13
        63: iconst_1
        64: invokevirtual #1474               // Method net/minecraft/world/entity/projectile/throwableitemprojectile/Snowball.setNoGravity:(Z)V
        67: aload         13
        69: aload         12
        71: invokevirtual #755                // Method net/minecraft/world/phys/Vec3.normalize:()Lnet/minecraft/world/phys/Vec3;
        74: dload         4
        76: invokevirtual #256                // Method net/minecraft/world/phys/Vec3.scale:(D)Lnet/minecraft/world/phys/Vec3;
        79: invokevirtual #1475               // Method net/minecraft/world/entity/projectile/throwableitemprojectile/Snowball.setDeltaMovement:(Lnet/minecraft/world/phys/Vec3;)V
        82: aload_0
        83: aload         13
        85: invokevirtual #1476               // Method net/minecraft/server/level/ServerLevel.addFreshEntity:(Lnet/minecraft/world/entity/Entity;)Z
        88: ifne          92
        91: return
        92: getstatic     #64                 // Field MOVING:Ljava/util/Map;
        95: aload         13
        97: invokevirtual #1483               // Method net/minecraft/world/entity/projectile/throwableitemprojectile/Snowball.getUUID:()Ljava/util/UUID;
       100: new           #917                // class kr/moonseungjun/villageguardians/VillageRoleAbilitySystem$MovingSkill
       103: dup
       104: aload_1
       105: invokevirtual #85                 // Method net/minecraft/server/level/ServerPlayer.getUUID:()Ljava/util/UUID;
       108: aload_2
       109: iload         6
       111: fload         7
       113: dload         8
       115: iload         10
       117: aload         11
       119: aconst_null
       120: invokespecial #1487               // Method kr/moonseungjun/villageguardians/VillageRoleAbilitySystem$MovingSkill."<init>":(Ljava/util/UUID;Lkr/moonseungjun/villageguardians/VillageRoleAbilitySystem$MovingKind;IFDILnet/minecraft/world/phys/Vec3;Ljava/util/UUID;)V
       123: invokeinterface #140,  3          // InterfaceMethod java/util/Map.put:(Ljava/lang/Object;Ljava/lang/Object;)Ljava/lang/Object;
       128: pop
       129: return

  private static void spawnSideArrow(net.minecraft.server.level.ServerLevel, net.minecraft.server.level.ServerPlayer, net.minecraft.world.entity.projectile.arrow.AbstractArrow, double);
    Code:
         0: new           #1490               // class net/minecraft/world/entity/projectile/arrow/Arrow
         3: dup
         4: aload_0
         5: aload_1
         6: new           #642                // class net/minecraft/world/item/ItemStack
         9: dup
        10: getstatic     #1200               // Field net/minecraft/world/item/Items.ARROW:Lnet/minecraft/world/item/Item;
        13: invokespecial #1206               // Method net/minecraft/world/item/ItemStack."<init>":(Lnet/minecraft/world/level/ItemLike;)V
        16: new           #642                // class net/minecraft/world/item/ItemStack
        19: dup
        20: getstatic     #1492               // Field net/minecraft/world/item/Items.BOW:Lnet/minecraft/world/item/Item;
        23: invokespecial #1206               // Method net/minecraft/world/item/ItemStack."<init>":(Lnet/minecraft/world/level/ItemLike;)V
        26: invokespecial #1495               // Method net/minecraft/world/entity/projectile/arrow/Arrow."<init>":(Lnet/minecraft/world/level/Level;Lnet/minecraft/world/entity/LivingEntity;Lnet/minecraft/world/item/ItemStack;Lnet/minecraft/world/item/ItemStack;)V
        29: astore        5
        31: aload         5
        33: aload_2
        34: invokevirtual #1498               // Method net/minecraft/world/entity/projectile/arrow/AbstractArrow.getX:()D
        37: aload_2
        38: invokevirtual #1501               // Method net/minecraft/world/entity/projectile/arrow/AbstractArrow.getY:()D
        41: aload_2
        42: invokevirtual #1504               // Method net/minecraft/world/entity/projectile/arrow/AbstractArrow.getZ:()D
        45: invokevirtual #1507               // Method net/minecraft/world/entity/projectile/arrow/Arrow.setPos:(DDD)V
        48: aload_2
        49: invokevirtual #731                // Method net/minecraft/world/entity/projectile/arrow/AbstractArrow.getDeltaMovement:()Lnet/minecraft/world/phys/Vec3;
        52: dload_3
        53: invokestatic  #1508               // Method java/lang/Math.toRadians:(D)D
        56: invokestatic  #1511               // Method rotateY:(Lnet/minecraft/world/phys/Vec3;D)Lnet/minecraft/world/phys/Vec3;
        59: astore        6
        61: aload         5
        63: aload         6
        65: invokevirtual #1515               // Method net/minecraft/world/entity/projectile/arrow/Arrow.setDeltaMovement:(Lnet/minecraft/world/phys/Vec3;)V
        68: aload         5
        70: ldc2_w        #1516               // double 2.0d
        73: invokevirtual #1518               // Method net/minecraft/world/entity/projectile/arrow/Arrow.setBaseDamage:(D)V
        76: aload         5
        78: getstatic     #1522               // Field net/minecraft/world/entity/projectile/arrow/AbstractArrow$Pickup.DISALLOWED:Lnet/minecraft/world/entity/projectile/arrow/AbstractArrow$Pickup;
        81: putfield      #1528               // Field net/minecraft/world/entity/projectile/arrow/Arrow.pickup:Lnet/minecraft/world/entity/projectile/arrow/AbstractArrow$Pickup;
        84: iconst_1
        85: putstatic     #72                 // Field spawningGeneratedArrow:Z
        88: aload_0
        89: aload         5
        91: invokevirtual #1476               // Method net/minecraft/server/level/ServerLevel.addFreshEntity:(Lnet/minecraft/world/entity/Entity;)Z
        94: pop
        95: iconst_0
        96: putstatic     #72                 // Field spawningGeneratedArrow:Z
        99: goto          111
       102: astore        7
       104: iconst_0
       105: putstatic     #72                 // Field spawningGeneratedArrow:Z
       108: aload         7
       110: athrow
       111: return
      Exception table:
         from    to  target type
            88    95   102   any
           102   104   102   any

  private static net.minecraft.world.entity.Mob lockArrowOnTarget(net.minecraft.server.level.ServerLevel, net.minecraft.server.level.ServerPlayer, net.minecraft.world.entity.projectile.arrow.AbstractArrow);
    Code:
         0: aload_0
         1: aload_1
         2: aload_2
         3: invokevirtual #721                // Method net/minecraft/world/entity/projectile/arrow/AbstractArrow.position:()Lnet/minecraft/world/phys/Vec3;
         6: ldc2_w        #1531               // double 64.0d
         9: invokestatic  #1533               // Method bestAimTarget:(Lnet/minecraft/server/level/ServerLevel;Lnet/minecraft/server/level/ServerPlayer;Lnet/minecraft/world/phys/Vec3;D)Lnet/minecraft/world/entity/Mob;
        12: astore_3
        13: aload_3
        14: ifnonnull     19
        17: aconst_null
        18: areturn
        19: aload_3
        20: invokevirtual #715                // Method net/minecraft/world/entity/Mob.position:()Lnet/minecraft/world/phys/Vec3;
        23: dconst_0
        24: aload_3
        25: invokevirtual #716                // Method net/minecraft/world/entity/Mob.getBbHeight:()F
        28: f2d
        29: ldc2_w        #719                // double 0.58d
        32: dmul
        33: dconst_0
        34: invokevirtual #264                // Method net/minecraft/world/phys/Vec3.add:(DDD)Lnet/minecraft/world/phys/Vec3;
        37: astore        4
        39: aload         4
        41: aload_2
        42: invokevirtual #721                // Method net/minecraft/world/entity/projectile/arrow/AbstractArrow.position:()Lnet/minecraft/world/phys/Vec3;
        45: invokevirtual #722                // Method net/minecraft/world/phys/Vec3.subtract:(Lnet/minecraft/world/phys/Vec3;)Lnet/minecraft/world/phys/Vec3;
        48: astore        5
        50: aload         5
        52: invokevirtual #725                // Method net/minecraft/world/phys/Vec3.lengthSqr:()D
        55: ldc2_w        #749                // double 1.0E-5d
        58: dcmpg
        59: ifge          64
        62: aconst_null
        63: areturn
        64: ldc2_w        #729                // double 2.4d
        67: aload_2
        68: invokevirtual #731                // Method net/minecraft/world/entity/projectile/arrow/AbstractArrow.getDeltaMovement:()Lnet/minecraft/world/phys/Vec3;
        71: invokevirtual #734                // Method net/minecraft/world/phys/Vec3.length:()D
        74: invokestatic  #737                // Method java/lang/Math.max:(DD)D
        77: dstore        6
        79: aload_2
        80: iconst_1
        81: invokevirtual #751                // Method net/minecraft/world/entity/projectile/arrow/AbstractArrow.setNoGravity:(Z)V
        84: aload_2
        85: aload         5
        87: invokevirtual #755                // Method net/minecraft/world/phys/Vec3.normalize:()Lnet/minecraft/world/phys/Vec3;
        90: dload         6
        92: invokevirtual #256                // Method net/minecraft/world/phys/Vec3.scale:(D)Lnet/minecraft/world/phys/Vec3;
        95: invokevirtual #758                // Method net/minecraft/world/entity/projectile/arrow/AbstractArrow.setDeltaMovement:(Lnet/minecraft/world/phys/Vec3;)V
        98: aload_2
        99: iconst_1
       100: putfield      #759                // Field net/minecraft/world/entity/projectile/arrow/AbstractArrow.hurtMarked:Z
       103: aload_3
       104: areturn

  private static void aimAssist(net.minecraft.server.level.ServerLevel, net.minecraft.server.level.ServerPlayer, net.minecraft.world.entity.projectile.arrow.AbstractArrow, double);
    Code:
         0: aload_2
         1: invokevirtual #731                // Method net/minecraft/world/entity/projectile/arrow/AbstractArrow.getDeltaMovement:()Lnet/minecraft/world/phys/Vec3;
         4: astore        5
         6: aload         5
         8: invokevirtual #734                // Method net/minecraft/world/phys/Vec3.length:()D
        11: dstore        6
        13: dload         6
        15: ldc2_w        #1537               // double 0.1d
        18: dcmpg
        19: ifge          23
        22: return
        23: aload_0
        24: aload_1
        25: aload_2
        26: invokevirtual #721                // Method net/minecraft/world/entity/projectile/arrow/AbstractArrow.position:()Lnet/minecraft/world/phys/Vec3;
        29: ldc2_w        #1539               // double 48.0d
        32: invokestatic  #1533               // Method bestAimTarget:(Lnet/minecraft/server/level/ServerLevel;Lnet/minecraft/server/level/ServerPlayer;Lnet/minecraft/world/phys/Vec3;D)Lnet/minecraft/world/entity/Mob;
        35: astore        8
        37: aload         8
        39: ifnonnull     43
        42: return
        43: aload         8
        45: invokevirtual #715                // Method net/minecraft/world/entity/Mob.position:()Lnet/minecraft/world/phys/Vec3;
        48: dconst_0
        49: aload         8
        51: invokevirtual #716                // Method net/minecraft/world/entity/Mob.getBbHeight:()F
        54: f2d
        55: ldc2_w        #719                // double 0.58d
        58: dmul
        59: dconst_0
        60: invokevirtual #264                // Method net/minecraft/world/phys/Vec3.add:(DDD)Lnet/minecraft/world/phys/Vec3;
        63: astore        9
        65: aload         9
        67: aload_2
        68: invokevirtual #721                // Method net/minecraft/world/entity/projectile/arrow/AbstractArrow.position:()Lnet/minecraft/world/phys/Vec3;
        71: invokevirtual #722                // Method net/minecraft/world/phys/Vec3.subtract:(Lnet/minecraft/world/phys/Vec3;)Lnet/minecraft/world/phys/Vec3;
        74: invokevirtual #755                // Method net/minecraft/world/phys/Vec3.normalize:()Lnet/minecraft/world/phys/Vec3;
        77: astore        10
        79: dconst_0
        80: ldc2_w        #1541               // double 0.45d
        83: dload_3
        84: invokestatic  #744                // Method java/lang/Math.min:(DD)D
        87: invokestatic  #737                // Method java/lang/Math.max:(DD)D
        90: dstore        11
        92: aload         5
        94: invokevirtual #755                // Method net/minecraft/world/phys/Vec3.normalize:()Lnet/minecraft/world/phys/Vec3;
        97: dconst_1
        98: dload         11
       100: dsub
       101: invokevirtual #256                // Method net/minecraft/world/phys/Vec3.scale:(D)Lnet/minecraft/world/phys/Vec3;
       104: aload         10
       106: dload         11
       108: invokevirtual #256                // Method net/minecraft/world/phys/Vec3.scale:(D)Lnet/minecraft/world/phys/Vec3;
       111: invokevirtual #560                // Method net/minecraft/world/phys/Vec3.add:(Lnet/minecraft/world/phys/Vec3;)Lnet/minecraft/world/phys/Vec3;
       114: invokevirtual #755                // Method net/minecraft/world/phys/Vec3.normalize:()Lnet/minecraft/world/phys/Vec3;
       117: astore        13
       119: aload_2
       120: aload         13
       122: dload         6
       124: invokevirtual #256                // Method net/minecraft/world/phys/Vec3.scale:(D)Lnet/minecraft/world/phys/Vec3;
       127: invokevirtual #758                // Method net/minecraft/world/entity/projectile/arrow/AbstractArrow.setDeltaMovement:(Lnet/minecraft/world/phys/Vec3;)V
       130: aload_2
       131: iconst_1
       132: putfield      #759                // Field net/minecraft/world/entity/projectile/arrow/AbstractArrow.hurtMarked:Z
       135: return

  private static net.minecraft.world.entity.Mob bestAimTarget(net.minecraft.server.level.ServerLevel, net.minecraft.server.level.ServerPlayer, net.minecraft.world.phys.Vec3, double);
    Code:
         0: aload_1
         1: invokestatic  #111                // Method lookDirection:(Lnet/minecraft/server/level/ServerPlayer;)Lnet/minecraft/world/phys/Vec3;
         4: astore        5
         6: aload_0
         7: aload_1
         8: aload_1
         9: invokevirtual #167                // Method net/minecraft/server/level/ServerPlayer.position:()Lnet/minecraft/world/phys/Vec3;
        12: dload_3
        13: bipush        80
        15: invokestatic  #827                // Method targetsNear:(Lnet/minecraft/server/level/ServerLevel;Lnet/minecraft/server/level/ServerPlayer;Lnet/minecraft/world/phys/Vec3;DI)Ljava/util/List;
        18: invokeinterface #1355,  1         // InterfaceMethod java/util/List.stream:()Ljava/util/stream/Stream;
        23: aload_1
        24: dup
        25: invokestatic  #1149               // Method java/util/Objects.requireNonNull:(Ljava/lang/Object;)Ljava/lang/Object;
        28: pop
        29: invokedynamic #1543,  0           // InvokeDynamic #17:test:(Lnet/minecraft/server/level/ServerPlayer;)Ljava/util/function/Predicate;
        34: invokeinterface #1401,  2         // InterfaceMethod java/util/stream/Stream.filter:(Ljava/util/function/Predicate;)Ljava/util/stream/Stream;
        39: aload_2
        40: aload         5
        42: invokedynamic #1544,  0           // InvokeDynamic #18:test:(Lnet/minecraft/world/phys/Vec3;Lnet/minecraft/world/phys/Vec3;)Ljava/util/function/Predicate;
        47: invokeinterface #1401,  2         // InterfaceMethod java/util/stream/Stream.filter:(Ljava/util/function/Predicate;)Ljava/util/stream/Stream;
        52: aload_2
        53: aload         5
        55: invokedynamic #1547,  0           // InvokeDynamic #19:applyAsDouble:(Lnet/minecraft/world/phys/Vec3;Lnet/minecraft/world/phys/Vec3;)Ljava/util/function/ToDoubleFunction;
        60: invokestatic  #1158               // InterfaceMethod java/util/Comparator.comparingDouble:(Ljava/util/function/ToDoubleFunction;)Ljava/util/Comparator;
        63: invokeinterface #1362,  2         // InterfaceMethod java/util/stream/Stream.min:(Ljava/util/Comparator;)Ljava/util/Optional;
        68: aconst_null
        69: invokevirtual #621                // Method java/util/Optional.orElse:(Ljava/lang/Object;)Ljava/lang/Object;
        72: checkcast     #707                // class net/minecraft/world/entity/Mob
        75: areturn

  private static java.util.List<net.minecraft.world.entity.Mob> targetsNear(net.minecraft.server.level.ServerLevel, net.minecraft.server.level.ServerPlayer, net.minecraft.world.phys.Vec3, double, int);
    Code:
         0: aload_1
         1: invokestatic  #1550               // Method kr/moonseungjun/villageguardians/VillageSkillTestSystem.isEnabled:(Lnet/minecraft/server/level/ServerPlayer;)Z
         4: ifeq          28
         7: aload_0
         8: aload_1
         9: ldc2_w        #1553               // double 40.0d
        12: dload_3
        13: ldc2_w        #1113               // double 8.0d
        16: dadd
        17: invokestatic  #737                // Method java/lang/Math.max:(DD)D
        20: bipush        64
        22: invokestatic  #1555               // Method kr/moonseungjun/villageguardians/VillageSkillTestSystem.targetsNear:(Lnet/minecraft/server/level/ServerLevel;Lnet/minecraft/server/level/ServerPlayer;DI)Ljava/util/List;
        25: goto          41
        28: aload_0
        29: aload_2
        30: dload_3
        31: iload         5
        33: iconst_1
        34: invokestatic  #103                // Method java/lang/Math.max:(II)I
        37: aconst_null
        38: invokestatic  #1558               // Method kr/moonseungjun/villageguardians/VillageRaidSystem.activeEnemiesNear:(Lnet/minecraft/server/level/ServerLevel;Lnet/minecraft/world/phys/Vec3;DILjava/util/UUID;)Ljava/util/List;
        41: astore        6
        43: dload_3
        44: dload_3
        45: dmul
        46: dstore        7
        48: aload         6
        50: invokeinterface #1355,  1         // InterfaceMethod java/util/List.stream:()Ljava/util/stream/Stream;
        55: invokedynamic #1564,  0           // InvokeDynamic #20:test:()Ljava/util/function/Predicate;
        60: invokeinterface #1401,  2         // InterfaceMethod java/util/stream/Stream.filter:(Ljava/util/function/Predicate;)Ljava/util/stream/Stream;
        65: aload_2
        66: dload         7
        68: invokedynamic #1567,  0           // InvokeDynamic #21:test:(Lnet/minecraft/world/phys/Vec3;D)Ljava/util/function/Predicate;
        73: invokeinterface #1401,  2         // InterfaceMethod java/util/stream/Stream.filter:(Ljava/util/function/Predicate;)Ljava/util/stream/Stream;
        78: aload_2
        79: invokedynamic #1570,  0           // InvokeDynamic #22:applyAsDouble:(Lnet/minecraft/world/phys/Vec3;)Ljava/util/function/ToDoubleFunction;
        84: invokestatic  #1158               // InterfaceMethod java/util/Comparator.comparingDouble:(Ljava/util/function/ToDoubleFunction;)Ljava/util/Comparator;
        87: invokeinterface #1573,  2         // InterfaceMethod java/util/stream/Stream.sorted:(Ljava/util/Comparator;)Ljava/util/stream/Stream;
        92: invokeinterface #1405,  1         // InterfaceMethod java/util/stream/Stream.toList:()Ljava/util/List;
        97: astore        9
        99: aload         9
       101: invokeinterface #834,  1          // InterfaceMethod java/util/List.size:()I
       106: iload         5
       108: if_icmpgt     123
       111: new           #1170               // class java/util/ArrayList
       114: dup
       115: aload         9
       117: invokespecial #1577               // Method java/util/ArrayList."<init>":(Ljava/util/Collection;)V
       120: goto          140
       123: new           #1170               // class java/util/ArrayList
       126: dup
       127: aload         9
       129: iconst_0
       130: iload         5
       132: invokeinterface #1580,  3         // InterfaceMethod java/util/List.subList:(II)Ljava/util/List;
       137: invokespecial #1577               // Method java/util/ArrayList."<init>":(Ljava/util/Collection;)V
       140: areturn

  private static void damageRadius(net.minecraft.server.level.ServerLevel, net.minecraft.server.level.ServerPlayer, net.minecraft.world.phys.Vec3, double, int, float, boolean, double, double);
    Code:
         0: aload_0
         1: aload_1
         2: aload_2
         3: dload_3
         4: iload         5
         6: invokestatic  #827                // Method targetsNear:(Lnet/minecraft/server/level/ServerLevel;Lnet/minecraft/server/level/ServerPlayer;Lnet/minecraft/world/phys/Vec3;DI)Ljava/util/List;
         9: invokeinterface #208,  1          // InterfaceMethod java/util/List.iterator:()Ljava/util/Iterator;
        14: astore        12
        16: aload         12
        18: invokeinterface #212,  1          // InterfaceMethod java/util/Iterator.hasNext:()Z
        23: ifeq          93
        26: aload         12
        28: invokeinterface #218,  1          // InterfaceMethod java/util/Iterator.next:()Ljava/lang/Object;
        33: checkcast     #707                // class net/minecraft/world/entity/Mob
        36: astore        13
        38: aload_0
        39: aload         13
        41: fload         6
        43: invokestatic  #859                // Method hurt:(Lnet/minecraft/server/level/ServerLevel;Lnet/minecraft/world/entity/Mob;F)V
        46: iload         7
        48: ifeq          66
        51: aload         13
        53: aload         13
        55: invokevirtual #999                // Method net/minecraft/world/entity/Mob.getRemainingFireTicks:()I
        58: bipush        80
        60: invokestatic  #103                // Method java/lang/Math.max:(II)I
        63: invokevirtual #1002               // Method net/minecraft/world/entity/Mob.setRemainingFireTicks:(I)V
        66: dload         8
        68: dconst_0
        69: dcmpl
        70: ifgt          80
        73: dload         10
        75: dconst_0
        76: dcmpl
        77: ifle          90
        80: aload_2
        81: aload         13
        83: dload         8
        85: dload         10
        87: invokestatic  #1019               // Method knockFrom:(Lnet/minecraft/world/phys/Vec3;Lnet/minecraft/world/entity/Mob;DD)V
        90: goto          16
        93: return

  private static void pushFront(net.minecraft.server.level.ServerLevel, net.minecraft.server.level.ServerPlayer, double, int, double, double, float);
    Code:
         0: aload_1
         1: invokestatic  #107                // Method horizontalLook:(Lnet/minecraft/server/level/ServerPlayer;)Lnet/minecraft/world/phys/Vec3;
         4: astore        10
         6: aload_0
         7: aload_1
         8: aload_1
         9: invokevirtual #167                // Method net/minecraft/server/level/ServerPlayer.position:()Lnet/minecraft/world/phys/Vec3;
        12: dload_2
        13: ldc2_w        #1516               // double 2.0d
        16: dadd
        17: iload         4
        19: invokestatic  #827                // Method targetsNear:(Lnet/minecraft/server/level/ServerLevel;Lnet/minecraft/server/level/ServerPlayer;Lnet/minecraft/world/phys/Vec3;DI)Ljava/util/List;
        22: invokeinterface #208,  1          // InterfaceMethod java/util/List.iterator:()Ljava/util/Iterator;
        27: astore        11
        29: aload         11
        31: invokeinterface #212,  1          // InterfaceMethod java/util/Iterator.hasNext:()Z
        36: ifeq          144
        39: aload         11
        41: invokeinterface #218,  1          // InterfaceMethod java/util/Iterator.next:()Ljava/lang/Object;
        46: checkcast     #707                // class net/minecraft/world/entity/Mob
        49: astore        12
        51: aload         12
        53: invokevirtual #715                // Method net/minecraft/world/entity/Mob.position:()Lnet/minecraft/world/phys/Vec3;
        56: aload_1
        57: invokevirtual #167                // Method net/minecraft/server/level/ServerPlayer.position:()Lnet/minecraft/world/phys/Vec3;
        60: invokevirtual #722                // Method net/minecraft/world/phys/Vec3.subtract:(Lnet/minecraft/world/phys/Vec3;)Lnet/minecraft/world/phys/Vec3;
        63: astore        13
        65: aload         13
        67: invokevirtual #725                // Method net/minecraft/world/phys/Vec3.lengthSqr:()D
        70: ldc2_w        #889                // double 0.01d
        73: dcmpg
        74: iflt          29
        77: aload         13
        79: invokevirtual #755                // Method net/minecraft/world/phys/Vec3.normalize:()Lnet/minecraft/world/phys/Vec3;
        82: aload         10
        84: invokevirtual #1584               // Method net/minecraft/world/phys/Vec3.dot:(Lnet/minecraft/world/phys/Vec3;)D
        87: ldc2_w        #891                // double 0.2d
        90: dcmpg
        91: ifge          97
        94: goto          29
        97: fload         9
        99: fconst_0
       100: fcmpl
       101: ifle          112
       104: aload_0
       105: aload         12
       107: fload         9
       109: invokestatic  #859                // Method hurt:(Lnet/minecraft/server/level/ServerLevel;Lnet/minecraft/world/entity/Mob;F)V
       112: aload         12
       114: aload         10
       116: getfield      #879                // Field net/minecraft/world/phys/Vec3.x:D
       119: dload         5
       121: dmul
       122: dload         7
       124: aload         10
       126: getfield      #883                // Field net/minecraft/world/phys/Vec3.z:D
       129: dload         5
       131: dmul
       132: invokevirtual #893                // Method net/minecraft/world/entity/Mob.push:(DDD)V
       135: aload         12
       137: iconst_1
       138: putfield      #896                // Field net/minecraft/world/entity/Mob.hurtMarked:Z
       141: goto          29
       144: return

  private static void knockFrom(net.minecraft.world.phys.Vec3, net.minecraft.world.entity.Mob, double, double);
    Code:
         0: aload_1
         1: invokevirtual #715                // Method net/minecraft/world/entity/Mob.position:()Lnet/minecraft/world/phys/Vec3;
         4: aload_0
         5: invokevirtual #722                // Method net/minecraft/world/phys/Vec3.subtract:(Lnet/minecraft/world/phys/Vec3;)Lnet/minecraft/world/phys/Vec3;
         8: astore        6
        10: new           #257                // class net/minecraft/world/phys/Vec3
        13: dup
        14: aload         6
        16: getfield      #879                // Field net/minecraft/world/phys/Vec3.x:D
        19: dconst_0
        20: aload         6
        22: getfield      #883                // Field net/minecraft/world/phys/Vec3.z:D
        25: invokespecial #886                // Method net/minecraft/world/phys/Vec3."<init>":(DDD)V
        28: astore        7
        30: aload         7
        32: invokevirtual #725                // Method net/minecraft/world/phys/Vec3.lengthSqr:()D
        35: ldc2_w        #1587               // double 0.001d
        38: dcmpg
        39: ifge          54
        42: new           #257                // class net/minecraft/world/phys/Vec3
        45: dup
        46: dconst_0
        47: dconst_0
        48: dconst_1
        49: invokespecial #886                // Method net/minecraft/world/phys/Vec3."<init>":(DDD)V
        52: astore        7
        54: aload         7
        56: invokevirtual #755                // Method net/minecraft/world/phys/Vec3.normalize:()Lnet/minecraft/world/phys/Vec3;
        59: dload_2
        60: invokevirtual #256                // Method net/minecraft/world/phys/Vec3.scale:(D)Lnet/minecraft/world/phys/Vec3;
        63: astore        7
        65: aload_1
        66: aload         7
        68: getfield      #879                // Field net/minecraft/world/phys/Vec3.x:D
        71: dload         4
        73: aload         7
        75: getfield      #883                // Field net/minecraft/world/phys/Vec3.z:D
        78: invokevirtual #893                // Method net/minecraft/world/entity/Mob.push:(DDD)V
        81: aload_1
        82: iconst_1
        83: putfield      #896                // Field net/minecraft/world/entity/Mob.hurtMarked:Z
        86: return

  private static void hurt(net.minecraft.server.level.ServerLevel, net.minecraft.world.entity.Mob, float);
    Code:
         0: aload_1
         1: aload_0
         2: aload_0
         3: invokevirtual #1589               // Method net/minecraft/server/level/ServerLevel.damageSources:()Lnet/minecraft/world/damagesource/DamageSources;
         6: invokevirtual #1593               // Method net/minecraft/world/damagesource/DamageSources.magic:()Lnet/minecraft/world/damagesource/DamageSource;
         9: ldc_w         #1598               // float 0.1f
        12: fload_2
        13: invokestatic  #1168               // Method java/lang/Math.max:(FF)F
        16: invokevirtual #1599               // Method net/minecraft/world/entity/Mob.hurtServer:(Lnet/minecraft/server/level/ServerLevel;Lnet/minecraft/world/damagesource/DamageSource;F)Z
        19: pop
        20: return

  private static java.util.List<net.minecraft.server.level.ServerPlayer> allies(net.minecraft.server.level.ServerPlayer, double);
    Code:
         0: aload_0
         1: invokevirtual #511                // Method net/minecraft/server/level/ServerPlayer.level:()Lnet/minecraft/server/level/ServerLevel;
         4: invokevirtual #1394               // Method net/minecraft/server/level/ServerLevel.getServer:()Lnet/minecraft/server/MinecraftServer;
         7: astore_3
         8: aload_3
         9: ifnonnull     17
        12: aload_0
        13: invokestatic  #1603               // InterfaceMethod java/util/List.of:(Ljava/lang/Object;)Ljava/util/List;
        16: areturn
        17: dload_1
        18: dconst_0
        19: dcmpg
        20: ifge          29
        23: ldc2_w        #1607               // double 1.7976931348623157E308d
        26: goto          32
        29: dload_1
        30: dload_1
        31: dmul
        32: dstore        4
        34: aload_3
        35: invokevirtual #501                // Method net/minecraft/server/MinecraftServer.getPlayerList:()Lnet/minecraft/server/players/PlayerList;
        38: invokevirtual #505                // Method net/minecraft/server/players/PlayerList.getPlayers:()Ljava/util/List;
        41: invokeinterface #1355,  1         // InterfaceMethod java/util/List.stream:()Ljava/util/stream/Stream;
        46: aload_0
        47: invokedynamic #1609,  0           // InvokeDynamic #23:test:(Lnet/minecraft/server/level/ServerPlayer;)Ljava/util/function/Predicate;
        52: invokeinterface #1401,  2         // InterfaceMethod java/util/stream/Stream.filter:(Ljava/util/function/Predicate;)Ljava/util/stream/Stream;
        57: aload_0
        58: dload         4
        60: invokedynamic #1610,  0           // InvokeDynamic #24:test:(Lnet/minecraft/server/level/ServerPlayer;D)Ljava/util/function/Predicate;
        65: invokeinterface #1401,  2         // InterfaceMethod java/util/stream/Stream.filter:(Ljava/util/function/Predicate;)Ljava/util/stream/Stream;
        70: invokeinterface #1405,  1         // InterfaceMethod java/util/stream/Stream.toList:()Ljava/util/List;
        75: areturn

  private static java.util.List<net.minecraft.server.level.ServerPlayer> alliesAt(net.minecraft.server.level.ServerPlayer, net.minecraft.world.phys.Vec3, double);
    Code:
         0: aload_0
         1: invokevirtual #511                // Method net/minecraft/server/level/ServerPlayer.level:()Lnet/minecraft/server/level/ServerLevel;
         4: invokevirtual #1394               // Method net/minecraft/server/level/ServerLevel.getServer:()Lnet/minecraft/server/MinecraftServer;
         7: astore        4
         9: aload         4
        11: ifnonnull     19
        14: aload_0
        15: invokestatic  #1603               // InterfaceMethod java/util/List.of:(Ljava/lang/Object;)Ljava/util/List;
        18: areturn
        19: dload_2
        20: dload_2
        21: dmul
        22: dstore        5
        24: aload         4
        26: invokevirtual #501                // Method net/minecraft/server/MinecraftServer.getPlayerList:()Lnet/minecraft/server/players/PlayerList;
        29: invokevirtual #505                // Method net/minecraft/server/players/PlayerList.getPlayers:()Ljava/util/List;
        32: invokeinterface #1355,  1         // InterfaceMethod java/util/List.stream:()Ljava/util/stream/Stream;
        37: aload_0
        38: invokedynamic #1613,  0           // InvokeDynamic #25:test:(Lnet/minecraft/server/level/ServerPlayer;)Ljava/util/function/Predicate;
        43: invokeinterface #1401,  2         // InterfaceMethod java/util/stream/Stream.filter:(Ljava/util/function/Predicate;)Ljava/util/stream/Stream;
        48: aload_1
        49: dload         5
        51: invokedynamic #1614,  0           // InvokeDynamic #26:test:(Lnet/minecraft/world/phys/Vec3;D)Ljava/util/function/Predicate;
        56: invokeinterface #1401,  2         // InterfaceMethod java/util/stream/Stream.filter:(Ljava/util/function/Predicate;)Ljava/util/stream/Stream;
        61: invokeinterface #1405,  1         // InterfaceMethod java/util/stream/Stream.toList:()Ljava/util/List;
        66: areturn

  private static net.minecraft.world.phys.Vec3 aimedGround(net.minecraft.server.level.ServerLevel, net.minecraft.server.level.ServerPlayer, double);
    Code:
         0: aload_0
         1: aload_1
         2: dload_2
         3: invokestatic  #1615               // Method aimPoint:(Lnet/minecraft/server/level/ServerLevel;Lnet/minecraft/server/level/ServerPlayer;D)Lnet/minecraft/world/phys/Vec3;
         6: astore        4
         8: aload         4
        10: dconst_0
        11: ldc2_w        #1145               // double 12.0d
        14: dconst_0
        15: invokevirtual #264                // Method net/minecraft/world/phys/Vec3.add:(DDD)Lnet/minecraft/world/phys/Vec3;
        18: astore        5
        20: aload         4
        22: dconst_0
        23: ldc2_w        #1618               // double -48.0d
        26: dconst_0
        27: invokevirtual #264                // Method net/minecraft/world/phys/Vec3.add:(DDD)Lnet/minecraft/world/phys/Vec3;
        30: astore        6
        32: aload_0
        33: new           #932                // class net/minecraft/world/level/ClipContext
        36: dup
        37: aload         5
        39: aload         6
        41: getstatic     #934                // Field net/minecraft/world/level/ClipContext$Block.COLLIDER:Lnet/minecraft/world/level/ClipContext$Block;
        44: getstatic     #940                // Field net/minecraft/world/level/ClipContext$Fluid.NONE:Lnet/minecraft/world/level/ClipContext$Fluid;
        47: aload_1
        48: invokespecial #946                // Method net/minecraft/world/level/ClipContext."<init>":(Lnet/minecraft/world/phys/Vec3;Lnet/minecraft/world/phys/Vec3;Lnet/minecraft/world/level/ClipContext$Block;Lnet/minecraft/world/level/ClipContext$Fluid;Lnet/minecraft/world/entity/Entity;)V
        51: invokevirtual #949                // Method net/minecraft/server/level/ServerLevel.clip:(Lnet/minecraft/world/level/ClipContext;)Lnet/minecraft/world/phys/BlockHitResult;
        54: astore        7
        56: aload         7
        58: invokevirtual #953                // Method net/minecraft/world/phys/BlockHitResult.getType:()Lnet/minecraft/world/phys/HitResult$Type;
        61: getstatic     #1620               // Field net/minecraft/world/phys/HitResult$Type.MISS:Lnet/minecraft/world/phys/HitResult$Type;
        64: if_acmpne     93
        67: new           #257                // class net/minecraft/world/phys/Vec3
        70: dup
        71: aload         4
        73: getfield      #879                // Field net/minecraft/world/phys/Vec3.x:D
        76: aload_1
        77: invokevirtual #1623               // Method net/minecraft/server/level/ServerPlayer.getY:()D
        80: ldc2_w        #1624               // double 0.02d
        83: dadd
        84: aload         4
        86: getfield      #883                // Field net/minecraft/world/phys/Vec3.z:D
        89: invokespecial #886                // Method net/minecraft/world/phys/Vec3."<init>":(DDD)V
        92: areturn
        93: aload         7
        95: invokevirtual #965                // Method net/minecraft/world/phys/BlockHitResult.getLocation:()Lnet/minecraft/world/phys/Vec3;
        98: dconst_0
        99: ldc2_w        #1624               // double 0.02d
       102: dconst_0
       103: invokevirtual #264                // Method net/minecraft/world/phys/Vec3.add:(DDD)Lnet/minecraft/world/phys/Vec3;
       106: areturn

  private static void activateArrowRain(net.minecraft.server.level.ServerLevel, net.minecraft.server.level.ServerPlayer, float, int);
    Code:
         0: aload_0
         1: invokevirtual #79                 // Method net/minecraft/server/level/ServerLevel.getGameTime:()J
         4: lstore        4
         6: ldc2_w        #361                // double 8.5d
         9: iload_3
        10: invokestatic  #323                // Method areaRadius:(DI)D
        13: dstore        6
        15: aload_0
        16: aload_1
        17: ldc2_w        #363                // double 30.0d
        20: iload_3
        21: invokestatic  #335                // Method maximumRange:(DI)D
        24: invokestatic  #338                // Method aimedGround:(Lnet/minecraft/server/level/ServerLevel;Lnet/minecraft/server/level/ServerPlayer;D)Lnet/minecraft/world/phys/Vec3;
        27: astore        8
        29: bipush        42
        31: istore        9
        33: aload_0
        34: aload_1
        35: aload         8
        37: iload         9
        39: dload         6
        41: iload_3
        42: invokestatic  #1626               // Method kr/moonseungjun/villageguardians/VillageSkillEffectSystem.arrowRainField:(Lnet/minecraft/server/level/ServerLevel;Lnet/minecraft/server/level/ServerPlayer;Lnet/minecraft/world/phys/Vec3;IDI)V
        45: iconst_0
        46: istore        10
        48: iload         10
        50: bipush        8
        52: if_icmpge     109
        55: getstatic     #54                 // Field SCHEDULED:Ljava/util/List;
        58: new           #229                // class kr/moonseungjun/villageguardians/VillageRoleAbilitySystem$ScheduledAction
        61: dup
        62: lload         4
        64: ldc2_w        #285                // long 2l
        67: ladd
        68: iload         10
        70: i2l
        71: ldc2_w        #231                // long 4l
        74: lmul
        75: ladd
        76: aload_1
        77: invokevirtual #85                 // Method net/minecraft/server/level/ServerPlayer.getUUID:()Ljava/util/UUID;
        80: getstatic     #1629               // Field kr/moonseungjun/villageguardians/VillageRoleSkillSystem$ActiveSkill.RANGER_RICOCHET:Lkr/moonseungjun/villageguardians/VillageRoleSkillSystem$ActiveSkill;
        83: getstatic     #1632               // Field kr/moonseungjun/villageguardians/VillageRoleAbilitySystem$ActionKind.ARROW_RAIN:Lkr/moonseungjun/villageguardians/VillageRoleAbilitySystem$ActionKind;
        86: fload_2
        87: fconst_1
        88: iload_3
        89: aload         8
        91: getstatic     #590                // Field net/minecraft/world/phys/Vec3.ZERO:Lnet/minecraft/world/phys/Vec3;
        94: invokespecial #239                // Method kr/moonseungjun/villageguardians/VillageRoleAbilitySystem$ScheduledAction."<init>":(JLjava/util/UUID;Lkr/moonseungjun/villageguardians/VillageRoleSkillSystem$ActiveSkill;Lkr/moonseungjun/villageguardians/VillageRoleAbilitySystem$ActionKind;FFILnet/minecraft/world/phys/Vec3;Lnet/minecraft/world/phys/Vec3;)V
        97: invokeinterface #242,  2          // InterfaceMethod java/util/List.add:(Ljava/lang/Object;)Z
       102: pop
       103: iinc          10, 1
       106: goto          48
       109: aload_0
       110: aload_1
       111: invokevirtual #167                // Method net/minecraft/server/level/ServerPlayer.position:()Lnet/minecraft/world/phys/Vec3;
       114: getstatic     #1101               // Field net/minecraft/sounds/SoundEvents.CROSSBOW_SHOOT:Lnet/minecraft/sounds/SoundEvent;
       117: fconst_1
       118: ldc_w         #1432               // float 0.75f
       121: invokestatic  #179                // Method play:(Lnet/minecraft/server/level/ServerLevel;Lnet/minecraft/world/phys/Vec3;Lnet/minecraft/sounds/SoundEvent;FF)V
       124: return

  private static void clearRangerReadies(java.util.UUID);
    Code:
         0: getstatic     #18                 // Field RAPID_UNTIL:Ljava/util/Map;
         3: aload_0
         4: invokeinterface #420,  2          // InterfaceMethod java/util/Map.remove:(Ljava/lang/Object;)Ljava/lang/Object;
         9: pop
        10: getstatic     #24                 // Field RICOCHET_UNTIL:Ljava/util/Map;
        13: aload_0
        14: invokeinterface #420,  2          // InterfaceMethod java/util/Map.remove:(Ljava/lang/Object;)Ljava/lang/Object;
        19: pop
        20: getstatic     #33                 // Field ARROW_RAIN_READY:Ljava/util/Map;
        23: aload_0
        24: invokeinterface #420,  2          // InterfaceMethod java/util/Map.remove:(Ljava/lang/Object;)Ljava/lang/Object;
        29: pop
        30: getstatic     #36                 // Field MEGA_ARROW_READY:Ljava/util/Map;
        33: aload_0
        34: invokeinterface #420,  2          // InterfaceMethod java/util/Map.remove:(Ljava/lang/Object;)Ljava/lang/Object;
        39: pop
        40: return

  private static kr.moonseungjun.villageguardians.VillageRole activeRole(net.minecraft.server.level.ServerPlayer);
    Code:
         0: aload_0
         1: invokestatic  #1550               // Method kr/moonseungjun/villageguardians/VillageSkillTestSystem.isEnabled:(Lnet/minecraft/server/level/ServerPlayer;)Z
         4: ifeq          12
         7: aload_0
         8: invokestatic  #1635               // Method kr/moonseungjun/villageguardians/VillageSkillTestSystem.selectedRole:(Lnet/minecraft/server/level/ServerPlayer;)Lkr/moonseungjun/villageguardians/VillageRole;
        11: areturn
        12: aload_0
        13: invokevirtual #85                 // Method net/minecraft/server/level/ServerPlayer.getUUID:()Ljava/util/UUID;
        16: invokestatic  #617                // Method kr/moonseungjun/villageguardians/VillageCouncilState.roleOf:(Ljava/util/UUID;)Ljava/util/Optional;
        19: aconst_null
        20: invokevirtual #621                // Method java/util/Optional.orElse:(Ljava/lang/Object;)Ljava/lang/Object;
        23: checkcast     #450                // class kr/moonseungjun/villageguardians/VillageRole
        26: areturn

  private static boolean isRangerContext(net.minecraft.server.level.ServerPlayer);
    Code:
         0: aload_0
         1: invokestatic  #1124               // Method activeRole:(Lnet/minecraft/server/level/ServerPlayer;)Lkr/moonseungjun/villageguardians/VillageRole;
         4: getstatic     #665                // Field kr/moonseungjun/villageguardians/VillageRole.RANGER:Lkr/moonseungjun/villageguardians/VillageRole;
         7: if_acmpne     14
        10: iconst_1
        11: goto          15
        14: iconst_0
        15: ireturn

  private static double fireOrbContactRadius(int);
    Code:
         0: ldc2_w        #1638               // double 1.8d
         3: ldc2_w        #849                // double 1.4d
         6: iconst_0
         7: iload_0
         8: invokestatic  #103                // Method java/lang/Math.max:(II)I
        11: i2d
        12: ldc2_w        #427                // double 0.08d
        15: dmul
        16: dadd
        17: invokestatic  #744                // Method java/lang/Math.min:(DD)D
        20: dreturn

  private static double areaRadius(double, int);
    Code:
         0: dload_0
         1: dconst_1
         2: iconst_5
         3: iconst_0
         4: iload_2
         5: invokestatic  #103                // Method java/lang/Math.max:(II)I
         8: invokestatic  #196                // Method java/lang/Math.min:(II)I
        11: i2d
        12: ldc2_w        #427                // double 0.08d
        15: dmul
        16: dadd
        17: dmul
        18: dreturn

  private static double maximumRange(double, int);
    Code:
         0: dload_0
         1: iconst_5
         2: iconst_0
         3: iload_2
         4: invokestatic  #103                // Method java/lang/Math.max:(II)I
         7: invokestatic  #196                // Method java/lang/Math.min:(II)I
        10: i2d
        11: ldc2_w        #1640               // double 3.0d
        14: dmul
        15: dadd
        16: dreturn

  private static net.minecraft.world.phys.Vec3 aimPoint(net.minecraft.server.level.ServerLevel, net.minecraft.server.level.ServerPlayer, double);
    Code:
         0: aload_1
         1: invokevirtual #555                // Method net/minecraft/server/level/ServerPlayer.getEyePosition:()Lnet/minecraft/world/phys/Vec3;
         4: astore        4
         6: aload         4
         8: aload_1
         9: invokestatic  #111                // Method lookDirection:(Lnet/minecraft/server/level/ServerPlayer;)Lnet/minecraft/world/phys/Vec3;
        12: dload_2
        13: invokevirtual #256                // Method net/minecraft/world/phys/Vec3.scale:(D)Lnet/minecraft/world/phys/Vec3;
        16: invokevirtual #560                // Method net/minecraft/world/phys/Vec3.add:(Lnet/minecraft/world/phys/Vec3;)Lnet/minecraft/world/phys/Vec3;
        19: astore        5
        21: aload_0
        22: new           #932                // class net/minecraft/world/level/ClipContext
        25: dup
        26: aload         4
        28: aload         5
        30: getstatic     #934                // Field net/minecraft/world/level/ClipContext$Block.COLLIDER:Lnet/minecraft/world/level/ClipContext$Block;
        33: getstatic     #940                // Field net/minecraft/world/level/ClipContext$Fluid.NONE:Lnet/minecraft/world/level/ClipContext$Fluid;
        36: aload_1
        37: invokespecial #946                // Method net/minecraft/world/level/ClipContext."<init>":(Lnet/minecraft/world/phys/Vec3;Lnet/minecraft/world/phys/Vec3;Lnet/minecraft/world/level/ClipContext$Block;Lnet/minecraft/world/level/ClipContext$Fluid;Lnet/minecraft/world/entity/Entity;)V
        40: invokevirtual #949                // Method net/minecraft/server/level/ServerLevel.clip:(Lnet/minecraft/world/level/ClipContext;)Lnet/minecraft/world/phys/BlockHitResult;
        43: astore        6
        45: aload         6
        47: invokevirtual #953                // Method net/minecraft/world/phys/BlockHitResult.getType:()Lnet/minecraft/world/phys/HitResult$Type;
        50: getstatic     #1620               // Field net/minecraft/world/phys/HitResult$Type.MISS:Lnet/minecraft/world/phys/HitResult$Type;
        53: if_acmpne     61
        56: aload         5
        58: goto          66
        61: aload         6
        63: invokevirtual #965                // Method net/minecraft/world/phys/BlockHitResult.getLocation:()Lnet/minecraft/world/phys/Vec3;
        66: areturn

  private static net.minecraft.world.phys.Vec3 lookDirection(net.minecraft.server.level.ServerPlayer);
    Code:
         0: aload_0
         1: invokevirtual #1642               // Method net/minecraft/server/level/ServerPlayer.getLookAngle:()Lnet/minecraft/world/phys/Vec3;
         4: astore_1
         5: aload_1
         6: invokevirtual #725                // Method net/minecraft/world/phys/Vec3.lengthSqr:()D
         9: ldc2_w        #1587               // double 0.001d
        12: dcmpg
        13: ifge          29
        16: new           #257                // class net/minecraft/world/phys/Vec3
        19: dup
        20: dconst_0
        21: dconst_0
        22: dconst_1
        23: invokespecial #886                // Method net/minecraft/world/phys/Vec3."<init>":(DDD)V
        26: goto          33
        29: aload_1
        30: invokevirtual #755                // Method net/minecraft/world/phys/Vec3.normalize:()Lnet/minecraft/world/phys/Vec3;
        33: areturn

  private static net.minecraft.world.phys.Vec3 horizontalLook(net.minecraft.server.level.ServerPlayer);
    Code:
         0: aload_0
         1: invokevirtual #1642               // Method net/minecraft/server/level/ServerPlayer.getLookAngle:()Lnet/minecraft/world/phys/Vec3;
         4: astore_1
         5: new           #257                // class net/minecraft/world/phys/Vec3
         8: dup
         9: aload_1
        10: getfield      #879                // Field net/minecraft/world/phys/Vec3.x:D
        13: dconst_0
        14: aload_1
        15: getfield      #883                // Field net/minecraft/world/phys/Vec3.z:D
        18: invokespecial #886                // Method net/minecraft/world/phys/Vec3."<init>":(DDD)V
        21: astore_2
        22: aload_2
        23: invokevirtual #725                // Method net/minecraft/world/phys/Vec3.lengthSqr:()D
        26: ldc2_w        #1587               // double 0.001d
        29: dcmpg
        30: ifge          46
        33: new           #257                // class net/minecraft/world/phys/Vec3
        36: dup
        37: dconst_0
        38: dconst_0
        39: dconst_1
        40: invokespecial #886                // Method net/minecraft/world/phys/Vec3."<init>":(DDD)V
        43: goto          50
        46: aload_2
        47: invokevirtual #755                // Method net/minecraft/world/phys/Vec3.normalize:()Lnet/minecraft/world/phys/Vec3;
        50: areturn

  private static net.minecraft.world.phys.Vec3 rotateY(net.minecraft.world.phys.Vec3, double);
    Code:
         0: dload_1
         1: invokestatic  #1645               // Method java/lang/Math.cos:(D)D
         4: dstore_3
         5: dload_1
         6: invokestatic  #1648               // Method java/lang/Math.sin:(D)D
         9: dstore        5
        11: new           #257                // class net/minecraft/world/phys/Vec3
        14: dup
        15: aload_0
        16: getfield      #879                // Field net/minecraft/world/phys/Vec3.x:D
        19: dload_3
        20: dmul
        21: aload_0
        22: getfield      #883                // Field net/minecraft/world/phys/Vec3.z:D
        25: dload         5
        27: dmul
        28: dsub
        29: aload_0
        30: getfield      #1468               // Field net/minecraft/world/phys/Vec3.y:D
        33: aload_0
        34: getfield      #879                // Field net/minecraft/world/phys/Vec3.x:D
        37: dload         5
        39: dmul
        40: aload_0
        41: getfield      #883                // Field net/minecraft/world/phys/Vec3.z:D
        44: dload_3
        45: dmul
        46: dadd
        47: invokespecial #886                // Method net/minecraft/world/phys/Vec3."<init>":(DDD)V
        50: areturn

  private static net.minecraft.world.phys.Vec3 randomPointInCircle(net.minecraft.server.level.ServerLevel, net.minecraft.world.phys.Vec3, double);
    Code:
         0: aload_0
         1: invokevirtual #1651               // Method net/minecraft/server/level/ServerLevel.getRandom:()Lnet/minecraft/util/RandomSource;
         4: invokeinterface #844,  1          // InterfaceMethod net/minecraft/util/RandomSource.nextDouble:()D
         9: ldc2_w        #1652               // double 3.141592653589793d
        12: dmul
        13: ldc2_w        #1516               // double 2.0d
        16: dmul
        17: dstore        4
        19: aload_0
        20: invokevirtual #1651               // Method net/minecraft/server/level/ServerLevel.getRandom:()Lnet/minecraft/util/RandomSource;
        23: invokeinterface #844,  1          // InterfaceMethod net/minecraft/util/RandomSource.nextDouble:()D
        28: invokestatic  #740                // Method java/lang/Math.sqrt:(D)D
        31: dload_2
        32: dmul
        33: dstore        6
        35: aload_1
        36: dload         4
        38: invokestatic  #1645               // Method java/lang/Math.cos:(D)D
        41: dload         6
        43: dmul
        44: dconst_0
        45: dload         4
        47: invokestatic  #1648               // Method java/lang/Math.sin:(D)D
        50: dload         6
        52: dmul
        53: invokevirtual #264                // Method net/minecraft/world/phys/Vec3.add:(DDD)Lnet/minecraft/world/phys/Vec3;
        56: areturn

  private static void spawnVisualLightning(net.minecraft.server.level.ServerLevel, net.minecraft.world.phys.Vec3);
    Code:
         0: getstatic     #1654               // Field net/minecraft/world/entity/EntityTypes.LIGHTNING_BOLT:Lnet/minecraft/world/entity/EntityType;
         3: aload_0
         4: getstatic     #1443               // Field net/minecraft/world/entity/EntitySpawnReason.EVENT:Lnet/minecraft/world/entity/EntitySpawnReason;
         7: invokevirtual #1449               // Method net/minecraft/world/entity/EntityType.create:(Lnet/minecraft/world/level/Level;Lnet/minecraft/world/entity/EntitySpawnReason;)Lnet/minecraft/world/entity/Entity;
        10: checkcast     #1657               // class net/minecraft/world/entity/LightningBolt
        13: astore_2
        14: aload_2
        15: ifnonnull     19
        18: return
        19: aload_2
        20: iconst_1
        21: invokevirtual #1659               // Method net/minecraft/world/entity/LightningBolt.setVisualOnly:(Z)V
        24: aload_2
        25: aload_1
        26: getfield      #879                // Field net/minecraft/world/phys/Vec3.x:D
        29: aload_1
        30: getfield      #1468               // Field net/minecraft/world/phys/Vec3.y:D
        33: aload_1
        34: getfield      #883                // Field net/minecraft/world/phys/Vec3.z:D
        37: invokevirtual #1662               // Method net/minecraft/world/entity/LightningBolt.setPos:(DDD)V
        40: aload_0
        41: aload_2
        42: invokevirtual #1476               // Method net/minecraft/server/level/ServerLevel.addFreshEntity:(Lnet/minecraft/world/entity/Entity;)Z
        45: pop
        46: return

  private static void play(net.minecraft.server.level.ServerLevel, net.minecraft.world.phys.Vec3, net.minecraft.sounds.SoundEvent, float, float);
    Code:
         0: aload_0
         1: aconst_null
         2: aload_1
         3: invokestatic  #1663               // Method net/minecraft/core/BlockPos.containing:(Lnet/minecraft/core/Position;)Lnet/minecraft/core/BlockPos;
         6: aload_2
         7: getstatic     #1669               // Field net/minecraft/sounds/SoundSource.PLAYERS:Lnet/minecraft/sounds/SoundSource;
        10: fload_3
        11: fload         4
        13: invokevirtual #1675               // Method net/minecraft/server/level/ServerLevel.playSound:(Lnet/minecraft/world/entity/Entity;Lnet/minecraft/core/BlockPos;Lnet/minecraft/sounds/SoundEvent;Lnet/minecraft/sounds/SoundSource;FF)V
        16: return

  private static boolean lambda$alliesAt$1(net.minecraft.world.phys.Vec3, double, net.minecraft.server.level.ServerPlayer);
    Code:
         0: aload_3
         1: invokevirtual #167                // Method net/minecraft/server/level/ServerPlayer.position:()Lnet/minecraft/world/phys/Vec3;
         4: aload_0
         5: invokevirtual #926                // Method net/minecraft/world/phys/Vec3.distanceToSqr:(Lnet/minecraft/world/phys/Vec3;)D
         8: dload_1
         9: dcmpg
        10: ifgt          17
        13: iconst_1
        14: goto          18
        17: iconst_0
        18: ireturn

  private static boolean lambda$alliesAt$0(net.minecraft.server.level.ServerPlayer, net.minecraft.server.level.ServerPlayer);
    Code:
         0: aload_1
         1: invokevirtual #511                // Method net/minecraft/server/level/ServerPlayer.level:()Lnet/minecraft/server/level/ServerLevel;
         4: aload_0
         5: invokevirtual #511                // Method net/minecraft/server/level/ServerPlayer.level:()Lnet/minecraft/server/level/ServerLevel;
         8: if_acmpne     15
        11: iconst_1
        12: goto          16
        15: iconst_0
        16: ireturn

  private static boolean lambda$allies$1(net.minecraft.server.level.ServerPlayer, double, net.minecraft.server.level.ServerPlayer);
    Code:
         0: aload_3
         1: aload_0
         2: invokevirtual #1679               // Method net/minecraft/server/level/ServerPlayer.distanceToSqr:(Lnet/minecraft/world/entity/Entity;)D
         5: dload_1
         6: dcmpg
         7: ifgt          14
        10: iconst_1
        11: goto          15
        14: iconst_0
        15: ireturn

  private static boolean lambda$allies$0(net.minecraft.server.level.ServerPlayer, net.minecraft.server.level.ServerPlayer);
    Code:
         0: aload_1
         1: invokevirtual #511                // Method net/minecraft/server/level/ServerPlayer.level:()Lnet/minecraft/server/level/ServerLevel;
         4: aload_0
         5: invokevirtual #511                // Method net/minecraft/server/level/ServerPlayer.level:()Lnet/minecraft/server/level/ServerLevel;
         8: if_acmpne     15
        11: iconst_1
        12: goto          16
        15: iconst_0
        16: ireturn

  private static double lambda$targetsNear$1(net.minecraft.world.phys.Vec3, net.minecraft.world.entity.Mob);
    Code:
         0: aload_1
         1: invokevirtual #715                // Method net/minecraft/world/entity/Mob.position:()Lnet/minecraft/world/phys/Vec3;
         4: aload_0
         5: invokevirtual #926                // Method net/minecraft/world/phys/Vec3.distanceToSqr:(Lnet/minecraft/world/phys/Vec3;)D
         8: dreturn

  private static boolean lambda$targetsNear$0(net.minecraft.world.phys.Vec3, double, net.minecraft.world.entity.Mob);
    Code:
         0: aload_3
         1: invokevirtual #715                // Method net/minecraft/world/entity/Mob.position:()Lnet/minecraft/world/phys/Vec3;
         4: aload_0
         5: invokevirtual #926                // Method net/minecraft/world/phys/Vec3.distanceToSqr:(Lnet/minecraft/world/phys/Vec3;)D
         8: dload_1
         9: dcmpg
        10: ifgt          17
        13: iconst_1
        14: goto          18
        17: iconst_0
        18: ireturn

  private static double lambda$bestAimTarget$1(net.minecraft.world.phys.Vec3, net.minecraft.world.phys.Vec3, net.minecraft.world.entity.Mob);
    Code:
         0: aload_2
         1: invokevirtual #715                // Method net/minecraft/world/entity/Mob.position:()Lnet/minecraft/world/phys/Vec3;
         4: dconst_0
         5: aload_2
         6: invokevirtual #716                // Method net/minecraft/world/entity/Mob.getBbHeight:()F
         9: f2d
        10: ldc2_w        #719                // double 0.58d
        13: dmul
        14: dconst_0
        15: invokevirtual #264                // Method net/minecraft/world/phys/Vec3.add:(DDD)Lnet/minecraft/world/phys/Vec3;
        18: astore_3
        19: aload_3
        20: aload_0
        21: invokevirtual #722                // Method net/minecraft/world/phys/Vec3.subtract:(Lnet/minecraft/world/phys/Vec3;)Lnet/minecraft/world/phys/Vec3;
        24: astore        4
        26: dconst_0
        27: aload         4
        29: aload_1
        30: invokevirtual #1584               // Method net/minecraft/world/phys/Vec3.dot:(Lnet/minecraft/world/phys/Vec3;)D
        33: invokestatic  #737                // Method java/lang/Math.max:(DD)D
        36: dstore        5
        38: aload_0
        39: aload_1
        40: dload         5
        42: invokevirtual #256                // Method net/minecraft/world/phys/Vec3.scale:(D)Lnet/minecraft/world/phys/Vec3;
        45: invokevirtual #560                // Method net/minecraft/world/phys/Vec3.add:(Lnet/minecraft/world/phys/Vec3;)Lnet/minecraft/world/phys/Vec3;
        48: astore        7
        50: aload_3
        51: aload         7
        53: invokevirtual #926                // Method net/minecraft/world/phys/Vec3.distanceToSqr:(Lnet/minecraft/world/phys/Vec3;)D
        56: dstore        8
        58: dload         8
        60: ldc2_w        #1326               // double 5.0d
        63: dmul
        64: aload         4
        66: invokevirtual #725                // Method net/minecraft/world/phys/Vec3.lengthSqr:()D
        69: ldc2_w        #1682               // double 0.012d
        72: dmul
        73: dadd
        74: dreturn

  private static boolean lambda$bestAimTarget$0(net.minecraft.world.phys.Vec3, net.minecraft.world.phys.Vec3, net.minecraft.world.entity.Mob);
    Code:
         0: aload_2
         1: invokevirtual #715                // Method net/minecraft/world/entity/Mob.position:()Lnet/minecraft/world/phys/Vec3;
         4: dconst_0
         5: aload_2
         6: invokevirtual #716                // Method net/minecraft/world/entity/Mob.getBbHeight:()F
         9: f2d
        10: ldc2_w        #719                // double 0.58d
        13: dmul
        14: dconst_0
        15: invokevirtual #264                // Method net/minecraft/world/phys/Vec3.add:(DDD)Lnet/minecraft/world/phys/Vec3;
        18: astore_3
        19: aload_3
        20: aload_0
        21: invokevirtual #722                // Method net/minecraft/world/phys/Vec3.subtract:(Lnet/minecraft/world/phys/Vec3;)Lnet/minecraft/world/phys/Vec3;
        24: aload_1
        25: invokevirtual #1584               // Method net/minecraft/world/phys/Vec3.dot:(Lnet/minecraft/world/phys/Vec3;)D
        28: ldc2_w        #891                // double 0.2d
        31: dcmpl
        32: ifle          39
        35: iconst_1
        36: goto          40
        39: iconst_0
        40: ireturn

  private static boolean lambda$miracle$0(net.minecraft.server.level.ServerPlayer, net.minecraft.server.level.ServerPlayer);
    Code:
         0: aload_1
         1: invokevirtual #511                // Method net/minecraft/server/level/ServerPlayer.level:()Lnet/minecraft/server/level/ServerLevel;
         4: aload_0
         5: invokevirtual #511                // Method net/minecraft/server/level/ServerPlayer.level:()Lnet/minecraft/server/level/ServerLevel;
         8: if_acmpne     15
        11: iconst_1
        12: goto          16
        15: iconst_0
        16: ireturn

  private static double lambda$healLowestAlly$0(net.minecraft.server.level.ServerPlayer);
    Code:
         0: aload_0
         1: invokevirtual #1423               // Method net/minecraft/server/level/ServerPlayer.getHealth:()F
         4: fconst_1
         5: aload_0
         6: invokevirtual #1426               // Method net/minecraft/server/level/ServerPlayer.getMaxHealth:()F
         9: invokestatic  #1168               // Method java/lang/Math.max:(FF)F
        12: fdiv
        13: f2d
        14: dreturn

  private static boolean lambda$cleanupExpired$10(long, java.util.Map$Entry);
    Code:
         0: aload_2
         1: invokeinterface #685,  1          // InterfaceMethod java/util/Map$Entry.getValue:()Ljava/lang/Object;
         6: checkcast     #135                // class java/lang/Long
         9: invokevirtual #527                // Method java/lang/Long.longValue:()J
        12: lload_0
        13: lcmp
        14: ifge          21
        17: iconst_1
        18: goto          22
        21: iconst_0
        22: ireturn

  private static boolean lambda$cleanupExpired$9(long, java.util.Map$Entry);
    Code:
         0: aload_2
         1: invokeinterface #685,  1          // InterfaceMethod java/util/Map$Entry.getValue:()Ljava/lang/Object;
         6: checkcast     #135                // class java/lang/Long
         9: invokevirtual #527                // Method java/lang/Long.longValue:()J
        12: lload_0
        13: lcmp
        14: ifge          21
        17: iconst_1
        18: goto          22
        21: iconst_0
        22: ireturn

  private static boolean lambda$cleanupExpired$8(long, java.util.Map$Entry);
    Code:
         0: aload_2
         1: invokeinterface #685,  1          // InterfaceMethod java/util/Map$Entry.getValue:()Ljava/lang/Object;
         6: checkcast     #135                // class java/lang/Long
         9: invokevirtual #527                // Method java/lang/Long.longValue:()J
        12: lload_0
        13: lcmp
        14: ifge          21
        17: iconst_1
        18: goto          22
        21: iconst_0
        22: ireturn

  private static boolean lambda$cleanupExpired$7(long, java.util.Map$Entry);
    Code:
         0: aload_2
         1: invokeinterface #685,  1          // InterfaceMethod java/util/Map$Entry.getValue:()Ljava/lang/Object;
         6: checkcast     #305                // class kr/moonseungjun/villageguardians/VillageRoleAbilitySystem$EmpoweredArrowState
         9: invokevirtual #1084               // Method kr/moonseungjun/villageguardians/VillageRoleAbilitySystem$EmpoweredArrowState.until:()J
        12: lload_0
        13: lcmp
        14: ifge          21
        17: iconst_1
        18: goto          22
        21: iconst_0
        22: ireturn

  private static boolean lambda$cleanupExpired$6(long, java.util.Map$Entry);
    Code:
         0: aload_2
         1: invokeinterface #685,  1          // InterfaceMethod java/util/Map$Entry.getValue:()Ljava/lang/Object;
         6: checkcast     #305                // class kr/moonseungjun/villageguardians/VillageRoleAbilitySystem$EmpoweredArrowState
         9: invokevirtual #1084               // Method kr/moonseungjun/villageguardians/VillageRoleAbilitySystem$EmpoweredArrowState.until:()J
        12: lload_0
        13: lcmp
        14: ifge          21
        17: iconst_1
        18: goto          22
        21: iconst_0
        22: ireturn

  private static boolean lambda$cleanupExpired$5(long, java.util.Map$Entry);
    Code:
         0: aload_2
         1: invokeinterface #685,  1          // InterfaceMethod java/util/Map$Entry.getValue:()Ljava/lang/Object;
         6: checkcast     #688                // class kr/moonseungjun/villageguardians/VillageRoleAbilitySystem$TrackingArrowState
         9: invokevirtual #702                // Method kr/moonseungjun/villageguardians/VillageRoleAbilitySystem$TrackingArrowState.until:()J
        12: lload_0
        13: lcmp
        14: ifge          21
        17: iconst_1
        18: goto          22
        21: iconst_0
        22: ireturn

  private static boolean lambda$cleanupExpired$4(long, java.util.Map$Entry);
    Code:
         0: aload_2
         1: invokeinterface #685,  1          // InterfaceMethod java/util/Map$Entry.getValue:()Ljava/lang/Object;
         6: checkcast     #135                // class java/lang/Long
         9: invokevirtual #527                // Method java/lang/Long.longValue:()J
        12: lload_0
        13: lcmp
        14: ifge          21
        17: iconst_1
        18: goto          22
        21: iconst_0
        22: ireturn

  private static boolean lambda$cleanupExpired$3(long, java.util.Map$Entry);
    Code:
         0: aload_2
         1: invokeinterface #685,  1          // InterfaceMethod java/util/Map$Entry.getValue:()Ljava/lang/Object;
         6: checkcast     #135                // class java/lang/Long
         9: invokevirtual #527                // Method java/lang/Long.longValue:()J
        12: lload_0
        13: lcmp
        14: ifge          21
        17: iconst_1
        18: goto          22
        21: iconst_0
        22: ireturn

  private static boolean lambda$cleanupExpired$2(long, java.util.UUID);
    Code:
         0: getstatic     #18                 // Field RAPID_UNTIL:Ljava/util/Map;
         3: aload_2
         4: lconst_0
         5: invokestatic  #134                // Method java/lang/Long.valueOf:(J)Ljava/lang/Long;
         8: invokeinterface #524,  3          // InterfaceMethod java/util/Map.getOrDefault:(Ljava/lang/Object;Ljava/lang/Object;)Ljava/lang/Object;
        13: checkcast     #135                // class java/lang/Long
        16: invokevirtual #527                // Method java/lang/Long.longValue:()J
        19: lload_0
        20: lcmp
        21: ifge          28
        24: iconst_1
        25: goto          29
        28: iconst_0
        29: ireturn

  private static boolean lambda$cleanupExpired$1(long, java.util.Map$Entry);
    Code:
         0: aload_2
         1: invokeinterface #685,  1          // InterfaceMethod java/util/Map$Entry.getValue:()Ljava/lang/Object;
         6: checkcast     #135                // class java/lang/Long
         9: invokevirtual #527                // Method java/lang/Long.longValue:()J
        12: lload_0
        13: lcmp
        14: ifge          21
        17: iconst_1
        18: goto          22
        21: iconst_0
        22: ireturn

  private static boolean lambda$cleanupExpired$0(long, java.util.Map$Entry);
    Code:
         0: aload_2
         1: invokeinterface #685,  1          // InterfaceMethod java/util/Map$Entry.getValue:()Ljava/lang/Object;
         6: checkcast     #135                // class java/lang/Long
         9: invokevirtual #527                // Method java/lang/Long.longValue:()J
        12: lload_0
        13: lcmp
        14: ifge          21
        17: iconst_1
        18: goto          22
        21: iconst_0
        22: ireturn

  static {};
    Code:
         0: new           #1684               // class java/util/HashMap
         3: dup
         4: invokespecial #1686               // Method java/util/HashMap."<init>":()V
         7: putstatic     #7                  // Field SPIN_UNTIL:Ljava/util/Map;
        10: new           #1684               // class java/util/HashMap
        13: dup
        14: invokespecial #1686               // Method java/util/HashMap."<init>":()V
        17: putstatic     #18                 // Field RAPID_UNTIL:Ljava/util/Map;
        20: new           #1684               // class java/util/HashMap
        23: dup
        24: invokespecial #1686               // Method java/util/HashMap."<init>":()V
        27: putstatic     #21                 // Field RAPID_DRAW_TICKS:Ljava/util/Map;
        30: new           #1684               // class java/util/HashMap
        33: dup
        34: invokespecial #1686               // Method java/util/HashMap."<init>":()V
        37: putstatic     #24                 // Field RICOCHET_UNTIL:Ljava/util/Map;
        40: new           #1684               // class java/util/HashMap
        43: dup
        44: invokespecial #1686               // Method java/util/HashMap."<init>":()V
        47: putstatic     #27                 // Field RICOCHET_ARROWS:Ljava/util/Map;
        50: new           #1684               // class java/util/HashMap
        53: dup
        54: invokespecial #1686               // Method java/util/HashMap."<init>":()V
        57: putstatic     #30                 // Field TRACKING_ARROWS:Ljava/util/Map;
        60: new           #1684               // class java/util/HashMap
        63: dup
        64: invokespecial #1686               // Method java/util/HashMap."<init>":()V
        67: putstatic     #33                 // Field ARROW_RAIN_READY:Ljava/util/Map;
        70: new           #1684               // class java/util/HashMap
        73: dup
        74: invokespecial #1686               // Method java/util/HashMap."<init>":()V
        77: putstatic     #36                 // Field MEGA_ARROW_READY:Ljava/util/Map;
        80: new           #1684               // class java/util/HashMap
        83: dup
        84: invokespecial #1686               // Method java/util/HashMap."<init>":()V
        87: putstatic     #39                 // Field FORTRESS_UNTIL:Ljava/util/Map;
        90: new           #1684               // class java/util/HashMap
        93: dup
        94: invokespecial #1686               // Method java/util/HashMap."<init>":()V
        97: putstatic     #42                 // Field AEGIS_UNTIL:Ljava/util/Map;
       100: new           #1684               // class java/util/HashMap
       103: dup
       104: invokespecial #1686               // Method java/util/HashMap."<init>":()V
       107: putstatic     #45                 // Field CHARGE_UNTIL:Ljava/util/Map;
       110: new           #1684               // class java/util/HashMap
       113: dup
       114: invokespecial #1686               // Method java/util/HashMap."<init>":()V
       117: putstatic     #48                 // Field LAST_AEGIS_DASH:Ljava/util/Map;
       120: new           #1684               // class java/util/HashMap
       123: dup
       124: invokespecial #1686               // Method java/util/HashMap."<init>":()V
       127: putstatic     #51                 // Field SLAMS:Ljava/util/Map;
       130: new           #1170               // class java/util/ArrayList
       133: dup
       134: invokespecial #1172               // Method java/util/ArrayList."<init>":()V
       137: putstatic     #54                 // Field SCHEDULED:Ljava/util/List;
       140: new           #1170               // class java/util/ArrayList
       143: dup
       144: invokespecial #1172               // Method java/util/ArrayList."<init>":()V
       147: putstatic     #61                 // Field AREAS:Ljava/util/List;
       150: new           #1687               // class java/util/LinkedHashMap
       153: dup
       154: invokespecial #1689               // Method java/util/LinkedHashMap."<init>":()V
       157: putstatic     #64                 // Field MOVING:Ljava/util/Map;
       160: return
}
Compiled from "VillageClientKeys.java"
public final class kr.moonseungjun.villageguardians.VillageClientKeys {
  private static final net.minecraft.client.KeyMapping$Category CATEGORY;

  private static final net.minecraft.client.KeyMapping ROLE_SKILL_ONE;

  private static final net.minecraft.client.KeyMapping ROLE_SKILL_TWO;

  private static final net.minecraft.client.KeyMapping QUICK_COMMUNICATION;

  private static final net.minecraft.client.KeyMapping STATUS;

  private static final net.minecraft.client.KeyMapping GROWTH;

  private static final net.minecraft.client.KeyMapping ROLE_PROGRESS;

  private static boolean tickListenerRegistered;

  private static boolean legacySkillBindingsChecked;

  private kr.moonseungjun.villageguardians.VillageClientKeys();
    Code:
         0: aload_0
         1: invokespecial #1                  // Method java/lang/Object."<init>":()V
         4: return

  private static net.minecraft.client.KeyMapping key(java.lang.String, int);
    Code:
         0: new           #7                  // class net/minecraft/client/KeyMapping
         3: dup
         4: aload_0
         5: invokedynamic #9,  0              // InvokeDynamic #0:makeConcatWithConstants:(Ljava/lang/String;)Ljava/lang/String;
        10: getstatic     #13                 // Field com/mojang/blaze3d/platform/InputConstants$Type.KEYSYM:Lcom/mojang/blaze3d/platform/InputConstants$Type;
        13: iload_1
        14: getstatic     #19                 // Field CATEGORY:Lnet/minecraft/client/KeyMapping$Category;
        17: invokespecial #25                 // Method net/minecraft/client/KeyMapping."<init>":(Ljava/lang/String;Lcom/mojang/blaze3d/platform/InputConstants$Type;ILnet/minecraft/client/KeyMapping$Category;)V
        20: areturn

  public static void registerKeyMappings(net.neoforged.neoforge.client.event.RegisterKeyMappingsEvent);
    Code:
         0: aload_0
         1: getstatic     #28                 // Field ROLE_SKILL_ONE:Lnet/minecraft/client/KeyMapping;
         4: invokevirtual #32                 // Method net/neoforged/neoforge/client/event/RegisterKeyMappingsEvent.register:(Lnet/minecraft/client/KeyMapping;)V
         7: aload_0
         8: getstatic     #38                 // Field ROLE_SKILL_TWO:Lnet/minecraft/client/KeyMapping;
        11: invokevirtual #32                 // Method net/neoforged/neoforge/client/event/RegisterKeyMappingsEvent.register:(Lnet/minecraft/client/KeyMapping;)V
        14: aload_0
        15: getstatic     #41                 // Field QUICK_COMMUNICATION:Lnet/minecraft/client/KeyMapping;
        18: invokevirtual #32                 // Method net/neoforged/neoforge/client/event/RegisterKeyMappingsEvent.register:(Lnet/minecraft/client/KeyMapping;)V
        21: aload_0
        22: getstatic     #44                 // Field STATUS:Lnet/minecraft/client/KeyMapping;
        25: invokevirtual #32                 // Method net/neoforged/neoforge/client/event/RegisterKeyMappingsEvent.register:(Lnet/minecraft/client/KeyMapping;)V
        28: aload_0
        29: getstatic     #47                 // Field GROWTH:Lnet/minecraft/client/KeyMapping;
        32: invokevirtual #32                 // Method net/neoforged/neoforge/client/event/RegisterKeyMappingsEvent.register:(Lnet/minecraft/client/KeyMapping;)V
        35: aload_0
        36: getstatic     #50                 // Field ROLE_PROGRESS:Lnet/minecraft/client/KeyMapping;
        39: invokevirtual #32                 // Method net/neoforged/neoforge/client/event/RegisterKeyMappingsEvent.register:(Lnet/minecraft/client/KeyMapping;)V
        42: getstatic     #53                 // Field tickListenerRegistered:Z
        45: ifne          65
        48: iconst_1
        49: putstatic     #53                 // Field tickListenerRegistered:Z
        52: getstatic     #57                 // Field net/neoforged/neoforge/common/NeoForge.EVENT_BUS:Lnet/neoforged/bus/api/IEventBus;
        55: invokedynamic #63,  0             // InvokeDynamic #1:accept:()Ljava/util/function/Consumer;
        60: invokeinterface #67,  2           // InterfaceMethod net/neoforged/bus/api/IEventBus.addListener:(Ljava/util/function/Consumer;)V
        65: return

  private static void onClientTick(net.neoforged.neoforge.client.event.ClientTickEvent$Post);
    Code:
         0: invokestatic  #73                 // Method net/minecraft/client/Minecraft.getInstance:()Lnet/minecraft/client/Minecraft;
         3: astore_1
         4: aload_1
         5: getfield      #79                 // Field net/minecraft/client/Minecraft.player:Lnet/minecraft/client/player/LocalPlayer;
         8: ifnull        22
        11: aload_1
        12: invokevirtual #83                 // Method net/minecraft/client/Minecraft.getConnection:()Lnet/minecraft/client/multiplayer/ClientPacketListener;
        15: ifnull        22
        18: aload_1
        19: invokestatic  #87                 // Method migrateLegacySkillBindings:(Lnet/minecraft/client/Minecraft;)V
        22: aload_1
        23: getfield      #79                 // Field net/minecraft/client/Minecraft.player:Lnet/minecraft/client/player/LocalPlayer;
        26: ifnull        46
        29: aload_1
        30: invokevirtual #83                 // Method net/minecraft/client/Minecraft.getConnection:()Lnet/minecraft/client/multiplayer/ClientPacketListener;
        33: ifnull        46
        36: aload_1
        37: getfield      #91                 // Field net/minecraft/client/Minecraft.gui:Lnet/minecraft/client/gui/Gui;
        40: invokevirtual #95                 // Method net/minecraft/client/gui/Gui.screen:()Lnet/minecraft/client/gui/screens/Screen;
        43: ifnull        83
        46: getstatic     #28                 // Field ROLE_SKILL_ONE:Lnet/minecraft/client/KeyMapping;
        49: invokestatic  #101                // Method drain:(Lnet/minecraft/client/KeyMapping;)V
        52: getstatic     #38                 // Field ROLE_SKILL_TWO:Lnet/minecraft/client/KeyMapping;
        55: invokestatic  #101                // Method drain:(Lnet/minecraft/client/KeyMapping;)V
        58: getstatic     #41                 // Field QUICK_COMMUNICATION:Lnet/minecraft/client/KeyMapping;
        61: invokestatic  #101                // Method drain:(Lnet/minecraft/client/KeyMapping;)V
        64: getstatic     #44                 // Field STATUS:Lnet/minecraft/client/KeyMapping;
        67: invokestatic  #101                // Method drain:(Lnet/minecraft/client/KeyMapping;)V
        70: getstatic     #47                 // Field GROWTH:Lnet/minecraft/client/KeyMapping;
        73: invokestatic  #101                // Method drain:(Lnet/minecraft/client/KeyMapping;)V
        76: getstatic     #50                 // Field ROLE_PROGRESS:Lnet/minecraft/client/KeyMapping;
        79: invokestatic  #101                // Method drain:(Lnet/minecraft/client/KeyMapping;)V
        82: return
        83: getstatic     #28                 // Field ROLE_SKILL_ONE:Lnet/minecraft/client/KeyMapping;
        86: ldc           #104                // String use_skill:0
        88: invokestatic  #106                // Method consume:(Lnet/minecraft/client/KeyMapping;Ljava/lang/String;)V
        91: getstatic     #38                 // Field ROLE_SKILL_TWO:Lnet/minecraft/client/KeyMapping;
        94: ldc           #110                // String use_skill:1
        96: invokestatic  #106                // Method consume:(Lnet/minecraft/client/KeyMapping;Ljava/lang/String;)V
        99: getstatic     #41                 // Field QUICK_COMMUNICATION:Lnet/minecraft/client/KeyMapping;
       102: ldc           #112                // String open_quick_chat
       104: invokestatic  #106                // Method consume:(Lnet/minecraft/client/KeyMapping;Ljava/lang/String;)V
       107: getstatic     #44                 // Field STATUS:Lnet/minecraft/client/KeyMapping;
       110: ldc           #114                // String open_status
       112: invokestatic  #106                // Method consume:(Lnet/minecraft/client/KeyMapping;Ljava/lang/String;)V
       115: getstatic     #47                 // Field GROWTH:Lnet/minecraft/client/KeyMapping;
       118: ldc           #116                // String open_skill_tree
       120: invokestatic  #106                // Method consume:(Lnet/minecraft/client/KeyMapping;Ljava/lang/String;)V
       123: getstatic     #50                 // Field ROLE_PROGRESS:Lnet/minecraft/client/KeyMapping;
       126: ldc           #118                // String open_role_progress_current
       128: invokestatic  #106                // Method consume:(Lnet/minecraft/client/KeyMapping;Ljava/lang/String;)V
       131: return

  public static java.lang.String skillOneKeyName();
    Code:
         0: getstatic     #28                 // Field ROLE_SKILL_ONE:Lnet/minecraft/client/KeyMapping;
         3: invokestatic  #120                // Method keyName:(Lnet/minecraft/client/KeyMapping;)Ljava/lang/String;
         6: areturn

  public static java.lang.String skillTwoKeyName();
    Code:
         0: getstatic     #38                 // Field ROLE_SKILL_TWO:Lnet/minecraft/client/KeyMapping;
         3: invokestatic  #120                // Method keyName:(Lnet/minecraft/client/KeyMapping;)Ljava/lang/String;
         6: areturn

  public static java.lang.String quickCommunicationKeyName();
    Code:
         0: getstatic     #41                 // Field QUICK_COMMUNICATION:Lnet/minecraft/client/KeyMapping;
         3: invokestatic  #120                // Method keyName:(Lnet/minecraft/client/KeyMapping;)Ljava/lang/String;
         6: areturn

  public static java.lang.String statusKeyName();
    Code:
         0: getstatic     #44                 // Field STATUS:Lnet/minecraft/client/KeyMapping;
         3: invokestatic  #120                // Method keyName:(Lnet/minecraft/client/KeyMapping;)Ljava/lang/String;
         6: areturn

  public static java.lang.String growthKeyName();
    Code:
         0: getstatic     #47                 // Field GROWTH:Lnet/minecraft/client/KeyMapping;
         3: invokestatic  #120                // Method keyName:(Lnet/minecraft/client/KeyMapping;)Ljava/lang/String;
         6: areturn

  public static java.lang.String roleProgressKeyName();
    Code:
         0: getstatic     #50                 // Field ROLE_PROGRESS:Lnet/minecraft/client/KeyMapping;
         3: invokestatic  #120                // Method keyName:(Lnet/minecraft/client/KeyMapping;)Ljava/lang/String;
         6: areturn

  public static java.lang.String compactSummary();
    Code:
         0: invokestatic  #124                // Method quickCommunicationKeyName:()Ljava/lang/String;
         3: invokestatic  #128                // Method skillOneKeyName:()Ljava/lang/String;
         6: invokestatic  #131                // Method skillTwoKeyName:()Ljava/lang/String;
         9: invokedynamic #134,  0            // InvokeDynamic #2:makeConcatWithConstants:(Ljava/lang/String;Ljava/lang/String;Ljava/lang/String;)Ljava/lang/String;
        14: areturn

  private static java.lang.String keyName(net.minecraft.client.KeyMapping);
    Code:
         0: aload_0
         1: invokevirtual #137                // Method net/minecraft/client/KeyMapping.getTranslatedKeyMessage:()Lnet/minecraft/network/chat/Component;
         4: invokeinterface #141,  1          // InterfaceMethod net/minecraft/network/chat/Component.getString:()Ljava/lang/String;
         9: areturn

  private static void migrateLegacySkillBindings(net.minecraft.client.Minecraft);
    Code:
         0: getstatic     #146                // Field legacySkillBindingsChecked:Z
         3: ifeq          7
         6: return
         7: iconst_1
         8: putstatic     #146                // Field legacySkillBindingsChecked:Z
        11: getstatic     #28                 // Field ROLE_SKILL_ONE:Lnet/minecraft/client/KeyMapping;
        14: invokevirtual #149                // Method net/minecraft/client/KeyMapping.getKey:()Lcom/mojang/blaze3d/platform/InputConstants$Key;
        17: invokevirtual #153                // Method com/mojang/blaze3d/platform/InputConstants$Key.getValue:()I
        20: istore_1
        21: getstatic     #38                 // Field ROLE_SKILL_TWO:Lnet/minecraft/client/KeyMapping;
        24: invokevirtual #149                // Method net/minecraft/client/KeyMapping.getKey:()Lcom/mojang/blaze3d/platform/InputConstants$Key;
        27: invokevirtual #153                // Method com/mojang/blaze3d/platform/InputConstants$Key.getValue:()I
        30: istore_2
        31: iload_1
        32: bipush        82
        34: if_icmpne     43
        37: iload_2
        38: bipush        71
        40: if_icmpeq     55
        43: iload_1
        44: bipush        71
        46: if_icmpne     59
        49: iload_2
        50: bipush        82
        52: if_icmpne     59
        55: iconst_1
        56: goto          60
        59: iconst_0
        60: istore_3
        61: iload_3
        62: ifne          66
        65: return
        66: getstatic     #28                 // Field ROLE_SKILL_ONE:Lnet/minecraft/client/KeyMapping;
        69: getstatic     #13                 // Field com/mojang/blaze3d/platform/InputConstants$Type.KEYSYM:Lcom/mojang/blaze3d/platform/InputConstants$Type;
        72: bipush        90
        74: invokevirtual #161                // Method com/mojang/blaze3d/platform/InputConstants$Type.getOrCreate:(I)Lcom/mojang/blaze3d/platform/InputConstants$Key;
        77: invokevirtual #165                // Method net/minecraft/client/KeyMapping.setKey:(Lcom/mojang/blaze3d/platform/InputConstants$Key;)V
        80: getstatic     #38                 // Field ROLE_SKILL_TWO:Lnet/minecraft/client/KeyMapping;
        83: getstatic     #13                 // Field com/mojang/blaze3d/platform/InputConstants$Type.KEYSYM:Lcom/mojang/blaze3d/platform/InputConstants$Type;
        86: bipush        88
        88: invokevirtual #161                // Method com/mojang/blaze3d/platform/InputConstants$Type.getOrCreate:(I)Lcom/mojang/blaze3d/platform/InputConstants$Key;
        91: invokevirtual #165                // Method net/minecraft/client/KeyMapping.setKey:(Lcom/mojang/blaze3d/platform/InputConstants$Key;)V
        94: invokestatic  #169                // Method net/minecraft/client/KeyMapping.resetMapping:()V
        97: aload_0
        98: getfield      #172                // Field net/minecraft/client/Minecraft.options:Lnet/minecraft/client/Options;
       101: invokevirtual #176                // Method net/minecraft/client/Options.save:()V
       104: return

  private static void drain(net.minecraft.client.KeyMapping);
    Code:
         0: aload_0
         1: invokevirtual #181                // Method net/minecraft/client/KeyMapping.consumeClick:()Z
         4: ifeq          10
         7: goto          0
        10: return

  private static void consume(net.minecraft.client.KeyMapping, java.lang.String);
    Code:
         0: aload_0
         1: invokevirtual #181                // Method net/minecraft/client/KeyMapping.consumeClick:()Z
         4: ifeq          25
         7: new           #185                // class kr/moonseungjun/villageguardians/VillageNetwork$VillageUiActionPayload
        10: dup
        11: aload_1
        12: invokespecial #187                // Method kr/moonseungjun/villageguardians/VillageNetwork$VillageUiActionPayload."<init>":(Ljava/lang/String;)V
        15: iconst_0
        16: anewarray     #190                // class net/minecraft/network/protocol/common/custom/CustomPacketPayload
        19: invokestatic  #192                // Method net/neoforged/neoforge/client/network/ClientPacketDistributor.sendToServer:(Lnet/minecraft/network/protocol/common/custom/CustomPacketPayload;[Lnet/minecraft/network/protocol/common/custom/CustomPacketPayload;)V
        22: goto          0
        25: return

  static {};
    Code:
         0: ldc           #200                // String villageguardians
         2: ldc           #202                // String controls
         4: invokestatic  #204                // Method net/minecraft/resources/Identifier.fromNamespaceAndPath:(Ljava/lang/String;Ljava/lang/String;)Lnet/minecraft/resources/Identifier;
         7: invokestatic  #210                // Method net/minecraft/client/KeyMapping$Category.register:(Lnet/minecraft/resources/Identifier;)Lnet/minecraft/client/KeyMapping$Category;
        10: putstatic     #19                 // Field CATEGORY:Lnet/minecraft/client/KeyMapping$Category;
        13: ldc           #215                // String role_skill_one
        15: bipush        90
        17: invokestatic  #217                // Method key:(Ljava/lang/String;I)Lnet/minecraft/client/KeyMapping;
        20: putstatic     #28                 // Field ROLE_SKILL_ONE:Lnet/minecraft/client/KeyMapping;
        23: ldc           #221                // String role_skill_two
        25: bipush        88
        27: invokestatic  #217                // Method key:(Ljava/lang/String;I)Lnet/minecraft/client/KeyMapping;
        30: putstatic     #38                 // Field ROLE_SKILL_TWO:Lnet/minecraft/client/KeyMapping;
        33: ldc           #223                // String quick_communication
        35: bipush        66
        37: invokestatic  #217                // Method key:(Ljava/lang/String;I)Lnet/minecraft/client/KeyMapping;
        40: putstatic     #41                 // Field QUICK_COMMUNICATION:Lnet/minecraft/client/KeyMapping;
        43: ldc           #225                // String status
        45: bipush        72
        47: invokestatic  #217                // Method key:(Ljava/lang/String;I)Lnet/minecraft/client/KeyMapping;
        50: putstatic     #44                 // Field STATUS:Lnet/minecraft/client/KeyMapping;
        53: ldc           #227                // String personal_progress
        55: bipush        74
        57: invokestatic  #217                // Method key:(Ljava/lang/String;I)Lnet/minecraft/client/KeyMapping;
        60: putstatic     #47                 // Field GROWTH:Lnet/minecraft/client/KeyMapping;
        63: ldc           #229                // String role_progress
        65: bipush        75
        67: invokestatic  #217                // Method key:(Ljava/lang/String;I)Lnet/minecraft/client/KeyMapping;
        70: putstatic     #50                 // Field ROLE_PROGRESS:Lnet/minecraft/client/KeyMapping;
        73: return
}
Compiled from "VillageInventoryPanel.java"
public final class kr.moonseungjun.villageguardians.VillageInventoryPanel {
  private static final int DESIRED_WIDTH;

  private static final int MIN_WIDTH;

  private static final int PANEL_HEIGHT;

  private static final int BACKGROUND;

  private static final int SURFACE;

  private static final int SURFACE_HOVER;

  private static final int BORDER;

  private static final int ACCENT;

  private static final int GOLD;

  private static final int TEXT;

  private static final int MUTED;

  private static final java.util.regex.Pattern PROGRESS_PATTERN;

  private static kr.moonseungjun.villageguardians.VillageNetwork$PlayerStatusPayload status;

  private kr.moonseungjun.villageguardians.VillageInventoryPanel();
    Code:
         0: aload_0
         1: invokespecial #1                  // Method java/lang/Object."<init>":()V
         4: return

  public static void updateStatus(kr.moonseungjun.villageguardians.VillageNetwork$PlayerStatusPayload);
    Code:
         0: aload_0
         1: putstatic     #7                  // Field status:Lkr/moonseungjun/villageguardians/VillageNetwork$PlayerStatusPayload;
         4: return

  public static void onInventoryInit(net.neoforged.neoforge.client.event.ScreenEvent$Init$Post);
    Code:
         0: aload_0
         1: invokevirtual #13                 // Method net/neoforged/neoforge/client/event/ScreenEvent$Init$Post.getScreen:()Lnet/minecraft/client/gui/screens/Screen;
         4: instanceof    #19                 // class net/minecraft/client/gui/screens/inventory/InventoryScreen
         7: ifeq          26
        10: new           #21                 // class kr/moonseungjun/villageguardians/VillageNetwork$RequestPlayerStatusPayload
        13: dup
        14: ldc           #23                 // String inventory
        16: invokespecial #25                 // Method kr/moonseungjun/villageguardians/VillageNetwork$RequestPlayerStatusPayload."<init>":(Ljava/lang/String;)V
        19: iconst_0
        20: anewarray     #28                 // class net/minecraft/network/protocol/common/custom/CustomPacketPayload
        23: invokestatic  #30                 // Method net/neoforged/neoforge/client/network/ClientPacketDistributor.sendToServer:(Lnet/minecraft/network/protocol/common/custom/CustomPacketPayload;[Lnet/minecraft/network/protocol/common/custom/CustomPacketPayload;)V
        26: return

  public static void onInventoryRender(net.neoforged.neoforge.client.event.ScreenEvent$Render$Post);
    Code:
         0: aload_0
         1: invokevirtual #36                 // Method net/neoforged/neoforge/client/event/ScreenEvent$Render$Post.getScreen:()Lnet/minecraft/client/gui/screens/Screen;
         4: instanceof    #19                 // class net/minecraft/client/gui/screens/inventory/InventoryScreen
         7: ifne          11
        10: return
        11: aload_0
        12: invokevirtual #39                 // Method net/neoforged/neoforge/client/event/ScreenEvent$Render$Post.getGuiGraphics:()Lnet/minecraft/client/gui/GuiGraphicsExtractor;
        15: astore_1
        16: aload_1
        17: invokevirtual #43                 // Method net/minecraft/client/gui/GuiGraphicsExtractor.guiWidth:()I
        20: aload_1
        21: invokevirtual #49                 // Method net/minecraft/client/gui/GuiGraphicsExtractor.guiHeight:()I
        24: invokestatic  #52                 // Method layout:(II)Lkr/moonseungjun/villageguardians/VillageInventoryPanel$Layout;
        27: astore_2
        28: invokestatic  #56                 // Method net/minecraft/client/Minecraft.getInstance:()Lnet/minecraft/client/Minecraft;
        31: astore_3
        32: getstatic     #7                  // Field status:Lkr/moonseungjun/villageguardians/VillageNetwork$PlayerStatusPayload;
        35: invokevirtual #62                 // Method kr/moonseungjun/villageguardians/VillageNetwork$PlayerStatusPayload.progress:()Ljava/lang/String;
        38: invokestatic  #68                 // Method parseProgress:(Ljava/lang/String;)Lkr/moonseungjun/villageguardians/VillageInventoryPanel$Progress;
        41: astore        4
        43: aload_1
        44: aload_2
        45: invokevirtual #72                 // Method kr/moonseungjun/villageguardians/VillageInventoryPanel$Layout.left:()I
        48: iconst_1
        49: isub
        50: aload_2
        51: invokevirtual #77                 // Method kr/moonseungjun/villageguardians/VillageInventoryPanel$Layout.top:()I
        54: iconst_1
        55: isub
        56: aload_2
        57: invokevirtual #80                 // Method kr/moonseungjun/villageguardians/VillageInventoryPanel$Layout.right:()I
        60: iconst_1
        61: iadd
        62: aload_2
        63: invokevirtual #83                 // Method kr/moonseungjun/villageguardians/VillageInventoryPanel$Layout.bottom:()I
        66: iconst_1
        67: iadd
        68: ldc           #86                 // int -9740983
        70: invokevirtual #87                 // Method net/minecraft/client/gui/GuiGraphicsExtractor.fill:(IIIII)V
        73: aload_1
        74: aload_2
        75: invokevirtual #72                 // Method kr/moonseungjun/villageguardians/VillageInventoryPanel$Layout.left:()I
        78: aload_2
        79: invokevirtual #77                 // Method kr/moonseungjun/villageguardians/VillageInventoryPanel$Layout.top:()I
        82: aload_2
        83: invokevirtual #80                 // Method kr/moonseungjun/villageguardians/VillageInventoryPanel$Layout.right:()I
        86: aload_2
        87: invokevirtual #83                 // Method kr/moonseungjun/villageguardians/VillageInventoryPanel$Layout.bottom:()I
        90: ldc           #91                 // int -1713470
        92: invokevirtual #87                 // Method net/minecraft/client/gui/GuiGraphicsExtractor.fill:(IIIII)V
        95: aload_1
        96: aload_2
        97: invokevirtual #72                 // Method kr/moonseungjun/villageguardians/VillageInventoryPanel$Layout.left:()I
       100: aload_2
       101: invokevirtual #77                 // Method kr/moonseungjun/villageguardians/VillageInventoryPanel$Layout.top:()I
       104: aload_2
       105: invokevirtual #72                 // Method kr/moonseungjun/villageguardians/VillageInventoryPanel$Layout.left:()I
       108: iconst_3
       109: iadd
       110: aload_2
       111: invokevirtual #83                 // Method kr/moonseungjun/villageguardians/VillageInventoryPanel$Layout.bottom:()I
       114: ldc           #92                 // int -13206155
       116: invokevirtual #87                 // Method net/minecraft/client/gui/GuiGraphicsExtractor.fill:(IIIII)V
       119: aload_1
       120: aload_3
       121: getfield      #93                 // Field net/minecraft/client/Minecraft.font:Lnet/minecraft/client/gui/Font;
       124: ldc           #97                 // String 수호자
       126: aload_2
       127: invokevirtual #72                 // Method kr/moonseungjun/villageguardians/VillageInventoryPanel$Layout.left:()I
       130: bipush        9
       132: iadd
       133: aload_2
       134: invokevirtual #77                 // Method kr/moonseungjun/villageguardians/VillageInventoryPanel$Layout.top:()I
       137: bipush        7
       139: iadd
       140: ldc           #99                 // int -14015459
       142: iconst_0
       143: invokevirtual #100                // Method net/minecraft/client/gui/GuiGraphicsExtractor.text:(Lnet/minecraft/client/gui/Font;Ljava/lang/String;IIIZ)V
       146: aload         4
       148: invokevirtual #104                // Method kr/moonseungjun/villageguardians/VillageInventoryPanel$Progress.level:()I
       151: invokedynamic #109,  0            // InvokeDynamic #0:makeConcatWithConstants:(I)Ljava/lang/String;
       156: astore        5
       158: aload_1
       159: aload_3
       160: getfield      #93                 // Field net/minecraft/client/Minecraft.font:Lnet/minecraft/client/gui/Font;
       163: aload         5
       165: aload_2
       166: invokevirtual #80                 // Method kr/moonseungjun/villageguardians/VillageInventoryPanel$Layout.right:()I
       169: bipush        8
       171: isub
       172: aload_3
       173: getfield      #93                 // Field net/minecraft/client/Minecraft.font:Lnet/minecraft/client/gui/Font;
       176: aload         5
       178: invokevirtual #113                // Method net/minecraft/client/gui/Font.width:(Ljava/lang/String;)I
       181: isub
       182: aload_2
       183: invokevirtual #77                 // Method kr/moonseungjun/villageguardians/VillageInventoryPanel$Layout.top:()I
       186: bipush        7
       188: iadd
       189: ldc           #119                // int -5801682
       191: iconst_0
       192: invokevirtual #100                // Method net/minecraft/client/gui/GuiGraphicsExtractor.text:(Lnet/minecraft/client/gui/Font;Ljava/lang/String;IIIZ)V
       195: aload_2
       196: invokevirtual #72                 // Method kr/moonseungjun/villageguardians/VillageInventoryPanel$Layout.left:()I
       199: bipush        9
       201: iadd
       202: istore        6
       204: aload_2
       205: invokevirtual #80                 // Method kr/moonseungjun/villageguardians/VillageInventoryPanel$Layout.right:()I
       208: bipush        9
       210: isub
       211: istore        7
       213: aload_2
       214: invokevirtual #77                 // Method kr/moonseungjun/villageguardians/VillageInventoryPanel$Layout.top:()I
       217: bipush        22
       219: iadd
       220: istore        8
       222: aload_1
       223: iload         6
       225: iload         8
       227: iload         7
       229: iload         8
       231: iconst_4
       232: iadd
       233: ldc           #120                // int -4674669
       235: invokevirtual #87                 // Method net/minecraft/client/gui/GuiGraphicsExtractor.fill:(IIIII)V
       238: aload_1
       239: iload         6
       241: iconst_1
       242: iadd
       243: iload         8
       245: iconst_1
       246: iadd
       247: iload         6
       249: iconst_1
       250: iadd
       251: iload         7
       253: iload         6
       255: isub
       256: iconst_2
       257: isub
       258: i2f
       259: aload         4
       261: invokevirtual #121                // Method kr/moonseungjun/villageguardians/VillageInventoryPanel$Progress.ratio:()F
       264: fmul
       265: invokestatic  #125                // Method java/lang/Math.round:(F)I
       268: iadd
       269: iload         8
       271: iconst_3
       272: iadd
       273: ldc           #92                 // int -13206155
       275: invokevirtual #87                 // Method net/minecraft/client/gui/GuiGraphicsExtractor.fill:(IIIII)V
       278: aload_1
       279: aload_3
       280: getfield      #93                 // Field net/minecraft/client/Minecraft.font:Lnet/minecraft/client/gui/Font;
       283: aload_3
       284: aload         4
       286: invokevirtual #131                // Method kr/moonseungjun/villageguardians/VillageInventoryPanel$Progress.current:()I
       289: aload         4
       291: invokevirtual #134                // Method kr/moonseungjun/villageguardians/VillageInventoryPanel$Progress.required:()I
       294: invokedynamic #137,  0            // InvokeDynamic #1:makeConcatWithConstants:(II)Ljava/lang/String;
       299: iload         7
       301: iload         6
       303: isub
       304: invokestatic  #140                // Method fit:(Lnet/minecraft/client/Minecraft;Ljava/lang/String;I)Ljava/lang/String;
       307: iload         6
       309: iload         8
       311: bipush        7
       313: iadd
       314: ldc           #144                // int -10002603
       316: iconst_0
       317: invokevirtual #100                // Method net/minecraft/client/gui/GuiGraphicsExtractor.text:(Lnet/minecraft/client/gui/Font;Ljava/lang/String;IIIZ)V
       320: aload_1
       321: aload_3
       322: aload_2
       323: aload_2
       324: invokevirtual #77                 // Method kr/moonseungjun/villageguardians/VillageInventoryPanel$Layout.top:()I
       327: bipush        41
       329: iadd
       330: ldc           #145                // String 직업
       332: getstatic     #7                  // Field status:Lkr/moonseungjun/villageguardians/VillageNetwork$PlayerStatusPayload;
       335: invokevirtual #147                // Method kr/moonseungjun/villageguardians/VillageNetwork$PlayerStatusPayload.role:()Ljava/lang/String;
       338: ldc           #92                 // int -13206155
       340: invokestatic  #150                // Method drawRow:(Lnet/minecraft/client/gui/GuiGraphicsExtractor;Lnet/minecraft/client/Minecraft;Lkr/moonseungjun/villageguardians/VillageInventoryPanel$Layout;ILjava/lang/String;Ljava/lang/String;I)V
       343: aload_1
       344: aload_3
       345: aload_2
       346: aload_2
       347: invokevirtual #77                 // Method kr/moonseungjun/villageguardians/VillageInventoryPanel$Layout.top:()I
       350: bipush        55
       352: iadd
       353: ldc           #154                // String 주화
       355: getstatic     #7                  // Field status:Lkr/moonseungjun/villageguardians/VillageNetwork$PlayerStatusPayload;
       358: invokevirtual #156                // Method kr/moonseungjun/villageguardians/VillageNetwork$PlayerStatusPayload.economy:()Ljava/lang/String;
       361: invokestatic  #159                // Method economyValue:(Ljava/lang/String;)Ljava/lang/String;
       364: ldc           #119                // int -5801682
       366: invokestatic  #150                // Method drawRow:(Lnet/minecraft/client/gui/GuiGraphicsExtractor;Lnet/minecraft/client/Minecraft;Lkr/moonseungjun/villageguardians/VillageInventoryPanel$Layout;ILjava/lang/String;Ljava/lang/String;I)V
       369: aload_1
       370: aload_3
       371: getfield      #93                 // Field net/minecraft/client/Minecraft.font:Lnet/minecraft/client/gui/Font;
       374: aload_3
       375: invokestatic  #163                // Method kr/moonseungjun/villageguardians/VillageClientKeys.compactSummary:()Ljava/lang/String;
       378: aload_2
       379: invokevirtual #168                // Method kr/moonseungjun/villageguardians/VillageInventoryPanel$Layout.width:()I
       382: bipush        18
       384: isub
       385: invokestatic  #140                // Method fit:(Lnet/minecraft/client/Minecraft;Ljava/lang/String;I)Ljava/lang/String;
       388: aload_2
       389: invokevirtual #72                 // Method kr/moonseungjun/villageguardians/VillageInventoryPanel$Layout.left:()I
       392: bipush        9
       394: iadd
       395: aload_2
       396: invokevirtual #77                 // Method kr/moonseungjun/villageguardians/VillageInventoryPanel$Layout.top:()I
       399: bipush        70
       401: iadd
       402: ldc           #144                // int -10002603
       404: iconst_0
       405: invokevirtual #100                // Method net/minecraft/client/gui/GuiGraphicsExtractor.text:(Lnet/minecraft/client/gui/Font;Ljava/lang/String;IIIZ)V
       408: iconst_5
       409: istore        9
       411: aload_2
       412: invokevirtual #168                // Method kr/moonseungjun/villageguardians/VillageInventoryPanel$Layout.width:()I
       415: bipush        18
       417: isub
       418: iload         9
       420: isub
       421: iconst_2
       422: idiv
       423: istore        10
       425: aload_2
       426: invokevirtual #77                 // Method kr/moonseungjun/villageguardians/VillageInventoryPanel$Layout.top:()I
       429: bipush        84
       431: iadd
       432: istore        11
       434: aload_1
       435: aload_3
       436: aload_0
       437: invokevirtual #170                // Method net/neoforged/neoforge/client/event/ScreenEvent$Render$Post.getMouseX:()I
       440: aload_0
       441: invokevirtual #173                // Method net/neoforged/neoforge/client/event/ScreenEvent$Render$Post.getMouseY:()I
       444: aload_2
       445: invokevirtual #72                 // Method kr/moonseungjun/villageguardians/VillageInventoryPanel$Layout.left:()I
       448: bipush        9
       450: iadd
       451: iload         11
       453: iload         10
       455: invokestatic  #176                // Method kr/moonseungjun/villageguardians/VillageClientKeys.statusKeyName:()Ljava/lang/String;
       458: invokedynamic #179,  0            // InvokeDynamic #2:makeConcatWithConstants:(Ljava/lang/String;)Ljava/lang/String;
       463: ldc           #92                 // int -13206155
       465: invokestatic  #181                // Method drawButton:(Lnet/minecraft/client/gui/GuiGraphicsExtractor;Lnet/minecraft/client/Minecraft;IIIIILjava/lang/String;I)V
       468: aload_1
       469: aload_3
       470: aload_0
       471: invokevirtual #170                // Method net/neoforged/neoforge/client/event/ScreenEvent$Render$Post.getMouseX:()I
       474: aload_0
       475: invokevirtual #173                // Method net/neoforged/neoforge/client/event/ScreenEvent$Render$Post.getMouseY:()I
       478: aload_2
       479: invokevirtual #72                 // Method kr/moonseungjun/villageguardians/VillageInventoryPanel$Layout.left:()I
       482: bipush        9
       484: iadd
       485: iload         10
       487: iadd
       488: iload         9
       490: iadd
       491: iload         11
       493: iload         10
       495: invokestatic  #185                // Method kr/moonseungjun/villageguardians/VillageClientKeys.growthKeyName:()Ljava/lang/String;
       498: invokedynamic #188,  0            // InvokeDynamic #3:makeConcatWithConstants:(Ljava/lang/String;)Ljava/lang/String;
       503: ldc           #119                // int -5801682
       505: invokestatic  #181                // Method drawButton:(Lnet/minecraft/client/gui/GuiGraphicsExtractor;Lnet/minecraft/client/Minecraft;IIIIILjava/lang/String;I)V
       508: aload_1
       509: aload_3
       510: aload_0
       511: invokevirtual #170                // Method net/neoforged/neoforge/client/event/ScreenEvent$Render$Post.getMouseX:()I
       514: aload_0
       515: invokevirtual #173                // Method net/neoforged/neoforge/client/event/ScreenEvent$Render$Post.getMouseY:()I
       518: aload_2
       519: invokevirtual #72                 // Method kr/moonseungjun/villageguardians/VillageInventoryPanel$Layout.left:()I
       522: bipush        9
       524: iadd
       525: iload         11
       527: bipush        21
       529: iadd
       530: iload         10
       532: invokestatic  #189                // Method kr/moonseungjun/villageguardians/VillageClientKeys.roleProgressKeyName:()Ljava/lang/String;
       535: invokedynamic #192,  0            // InvokeDynamic #4:makeConcatWithConstants:(Ljava/lang/String;)Ljava/lang/String;
       540: ldc           #92                 // int -13206155
       542: invokestatic  #181                // Method drawButton:(Lnet/minecraft/client/gui/GuiGraphicsExtractor;Lnet/minecraft/client/Minecraft;IIIIILjava/lang/String;I)V
       545: aload_1
       546: aload_3
       547: aload_0
       548: invokevirtual #170                // Method net/neoforged/neoforge/client/event/ScreenEvent$Render$Post.getMouseX:()I
       551: aload_0
       552: invokevirtual #173                // Method net/neoforged/neoforge/client/event/ScreenEvent$Render$Post.getMouseY:()I
       555: aload_2
       556: invokevirtual #72                 // Method kr/moonseungjun/villageguardians/VillageInventoryPanel$Layout.left:()I
       559: bipush        9
       561: iadd
       562: iload         10
       564: iadd
       565: iload         9
       567: iadd
       568: iload         11
       570: bipush        21
       572: iadd
       573: iload         10
       575: invokestatic  #193                // Method kr/moonseungjun/villageguardians/VillageClientKeys.quickCommunicationKeyName:()Ljava/lang/String;
       578: invokedynamic #196,  0            // InvokeDynamic #5:makeConcatWithConstants:(Ljava/lang/String;)Ljava/lang/String;
       583: ldc           #119                // int -5801682
       585: invokestatic  #181                // Method drawButton:(Lnet/minecraft/client/gui/GuiGraphicsExtractor;Lnet/minecraft/client/Minecraft;IIIIILjava/lang/String;I)V
       588: return

  private static void drawRow(net.minecraft.client.gui.GuiGraphicsExtractor, net.minecraft.client.Minecraft, kr.moonseungjun.villageguardians.VillageInventoryPanel$Layout, int, java.lang.String, java.lang.String, int);
    Code:
         0: aload_0
         1: aload_2
         2: invokevirtual #72                 // Method kr/moonseungjun/villageguardians/VillageInventoryPanel$Layout.left:()I
         5: bipush        9
         7: iadd
         8: iload_3
         9: iconst_2
        10: iadd
        11: aload_2
        12: invokevirtual #72                 // Method kr/moonseungjun/villageguardians/VillageInventoryPanel$Layout.left:()I
        15: bipush        12
        17: iadd
        18: iload_3
        19: bipush        9
        21: iadd
        22: iload         6
        24: invokevirtual #87                 // Method net/minecraft/client/gui/GuiGraphicsExtractor.fill:(IIIII)V
        27: aload_0
        28: aload_1
        29: getfield      #93                 // Field net/minecraft/client/Minecraft.font:Lnet/minecraft/client/gui/Font;
        32: aload         4
        34: aload_2
        35: invokevirtual #72                 // Method kr/moonseungjun/villageguardians/VillageInventoryPanel$Layout.left:()I
        38: bipush        16
        40: iadd
        41: iload_3
        42: ldc           #144                // int -10002603
        44: iconst_0
        45: invokevirtual #100                // Method net/minecraft/client/gui/GuiGraphicsExtractor.text:(Lnet/minecraft/client/gui/Font;Ljava/lang/String;IIIZ)V
        48: aload_2
        49: invokevirtual #72                 // Method kr/moonseungjun/villageguardians/VillageInventoryPanel$Layout.left:()I
        52: bipush        43
        54: aload_2
        55: invokevirtual #168                // Method kr/moonseungjun/villageguardians/VillageInventoryPanel$Layout.width:()I
        58: iconst_2
        59: idiv
        60: iconst_4
        61: isub
        62: invokestatic  #197                // Method java/lang/Math.max:(II)I
        65: iadd
        66: istore        7
        68: aload_0
        69: aload_1
        70: getfield      #93                 // Field net/minecraft/client/Minecraft.font:Lnet/minecraft/client/gui/Font;
        73: aload_1
        74: aload         5
        76: aload_2
        77: invokevirtual #80                 // Method kr/moonseungjun/villageguardians/VillageInventoryPanel$Layout.right:()I
        80: iload         7
        82: isub
        83: bipush        7
        85: isub
        86: invokestatic  #140                // Method fit:(Lnet/minecraft/client/Minecraft;Ljava/lang/String;I)Ljava/lang/String;
        89: iload         7
        91: iload_3
        92: ldc           #99                 // int -14015459
        94: iconst_0
        95: invokevirtual #100                // Method net/minecraft/client/gui/GuiGraphicsExtractor.text:(Lnet/minecraft/client/gui/Font;Ljava/lang/String;IIIZ)V
        98: return

  private static void drawButton(net.minecraft.client.gui.GuiGraphicsExtractor, net.minecraft.client.Minecraft, int, int, int, int, int, java.lang.String, int);
    Code:
         0: iload_2
         1: i2d
         2: iload_3
         3: i2d
         4: iload         4
         6: iload         5
         8: iload         6
        10: bipush        16
        12: invokestatic  #201                // Method inside:(DDIIII)Z
        15: istore        9
        17: aload_0
        18: iload         4
        20: iconst_1
        21: isub
        22: iload         5
        24: iconst_1
        25: isub
        26: iload         4
        28: iload         6
        30: iadd
        31: iconst_1
        32: iadd
        33: iload         5
        35: bipush        17
        37: iadd
        38: iload         9
        40: ifeq          48
        43: iload         8
        45: goto          50
        48: ldc           #86                 // int -9740983
        50: invokevirtual #87                 // Method net/minecraft/client/gui/GuiGraphicsExtractor.fill:(IIIII)V
        53: aload_0
        54: iload         4
        56: iload         5
        58: iload         4
        60: iload         6
        62: iadd
        63: iload         5
        65: bipush        16
        67: iadd
        68: iload         9
        70: ifeq          78
        73: ldc           #205                // int -1912407
        75: goto          80
        78: ldc           #206                // int -857127
        80: invokevirtual #87                 // Method net/minecraft/client/gui/GuiGraphicsExtractor.fill:(IIIII)V
        83: aload_0
        84: aload_1
        85: getfield      #93                 // Field net/minecraft/client/Minecraft.font:Lnet/minecraft/client/gui/Font;
        88: aload_1
        89: aload         7
        91: iload         6
        93: bipush        6
        95: isub
        96: invokestatic  #140                // Method fit:(Lnet/minecraft/client/Minecraft;Ljava/lang/String;I)Ljava/lang/String;
        99: iload         4
       101: iload         6
       103: iconst_2
       104: idiv
       105: iadd
       106: iload         5
       108: iconst_4
       109: iadd
       110: iload         9
       112: ifeq          120
       115: ldc           #99                 // int -14015459
       117: goto          122
       120: ldc           #144                // int -10002603
       122: invokevirtual #207                // Method net/minecraft/client/gui/GuiGraphicsExtractor.centeredText:(Lnet/minecraft/client/gui/Font;Ljava/lang/String;III)V
       125: return

  public static void onInventoryClick(net.neoforged.neoforge.client.event.ScreenEvent$MouseButtonPressed$Pre);
    Code:
         0: aload_0
         1: invokevirtual #211                // Method net/neoforged/neoforge/client/event/ScreenEvent$MouseButtonPressed$Pre.getScreen:()Lnet/minecraft/client/gui/screens/Screen;
         4: instanceof    #19                 // class net/minecraft/client/gui/screens/inventory/InventoryScreen
         7: ifeq          17
        10: aload_0
        11: invokevirtual #214                // Method net/neoforged/neoforge/client/event/ScreenEvent$MouseButtonPressed$Pre.getButton:()I
        14: ifeq          18
        17: return
        18: invokestatic  #56                 // Method net/minecraft/client/Minecraft.getInstance:()Lnet/minecraft/client/Minecraft;
        21: astore_1
        22: aload_1
        23: invokevirtual #217                // Method net/minecraft/client/Minecraft.getWindow:()Lcom/mojang/blaze3d/platform/Window;
        26: invokevirtual #221                // Method com/mojang/blaze3d/platform/Window.getGuiScaledWidth:()I
        29: aload_1
        30: invokevirtual #217                // Method net/minecraft/client/Minecraft.getWindow:()Lcom/mojang/blaze3d/platform/Window;
        33: invokevirtual #226                // Method com/mojang/blaze3d/platform/Window.getGuiScaledHeight:()I
        36: invokestatic  #52                 // Method layout:(II)Lkr/moonseungjun/villageguardians/VillageInventoryPanel$Layout;
        39: astore_2
        40: iconst_5
        41: istore_3
        42: aload_2
        43: invokevirtual #168                // Method kr/moonseungjun/villageguardians/VillageInventoryPanel$Layout.width:()I
        46: bipush        18
        48: isub
        49: iload_3
        50: isub
        51: iconst_2
        52: idiv
        53: istore        4
        55: aload_2
        56: invokevirtual #77                 // Method kr/moonseungjun/villageguardians/VillageInventoryPanel$Layout.top:()I
        59: bipush        84
        61: iadd
        62: istore        5
        64: aconst_null
        65: astore        6
        67: aload_0
        68: invokevirtual #229                // Method net/neoforged/neoforge/client/event/ScreenEvent$MouseButtonPressed$Pre.getMouseX:()D
        71: aload_0
        72: invokevirtual #232                // Method net/neoforged/neoforge/client/event/ScreenEvent$MouseButtonPressed$Pre.getMouseY:()D
        75: aload_2
        76: invokevirtual #72                 // Method kr/moonseungjun/villageguardians/VillageInventoryPanel$Layout.left:()I
        79: bipush        9
        81: iadd
        82: iload         5
        84: iload         4
        86: bipush        16
        88: invokestatic  #201                // Method inside:(DDIIII)Z
        91: ifeq          101
        94: ldc           #234                // String open_status
        96: astore        6
        98: goto          216
       101: aload_0
       102: invokevirtual #229                // Method net/neoforged/neoforge/client/event/ScreenEvent$MouseButtonPressed$Pre.getMouseX:()D
       105: aload_0
       106: invokevirtual #232                // Method net/neoforged/neoforge/client/event/ScreenEvent$MouseButtonPressed$Pre.getMouseY:()D
       109: aload_2
       110: invokevirtual #72                 // Method kr/moonseungjun/villageguardians/VillageInventoryPanel$Layout.left:()I
       113: bipush        9
       115: iadd
       116: iload         4
       118: iadd
       119: iload_3
       120: iadd
       121: iload         5
       123: iload         4
       125: bipush        16
       127: invokestatic  #201                // Method inside:(DDIIII)Z
       130: ifeq          140
       133: ldc           #236                // String open_skill_tree
       135: astore        6
       137: goto          216
       140: aload_0
       141: invokevirtual #229                // Method net/neoforged/neoforge/client/event/ScreenEvent$MouseButtonPressed$Pre.getMouseX:()D
       144: aload_0
       145: invokevirtual #232                // Method net/neoforged/neoforge/client/event/ScreenEvent$MouseButtonPressed$Pre.getMouseY:()D
       148: aload_2
       149: invokevirtual #72                 // Method kr/moonseungjun/villageguardians/VillageInventoryPanel$Layout.left:()I
       152: bipush        9
       154: iadd
       155: iload         5
       157: bipush        21
       159: iadd
       160: iload         4
       162: bipush        16
       164: invokestatic  #201                // Method inside:(DDIIII)Z
       167: ifeq          177
       170: ldc           #238                // String open_role_progress_current
       172: astore        6
       174: goto          216
       177: aload_0
       178: invokevirtual #229                // Method net/neoforged/neoforge/client/event/ScreenEvent$MouseButtonPressed$Pre.getMouseX:()D
       181: aload_0
       182: invokevirtual #232                // Method net/neoforged/neoforge/client/event/ScreenEvent$MouseButtonPressed$Pre.getMouseY:()D
       185: aload_2
       186: invokevirtual #72                 // Method kr/moonseungjun/villageguardians/VillageInventoryPanel$Layout.left:()I
       189: bipush        9
       191: iadd
       192: iload         4
       194: iadd
       195: iload_3
       196: iadd
       197: iload         5
       199: bipush        21
       201: iadd
       202: iload         4
       204: bipush        16
       206: invokestatic  #201                // Method inside:(DDIIII)Z
       209: ifeq          216
       212: ldc           #240                // String open_quick_chat
       214: astore        6
       216: aload         6
       218: ifnull        242
       221: new           #242                // class kr/moonseungjun/villageguardians/VillageNetwork$VillageUiActionPayload
       224: dup
       225: aload         6
       227: invokespecial #244                // Method kr/moonseungjun/villageguardians/VillageNetwork$VillageUiActionPayload."<init>":(Ljava/lang/String;)V
       230: iconst_0
       231: anewarray     #28                 // class net/minecraft/network/protocol/common/custom/CustomPacketPayload
       234: invokestatic  #30                 // Method net/neoforged/neoforge/client/network/ClientPacketDistributor.sendToServer:(Lnet/minecraft/network/protocol/common/custom/CustomPacketPayload;[Lnet/minecraft/network/protocol/common/custom/CustomPacketPayload;)V
       237: aload_0
       238: iconst_1
       239: invokevirtual #245                // Method net/neoforged/neoforge/client/event/ScreenEvent$MouseButtonPressed$Pre.setCanceled:(Z)V
       242: return

  private static kr.moonseungjun.villageguardians.VillageInventoryPanel$Layout layout(int, int);
    Code:
         0: iload_0
         1: sipush        176
         4: isub
         5: iconst_2
         6: idiv
         7: istore_2
         8: iload_2
         9: sipush        176
        12: iadd
        13: istore_3
        14: iconst_0
        15: iload_2
        16: bipush        6
        18: isub
        19: invokestatic  #197                // Method java/lang/Math.max:(II)I
        22: istore        4
        24: iconst_0
        25: iload_0
        26: iload_3
        27: isub
        28: bipush        6
        30: isub
        31: invokestatic  #197                // Method java/lang/Math.max:(II)I
        34: istore        5
        36: iload         4
        38: bipush        100
        40: if_icmpge     57
        43: iload         5
        45: bipush        100
        47: if_icmplt     57
        50: iload         4
        52: iload         5
        54: if_icmplt     61
        57: iconst_1
        58: goto          62
        61: iconst_0
        62: istore        6
        64: iload         6
        66: ifeq          74
        69: iload         4
        71: goto          76
        74: iload         5
        76: istore        7
        78: bipush        100
        80: sipush        136
        83: bipush        100
        85: iload         7
        87: iconst_4
        88: isub
        89: invokestatic  #197                // Method java/lang/Math.max:(II)I
        92: invokestatic  #249                // Method java/lang/Math.min:(II)I
        95: invokestatic  #197                // Method java/lang/Math.max:(II)I
        98: istore        8
       100: iload         6
       102: ifeq          118
       105: iconst_2
       106: iload_2
       107: iload         8
       109: isub
       110: iconst_4
       111: isub
       112: invokestatic  #197                // Method java/lang/Math.max:(II)I
       115: goto          130
       118: iload_0
       119: iload         8
       121: isub
       122: iconst_2
       123: isub
       124: iload_3
       125: iconst_4
       126: iadd
       127: invokestatic  #249                // Method java/lang/Math.min:(II)I
       130: istore        9
       132: iconst_3
       133: iload_1
       134: iconst_2
       135: idiv
       136: bipush        66
       138: isub
       139: invokestatic  #197                // Method java/lang/Math.max:(II)I
       142: istore        10
       144: iload_1
       145: iconst_3
       146: isub
       147: iload         10
       149: sipush        132
       152: iadd
       153: invokestatic  #249                // Method java/lang/Math.min:(II)I
       156: istore        11
       158: iload         11
       160: iload         10
       162: isub
       163: bipush        122
       165: if_icmpge     179
       168: iconst_2
       169: iload         11
       171: bipush        122
       173: isub
       174: invokestatic  #197                // Method java/lang/Math.max:(II)I
       177: istore        10
       179: new           #73                 // class kr/moonseungjun/villageguardians/VillageInventoryPanel$Layout
       182: dup
       183: iload         9
       185: iload         10
       187: iload         8
       189: iload         11
       191: iload         10
       193: isub
       194: invokespecial #252                // Method kr/moonseungjun/villageguardians/VillageInventoryPanel$Layout."<init>":(IIII)V
       197: areturn

  private static kr.moonseungjun.villageguardians.VillageInventoryPanel$Progress parseProgress(java.lang.String);
    Code:
         0: getstatic     #255                // Field PROGRESS_PATTERN:Ljava/util/regex/Pattern;
         3: aload_0
         4: invokevirtual #259                // Method java/util/regex/Pattern.matcher:(Ljava/lang/CharSequence;)Ljava/util/regex/Matcher;
         7: astore_1
         8: aload_1
         9: invokevirtual #265                // Method java/util/regex/Matcher.matches:()Z
        12: ifeq          60
        15: aload_1
        16: iconst_1
        17: invokevirtual #271                // Method java/util/regex/Matcher.group:(I)Ljava/lang/String;
        20: invokestatic  #274                // Method java/lang/Integer.parseInt:(Ljava/lang/String;)I
        23: istore_2
        24: aload_1
        25: iconst_2
        26: invokevirtual #271                // Method java/util/regex/Matcher.group:(I)Ljava/lang/String;
        29: invokestatic  #274                // Method java/lang/Integer.parseInt:(Ljava/lang/String;)I
        32: istore_3
        33: iconst_1
        34: aload_1
        35: iconst_3
        36: invokevirtual #271                // Method java/util/regex/Matcher.group:(I)Ljava/lang/String;
        39: invokestatic  #274                // Method java/lang/Integer.parseInt:(Ljava/lang/String;)I
        42: invokestatic  #197                // Method java/lang/Math.max:(II)I
        45: istore        4
        47: new           #105                // class kr/moonseungjun/villageguardians/VillageInventoryPanel$Progress
        50: dup
        51: iload_2
        52: iload_3
        53: iload         4
        55: invokespecial #279                // Method kr/moonseungjun/villageguardians/VillageInventoryPanel$Progress."<init>":(III)V
        58: areturn
        59: astore_2
        60: new           #105                // class kr/moonseungjun/villageguardians/VillageInventoryPanel$Progress
        63: dup
        64: iconst_1
        65: iconst_0
        66: bipush        100
        68: invokespecial #279                // Method kr/moonseungjun/villageguardians/VillageInventoryPanel$Progress."<init>":(III)V
        71: areturn
      Exception table:
         from    to  target type
            15    58    59   Class java/lang/NumberFormatException

  private static java.lang.String economyValue(java.lang.String);
    Code:
         0: ldc_w         #284                // String .*?(\\d+).*
         3: invokestatic  #286                // Method java/util/regex/Pattern.compile:(Ljava/lang/String;)Ljava/util/regex/Pattern;
         6: aload_0
         7: invokevirtual #259                // Method java/util/regex/Pattern.matcher:(Ljava/lang/CharSequence;)Ljava/util/regex/Matcher;
        10: astore_1
        11: aload_1
        12: invokevirtual #265                // Method java/util/regex/Matcher.matches:()Z
        15: ifeq          26
        18: aload_1
        19: iconst_1
        20: invokevirtual #271                // Method java/util/regex/Matcher.group:(I)Ljava/lang/String;
        23: goto          27
        26: aload_0
        27: areturn

  private static java.lang.String fit(net.minecraft.client.Minecraft, java.lang.String, int);
    Code:
         0: aload_1
         1: ifnonnull     10
         4: ldc_w         #290                // String
         7: goto          18
        10: aload_1
        11: bipush        10
        13: bipush        32
        15: invokevirtual #292                // Method java/lang/String.replace:(CC)Ljava/lang/String;
        18: astore_3
        19: iload_2
        20: ifle          35
        23: aload_0
        24: getfield      #93                 // Field net/minecraft/client/Minecraft.font:Lnet/minecraft/client/gui/Font;
        27: aload_3
        28: invokevirtual #113                // Method net/minecraft/client/gui/Font.width:(Ljava/lang/String;)I
        31: iload_2
        32: if_icmpgt     37
        35: aload_3
        36: areturn
        37: ldc_w         #298                // String …
        40: astore        4
        42: aload_3
        43: invokevirtual #300                // Method java/lang/String.length:()I
        46: istore        5
        48: iload         5
        50: iconst_1
        51: if_icmple     85
        54: aload_0
        55: getfield      #93                 // Field net/minecraft/client/Minecraft.font:Lnet/minecraft/client/gui/Font;
        58: aload_3
        59: iconst_0
        60: iload         5
        62: invokevirtual #303                // Method java/lang/String.substring:(II)Ljava/lang/String;
        65: aload         4
        67: invokedynamic #306,  0            // InvokeDynamic #6:makeConcatWithConstants:(Ljava/lang/String;Ljava/lang/String;)Ljava/lang/String;
        72: invokevirtual #113                // Method net/minecraft/client/gui/Font.width:(Ljava/lang/String;)I
        75: iload_2
        76: if_icmple     85
        79: iinc          5, -1
        82: goto          48
        85: aload_3
        86: iconst_0
        87: iconst_1
        88: iload         5
        90: invokestatic  #197                // Method java/lang/Math.max:(II)I
        93: invokevirtual #303                // Method java/lang/String.substring:(II)Ljava/lang/String;
        96: aload         4
        98: invokedynamic #306,  0            // InvokeDynamic #6:makeConcatWithConstants:(Ljava/lang/String;Ljava/lang/String;)Ljava/lang/String;
       103: areturn

  private static boolean inside(double, double, int, int, int, int);
    Code:
         0: dload_0
         1: iload         4
         3: i2d
         4: dcmpl
         5: iflt          42
         8: dload_0
         9: iload         4
        11: iload         6
        13: iadd
        14: i2d
        15: dcmpg
        16: ifge          42
        19: dload_2
        20: iload         5
        22: i2d
        23: dcmpl
        24: iflt          42
        27: dload_2
        28: iload         5
        30: iload         7
        32: iadd
        33: i2d
        34: dcmpg
        35: ifge          42
        38: iconst_1
        39: goto          43
        42: iconst_0
        43: ireturn

  static {};
    Code:
         0: ldc_w         #309                // String .*?(\\d+).*?(\\d+)\\s*/\\s*(\\d+).*
         3: invokestatic  #286                // Method java/util/regex/Pattern.compile:(Ljava/lang/String;)Ljava/util/regex/Pattern;
         6: putstatic     #255                // Field PROGRESS_PATTERN:Ljava/util/regex/Pattern;
         9: new           #63                 // class kr/moonseungjun/villageguardians/VillageNetwork$PlayerStatusPayload
        12: dup
        13: ldc_w         #311                // String 레벨 동기화 중
        16: ldc_w         #313                // String 미선택
        19: ldc_w         #315                // String 주화 확인 중
        22: ldc_w         #317                // String 마을 확인 중
        25: invokespecial #319                // Method kr/moonseungjun/villageguardians/VillageNetwork$PlayerStatusPayload."<init>":(Ljava/lang/String;Ljava/lang/String;Ljava/lang/String;Ljava/lang/String;)V
        28: putstatic     #7                  // Field status:Lkr/moonseungjun/villageguardians/VillageNetwork$PlayerStatusPayload;
        31: return
}
Compiled from "VillageQuickChatScreen.java"
public final class kr.moonseungjun.villageguardians.VillageQuickChatScreen extends net.minecraft.client.gui.screens.Screen {
  private static final java.lang.String SEP;

  private static final int OVERLAY;

  private static final int PANEL;

  private static final int CARD;

  private static final int CARD_HOVER;

  private static final int BORDER;

  private static final int TEXT;

  private static final int MUTED;

  private static final int ACCENT;

  private final java.lang.String[] actions;

  private final java.lang.String[] labels;

  public kr.moonseungjun.villageguardians.VillageQuickChatScreen(kr.moonseungjun.villageguardians.VillageNetwork$OpenVillageUiPayload);
    Code:
         0: aload_0
         1: aload_1
         2: invokevirtual #1                  // Method kr/moonseungjun/villageguardians/VillageNetwork$OpenVillageUiPayload.title:()Ljava/lang/String;
         5: invokestatic  #7                  // InterfaceMethod net/minecraft/network/chat/Component.literal:(Ljava/lang/String;)Lnet/minecraft/network/chat/MutableComponent;
         8: invokespecial #13                 // Method net/minecraft/client/gui/screens/Screen."<init>":(Lnet/minecraft/network/chat/Component;)V
        11: aload_0
        12: aload_1
        13: invokevirtual #19                 // Method kr/moonseungjun/villageguardians/VillageNetwork$OpenVillageUiPayload.actions:()Ljava/lang/String;
        16: invokevirtual #22                 // Method java/lang/String.isBlank:()Z
        19: ifeq          29
        22: iconst_0
        23: anewarray     #23                 // class java/lang/String
        26: goto          39
        29: aload_1
        30: invokevirtual #19                 // Method kr/moonseungjun/villageguardians/VillageNetwork$OpenVillageUiPayload.actions:()Ljava/lang/String;
        33: ldc           #30                 // String \u001f
        35: iconst_m1
        36: invokevirtual #32                 // Method java/lang/String.split:(Ljava/lang/String;I)[Ljava/lang/String;
        39: putfield      #36                 // Field actions:[Ljava/lang/String;
        42: aload_0
        43: aload_1
        44: invokevirtual #39                 // Method kr/moonseungjun/villageguardians/VillageNetwork$OpenVillageUiPayload.labels:()Ljava/lang/String;
        47: invokevirtual #22                 // Method java/lang/String.isBlank:()Z
        50: ifeq          60
        53: iconst_0
        54: anewarray     #23                 // class java/lang/String
        57: goto          70
        60: aload_1
        61: invokevirtual #39                 // Method kr/moonseungjun/villageguardians/VillageNetwork$OpenVillageUiPayload.labels:()Ljava/lang/String;
        64: ldc           #30                 // String \u001f
        66: iconst_m1
        67: invokevirtual #32                 // Method java/lang/String.split:(Ljava/lang/String;I)[Ljava/lang/String;
        70: putfield      #42                 // Field labels:[Ljava/lang/String;
        73: return

  public boolean isPauseScreen();
    Code:
         0: iconst_0
         1: ireturn

  public void extractBackground(net.minecraft.client.gui.GuiGraphicsExtractor, int, int, float);
    Code:
         0: aload_1
         1: iconst_0
         2: iconst_0
         3: aload_0
         4: getfield      #44                 // Field width:I
         7: aload_0
         8: getfield      #48                 // Field height:I
        11: ldc           #51                 // int 1912602624
        13: invokevirtual #52                 // Method net/minecraft/client/gui/GuiGraphicsExtractor.fill:(IIIII)V
        16: return

  public void extractRenderState(net.minecraft.client.gui.GuiGraphicsExtractor, int, int, float);
    Code:
         0: aload_0
         1: getfield      #36                 // Field actions:[Ljava/lang/String;
         4: arraylength
         5: aload_0
         6: getfield      #42                 // Field labels:[Ljava/lang/String;
         9: arraylength
        10: invokestatic  #58                 // Method java/lang/Math.min:(II)I
        13: istore        5
        15: aload_0
        16: getfield      #44                 // Field width:I
        19: iconst_2
        20: idiv
        21: istore        6
        23: aload_0
        24: getfield      #48                 // Field height:I
        27: iconst_2
        28: idiv
        29: istore        7
        31: bipush        56
        33: istore        8
        35: bipush        18
        37: istore        9
        39: iload         6
        41: iload         8
        43: iconst_2
        44: idiv
        45: isub
        46: istore        10
        48: iload         7
        50: iload         9
        52: iconst_2
        53: idiv
        54: isub
        55: istore        11
        57: aload_1
        58: aload_0
        59: getfield      #64                 // Field font:Lnet/minecraft/client/gui/Font;
        62: aload_0
        63: invokestatic  #68                 // Method kr/moonseungjun/villageguardians/VillageClientKeys.quickCommunicationKeyName:()Ljava/lang/String;
        66: invokedynamic #73,  0             // InvokeDynamic #0:makeConcatWithConstants:(Ljava/lang/String;)Ljava/lang/String;
        71: iconst_1
        72: aload_0
        73: getfield      #44                 // Field width:I
        76: bipush        20
        78: isub
        79: invokestatic  #77                 // Method java/lang/Math.max:(II)I
        82: invokevirtual #80                 // Method fit:(Ljava/lang/String;I)Ljava/lang/String;
        85: bipush        10
        87: bipush        9
        89: ldc           #84                 // int -3944231
        91: iconst_0
        92: invokevirtual #85                 // Method net/minecraft/client/gui/GuiGraphicsExtractor.text:(Lnet/minecraft/client/gui/Font;Ljava/lang/String;IIIZ)V
        95: iload_2
        96: i2d
        97: iload_3
        98: i2d
        99: iload         10
       101: iload         11
       103: iload         8
       105: iload         9
       107: invokestatic  #89                 // Method inside:(DDIIII)Z
       110: istore        12
       112: aload_1
       113: iload         10
       115: iconst_1
       116: isub
       117: iload         11
       119: iconst_1
       120: isub
       121: iload         10
       123: iload         8
       125: iadd
       126: iconst_1
       127: iadd
       128: iload         11
       130: iload         9
       132: iadd
       133: iconst_1
       134: iadd
       135: iload         12
       137: ifeq          145
       140: ldc           #93                 // int -12199744
       142: goto          147
       145: ldc           #94                 // int -10849660
       147: invokevirtual #52                 // Method net/minecraft/client/gui/GuiGraphicsExtractor.fill:(IIIII)V
       150: aload_1
       151: iload         10
       153: iload         11
       155: iload         10
       157: iload         8
       159: iadd
       160: iload         11
       162: iload         9
       164: iadd
       165: iload         12
       167: ifeq          175
       170: ldc           #95                 // int -265599402
       172: goto          177
       175: ldc           #96                 // int -435547880
       177: invokevirtual #52                 // Method net/minecraft/client/gui/GuiGraphicsExtractor.fill:(IIIII)V
       180: aload_1
       181: aload_0
       182: getfield      #64                 // Field font:Lnet/minecraft/client/gui/Font;
       185: ldc           #97                 // String 닫기
       187: iload         6
       189: iload         11
       191: iconst_5
       192: iadd
       193: iload         12
       195: ifeq          202
       198: iconst_m1
       199: goto          204
       202: ldc           #84                 // int -3944231
       204: invokevirtual #99                 // Method net/minecraft/client/gui/GuiGraphicsExtractor.centeredText:(Lnet/minecraft/client/gui/Font;Ljava/lang/String;III)V
       207: iconst_0
       208: istore        13
       210: iload         13
       212: iload         5
       214: if_icmpge     571
       217: aload_0
       218: iload         13
       220: iload         5
       222: iload         6
       224: iload         7
       226: invokevirtual #103                // Method optionBounds:(IIII)Lkr/moonseungjun/villageguardians/VillageQuickChatScreen$OptionBounds;
       229: astore        14
       231: iload         6
       233: aload         14
       235: invokevirtual #107                // Method kr/moonseungjun/villageguardians/VillageQuickChatScreen$OptionBounds.x:()I
       238: aload         14
       240: invokevirtual #107                // Method kr/moonseungjun/villageguardians/VillageQuickChatScreen$OptionBounds.x:()I
       243: aload         14
       245: invokevirtual #113                // Method kr/moonseungjun/villageguardians/VillageQuickChatScreen$OptionBounds.width:()I
       248: iadd
       249: invokestatic  #115                // Method clamp:(III)I
       252: istore        15
       254: iload         7
       256: aload         14
       258: invokevirtual #119                // Method kr/moonseungjun/villageguardians/VillageQuickChatScreen$OptionBounds.y:()I
       261: aload         14
       263: invokevirtual #119                // Method kr/moonseungjun/villageguardians/VillageQuickChatScreen$OptionBounds.y:()I
       266: aload         14
       268: invokevirtual #122                // Method kr/moonseungjun/villageguardians/VillageQuickChatScreen$OptionBounds.height:()I
       271: iadd
       272: invokestatic  #115                // Method clamp:(III)I
       275: istore        16
       277: aload_0
       278: aload_1
       279: iload         6
       281: iload         7
       283: iload         15
       285: iload         16
       287: ldc           #124                // int -1436913020
       289: invokevirtual #125                // Method drawLine:(Lnet/minecraft/client/gui/GuiGraphicsExtractor;IIIII)V
       292: iload_2
       293: i2d
       294: iload_3
       295: i2d
       296: aload         14
       298: invokevirtual #107                // Method kr/moonseungjun/villageguardians/VillageQuickChatScreen$OptionBounds.x:()I
       301: aload         14
       303: invokevirtual #119                // Method kr/moonseungjun/villageguardians/VillageQuickChatScreen$OptionBounds.y:()I
       306: aload         14
       308: invokevirtual #113                // Method kr/moonseungjun/villageguardians/VillageQuickChatScreen$OptionBounds.width:()I
       311: aload         14
       313: invokevirtual #122                // Method kr/moonseungjun/villageguardians/VillageQuickChatScreen$OptionBounds.height:()I
       316: invokestatic  #89                 // Method inside:(DDIIII)Z
       319: istore        17
       321: aload_1
       322: aload         14
       324: invokevirtual #107                // Method kr/moonseungjun/villageguardians/VillageQuickChatScreen$OptionBounds.x:()I
       327: iconst_1
       328: isub
       329: aload         14
       331: invokevirtual #119                // Method kr/moonseungjun/villageguardians/VillageQuickChatScreen$OptionBounds.y:()I
       334: iconst_1
       335: isub
       336: aload         14
       338: invokevirtual #107                // Method kr/moonseungjun/villageguardians/VillageQuickChatScreen$OptionBounds.x:()I
       341: aload         14
       343: invokevirtual #113                // Method kr/moonseungjun/villageguardians/VillageQuickChatScreen$OptionBounds.width:()I
       346: iadd
       347: iconst_1
       348: iadd
       349: aload         14
       351: invokevirtual #119                // Method kr/moonseungjun/villageguardians/VillageQuickChatScreen$OptionBounds.y:()I
       354: aload         14
       356: invokevirtual #122                // Method kr/moonseungjun/villageguardians/VillageQuickChatScreen$OptionBounds.height:()I
       359: iadd
       360: iconst_1
       361: iadd
       362: iload         17
       364: ifeq          372
       367: ldc           #93                 // int -12199744
       369: goto          374
       372: ldc           #94                 // int -10849660
       374: invokevirtual #52                 // Method net/minecraft/client/gui/GuiGraphicsExtractor.fill:(IIIII)V
       377: aload_1
       378: aload         14
       380: invokevirtual #107                // Method kr/moonseungjun/villageguardians/VillageQuickChatScreen$OptionBounds.x:()I
       383: aload         14
       385: invokevirtual #119                // Method kr/moonseungjun/villageguardians/VillageQuickChatScreen$OptionBounds.y:()I
       388: aload         14
       390: invokevirtual #107                // Method kr/moonseungjun/villageguardians/VillageQuickChatScreen$OptionBounds.x:()I
       393: aload         14
       395: invokevirtual #113                // Method kr/moonseungjun/villageguardians/VillageQuickChatScreen$OptionBounds.width:()I
       398: iadd
       399: aload         14
       401: invokevirtual #119                // Method kr/moonseungjun/villageguardians/VillageQuickChatScreen$OptionBounds.y:()I
       404: aload         14
       406: invokevirtual #122                // Method kr/moonseungjun/villageguardians/VillageQuickChatScreen$OptionBounds.height:()I
       409: iadd
       410: iload         17
       412: ifeq          420
       415: ldc           #95                 // int -265599402
       417: goto          422
       420: ldc           #129                // int -266720458
       422: invokevirtual #52                 // Method net/minecraft/client/gui/GuiGraphicsExtractor.fill:(IIIII)V
       425: aload_1
       426: aload         14
       428: invokevirtual #107                // Method kr/moonseungjun/villageguardians/VillageQuickChatScreen$OptionBounds.x:()I
       431: aload         14
       433: invokevirtual #119                // Method kr/moonseungjun/villageguardians/VillageQuickChatScreen$OptionBounds.y:()I
       436: aload         14
       438: invokevirtual #107                // Method kr/moonseungjun/villageguardians/VillageQuickChatScreen$OptionBounds.x:()I
       441: iconst_4
       442: iadd
       443: aload         14
       445: invokevirtual #119                // Method kr/moonseungjun/villageguardians/VillageQuickChatScreen$OptionBounds.y:()I
       448: aload         14
       450: invokevirtual #122                // Method kr/moonseungjun/villageguardians/VillageQuickChatScreen$OptionBounds.height:()I
       453: iadd
       454: ldc           #93                 // int -12199744
       456: invokevirtual #52                 // Method net/minecraft/client/gui/GuiGraphicsExtractor.fill:(IIIII)V
       459: aload_0
       460: aload_0
       461: getfield      #42                 // Field labels:[Ljava/lang/String;
       464: iload         13
       466: aaload
       467: invokevirtual #130                // Method labelParts:(Ljava/lang/String;)[Ljava/lang/String;
       470: astore        18
       472: aload_1
       473: aload_0
       474: getfield      #64                 // Field font:Lnet/minecraft/client/gui/Font;
       477: aload_0
       478: aload         18
       480: iconst_0
       481: aaload
       482: aload         14
       484: invokevirtual #113                // Method kr/moonseungjun/villageguardians/VillageQuickChatScreen$OptionBounds.width:()I
       487: bipush        18
       489: isub
       490: invokevirtual #80                 // Method fit:(Ljava/lang/String;I)Ljava/lang/String;
       493: aload         14
       495: invokevirtual #107                // Method kr/moonseungjun/villageguardians/VillageQuickChatScreen$OptionBounds.x:()I
       498: aload         14
       500: invokevirtual #113                // Method kr/moonseungjun/villageguardians/VillageQuickChatScreen$OptionBounds.width:()I
       503: iconst_2
       504: idiv
       505: iadd
       506: aload         14
       508: invokevirtual #119                // Method kr/moonseungjun/villageguardians/VillageQuickChatScreen$OptionBounds.y:()I
       511: bipush        8
       513: iadd
       514: iconst_m1
       515: invokevirtual #99                 // Method net/minecraft/client/gui/GuiGraphicsExtractor.centeredText:(Lnet/minecraft/client/gui/Font;Ljava/lang/String;III)V
       518: aload_1
       519: aload_0
       520: getfield      #64                 // Field font:Lnet/minecraft/client/gui/Font;
       523: aload_0
       524: aload         18
       526: iconst_1
       527: aaload
       528: aload         14
       530: invokevirtual #113                // Method kr/moonseungjun/villageguardians/VillageQuickChatScreen$OptionBounds.width:()I
       533: bipush        18
       535: isub
       536: invokevirtual #80                 // Method fit:(Ljava/lang/String;I)Ljava/lang/String;
       539: aload         14
       541: invokevirtual #107                // Method kr/moonseungjun/villageguardians/VillageQuickChatScreen$OptionBounds.x:()I
       544: aload         14
       546: invokevirtual #113                // Method kr/moonseungjun/villageguardians/VillageQuickChatScreen$OptionBounds.width:()I
       549: iconst_2
       550: idiv
       551: iadd
       552: aload         14
       554: invokevirtual #119                // Method kr/moonseungjun/villageguardians/VillageQuickChatScreen$OptionBounds.y:()I
       557: bipush        23
       559: iadd
       560: ldc           #84                 // int -3944231
       562: invokevirtual #99                 // Method net/minecraft/client/gui/GuiGraphicsExtractor.centeredText:(Lnet/minecraft/client/gui/Font;Ljava/lang/String;III)V
       565: iinc          13, 1
       568: goto          210
       571: aload_0
       572: aload_1
       573: iload_2
       574: iload_3
       575: fload         4
       577: invokespecial #134                // Method net/minecraft/client/gui/screens/Screen.extractRenderState:(Lnet/minecraft/client/gui/GuiGraphicsExtractor;IIF)V
       580: return

  public boolean mouseClicked(net.minecraft.client.input.MouseButtonEvent, boolean);
    Code:
         0: aload_1
         1: invokevirtual #138                // Method net/minecraft/client/input/MouseButtonEvent.button:()I
         4: ifeq          14
         7: aload_0
         8: aload_1
         9: iload_2
        10: invokespecial #143                // Method net/minecraft/client/gui/screens/Screen.mouseClicked:(Lnet/minecraft/client/input/MouseButtonEvent;Z)Z
        13: ireturn
        14: aload_0
        15: getfield      #44                 // Field width:I
        18: iconst_2
        19: idiv
        20: istore_3
        21: aload_0
        22: getfield      #48                 // Field height:I
        25: iconst_2
        26: idiv
        27: istore        4
        29: bipush        56
        31: istore        5
        33: bipush        18
        35: istore        6
        37: iload_3
        38: iload         5
        40: iconst_2
        41: idiv
        42: isub
        43: istore        7
        45: iload         4
        47: iload         6
        49: iconst_2
        50: idiv
        51: isub
        52: istore        8
        54: aload_1
        55: invokevirtual #147                // Method net/minecraft/client/input/MouseButtonEvent.x:()D
        58: aload_1
        59: invokevirtual #150                // Method net/minecraft/client/input/MouseButtonEvent.y:()D
        62: iload         7
        64: iload         8
        66: iload         5
        68: iload         6
        70: invokestatic  #89                 // Method inside:(DDIIII)Z
        73: ifeq          82
        76: aload_0
        77: invokevirtual #152                // Method onClose:()V
        80: iconst_1
        81: ireturn
        82: aload_0
        83: getfield      #36                 // Field actions:[Ljava/lang/String;
        86: arraylength
        87: aload_0
        88: getfield      #42                 // Field labels:[Ljava/lang/String;
        91: arraylength
        92: invokestatic  #58                 // Method java/lang/Math.min:(II)I
        95: istore        9
        97: iconst_0
        98: istore        10
       100: iload         10
       102: iload         9
       104: if_icmpge     187
       107: aload_0
       108: iload         10
       110: iload         9
       112: iload_3
       113: iload         4
       115: invokevirtual #103                // Method optionBounds:(IIII)Lkr/moonseungjun/villageguardians/VillageQuickChatScreen$OptionBounds;
       118: astore        11
       120: aload_1
       121: invokevirtual #147                // Method net/minecraft/client/input/MouseButtonEvent.x:()D
       124: aload_1
       125: invokevirtual #150                // Method net/minecraft/client/input/MouseButtonEvent.y:()D
       128: aload         11
       130: invokevirtual #107                // Method kr/moonseungjun/villageguardians/VillageQuickChatScreen$OptionBounds.x:()I
       133: aload         11
       135: invokevirtual #119                // Method kr/moonseungjun/villageguardians/VillageQuickChatScreen$OptionBounds.y:()I
       138: aload         11
       140: invokevirtual #113                // Method kr/moonseungjun/villageguardians/VillageQuickChatScreen$OptionBounds.width:()I
       143: aload         11
       145: invokevirtual #122                // Method kr/moonseungjun/villageguardians/VillageQuickChatScreen$OptionBounds.height:()I
       148: invokestatic  #89                 // Method inside:(DDIIII)Z
       151: ifeq          181
       154: new           #156                // class kr/moonseungjun/villageguardians/VillageNetwork$VillageUiActionPayload
       157: dup
       158: aload_0
       159: getfield      #36                 // Field actions:[Ljava/lang/String;
       162: iload         10
       164: aaload
       165: invokespecial #158                // Method kr/moonseungjun/villageguardians/VillageNetwork$VillageUiActionPayload."<init>":(Ljava/lang/String;)V
       168: iconst_0
       169: anewarray     #161                // class net/minecraft/network/protocol/common/custom/CustomPacketPayload
       172: invokestatic  #163                // Method net/neoforged/neoforge/client/network/ClientPacketDistributor.sendToServer:(Lnet/minecraft/network/protocol/common/custom/CustomPacketPayload;[Lnet/minecraft/network/protocol/common/custom/CustomPacketPayload;)V
       175: aload_0
       176: invokevirtual #152                // Method onClose:()V
       179: iconst_1
       180: ireturn
       181: iinc          10, 1
       184: goto          100
       187: aload_0
       188: aload_1
       189: iload_2
       190: invokespecial #143                // Method net/minecraft/client/gui/screens/Screen.mouseClicked:(Lnet/minecraft/client/input/MouseButtonEvent;Z)Z
       193: ireturn

  private kr.moonseungjun.villageguardians.VillageQuickChatScreen$OptionBounds optionBounds(int, int, int, int);
    Code:
         0: aload_0
         1: getfield      #44                 // Field width:I
         4: iconst_4
         5: idiv
         6: bipush        104
         8: sipush        172
        11: invokestatic  #115                // Method clamp:(III)I
        14: istore        5
        16: bipush        40
        18: istore        6
        20: iload_2
        21: iconst_4
        22: if_icmpgt     233
        25: aload_0
        26: getfield      #44                 // Field width:I
        29: sipush        300
        32: if_icmplt     233
        35: aload_0
        36: getfield      #48                 // Field height:I
        39: sipush        230
        42: if_icmplt     233
        45: ldc2_w        #169                // double 190.0d
        48: ldc2_w        #171                // double 92.0d
        51: aload_0
        52: getfield      #44                 // Field width:I
        55: iload         5
        57: isub
        58: bipush        24
        60: isub
        61: i2d
        62: ldc2_w        #173                // double 2.7d
        65: ddiv
        66: invokestatic  #175                // Method java/lang/Math.max:(DD)D
        69: invokestatic  #178                // Method java/lang/Math.min:(DD)D
        72: dstore        7
        74: ldc2_w        #180                // double 126.0d
        77: ldc2_w        #182                // double 70.0d
        80: aload_0
        81: getfield      #48                 // Field height:I
        84: iload         6
        86: isub
        87: bipush        72
        89: isub
        90: i2d
        91: ldc2_w        #173                // double 2.7d
        94: ddiv
        95: invokestatic  #175                // Method java/lang/Math.max:(DD)D
        98: invokestatic  #178                // Method java/lang/Math.min:(DD)D
       101: dstore        9
       103: ldc2_w        #184                // double -1.5707963267948966d
       106: iload_1
       107: i2d
       108: ldc2_w        #186                // double 3.141592653589793d
       111: dmul
       112: ldc2_w        #188                // double 2.0d
       115: dmul
       116: iconst_1
       117: iload_2
       118: invokestatic  #77                 // Method java/lang/Math.max:(II)I
       121: i2d
       122: ddiv
       123: dadd
       124: dstore        11
       126: iload_3
       127: i2d
       128: dload         11
       130: invokestatic  #190                // Method java/lang/Math.cos:(D)D
       133: dload         7
       135: dmul
       136: dadd
       137: iload         5
       139: i2d
       140: ldc2_w        #188                // double 2.0d
       143: ddiv
       144: dsub
       145: invokestatic  #194                // Method java/lang/Math.round:(D)J
       148: l2i
       149: istore        13
       151: iload         4
       153: i2d
       154: dload         11
       156: invokestatic  #198                // Method java/lang/Math.sin:(D)D
       159: dload         9
       161: dmul
       162: dadd
       163: iload         6
       165: i2d
       166: ldc2_w        #188                // double 2.0d
       169: ddiv
       170: dsub
       171: invokestatic  #194                // Method java/lang/Math.round:(D)J
       174: l2i
       175: istore        14
       177: new           #108                // class kr/moonseungjun/villageguardians/VillageQuickChatScreen$OptionBounds
       180: dup
       181: iload         13
       183: bipush        6
       185: bipush        6
       187: aload_0
       188: getfield      #44                 // Field width:I
       191: iload         5
       193: isub
       194: bipush        6
       196: isub
       197: invokestatic  #77                 // Method java/lang/Math.max:(II)I
       200: invokestatic  #115                // Method clamp:(III)I
       203: iload         14
       205: bipush        28
       207: bipush        28
       209: aload_0
       210: getfield      #48                 // Field height:I
       213: iload         6
       215: isub
       216: bipush        6
       218: isub
       219: invokestatic  #77                 // Method java/lang/Math.max:(II)I
       222: invokestatic  #115                // Method clamp:(III)I
       225: iload         5
       227: iload         6
       229: invokespecial #201                // Method kr/moonseungjun/villageguardians/VillageQuickChatScreen$OptionBounds."<init>":(IIII)V
       232: areturn
       233: aload_0
       234: getfield      #44                 // Field width:I
       237: sipush        250
       240: if_icmplt     247
       243: iconst_2
       244: goto          248
       247: iconst_1
       248: istore        7
       250: bipush        6
       252: istore        8
       254: iconst_1
       255: iload_2
       256: iload         7
       258: iadd
       259: iconst_1
       260: isub
       261: iload         7
       263: idiv
       264: invokestatic  #77                 // Method java/lang/Math.max:(II)I
       267: istore        9
       269: iload         7
       271: iload         5
       273: imul
       274: iload         7
       276: iconst_1
       277: isub
       278: iload         8
       280: imul
       281: iadd
       282: istore        10
       284: bipush        6
       286: aload_0
       287: getfield      #44                 // Field width:I
       290: iload         10
       292: isub
       293: iconst_2
       294: idiv
       295: iload_1
       296: iload         7
       298: irem
       299: iload         5
       301: iload         8
       303: iadd
       304: imul
       305: iadd
       306: invokestatic  #77                 // Method java/lang/Math.max:(II)I
       309: istore        11
       311: iload         9
       313: iload         6
       315: imul
       316: iload         9
       318: iconst_1
       319: isub
       320: iload         8
       322: imul
       323: iadd
       324: istore        12
       326: bipush        30
       328: aload_0
       329: getfield      #48                 // Field height:I
       332: iload         12
       334: isub
       335: iconst_2
       336: idiv
       337: iload_1
       338: iload         7
       340: idiv
       341: iload         6
       343: iload         8
       345: iadd
       346: imul
       347: iadd
       348: invokestatic  #77                 // Method java/lang/Math.max:(II)I
       351: istore        13
       353: new           #108                // class kr/moonseungjun/villageguardians/VillageQuickChatScreen$OptionBounds
       356: dup
       357: iload         11
       359: bipush        6
       361: bipush        6
       363: aload_0
       364: getfield      #44                 // Field width:I
       367: iload         5
       369: isub
       370: bipush        6
       372: isub
       373: invokestatic  #77                 // Method java/lang/Math.max:(II)I
       376: invokestatic  #115                // Method clamp:(III)I
       379: iload         13
       381: bipush        28
       383: bipush        28
       385: aload_0
       386: getfield      #48                 // Field height:I
       389: iload         6
       391: isub
       392: bipush        6
       394: isub
       395: invokestatic  #77                 // Method java/lang/Math.max:(II)I
       398: invokestatic  #115                // Method clamp:(III)I
       401: iload         5
       403: iload         6
       405: invokespecial #201                // Method kr/moonseungjun/villageguardians/VillageQuickChatScreen$OptionBounds."<init>":(IIII)V
       408: areturn

  private java.lang.String[] labelParts(java.lang.String);
    Code:
         0: aload_1
         1: ldc           #204                // String \\|
         3: iconst_2
         4: invokevirtual #32                 // Method java/lang/String.split:(Ljava/lang/String;I)[Ljava/lang/String;
         7: astore_2
         8: iconst_2
         9: anewarray     #23                 // class java/lang/String
        12: dup
        13: iconst_0
        14: aload_2
        15: arraylength
        16: ifle          25
        19: aload_2
        20: iconst_0
        21: aaload
        22: goto          26
        25: aload_1
        26: aastore
        27: dup
        28: iconst_1
        29: aload_2
        30: arraylength
        31: iconst_1
        32: if_icmple     41
        35: aload_2
        36: iconst_1
        37: aaload
        38: goto          43
        41: ldc           #206                // String 즉시 전송
        43: aastore
        44: areturn

  private java.lang.String fit(java.lang.String, int);
    Code:
         0: aload_1
         1: ifnonnull     9
         4: ldc           #208                // String
         6: goto          17
         9: aload_1
        10: bipush        10
        12: bipush        32
        14: invokevirtual #210                // Method java/lang/String.replace:(CC)Ljava/lang/String;
        17: astore_3
        18: iload_2
        19: ifgt          25
        22: ldc           #208                // String
        24: areturn
        25: aload_0
        26: getfield      #64                 // Field font:Lnet/minecraft/client/gui/Font;
        29: aload_3
        30: invokevirtual #214                // Method net/minecraft/client/gui/Font.width:(Ljava/lang/String;)I
        33: iload_2
        34: if_icmpgt     39
        37: aload_3
        38: areturn
        39: ldc           #219                // String …
        41: astore        4
        43: aload_3
        44: invokevirtual #221                // Method java/lang/String.length:()I
        47: istore        5
        49: iload         5
        51: ifle          85
        54: aload_0
        55: getfield      #64                 // Field font:Lnet/minecraft/client/gui/Font;
        58: aload_3
        59: iconst_0
        60: iload         5
        62: invokevirtual #224                // Method java/lang/String.substring:(II)Ljava/lang/String;
        65: aload         4
        67: invokedynamic #228,  0            // InvokeDynamic #1:makeConcatWithConstants:(Ljava/lang/String;Ljava/lang/String;)Ljava/lang/String;
        72: invokevirtual #214                // Method net/minecraft/client/gui/Font.width:(Ljava/lang/String;)I
        75: iload_2
        76: if_icmple     85
        79: iinc          5, -1
        82: goto          49
        85: aload_3
        86: iconst_0
        87: iload         5
        89: invokevirtual #224                // Method java/lang/String.substring:(II)Ljava/lang/String;
        92: aload         4
        94: invokedynamic #228,  0            // InvokeDynamic #1:makeConcatWithConstants:(Ljava/lang/String;Ljava/lang/String;)Ljava/lang/String;
        99: areturn

  private void drawLine(net.minecraft.client.gui.GuiGraphicsExtractor, int, int, int, int, int);
    Code:
         0: iload         4
         2: iload_2
         3: isub
         4: invokestatic  #231                // Method java/lang/Math.abs:(I)I
         7: istore        7
         9: iload_2
        10: iload         4
        12: if_icmpge     19
        15: iconst_1
        16: goto          20
        19: iconst_m1
        20: istore        8
        22: iload         5
        24: iload_3
        25: isub
        26: invokestatic  #231                // Method java/lang/Math.abs:(I)I
        29: ineg
        30: istore        9
        32: iload_3
        33: iload         5
        35: if_icmpge     42
        38: iconst_1
        39: goto          43
        42: iconst_m1
        43: istore        10
        45: iload         7
        47: iload         9
        49: iadd
        50: istore        11
        52: aload_1
        53: iload_2
        54: iload_3
        55: iload_2
        56: iconst_1
        57: iadd
        58: iload_3
        59: iconst_1
        60: iadd
        61: iload         6
        63: invokevirtual #52                 // Method net/minecraft/client/gui/GuiGraphicsExtractor.fill:(IIIII)V
        66: iload_2
        67: iload         4
        69: if_icmpne     81
        72: iload_3
        73: iload         5
        75: if_icmpne     81
        78: goto          128
        81: iconst_2
        82: iload         11
        84: imul
        85: istore        12
        87: iload         12
        89: iload         9
        91: if_icmplt     106
        94: iload         11
        96: iload         9
        98: iadd
        99: istore        11
       101: iload_2
       102: iload         8
       104: iadd
       105: istore_2
       106: iload         12
       108: iload         7
       110: if_icmpgt     125
       113: iload         11
       115: iload         7
       117: iadd
       118: istore        11
       120: iload_3
       121: iload         10
       123: iadd
       124: istore_3
       125: goto          52
       128: return

  private static int clamp(int, int, int);
    Code:
         0: iload_1
         1: iload_2
         2: iload_0
         3: invokestatic  #58                 // Method java/lang/Math.min:(II)I
         6: invokestatic  #77                 // Method java/lang/Math.max:(II)I
         9: ireturn

  private static boolean inside(double, double, int, int, int, int);
    Code:
         0: dload_0
         1: iload         4
         3: i2d
         4: dcmpl
         5: iflt          42
         8: dload_0
         9: iload         4
        11: iload         6
        13: iadd
        14: i2d
        15: dcmpg
        16: ifge          42
        19: dload_2
        20: iload         5
        22: i2d
        23: dcmpl
        24: iflt          42
        27: dload_2
        28: iload         5
        30: iload         7
        32: iadd
        33: i2d
        34: dcmpg
        35: ifge          42
        38: iconst_1
        39: goto          43
        42: iconst_0
        43: ireturn

  public void onClose();
    Code:
         0: aload_0
         1: getfield      #235                // Field minecraft:Lnet/minecraft/client/Minecraft;
         4: ifnull        18
         7: aload_0
         8: getfield      #235                // Field minecraft:Lnet/minecraft/client/Minecraft;
        11: getfield      #239                // Field net/minecraft/client/Minecraft.gui:Lnet/minecraft/client/gui/Gui;
        14: aconst_null
        15: invokevirtual #245                // Method net/minecraft/client/gui/Gui.setScreen:(Lnet/minecraft/client/gui/screens/Screen;)V
        18: return
}
